Id,Name,AllIngredients,Verbs,Steps,Ingredient
100672,chana pindi   indian chickpeas masala,"chickpeas, black cardamom pod, green cardamoms, tea bags, cooking oil, coriander seed, ajwain, gram flour, ginger-garlic paste, onions, tomatoes, cumin powder, coriander powder, chili powder, masala, lemon, juice of, chat masala, salt, coriander leaves, garam masala",soak,1,{}
100672,chana pindi   indian chickpeas masala,"chickpeas, black cardamom pod, green cardamoms, tea bags, cooking oil, coriander seed, ajwain, gram flour, ginger-garlic paste, onions, tomatoes, cumin powder, coriander powder, chili powder, masala, lemon, juice of, chat masala, salt, coriander leaves, garam masala",boil,2,"['oil,water,t,boil,s']"
100672,chana pindi   indian chickpeas masala,"chickpeas, black cardamom pod, green cardamoms, tea bags, cooking oil, coriander seed, ajwain, gram flour, ginger-garlic paste, onions, tomatoes, cumin powder, coriander powder, chili powder, masala, lemon, juice of, chat masala, salt, coriander leaves, garam masala",are,2,"['oil,water,t,boil,s']"
100672,chana pindi   indian chickpeas masala,"chickpeas, black cardamom pod, green cardamoms, tea bags, cooking oil, coriander seed, ajwain, gram flour, ginger-garlic paste, onions, tomatoes, cumin powder, coriander powder, chili powder, masala, lemon, juice of, chat masala, salt, coriander leaves, garam masala",throw,3,"['chickpeas,cook,t,ahi,c,peas,pea,s,p,in,pin']"
100672,chana pindi   indian chickpeas masala,"chickpeas, black cardamom pod, green cardamoms, tea bags, cooking oil, coriander seed, ajwain, gram flour, ginger-garlic paste, onions, tomatoes, cumin powder, coriander powder, chili powder, masala, lemon, juice of, chat masala, salt, coriander leaves, garam masala",chana,3,"['chickpeas,cook,t,ahi,c,peas,pea,s,p,in,pin']"
100672,chana pindi   indian chickpeas masala,"chickpeas, black cardamom pod, green cardamoms, tea bags, cooking oil, coriander seed, ajwain, gram flour, ginger-garlic paste, onions, tomatoes, cumin powder, coriander powder, chili powder, masala, lemon, juice of, chat masala, salt, coriander leaves, garam masala",cooked,3,"['chickpeas,cook,t,ahi,c,peas,pea,s,p,in,pin']"
100672,chana pindi   indian chickpeas masala,"chickpeas, black cardamom pod, green cardamoms, tea bags, cooking oil, coriander seed, ajwain, gram flour, ginger-garlic paste, onions, tomatoes, cumin powder, coriander powder, chili powder, masala, lemon, juice of, chat masala, salt, coriander leaves, garam masala",gave,3,"['chickpeas,cook,t,ahi,c,peas,pea,s,p,in,pin']"
100672,chana pindi   indian chickpeas masala,"chickpeas, black cardamom pod, green cardamoms, tea bags, cooking oil, coriander seed, ajwain, gram flour, ginger-garlic paste, onions, tomatoes, cumin powder, coriander powder, chili powder, masala, lemon, juice of, chat masala, salt, coriander leaves, garam masala",have,5,"['pan,t,c,stick,s,p']"
100672,chana pindi   indian chickpeas masala,"chickpeas, black cardamom pod, green cardamoms, tea bags, cooking oil, coriander seed, ajwain, gram flour, ginger-garlic paste, onions, tomatoes, cumin powder, coriander powder, chili powder, masala, lemon, juice of, chat masala, salt, coriander leaves, garam masala",use,5,"['pan,t,c,stick,s,p']"
100672,chana pindi   indian chickpeas masala,"chickpeas, black cardamom pod, green cardamoms, tea bags, cooking oil, coriander seed, ajwain, gram flour, ginger-garlic paste, onions, tomatoes, cumin powder, coriander powder, chili powder, masala, lemon, juice of, chat masala, salt, coriander leaves, garam masala",add,6,"['t,c,s']"
100672,chana pindi   indian chickpeas masala,"chickpeas, black cardamom pod, green cardamoms, tea bags, cooking oil, coriander seed, ajwain, gram flour, ginger-garlic paste, onions, tomatoes, cumin powder, coriander powder, chili powder, masala, lemon, juice of, chat masala, salt, coriander leaves, garam masala",add,7,"['onion,onions,t,min,s,in']"
100672,chana pindi   indian chickpeas masala,"chickpeas, black cardamom pod, green cardamoms, tea bags, cooking oil, coriander seed, ajwain, gram flour, ginger-garlic paste, onions, tomatoes, cumin powder, coriander powder, chili powder, masala, lemon, juice of, chat masala, salt, coriander leaves, garam masala",add,8,"['onion,coriander,onions,seed,t,c,min,seeds,roast,s,in,de,ajwain']"
100672,chana pindi   indian chickpeas masala,"chickpeas, black cardamom pod, green cardamoms, tea bags, cooking oil, coriander seed, ajwain, gram flour, ginger-garlic paste, onions, tomatoes, cumin powder, coriander powder, chili powder, masala, lemon, juice of, chat masala, salt, coriander leaves, garam masala",add,9,"['flour,onion,onions,t,s,de,gram']"
100672,chana pindi   indian chickpeas masala,"chickpeas, black cardamom pod, green cardamoms, tea bags, cooking oil, coriander seed, ajwain, gram flour, ginger-garlic paste, onions, tomatoes, cumin powder, coriander powder, chili powder, masala, lemon, juice of, chat masala, salt, coriander leaves, garam masala",add,11,"['garlic,ginger,paste,t,c,s,p,in']"
100672,chana pindi   indian chickpeas masala,"chickpeas, black cardamom pod, green cardamoms, tea bags, cooking oil, coriander seed, ajwain, gram flour, ginger-garlic paste, onions, tomatoes, cumin powder, coriander powder, chili powder, masala, lemon, juice of, chat masala, salt, coriander leaves, garam masala",add,14,"['powder,salt,tomatoes,tomato,t,c,mix,s,p,in,de']"
100672,chana pindi   indian chickpeas masala,"chickpeas, black cardamom pod, green cardamoms, tea bags, cooking oil, coriander seed, ajwain, gram flour, ginger-garlic paste, onions, tomatoes, cumin powder, coriander powder, chili powder, masala, lemon, juice of, chat masala, salt, coriander leaves, garam masala",add,15,"['oil,chickpeas,t,c,boil,peas,pea,s,p']"
100672,chana pindi   indian chickpeas masala,"chickpeas, black cardamom pod, green cardamoms, tea bags, cooking oil, coriander seed, ajwain, gram flour, ginger-garlic paste, onions, tomatoes, cumin powder, coriander powder, chili powder, masala, lemon, juice of, chat masala, salt, coriander leaves, garam masala",continue,8,"['onion,coriander,onions,seed,t,c,min,seeds,roast,s,in,de,ajwain']"
100672,chana pindi   indian chickpeas masala,"chickpeas, black cardamom pod, green cardamoms, tea bags, cooking oil, coriander seed, ajwain, gram flour, ginger-garlic paste, onions, tomatoes, cumin powder, coriander powder, chili powder, masala, lemon, juice of, chat masala, salt, coriander leaves, garam masala",continue,14,"['powder,salt,tomatoes,tomato,t,c,mix,s,p,in,de']"
100672,chana pindi   indian chickpeas masala,"chickpeas, black cardamom pod, green cardamoms, tea bags, cooking oil, coriander seed, ajwain, gram flour, ginger-garlic paste, onions, tomatoes, cumin powder, coriander powder, chili powder, masala, lemon, juice of, chat masala, salt, coriander leaves, garam masala",saute,8,"['onion,coriander,onions,seed,t,c,min,seeds,roast,s,in,de,ajwain']"
100672,chana pindi   indian chickpeas masala,"chickpeas, black cardamom pod, green cardamoms, tea bags, cooking oil, coriander seed, ajwain, gram flour, ginger-garlic paste, onions, tomatoes, cumin powder, coriander powder, chili powder, masala, lemon, juice of, chat masala, salt, coriander leaves, garam masala",saute,13,"['garlic,ginger,t,c,min,s,in']"
100672,chana pindi   indian chickpeas masala,"chickpeas, black cardamom pod, green cardamoms, tea bags, cooking oil, coriander seed, ajwain, gram flour, ginger-garlic paste, onions, tomatoes, cumin powder, coriander powder, chili powder, masala, lemon, juice of, chat masala, salt, coriander leaves, garam masala",turn,9,"['flour,onion,onions,t,s,de,gram']"
100672,chana pindi   indian chickpeas masala,"chickpeas, black cardamom pod, green cardamoms, tea bags, cooking oil, coriander seed, ajwain, gram flour, ginger-garlic paste, onions, tomatoes, cumin powder, coriander powder, chili powder, masala, lemon, juice of, chat masala, salt, coriander leaves, garam masala",give,10,"['curry,t,c,s']"
100672,chana pindi   indian chickpeas masala,"chickpeas, black cardamom pod, green cardamoms, tea bags, cooking oil, coriander seed, ajwain, gram flour, ginger-garlic paste, onions, tomatoes, cumin powder, coriander powder, chili powder, masala, lemon, juice of, chat masala, salt, coriander leaves, garam masala",keep,11,"['garlic,ginger,paste,t,c,s,p,in']"
100672,chana pindi   indian chickpeas masala,"chickpeas, black cardamom pod, green cardamoms, tea bags, cooking oil, coriander seed, ajwain, gram flour, ginger-garlic paste, onions, tomatoes, cumin powder, coriander powder, chili powder, masala, lemon, juice of, chat masala, salt, coriander leaves, garam masala",frying,11,"['garlic,ginger,paste,t,c,s,p,in']"
100672,chana pindi   indian chickpeas masala,"chickpeas, black cardamom pod, green cardamoms, tea bags, cooking oil, coriander seed, ajwain, gram flour, ginger-garlic paste, onions, tomatoes, cumin powder, coriander powder, chili powder, masala, lemon, juice of, chat masala, salt, coriander leaves, garam masala",take,12,"['garlic,ginger,paste,t,c,stick,base,s,p,in']"
100672,chana pindi   indian chickpeas masala,"chickpeas, black cardamom pod, green cardamoms, tea bags, cooking oil, coriander seed, ajwain, gram flour, ginger-garlic paste, onions, tomatoes, cumin powder, coriander powder, chili powder, masala, lemon, juice of, chat masala, salt, coriander leaves, garam masala",stick,12,"['garlic,ginger,paste,t,c,stick,base,s,p,in']"
100672,chana pindi   indian chickpeas masala,"chickpeas, black cardamom pod, green cardamoms, tea bags, cooking oil, coriander seed, ajwain, gram flour, ginger-garlic paste, onions, tomatoes, cumin powder, coriander powder, chili powder, masala, lemon, juice of, chat masala, salt, coriander leaves, garam masala",gone,13,"['garlic,ginger,t,c,min,s,in']"
100672,chana pindi   indian chickpeas masala,"chickpeas, black cardamom pod, green cardamoms, tea bags, cooking oil, coriander seed, ajwain, gram flour, ginger-garlic paste, onions, tomatoes, cumin powder, coriander powder, chili powder, masala, lemon, juice of, chat masala, salt, coriander leaves, garam masala",fry,14,"['powder,salt,tomatoes,tomato,t,c,mix,s,p,in,de']"
100672,chana pindi   indian chickpeas masala,"chickpeas, black cardamom pod, green cardamoms, tea bags, cooking oil, coriander seed, ajwain, gram flour, ginger-garlic paste, onions, tomatoes, cumin powder, coriander powder, chili powder, masala, lemon, juice of, chat masala, salt, coriander leaves, garam masala",fry,15,"['oil,chickpeas,t,c,boil,peas,pea,s,p']"
100672,chana pindi   indian chickpeas masala,"chickpeas, black cardamom pod, green cardamoms, tea bags, cooking oil, coriander seed, ajwain, gram flour, ginger-garlic paste, onions, tomatoes, cumin powder, coriander powder, chili powder, masala, lemon, juice of, chat masala, salt, coriander leaves, garam masala",soften,14,"['powder,salt,tomatoes,tomato,t,c,mix,s,p,in,de']"
100672,chana pindi   indian chickpeas masala,"chickpeas, black cardamom pod, green cardamoms, tea bags, cooking oil, coriander seed, ajwain, gram flour, ginger-garlic paste, onions, tomatoes, cumin powder, coriander powder, chili powder, masala, lemon, juice of, chat masala, salt, coriander leaves, garam masala",mix,14,"['powder,salt,tomatoes,tomato,t,c,mix,s,p,in,de']"
100672,chana pindi   indian chickpeas masala,"chickpeas, black cardamom pod, green cardamoms, tea bags, cooking oil, coriander seed, ajwain, gram flour, ginger-garlic paste, onions, tomatoes, cumin powder, coriander powder, chili powder, masala, lemon, juice of, chat masala, salt, coriander leaves, garam masala",mix,16,"['chickpeas,t,table,c,peas,mix,pea,s,p,in']"
100672,chana pindi   indian chickpeas masala,"chickpeas, black cardamom pod, green cardamoms, tea bags, cooking oil, coriander seed, ajwain, gram flour, ginger-garlic paste, onions, tomatoes, cumin powder, coriander powder, chili powder, masala, lemon, juice of, chat masala, salt, coriander leaves, garam masala",boiled,15,"['oil,chickpeas,t,c,boil,peas,pea,s,p']"
100672,chana pindi   indian chickpeas masala,"chickpeas, black cardamom pod, green cardamoms, tea bags, cooking oil, coriander seed, ajwain, gram flour, ginger-garlic paste, onions, tomatoes, cumin powder, coriander powder, chili powder, masala, lemon, juice of, chat masala, salt, coriander leaves, garam masala",mash,16,"['chickpeas,t,table,c,peas,mix,pea,s,p,in']"
100672,chana pindi   indian chickpeas masala,"chickpeas, black cardamom pod, green cardamoms, tea bags, cooking oil, coriander seed, ajwain, gram flour, ginger-garlic paste, onions, tomatoes, cumin powder, coriander powder, chili powder, masala, lemon, juice of, chat masala, salt, coriander leaves, garam masala",garnish,18,"['coriander,leaves,t,c,s,p,de']"
100672,chana pindi   indian chickpeas masala,"chickpeas, black cardamom pod, green cardamoms, tea bags, cooking oil, coriander seed, ajwain, gram flour, ginger-garlic paste, onions, tomatoes, cumin powder, coriander powder, chili powder, masala, lemon, juice of, chat masala, salt, coriander leaves, garam masala",serve,18,"['coriander,leaves,t,c,s,p,de']"
100672,chana pindi   indian chickpeas masala,"chickpeas, black cardamom pod, green cardamoms, tea bags, cooking oil, coriander seed, ajwain, gram flour, ginger-garlic paste, onions, tomatoes, cumin powder, coriander powder, chili powder, masala, lemon, juice of, chat masala, salt, coriander leaves, garam masala",enjoy,19,{}
