Id,Name,AllIngredients,Verbs,Steps,Ingredient
101076,a very special lasagna,"lasagna noodle, lean ground beef, onion, garlic, olive oil, tomatoes, seasoning salt, fresh parsley, fresh basil, oregano, fresh ground black pepper, butter, flour, milk, chicken broth, chicken bouillon cube, salt, egg, ricotta cheese, parmesan cheese, nutmeg, mozzarella cheese, teleme cheese",cook,1,{}
101076,a very special lasagna,"lasagna noodle, lean ground beef, onion, garlic, olive oil, tomatoes, seasoning salt, fresh parsley, fresh basil, oregano, fresh ground black pepper, butter, flour, milk, chicken broth, chicken bouillon cube, salt, egg, ricotta cheese, parmesan cheese, nutmeg, mozzarella cheese, teleme cheese",cook,4,['sauce']
101076,a very special lasagna,"lasagna noodle, lean ground beef, onion, garlic, olive oil, tomatoes, seasoning salt, fresh parsley, fresh basil, oregano, fresh ground black pepper, butter, flour, milk, chicken broth, chicken bouillon cube, salt, egg, ricotta cheese, parmesan cheese, nutmeg, mozzarella cheese, teleme cheese",boiling,1,"['salt,oil,water,noodles']"
101076,a very special lasagna,"lasagna noodle, lean ground beef, onion, garlic, olive oil, tomatoes, seasoning salt, fresh parsley, fresh basil, oregano, fresh ground black pepper, butter, flour, milk, chicken broth, chicken bouillon cube, salt, egg, ricotta cheese, parmesan cheese, nutmeg, mozzarella cheese, teleme cheese",salted,1,"['salt,oil,water,noodles']"
101076,a very special lasagna,"lasagna noodle, lean ground beef, onion, garlic, olive oil, tomatoes, seasoning salt, fresh parsley, fresh basil, oregano, fresh ground black pepper, butter, flour, milk, chicken broth, chicken bouillon cube, salt, egg, ricotta cheese, parmesan cheese, nutmeg, mozzarella cheese, teleme cheese",drain,2,"['water,read']"
101076,a very special lasagna,"lasagna noodle, lean ground beef, onion, garlic, olive oil, tomatoes, seasoning salt, fresh parsley, fresh basil, oregano, fresh ground black pepper, butter, flour, milk, chicken broth, chicken bouillon cube, salt, egg, ricotta cheese, parmesan cheese, nutmeg, mozzarella cheese, teleme cheese",keep,2,"['water,read']"
101076,a very special lasagna,"lasagna noodle, lean ground beef, onion, garlic, olive oil, tomatoes, seasoning salt, fresh parsley, fresh basil, oregano, fresh ground black pepper, butter, flour, milk, chicken broth, chicken bouillon cube, salt, egg, ricotta cheese, parmesan cheese, nutmeg, mozzarella cheese, teleme cheese",use,2,"['water,read']"
101076,a very special lasagna,"lasagna noodle, lean ground beef, onion, garlic, olive oil, tomatoes, seasoning salt, fresh parsley, fresh basil, oregano, fresh ground black pepper, butter, flour, milk, chicken broth, chicken bouillon cube, salt, egg, ricotta cheese, parmesan cheese, nutmeg, mozzarella cheese, teleme cheese",add,4,['sauce']
101076,a very special lasagna,"lasagna noodle, lean ground beef, onion, garlic, olive oil, tomatoes, seasoning salt, fresh parsley, fresh basil, oregano, fresh ground black pepper, butter, flour, milk, chicken broth, chicken bouillon cube, salt, egg, ricotta cheese, parmesan cheese, nutmeg, mozzarella cheese, teleme cheese",add,6,"['flour,butter']"
101076,a very special lasagna,"lasagna noodle, lean ground beef, onion, garlic, olive oil, tomatoes, seasoning salt, fresh parsley, fresh basil, oregano, fresh ground black pepper, butter, flour, milk, chicken broth, chicken bouillon cube, salt, egg, ricotta cheese, parmesan cheese, nutmeg, mozzarella cheese, teleme cheese",add,7,"['oil,chicken,milk,broth']"
101076,a very special lasagna,"lasagna noodle, lean ground beef, onion, garlic, olive oil, tomatoes, seasoning salt, fresh parsley, fresh basil, oregano, fresh ground black pepper, butter, flour, milk, chicken broth, chicken bouillon cube, salt, egg, ricotta cheese, parmesan cheese, nutmeg, mozzarella cheese, teleme cheese",add,8,"['chicken,bouillon,cube']"
101076,a very special lasagna,"lasagna noodle, lean ground beef, onion, garlic, olive oil, tomatoes, seasoning salt, fresh parsley, fresh basil, oregano, fresh ground black pepper, butter, flour, milk, chicken broth, chicken bouillon cube, salt, egg, ricotta cheese, parmesan cheese, nutmeg, mozzarella cheese, teleme cheese",add,9,['salt']
101076,a very special lasagna,"lasagna noodle, lean ground beef, onion, garlic, olive oil, tomatoes, seasoning salt, fresh parsley, fresh basil, oregano, fresh ground black pepper, butter, flour, milk, chicken broth, chicken bouillon cube, salt, egg, ricotta cheese, parmesan cheese, nutmeg, mozzarella cheese, teleme cheese",add,10,"['egg,ricotta']"
101076,a very special lasagna,"lasagna noodle, lean ground beef, onion, garlic, olive oil, tomatoes, seasoning salt, fresh parsley, fresh basil, oregano, fresh ground black pepper, butter, flour, milk, chicken broth, chicken bouillon cube, salt, egg, ricotta cheese, parmesan cheese, nutmeg, mozzarella cheese, teleme cheese",is,4,['sauce']
101076,a very special lasagna,"lasagna noodle, lean ground beef, onion, garlic, olive oil, tomatoes, seasoning salt, fresh parsley, fresh basil, oregano, fresh ground black pepper, butter, flour, milk, chicken broth, chicken bouillon cube, salt, egg, ricotta cheese, parmesan cheese, nutmeg, mozzarella cheese, teleme cheese",melt,6,"['flour,butter']"
101076,a very special lasagna,"lasagna noodle, lean ground beef, onion, garlic, olive oil, tomatoes, seasoning salt, fresh parsley, fresh basil, oregano, fresh ground black pepper, butter, flour, milk, chicken broth, chicken bouillon cube, salt, egg, ricotta cheese, parmesan cheese, nutmeg, mozzarella cheese, teleme cheese",stirring,6,"['flour,butter']"
101076,a very special lasagna,"lasagna noodle, lean ground beef, onion, garlic, olive oil, tomatoes, seasoning salt, fresh parsley, fresh basil, oregano, fresh ground black pepper, butter, flour, milk, chicken broth, chicken bouillon cube, salt, egg, ricotta cheese, parmesan cheese, nutmeg, mozzarella cheese, teleme cheese",stirring,10,"['egg,ricotta']"
101076,a very special lasagna,"lasagna noodle, lean ground beef, onion, garlic, olive oil, tomatoes, seasoning salt, fresh parsley, fresh basil, oregano, fresh ground black pepper, butter, flour, milk, chicken broth, chicken bouillon cube, salt, egg, ricotta cheese, parmesan cheese, nutmeg, mozzarella cheese, teleme cheese",bring,7,"['oil,chicken,milk,broth']"
101076,a very special lasagna,"lasagna noodle, lean ground beef, onion, garlic, olive oil, tomatoes, seasoning salt, fresh parsley, fresh basil, oregano, fresh ground black pepper, butter, flour, milk, chicken broth, chicken bouillon cube, salt, egg, ricotta cheese, parmesan cheese, nutmeg, mozzarella cheese, teleme cheese",bring,16,['room']
101076,a very special lasagna,"lasagna noodle, lean ground beef, onion, garlic, olive oil, tomatoes, seasoning salt, fresh parsley, fresh basil, oregano, fresh ground black pepper, butter, flour, milk, chicken broth, chicken bouillon cube, salt, egg, ricotta cheese, parmesan cheese, nutmeg, mozzarella cheese, teleme cheese",using,7,"['oil,chicken,milk,broth']"
101076,a very special lasagna,"lasagna noodle, lean ground beef, onion, garlic, olive oil, tomatoes, seasoning salt, fresh parsley, fresh basil, oregano, fresh ground black pepper, butter, flour, milk, chicken broth, chicken bouillon cube, salt, egg, ricotta cheese, parmesan cheese, nutmeg, mozzarella cheese, teleme cheese",taste,8,"['chicken,bouillon,cube']"
101076,a very special lasagna,"lasagna noodle, lean ground beef, onion, garlic, olive oil, tomatoes, seasoning salt, fresh parsley, fresh basil, oregano, fresh ground black pepper, butter, flour, milk, chicken broth, chicken bouillon cube, salt, egg, ricotta cheese, parmesan cheese, nutmeg, mozzarella cheese, teleme cheese",needed,8,"['chicken,bouillon,cube']"
101076,a very special lasagna,"lasagna noodle, lean ground beef, onion, garlic, olive oil, tomatoes, seasoning salt, fresh parsley, fresh basil, oregano, fresh ground black pepper, butter, flour, milk, chicken broth, chicken bouillon cube, salt, egg, ricotta cheese, parmesan cheese, nutmeg, mozzarella cheese, teleme cheese",beat,10,"['egg,ricotta']"
101076,a very special lasagna,"lasagna noodle, lean ground beef, onion, garlic, olive oil, tomatoes, seasoning salt, fresh parsley, fresh basil, oregano, fresh ground black pepper, butter, flour, milk, chicken broth, chicken bouillon cube, salt, egg, ricotta cheese, parmesan cheese, nutmeg, mozzarella cheese, teleme cheese",following,11,{}
101076,a very special lasagna,"lasagna noodle, lean ground beef, onion, garlic, olive oil, tomatoes, seasoning salt, fresh parsley, fresh basil, oregano, fresh ground black pepper, butter, flour, milk, chicken broth, chicken bouillon cube, salt, egg, ricotta cheese, parmesan cheese, nutmeg, mozzarella cheese, teleme cheese",greased,11,{}
101076,a very special lasagna,"lasagna noodle, lean ground beef, onion, garlic, olive oil, tomatoes, seasoning salt, fresh parsley, fresh basil, oregano, fresh ground black pepper, butter, flour, milk, chicken broth, chicken bouillon cube, salt, egg, ricotta cheese, parmesan cheese, nutmeg, mozzarella cheese, teleme cheese",remaining,12,"['sauce,cheese,noodles,mozzarella,ricotta,parmesan,teleme']"
101076,a very special lasagna,"lasagna noodle, lean ground beef, onion, garlic, olive oil, tomatoes, seasoning salt, fresh parsley, fresh basil, oregano, fresh ground black pepper, butter, flour, milk, chicken broth, chicken bouillon cube, salt, egg, ricotta cheese, parmesan cheese, nutmeg, mozzarella cheese, teleme cheese",remaining,13,"['sauce,cheese,noodles,mozzarella,ricotta,parmesan,teleme']"
101076,a very special lasagna,"lasagna noodle, lean ground beef, onion, garlic, olive oil, tomatoes, seasoning salt, fresh parsley, fresh basil, oregano, fresh ground black pepper, butter, flour, milk, chicken broth, chicken bouillon cube, salt, egg, ricotta cheese, parmesan cheese, nutmeg, mozzarella cheese, teleme cheese",met,12,"['sauce,cheese,noodles,mozzarella,ricotta,parmesan,teleme']"
101076,a very special lasagna,"lasagna noodle, lean ground beef, onion, garlic, olive oil, tomatoes, seasoning salt, fresh parsley, fresh basil, oregano, fresh ground black pepper, butter, flour, milk, chicken broth, chicken bouillon cube, salt, egg, ricotta cheese, parmesan cheese, nutmeg, mozzarella cheese, teleme cheese",dot,14,['butter']
101076,a very special lasagna,"lasagna noodle, lean ground beef, onion, garlic, olive oil, tomatoes, seasoning salt, fresh parsley, fresh basil, oregano, fresh ground black pepper, butter, flour, milk, chicken broth, chicken bouillon cube, salt, egg, ricotta cheese, parmesan cheese, nutmeg, mozzarella cheese, teleme cheese",covered,15,{}
101076,a very special lasagna,"lasagna noodle, lean ground beef, onion, garlic, olive oil, tomatoes, seasoning salt, fresh parsley, fresh basil, oregano, fresh ground black pepper, butter, flour, milk, chicken broth, chicken bouillon cube, salt, egg, ricotta cheese, parmesan cheese, nutmeg, mozzarella cheese, teleme cheese",refrigerated,15,{}
101076,a very special lasagna,"lasagna noodle, lean ground beef, onion, garlic, olive oil, tomatoes, seasoning salt, fresh parsley, fresh basil, oregano, fresh ground black pepper, butter, flour, milk, chicken broth, chicken bouillon cube, salt, egg, ricotta cheese, parmesan cheese, nutmeg, mozzarella cheese, teleme cheese",room,16,['room']
101076,a very special lasagna,"lasagna noodle, lean ground beef, onion, garlic, olive oil, tomatoes, seasoning salt, fresh parsley, fresh basil, oregano, fresh ground black pepper, butter, flour, milk, chicken broth, chicken bouillon cube, salt, egg, ricotta cheese, parmesan cheese, nutmeg, mozzarella cheese, teleme cheese",bake,17,{}
101076,a very special lasagna,"lasagna noodle, lean ground beef, onion, garlic, olive oil, tomatoes, seasoning salt, fresh parsley, fresh basil, oregano, fresh ground black pepper, butter, flour, milk, chicken broth, chicken bouillon cube, salt, egg, ricotta cheese, parmesan cheese, nutmeg, mozzarella cheese, teleme cheese",uncovered,17,{}
101076,a very special lasagna,"lasagna noodle, lean ground beef, onion, garlic, olive oil, tomatoes, seasoning salt, fresh parsley, fresh basil, oregano, fresh ground black pepper, butter, flour, milk, chicken broth, chicken bouillon cube, salt, egg, ricotta cheese, parmesan cheese, nutmeg, mozzarella cheese, teleme cheese",freezes,18,{}
