Id,Name,AllIngredients,Verbs,Steps,Ingredient
101730,greek macaroni   hamburger casserole  makaronia phournista,"water, salt, olive oil, elbow macaroni, butter, tomato paste, sugar, ground cinnamon, oregano, orange rind, fresh orange juice, bay leaves, ground cloves, warm water, ground beef, pepper, onion, garlic cloves, red wine, kefalotiri, kasseri cheese",put,2,"['salt,oil,water,olive,pot,t,boil,s,p,in,l,d,b,e']"
101730,greek macaroni   hamburger casserole  makaronia phournista,"water, salt, olive oil, elbow macaroni, butter, tomato paste, sugar, ground cinnamon, oregano, orange rind, fresh orange juice, bay leaves, ground cloves, warm water, ground beef, pepper, onion, garlic cloves, red wine, kefalotiri, kasseri cheese",put,14,"['sauce,cheese,pan,macaroni,t,c,baking,s,p,in,meat,de,f,au,wing,l,d,b,e']"
101730,greek macaroni   hamburger casserole  makaronia phournista,"water, salt, olive oil, elbow macaroni, butter, tomato paste, sugar, ground cinnamon, oregano, orange rind, fresh orange juice, bay leaves, ground cloves, warm water, ground beef, pepper, onion, garlic cloves, red wine, kefalotiri, kasseri cheese",bring,2,"['salt,oil,water,olive,pot,t,boil,s,p,in,l,d,b,e']"
101730,greek macaroni   hamburger casserole  makaronia phournista,"water, salt, olive oil, elbow macaroni, butter, tomato paste, sugar, ground cinnamon, oregano, orange rind, fresh orange juice, bay leaves, ground cloves, warm water, ground beef, pepper, onion, garlic cloves, red wine, kefalotiri, kasseri cheese",add,3,"['macaroni,cook,t,c,in,one,ad,l,d,nt,e']"
101730,greek macaroni   hamburger casserole  makaronia phournista,"water, salt, olive oil, elbow macaroni, butter, tomato paste, sugar, ground cinnamon, oregano, orange rind, fresh orange juice, bay leaves, ground cloves, warm water, ground beef, pepper, onion, garlic cloves, red wine, kefalotiri, kasseri cheese",add,4,"['sauce,butter,tomato,pan,paste,t,c,mix,s,p,in,past,au,ad,l,d,b,e']"
101730,greek macaroni   hamburger casserole  makaronia phournista,"water, salt, olive oil, elbow macaroni, butter, tomato paste, sugar, ground cinnamon, oregano, orange rind, fresh orange juice, bay leaves, ground cloves, warm water, ground beef, pepper, onion, garlic cloves, red wine, kefalotiri, kasseri cheese",add,5,"['salt,sugar,cinnamon,cloves,orange,juice,oregano,bay,clove,leaves,t,c,ice,s,rind,in,re,ad,l,d,b,e,love']"
101730,greek macaroni   hamburger casserole  makaronia phournista,"water, salt, olive oil, elbow macaroni, butter, tomato paste, sugar, ground cinnamon, oregano, orange rind, fresh orange juice, bay leaves, ground cloves, warm water, ground beef, pepper, onion, garlic cloves, red wine, kefalotiri, kasseri cheese",add,9,"['garlic,onion,onions,t,c,s,in,au,ad,l,d,nt,e']"
101730,greek macaroni   hamburger casserole  makaronia phournista,"water, salt, olive oil, elbow macaroni, butter, tomato paste, sugar, ground cinnamon, oregano, orange rind, fresh orange juice, bay leaves, ground cloves, warm water, ground beef, pepper, onion, garlic cloves, red wine, kefalotiri, kasseri cheese",add,11,"['sauce,tomato,ground,beef,t,c,mix,s,in,round,f,au,re,ad,liquid,l,d,b,e']"
101730,greek macaroni   hamburger casserole  makaronia phournista,"water, salt, olive oil, elbow macaroni, butter, tomato paste, sugar, ground cinnamon, oregano, orange rind, fresh orange juice, bay leaves, ground cloves, warm water, ground beef, pepper, onion, garlic cloves, red wine, kefalotiri, kasseri cheese",done,3,"['macaroni,cook,t,c,in,one,ad,l,d,nt,e']"
101730,greek macaroni   hamburger casserole  makaronia phournista,"water, salt, olive oil, elbow macaroni, butter, tomato paste, sugar, ground cinnamon, oregano, orange rind, fresh orange juice, bay leaves, ground cloves, warm water, ground beef, pepper, onion, garlic cloves, red wine, kefalotiri, kasseri cheese",done,8,"['pepper,salt,oil,brown,olive,beef,season,sea,t,s,p,in,meat,f,au,one,re,l,d,b,nt,e']"
101730,greek macaroni   hamburger casserole  makaronia phournista,"water, salt, olive oil, elbow macaroni, butter, tomato paste, sugar, ground cinnamon, oregano, orange rind, fresh orange juice, bay leaves, ground cloves, warm water, ground beef, pepper, onion, garlic cloves, red wine, kefalotiri, kasseri cheese",drain,3,"['macaroni,cook,t,c,in,one,ad,l,d,nt,e']"
101730,greek macaroni   hamburger casserole  makaronia phournista,"water, salt, olive oil, elbow macaroni, butter, tomato paste, sugar, ground cinnamon, oregano, orange rind, fresh orange juice, bay leaves, ground cloves, warm water, ground beef, pepper, onion, garlic cloves, red wine, kefalotiri, kasseri cheese",melt,4,"['sauce,butter,tomato,pan,paste,t,c,mix,s,p,in,past,au,ad,l,d,b,e']"
101730,greek macaroni   hamburger casserole  makaronia phournista,"water, salt, olive oil, elbow macaroni, butter, tomato paste, sugar, ground cinnamon, oregano, orange rind, fresh orange juice, bay leaves, ground cloves, warm water, ground beef, pepper, onion, garlic cloves, red wine, kefalotiri, kasseri cheese",stir,4,"['sauce,butter,tomato,pan,paste,t,c,mix,s,p,in,past,au,ad,l,d,b,e']"
101730,greek macaroni   hamburger casserole  makaronia phournista,"water, salt, olive oil, elbow macaroni, butter, tomato paste, sugar, ground cinnamon, oregano, orange rind, fresh orange juice, bay leaves, ground cloves, warm water, ground beef, pepper, onion, garlic cloves, red wine, kefalotiri, kasseri cheese",stir,5,"['salt,sugar,cinnamon,cloves,orange,juice,oregano,bay,clove,leaves,t,c,ice,s,rind,in,re,ad,l,d,b,e,love']"
101730,greek macaroni   hamburger casserole  makaronia phournista,"water, salt, olive oil, elbow macaroni, butter, tomato paste, sugar, ground cinnamon, oregano, orange rind, fresh orange juice, bay leaves, ground cloves, warm water, ground beef, pepper, onion, garlic cloves, red wine, kefalotiri, kasseri cheese",stir,10,"['wine,t,c,mix,s,p,in,de,re,l,d,e']"
101730,greek macaroni   hamburger casserole  makaronia phournista,"water, salt, olive oil, elbow macaroni, butter, tomato paste, sugar, ground cinnamon, oregano, orange rind, fresh orange juice, bay leaves, ground cloves, warm water, ground beef, pepper, onion, garlic cloves, red wine, kefalotiri, kasseri cheese",mix,4,"['sauce,butter,tomato,pan,paste,t,c,mix,s,p,in,past,au,ad,l,d,b,e']"
101730,greek macaroni   hamburger casserole  makaronia phournista,"water, salt, olive oil, elbow macaroni, butter, tomato paste, sugar, ground cinnamon, oregano, orange rind, fresh orange juice, bay leaves, ground cloves, warm water, ground beef, pepper, onion, garlic cloves, red wine, kefalotiri, kasseri cheese",continue,6,"['water,t,c,s,in,ad,l,warm,d,nt,e']"
101730,greek macaroni   hamburger casserole  makaronia phournista,"water, salt, olive oil, elbow macaroni, butter, tomato paste, sugar, ground cinnamon, oregano, orange rind, fresh orange juice, bay leaves, ground cloves, warm water, ground beef, pepper, onion, garlic cloves, red wine, kefalotiri, kasseri cheese",continue,9,"['garlic,onion,onions,t,c,s,in,au,ad,l,d,nt,e']"
101730,greek macaroni   hamburger casserole  makaronia phournista,"water, salt, olive oil, elbow macaroni, butter, tomato paste, sugar, ground cinnamon, oregano, orange rind, fresh orange juice, bay leaves, ground cloves, warm water, ground beef, pepper, onion, garlic cloves, red wine, kefalotiri, kasseri cheese",continue,12,"['sauce,t,c,s,in,au,re,red,l,d,nt,e']"
101730,greek macaroni   hamburger casserole  makaronia phournista,"water, salt, olive oil, elbow macaroni, butter, tomato paste, sugar, ground cinnamon, oregano, orange rind, fresh orange juice, bay leaves, ground cloves, warm water, ground beef, pepper, onion, garlic cloves, red wine, kefalotiri, kasseri cheese",stirring,6,"['water,t,c,s,in,ad,l,warm,d,nt,e']"
101730,greek macaroni   hamburger casserole  makaronia phournista,"water, salt, olive oil, elbow macaroni, butter, tomato paste, sugar, ground cinnamon, oregano, orange rind, fresh orange juice, bay leaves, ground cloves, warm water, ground beef, pepper, onion, garlic cloves, red wine, kefalotiri, kasseri cheese",adding,6,"['water,t,c,s,in,ad,l,warm,d,nt,e']"
101730,greek macaroni   hamburger casserole  makaronia phournista,"water, salt, olive oil, elbow macaroni, butter, tomato paste, sugar, ground cinnamon, oregano, orange rind, fresh orange juice, bay leaves, ground cloves, warm water, ground beef, pepper, onion, garlic cloves, red wine, kefalotiri, kasseri cheese",cover,7,"['t,c,s,in,f,re,liquid,l,d,nt,e']"
101730,greek macaroni   hamburger casserole  makaronia phournista,"water, salt, olive oil, elbow macaroni, butter, tomato paste, sugar, ground cinnamon, oregano, orange rind, fresh orange juice, bay leaves, ground cloves, warm water, ground beef, pepper, onion, garlic cloves, red wine, kefalotiri, kasseri cheese",cover,10,"['wine,t,c,mix,s,p,in,de,re,l,d,e']"
101730,greek macaroni   hamburger casserole  makaronia phournista,"water, salt, olive oil, elbow macaroni, butter, tomato paste, sugar, ground cinnamon, oregano, orange rind, fresh orange juice, bay leaves, ground cloves, warm water, ground beef, pepper, onion, garlic cloves, red wine, kefalotiri, kasseri cheese",cover,16,"['cheese,t,c,s,p,in,f,top,l,e']"
101730,greek macaroni   hamburger casserole  makaronia phournista,"water, salt, olive oil, elbow macaroni, butter, tomato paste, sugar, ground cinnamon, oregano, orange rind, fresh orange juice, bay leaves, ground cloves, warm water, ground beef, pepper, onion, garlic cloves, red wine, kefalotiri, kasseri cheese",simmer,7,"['t,c,s,in,f,re,liquid,l,d,nt,e']"
101730,greek macaroni   hamburger casserole  makaronia phournista,"water, salt, olive oil, elbow macaroni, butter, tomato paste, sugar, ground cinnamon, oregano, orange rind, fresh orange juice, bay leaves, ground cloves, warm water, ground beef, pepper, onion, garlic cloves, red wine, kefalotiri, kasseri cheese",simmer,12,"['sauce,t,c,s,in,au,re,red,l,d,nt,e']"
101730,greek macaroni   hamburger casserole  makaronia phournista,"water, salt, olive oil, elbow macaroni, butter, tomato paste, sugar, ground cinnamon, oregano, orange rind, fresh orange juice, bay leaves, ground cloves, warm water, ground beef, pepper, onion, garlic cloves, red wine, kefalotiri, kasseri cheese",remains,7,"['t,c,s,in,f,re,liquid,l,d,nt,e']"
101730,greek macaroni   hamburger casserole  makaronia phournista,"water, salt, olive oil, elbow macaroni, butter, tomato paste, sugar, ground cinnamon, oregano, orange rind, fresh orange juice, bay leaves, ground cloves, warm water, ground beef, pepper, onion, garlic cloves, red wine, kefalotiri, kasseri cheese",remains,11,"['sauce,tomato,ground,beef,t,c,mix,s,in,round,f,au,re,ad,liquid,l,d,b,e']"
101730,greek macaroni   hamburger casserole  makaronia phournista,"water, salt, olive oil, elbow macaroni, butter, tomato paste, sugar, ground cinnamon, oregano, orange rind, fresh orange juice, bay leaves, ground cloves, warm water, ground beef, pepper, onion, garlic cloves, red wine, kefalotiri, kasseri cheese",is,8,"['pepper,salt,oil,brown,olive,beef,season,sea,t,s,p,in,meat,f,au,one,re,l,d,b,nt,e']"
101730,greek macaroni   hamburger casserole  makaronia phournista,"water, salt, olive oil, elbow macaroni, butter, tomato paste, sugar, ground cinnamon, oregano, orange rind, fresh orange juice, bay leaves, ground cloves, warm water, ground beef, pepper, onion, garlic cloves, red wine, kefalotiri, kasseri cheese",is,9,"['garlic,onion,onions,t,c,s,in,au,ad,l,d,nt,e']"
101730,greek macaroni   hamburger casserole  makaronia phournista,"water, salt, olive oil, elbow macaroni, butter, tomato paste, sugar, ground cinnamon, oregano, orange rind, fresh orange juice, bay leaves, ground cloves, warm water, ground beef, pepper, onion, garlic cloves, red wine, kefalotiri, kasseri cheese",breaking,8,"['pepper,salt,oil,brown,olive,beef,season,sea,t,s,p,in,meat,f,au,one,re,l,d,b,nt,e']"
101730,greek macaroni   hamburger casserole  makaronia phournista,"water, salt, olive oil, elbow macaroni, butter, tomato paste, sugar, ground cinnamon, oregano, orange rind, fresh orange juice, bay leaves, ground cloves, warm water, ground beef, pepper, onion, garlic cloves, red wine, kefalotiri, kasseri cheese",browning,8,"['pepper,salt,oil,brown,olive,beef,season,sea,t,s,p,in,meat,f,au,one,re,l,d,b,nt,e']"
101730,greek macaroni   hamburger casserole  makaronia phournista,"water, salt, olive oil, elbow macaroni, butter, tomato paste, sugar, ground cinnamon, oregano, orange rind, fresh orange juice, bay leaves, ground cloves, warm water, ground beef, pepper, onion, garlic cloves, red wine, kefalotiri, kasseri cheese",be,8,"['pepper,salt,oil,brown,olive,beef,season,sea,t,s,p,in,meat,f,au,one,re,l,d,b,nt,e']"
101730,greek macaroni   hamburger casserole  makaronia phournista,"water, salt, olive oil, elbow macaroni, butter, tomato paste, sugar, ground cinnamon, oregano, orange rind, fresh orange juice, bay leaves, ground cloves, warm water, ground beef, pepper, onion, garlic cloves, red wine, kefalotiri, kasseri cheese",saut,9,"['garlic,onion,onions,t,c,s,in,au,ad,l,d,nt,e']"
101730,greek macaroni   hamburger casserole  makaronia phournista,"water, salt, olive oil, elbow macaroni, butter, tomato paste, sugar, ground cinnamon, oregano, orange rind, fresh orange juice, bay leaves, ground cloves, warm water, ground beef, pepper, onion, garlic cloves, red wine, kefalotiri, kasseri cheese",pour,10,"['wine,t,c,mix,s,p,in,de,re,l,d,e']"
101730,greek macaroni   hamburger casserole  makaronia phournista,"water, salt, olive oil, elbow macaroni, butter, tomato paste, sugar, ground cinnamon, oregano, orange rind, fresh orange juice, bay leaves, ground cloves, warm water, ground beef, pepper, onion, garlic cloves, red wine, kefalotiri, kasseri cheese",set,10,"['wine,t,c,mix,s,p,in,de,re,l,d,e']"
101730,greek macaroni   hamburger casserole  makaronia phournista,"water, salt, olive oil, elbow macaroni, butter, tomato paste, sugar, ground cinnamon, oregano, orange rind, fresh orange juice, bay leaves, ground cloves, warm water, ground beef, pepper, onion, garlic cloves, red wine, kefalotiri, kasseri cheese",covered,12,"['sauce,t,c,s,in,au,re,red,l,d,nt,e']"
101730,greek macaroni   hamburger casserole  makaronia phournista,"water, salt, olive oil, elbow macaroni, butter, tomato paste, sugar, ground cinnamon, oregano, orange rind, fresh orange juice, bay leaves, ground cloves, warm water, ground beef, pepper, onion, garlic cloves, red wine, kefalotiri, kasseri cheese",thickened,12,"['sauce,t,c,s,in,au,re,red,l,d,nt,e']"
101730,greek macaroni   hamburger casserole  makaronia phournista,"water, salt, olive oil, elbow macaroni, butter, tomato paste, sugar, ground cinnamon, oregano, orange rind, fresh orange juice, bay leaves, ground cloves, warm water, ground beef, pepper, onion, garlic cloves, red wine, kefalotiri, kasseri cheese",keep,13,"['t,p,e']"
101730,greek macaroni   hamburger casserole  makaronia phournista,"water, salt, olive oil, elbow macaroni, butter, tomato paste, sugar, ground cinnamon, oregano, orange rind, fresh orange juice, bay leaves, ground cloves, warm water, ground beef, pepper, onion, garlic cloves, red wine, kefalotiri, kasseri cheese",keep,15,"['sauce,tomato,t,c,s,p,in,meat,au,l,d,b,nt,e']"
101730,greek macaroni   hamburger casserole  makaronia phournista,"water, salt, olive oil, elbow macaroni, butter, tomato paste, sugar, ground cinnamon, oregano, orange rind, fresh orange juice, bay leaves, ground cloves, warm water, ground beef, pepper, onion, garlic cloves, red wine, kefalotiri, kasseri cheese",following,14,"['sauce,cheese,pan,macaroni,t,c,baking,s,p,in,meat,de,f,au,wing,l,d,b,e']"
101730,greek macaroni   hamburger casserole  makaronia phournista,"water, salt, olive oil, elbow macaroni, butter, tomato paste, sugar, ground cinnamon, oregano, orange rind, fresh orange juice, bay leaves, ground cloves, warm water, ground beef, pepper, onion, garlic cloves, red wine, kefalotiri, kasseri cheese",layering,15,"['sauce,tomato,t,c,s,p,in,meat,au,l,d,b,nt,e']"
101730,greek macaroni   hamburger casserole  makaronia phournista,"water, salt, olive oil, elbow macaroni, butter, tomato paste, sugar, ground cinnamon, oregano, orange rind, fresh orange juice, bay leaves, ground cloves, warm water, ground beef, pepper, onion, garlic cloves, red wine, kefalotiri, kasseri cheese",used,15,"['sauce,tomato,t,c,s,p,in,meat,au,l,d,b,nt,e']"
101730,greek macaroni   hamburger casserole  makaronia phournista,"water, salt, olive oil, elbow macaroni, butter, tomato paste, sugar, ground cinnamon, oregano, orange rind, fresh orange juice, bay leaves, ground cloves, warm water, ground beef, pepper, onion, garlic cloves, red wine, kefalotiri, kasseri cheese",being,15,"['sauce,tomato,t,c,s,p,in,meat,au,l,d,b,nt,e']"
101730,greek macaroni   hamburger casserole  makaronia phournista,"water, salt, olive oil, elbow macaroni, butter, tomato paste, sugar, ground cinnamon, oregano, orange rind, fresh orange juice, bay leaves, ground cloves, warm water, ground beef, pepper, onion, garlic cloves, red wine, kefalotiri, kasseri cheese",bake,17,"['t,s,l,d,b,nt,e,kasseri']"
101730,greek macaroni   hamburger casserole  makaronia phournista,"water, salt, olive oil, elbow macaroni, butter, tomato paste, sugar, ground cinnamon, oregano, orange rind, fresh orange juice, bay leaves, ground cloves, warm water, ground beef, pepper, onion, garlic cloves, red wine, kefalotiri, kasseri cheese",melted,17,"['t,s,l,d,b,nt,e,kasseri']"
101730,greek macaroni   hamburger casserole  makaronia phournista,"water, salt, olive oil, elbow macaroni, butter, tomato paste, sugar, ground cinnamon, oregano, orange rind, fresh orange juice, bay leaves, ground cloves, warm water, ground beef, pepper, onion, garlic cloves, red wine, kefalotiri, kasseri cheese",serve,18,"['t,s,e']"
