Id,Name,AllIngredients,Verbs,Steps,Ingredient
102366,stuffed cabbage stew,"cabbage, ground turkey, onion, garlic cloves, carrots, sweet red pepper, fat-free refried beans, minute rice, ketchup, tomato sauce, apple cider, diced tomatoes, water, brown sugar, white vinegar, dried oregano, dried thyme, black pepper, old bay seasoning, beef bouillon, monterey jack pepper cheese",garlic,1,"['garlic,onion,pot,cook,t,c,heat,turkey,s,p,in,meat,medium,pin,l,d,nt,e,o,y,g,v']"
102366,stuffed cabbage stew,"cabbage, ground turkey, onion, garlic cloves, carrots, sweet red pepper, fat-free refried beans, minute rice, ketchup, tomato sauce, apple cider, diced tomatoes, water, brown sugar, white vinegar, dried oregano, dried thyme, black pepper, old bay seasoning, beef bouillon, monterey jack pepper cheese",drain,2,"['in,d']"
102366,stuffed cabbage stew,"cabbage, ground turkey, onion, garlic cloves, carrots, sweet red pepper, fat-free refried beans, minute rice, ketchup, tomato sauce, apple cider, diced tomatoes, water, brown sugar, white vinegar, dried oregano, dried thyme, black pepper, old bay seasoning, beef bouillon, monterey jack pepper cheese",add,3,"['cheese,t,c,s,p,in,re,ad,red,d,nt,e,g,ts']"
102366,stuffed cabbage stew,"cabbage, ground turkey, onion, garlic cloves, carrots, sweet red pepper, fat-free refried beans, minute rice, ketchup, tomato sauce, apple cider, diced tomatoes, water, brown sugar, white vinegar, dried oregano, dried thyme, black pepper, old bay seasoning, beef bouillon, monterey jack pepper cheese",bring,4,"['oil,t,boil,in,l,b,ring,o,g']"
102366,stuffed cabbage stew,"cabbage, ground turkey, onion, garlic cloves, carrots, sweet red pepper, fat-free refried beans, minute rice, ketchup, tomato sauce, apple cider, diced tomatoes, water, brown sugar, white vinegar, dried oregano, dried thyme, black pepper, old bay seasoning, beef bouillon, monterey jack pepper cheese",cover,5,"['vegetable,t,table,c,tender,s,end,de,veg,-,hr,re,l,d,b,vegetables,nt,e,o,g,v']"
102366,stuffed cabbage stew,"cabbage, ground turkey, onion, garlic cloves, carrots, sweet red pepper, fat-free refried beans, minute rice, ketchup, tomato sauce, apple cider, diced tomatoes, water, brown sugar, white vinegar, dried oregano, dried thyme, black pepper, old bay seasoning, beef bouillon, monterey jack pepper cheese",simmer,5,"['vegetable,t,table,c,tender,s,end,de,veg,-,hr,re,l,d,b,vegetables,nt,e,o,g,v']"
102366,stuffed cabbage stew,"cabbage, ground turkey, onion, garlic cloves, carrots, sweet red pepper, fat-free refried beans, minute rice, ketchup, tomato sauce, apple cider, diced tomatoes, water, brown sugar, white vinegar, dried oregano, dried thyme, black pepper, old bay seasoning, beef bouillon, monterey jack pepper cheese",are,5,"['vegetable,t,table,c,tender,s,end,de,veg,-,hr,re,l,d,b,vegetables,nt,e,o,g,v']"
102366,stuffed cabbage stew,"cabbage, ground turkey, onion, garlic cloves, carrots, sweet red pepper, fat-free refried beans, minute rice, ketchup, tomato sauce, apple cider, diced tomatoes, water, brown sugar, white vinegar, dried oregano, dried thyme, black pepper, old bay seasoning, beef bouillon, monterey jack pepper cheese",desired,7,"['cheese,t,c,ice,slice,s,p,in,de,f,wing,re,red,l,d,b,e,o,g']"
102366,stuffed cabbage stew,"cabbage, ground turkey, onion, garlic cloves, carrots, sweet red pepper, fat-free refried beans, minute rice, ketchup, tomato sauce, apple cider, diced tomatoes, water, brown sugar, white vinegar, dried oregano, dried thyme, black pepper, old bay seasoning, beef bouillon, monterey jack pepper cheese",allowing,7,"['cheese,t,c,ice,slice,s,p,in,de,f,wing,re,red,l,d,b,e,o,g']"
102366,stuffed cabbage stew,"cabbage, ground turkey, onion, garlic cloves, carrots, sweet red pepper, fat-free refried beans, minute rice, ketchup, tomato sauce, apple cider, diced tomatoes, water, brown sugar, white vinegar, dried oregano, dried thyme, black pepper, old bay seasoning, beef bouillon, monterey jack pepper cheese",melt,7,"['cheese,t,c,ice,slice,s,p,in,de,f,wing,re,red,l,d,b,e,o,g']"
