Id,Name,AllIngredients,Verbs,Steps,Ingredient
102838,chicken and mushroom chowder,"dried porcini mushrooms, boiling water, bacon, skinless chicken breast half, onion, russet potatoes, garlic, sweet corn, chicken broth, tomatoes, fresh spinach leaves, bay leaf, fresh thyme leaves, herbes de provence, salt, red pepper flakes, ground allspice, fresh ground black pepper, flat leaf parsley, cilantro",cover,1,{}
102838,chicken and mushroom chowder,"dried porcini mushrooms, boiling water, bacon, skinless chicken breast half, onion, russet potatoes, garlic, sweet corn, chicken broth, tomatoes, fresh spinach leaves, bay leaf, fresh thyme leaves, herbes de provence, salt, red pepper flakes, ground allspice, fresh ground black pepper, flat leaf parsley, cilantro",set,1,"['oil,water,mushrooms,mushroom,room,t,c,boil,min,boiling,s,in,shrooms,de']"
102838,chicken and mushroom chowder,"dried porcini mushrooms, boiling water, bacon, skinless chicken breast half, onion, russet potatoes, garlic, sweet corn, chicken broth, tomatoes, fresh spinach leaves, bay leaf, fresh thyme leaves, herbes de provence, salt, red pepper flakes, ground allspice, fresh ground black pepper, flat leaf parsley, cilantro",set,3,"['t,rum,c,s,p,in,de']"
102838,chicken and mushroom chowder,"dried porcini mushrooms, boiling water, bacon, skinless chicken breast half, onion, russet potatoes, garlic, sweet corn, chicken broth, tomatoes, fresh spinach leaves, bay leaf, fresh thyme leaves, herbes de provence, salt, red pepper flakes, ground allspice, fresh ground black pepper, flat leaf parsley, cilantro",cook,2,"['bacon,cook,t,c,min,heat,s,p,in,medium,oven']"
102838,chicken and mushroom chowder,"dried porcini mushrooms, boiling water, bacon, skinless chicken breast half, onion, russet potatoes, garlic, sweet corn, chicken broth, tomatoes, fresh spinach leaves, bay leaf, fresh thyme leaves, herbes de provence, salt, red pepper flakes, ground allspice, fresh ground black pepper, flat leaf parsley, cilantro",cook,5,"['garlic,cook,t,c,min,in']"
102838,chicken and mushroom chowder,"dried porcini mushrooms, boiling water, bacon, skinless chicken breast half, onion, russet potatoes, garlic, sweet corn, chicken broth, tomatoes, fresh spinach leaves, bay leaf, fresh thyme leaves, herbes de provence, salt, red pepper flakes, ground allspice, fresh ground black pepper, flat leaf parsley, cilantro",cook,6,"['chicken,cook,t,c,min,s,in,white']"
102838,chicken and mushroom chowder,"dried porcini mushrooms, boiling water, bacon, skinless chicken breast half, onion, russet potatoes, garlic, sweet corn, chicken broth, tomatoes, fresh spinach leaves, bay leaf, fresh thyme leaves, herbes de provence, salt, red pepper flakes, ground allspice, fresh ground black pepper, flat leaf parsley, cilantro",cook,7,"['tomatoes,tomato,corn,broth,pot,cook,potatoes,t,c,min,potato,s,p,in']"
102838,chicken and mushroom chowder,"dried porcini mushrooms, boiling water, bacon, skinless chicken breast half, onion, russet potatoes, garlic, sweet corn, chicken broth, tomatoes, fresh spinach leaves, bay leaf, fresh thyme leaves, herbes de provence, salt, red pepper flakes, ground allspice, fresh ground black pepper, flat leaf parsley, cilantro",add,4,"['onion,onions,cook,t,c,min,s,in,oven']"
102838,chicken and mushroom chowder,"dried porcini mushrooms, boiling water, bacon, skinless chicken breast half, onion, russet potatoes, garlic, sweet corn, chicken broth, tomatoes, fresh spinach leaves, bay leaf, fresh thyme leaves, herbes de provence, salt, red pepper flakes, ground allspice, fresh ground black pepper, flat leaf parsley, cilantro",add,5,"['garlic,cook,t,c,min,in']"
102838,chicken and mushroom chowder,"dried porcini mushrooms, boiling water, bacon, skinless chicken breast half, onion, russet potatoes, garlic, sweet corn, chicken broth, tomatoes, fresh spinach leaves, bay leaf, fresh thyme leaves, herbes de provence, salt, red pepper flakes, ground allspice, fresh ground black pepper, flat leaf parsley, cilantro",add,6,"['chicken,cook,t,c,min,s,in,white']"
102838,chicken and mushroom chowder,"dried porcini mushrooms, boiling water, bacon, skinless chicken breast half, onion, russet potatoes, garlic, sweet corn, chicken broth, tomatoes, fresh spinach leaves, bay leaf, fresh thyme leaves, herbes de provence, salt, red pepper flakes, ground allspice, fresh ground black pepper, flat leaf parsley, cilantro",add,7,"['tomatoes,tomato,corn,broth,pot,cook,potatoes,t,c,min,potato,s,p,in']"
102838,chicken and mushroom chowder,"dried porcini mushrooms, boiling water, bacon, skinless chicken breast half, onion, russet potatoes, garlic, sweet corn, chicken broth, tomatoes, fresh spinach leaves, bay leaf, fresh thyme leaves, herbes de provence, salt, red pepper flakes, ground allspice, fresh ground black pepper, flat leaf parsley, cilantro",add,9,"['pepper,salt,thyme,bay,leaf,allspice,spinach,flakes,spice,t,c,ice,herbs,s,p,in,pin,de,oven']"
102838,chicken and mushroom chowder,"dried porcini mushrooms, boiling water, bacon, skinless chicken breast half, onion, russet potatoes, garlic, sweet corn, chicken broth, tomatoes, fresh spinach leaves, bay leaf, fresh thyme leaves, herbes de provence, salt, red pepper flakes, ground allspice, fresh ground black pepper, flat leaf parsley, cilantro",add,10,"['mushrooms,mushroom,room,pot,t,s,p,in,shrooms']"
102838,chicken and mushroom chowder,"dried porcini mushrooms, boiling water, bacon, skinless chicken breast half, onion, russet potatoes, garlic, sweet corn, chicken broth, tomatoes, fresh spinach leaves, bay leaf, fresh thyme leaves, herbes de provence, salt, red pepper flakes, ground allspice, fresh ground black pepper, flat leaf parsley, cilantro",softened,4,"['onion,onions,cook,t,c,min,s,in,oven']"
102838,chicken and mushroom chowder,"dried porcini mushrooms, boiling water, bacon, skinless chicken breast half, onion, russet potatoes, garlic, sweet corn, chicken broth, tomatoes, fresh spinach leaves, bay leaf, fresh thyme leaves, herbes de provence, salt, red pepper flakes, ground allspice, fresh ground black pepper, flat leaf parsley, cilantro",stirring,6,"['chicken,cook,t,c,min,s,in,white']"
102838,chicken and mushroom chowder,"dried porcini mushrooms, boiling water, bacon, skinless chicken breast half, onion, russet potatoes, garlic, sweet corn, chicken broth, tomatoes, fresh spinach leaves, bay leaf, fresh thyme leaves, herbes de provence, salt, red pepper flakes, ground allspice, fresh ground black pepper, flat leaf parsley, cilantro",turns,6,"['chicken,cook,t,c,min,s,in,white']"
102838,chicken and mushroom chowder,"dried porcini mushrooms, boiling water, bacon, skinless chicken breast half, onion, russet potatoes, garlic, sweet corn, chicken broth, tomatoes, fresh spinach leaves, bay leaf, fresh thyme leaves, herbes de provence, salt, red pepper flakes, ground allspice, fresh ground black pepper, flat leaf parsley, cilantro",slice,8,"['spinach,leaves,t,c,ice,slice,s,p,in,pin']"
102838,chicken and mushroom chowder,"dried porcini mushrooms, boiling water, bacon, skinless chicken breast half, onion, russet potatoes, garlic, sweet corn, chicken broth, tomatoes, fresh spinach leaves, bay leaf, fresh thyme leaves, herbes de provence, salt, red pepper flakes, ground allspice, fresh ground black pepper, flat leaf parsley, cilantro",leaves,8,"['spinach,leaves,t,c,ice,slice,s,p,in,pin']"
102838,chicken and mushroom chowder,"dried porcini mushrooms, boiling water, bacon, skinless chicken breast half, onion, russet potatoes, garlic, sweet corn, chicken broth, tomatoes, fresh spinach leaves, bay leaf, fresh thyme leaves, herbes de provence, salt, red pepper flakes, ground allspice, fresh ground black pepper, flat leaf parsley, cilantro",chowder,9,"['pepper,salt,thyme,bay,leaf,allspice,spinach,flakes,spice,t,c,ice,herbs,s,p,in,pin,de,oven']"
102838,chicken and mushroom chowder,"dried porcini mushrooms, boiling water, bacon, skinless chicken breast half, onion, russet potatoes, garlic, sweet corn, chicken broth, tomatoes, fresh spinach leaves, bay leaf, fresh thyme leaves, herbes de provence, salt, red pepper flakes, ground allspice, fresh ground black pepper, flat leaf parsley, cilantro",increase,11,"['t,c,heat,s,in,medium']"
102838,chicken and mushroom chowder,"dried porcini mushrooms, boiling water, bacon, skinless chicken breast half, onion, russet potatoes, garlic, sweet corn, chicken broth, tomatoes, fresh spinach leaves, bay leaf, fresh thyme leaves, herbes de provence, salt, red pepper flakes, ground allspice, fresh ground black pepper, flat leaf parsley, cilantro",are,12,"['pot,cook,potatoes,t,c,min,tender,potato,s,p,end,in,de']"
102838,chicken and mushroom chowder,"dried porcini mushrooms, boiling water, bacon, skinless chicken breast half, onion, russet potatoes, garlic, sweet corn, chicken broth, tomatoes, fresh spinach leaves, bay leaf, fresh thyme leaves, herbes de provence, salt, red pepper flakes, ground allspice, fresh ground black pepper, flat leaf parsley, cilantro",adjust,13,"['cilantro,parsley,season,seasoning,sea,t,c,s,p,in,de']"
102838,chicken and mushroom chowder,"dried porcini mushrooms, boiling water, bacon, skinless chicken breast half, onion, russet potatoes, garlic, sweet corn, chicken broth, tomatoes, fresh spinach leaves, bay leaf, fresh thyme leaves, herbes de provence, salt, red pepper flakes, ground allspice, fresh ground black pepper, flat leaf parsley, cilantro",stir,13,"['cilantro,parsley,season,seasoning,sea,t,c,s,p,in,de']"
102838,chicken and mushroom chowder,"dried porcini mushrooms, boiling water, bacon, skinless chicken breast half, onion, russet potatoes, garlic, sweet corn, chicken broth, tomatoes, fresh spinach leaves, bay leaf, fresh thyme leaves, herbes de provence, salt, red pepper flakes, ground allspice, fresh ground black pepper, flat leaf parsley, cilantro",garnish,14,"['bacon,t,c,s']"
