Id,Name,AllIngredients,Verbs,Steps,Ingredient
10388,red snapper marinated with 3 kinds of chilies in banana leaves,"guajillo chilies, pasilla chiles, ancho chilies, onion, garlic, tomatoes, epazote leaves, bay leaves, ground cumin, apple cider vinegar, red snapper fillet, plantain leaves, salt and pepper, corn oil, onions, white rice, corn kernel, chayote, carrot, chicken stock",combine,2,"['garlic,chili,cumin,tomato,onion,vinegar,bay,apple,leaves,t,c,min,chilies,s,p,cider,in,vin,de,l,d,b,e,vine,o,y,epazote']"
10388,red snapper marinated with 3 kinds of chilies in banana leaves,"guajillo chilies, pasilla chiles, ancho chilies, onion, garlic, tomatoes, epazote leaves, bay leaves, ground cumin, apple cider vinegar, red snapper fillet, plantain leaves, salt and pepper, corn oil, onions, white rice, corn kernel, chayote, carrot, chicken stock",boil,3,"['oil,t,boil,min,s,in,f,l,b,e,nut,o']"
10388,red snapper marinated with 3 kinds of chilies in banana leaves,"guajillo chilies, pasilla chiles, ancho chilies, onion, garlic, tomatoes, epazote leaves, bay leaves, ground cumin, apple cider vinegar, red snapper fillet, plantain leaves, salt and pepper, corn oil, onions, white rice, corn kernel, chayote, carrot, chicken stock",remove,4,"['bay,leaves,t,s,p,re,l,d,b,e,o,y,epazote']"
10388,red snapper marinated with 3 kinds of chilies in banana leaves,"guajillo chilies, pasilla chiles, ancho chilies, onion, garlic, tomatoes, epazote leaves, bay leaves, ground cumin, apple cider vinegar, red snapper fillet, plantain leaves, salt and pepper, corn oil, onions, white rice, corn kernel, chayote, carrot, chicken stock",blend,5,"['t,blend,s,end,in,de,l,d,b,nt,e,o']"
10388,red snapper marinated with 3 kinds of chilies in banana leaves,"guajillo chilies, pasilla chiles, ancho chilies, onion, garlic, tomatoes, epazote leaves, bay leaves, ground cumin, apple cider vinegar, red snapper fillet, plantain leaves, salt and pepper, corn oil, onions, white rice, corn kernel, chayote, carrot, chicken stock",smooth,5,"['t,blend,s,end,in,de,l,d,b,nt,e,o']"
10388,red snapper marinated with 3 kinds of chilies in banana leaves,"guajillo chilies, pasilla chiles, ancho chilies, onion, garlic, tomatoes, epazote leaves, bay leaves, ground cumin, apple cider vinegar, red snapper fillet, plantain leaves, salt and pepper, corn oil, onions, white rice, corn kernel, chayote, carrot, chicken stock",pour,6,"['leaf,t,c,min,fish,banana,s,p,in,f,l,d,b,e,nut,o']"
10388,red snapper marinated with 3 kinds of chilies in banana leaves,"guajillo chilies, pasilla chiles, ancho chilies, onion, garlic, tomatoes, epazote leaves, bay leaves, ground cumin, apple cider vinegar, red snapper fillet, plantain leaves, salt and pepper, corn oil, onions, white rice, corn kernel, chayote, carrot, chicken stock",cover,6,"['leaf,t,c,min,fish,banana,s,p,in,f,l,d,b,e,nut,o']"
10388,red snapper marinated with 3 kinds of chilies in banana leaves,"guajillo chilies, pasilla chiles, ancho chilies, onion, garlic, tomatoes, epazote leaves, bay leaves, ground cumin, apple cider vinegar, red snapper fillet, plantain leaves, salt and pepper, corn oil, onions, white rice, corn kernel, chayote, carrot, chicken stock",cover,12,"['cook,t,c,min,s,in,l,d,b,nt,e,nut,o']"
10388,red snapper marinated with 3 kinds of chilies in banana leaves,"guajillo chilies, pasilla chiles, ancho chilies, onion, garlic, tomatoes, epazote leaves, bay leaves, ground cumin, apple cider vinegar, red snapper fillet, plantain leaves, salt and pepper, corn oil, onions, white rice, corn kernel, chayote, carrot, chicken stock",bake,6,"['leaf,t,c,min,fish,banana,s,p,in,f,l,d,b,e,nut,o']"
10388,red snapper marinated with 3 kinds of chilies in banana leaves,"guajillo chilies, pasilla chiles, ancho chilies, onion, garlic, tomatoes, epazote leaves, bay leaves, ground cumin, apple cider vinegar, red snapper fillet, plantain leaves, salt and pepper, corn oil, onions, white rice, corn kernel, chayote, carrot, chicken stock",serve,7,"['vegetable,rice,t,table,c,ice,s,white,veg,l,d,b,vegetables,e']"
10388,red snapper marinated with 3 kinds of chilies in banana leaves,"guajillo chilies, pasilla chiles, ancho chilies, onion, garlic, tomatoes, epazote leaves, bay leaves, ground cumin, apple cider vinegar, red snapper fillet, plantain leaves, salt and pepper, corn oil, onions, white rice, corn kernel, chayote, carrot, chicken stock",add,9,"['garlic,onion,t,c,ad,l,d,e,o']"
10388,red snapper marinated with 3 kinds of chilies in banana leaves,"guajillo chilies, pasilla chiles, ancho chilies, onion, garlic, tomatoes, epazote leaves, bay leaves, ground cumin, apple cider vinegar, red snapper fillet, plantain leaves, salt and pepper, corn oil, onions, white rice, corn kernel, chayote, carrot, chicken stock",add,10,"['onion,rice,t,c,ice,s,roma,ad,l,d,nt,e,o,caramel']"
10388,red snapper marinated with 3 kinds of chilies in banana leaves,"guajillo chilies, pasilla chiles, ancho chilies, onion, garlic, tomatoes, epazote leaves, bay leaves, ground cumin, apple cider vinegar, red snapper fillet, plantain leaves, salt and pepper, corn oil, onions, white rice, corn kernel, chayote, carrot, chicken stock",add,11,"['pepper,salt,vegetable,stock,chicken,t,table,c,s,p,veg,chick,ad,l,d,b,vegetables,e,o']"
10388,red snapper marinated with 3 kinds of chilies in banana leaves,"guajillo chilies, pasilla chiles, ancho chilies, onion, garlic, tomatoes, epazote leaves, bay leaves, ground cumin, apple cider vinegar, red snapper fillet, plantain leaves, salt and pepper, corn oil, onions, white rice, corn kernel, chayote, carrot, chicken stock",is,10,"['onion,rice,t,c,ice,s,roma,ad,l,d,nt,e,o,caramel']"
10388,red snapper marinated with 3 kinds of chilies in banana leaves,"guajillo chilies, pasilla chiles, ancho chilies, onion, garlic, tomatoes, epazote leaves, bay leaves, ground cumin, apple cider vinegar, red snapper fillet, plantain leaves, salt and pepper, corn oil, onions, white rice, corn kernel, chayote, carrot, chicken stock",simmer,12,"['cook,t,c,min,s,in,l,d,b,nt,e,nut,o']"
10388,red snapper marinated with 3 kinds of chilies in banana leaves,"guajillo chilies, pasilla chiles, ancho chilies, onion, garlic, tomatoes, epazote leaves, bay leaves, ground cumin, apple cider vinegar, red snapper fillet, plantain leaves, salt and pepper, corn oil, onions, white rice, corn kernel, chayote, carrot, chicken stock",cooked,12,"['cook,t,c,min,s,in,l,d,b,nt,e,nut,o']"
