Id,Name,AllIngredients,Verbs,Steps,Ingredient
105374,bell pepper bharta,"peanut oil, green bell peppers, tomatoes, onion, cumin seed, mustard seeds, curry leaf, ginger-garlic paste, peanut butter, water, turmeric, garam masala, sesame seeds, coconut milk powder, plain fat-free yogurt, chili powder, lemon juice, tamarind paste, salt, cilantro",gather,1,{}
105374,bell pepper bharta,"peanut oil, green bell peppers, tomatoes, onion, cumin seed, mustard seeds, curry leaf, ginger-garlic paste, peanut butter, water, turmeric, garam masala, sesame seeds, coconut milk powder, plain fat-free yogurt, chili powder, lemon juice, tamarind paste, salt, cilantro",prepare,1,"['cook,t,c,cooking,s,p,in']"
105374,bell pepper bharta,"peanut oil, green bell peppers, tomatoes, onion, cumin seed, mustard seeds, curry leaf, ginger-garlic paste, peanut butter, water, turmeric, garam masala, sesame seeds, coconut milk powder, plain fat-free yogurt, chili powder, lemon juice, tamarind paste, salt, cilantro",commencing,1,"['cook,t,c,cooking,s,p,in']"
105374,bell pepper bharta,"peanut oil, green bell peppers, tomatoes, onion, cumin seed, mustard seeds, curry leaf, ginger-garlic paste, peanut butter, water, turmeric, garam masala, sesame seeds, coconut milk powder, plain fat-free yogurt, chili powder, lemon juice, tamarind paste, salt, cilantro",cooking,1,"['cook,t,c,cooking,s,p,in']"
105374,bell pepper bharta,"peanut oil, green bell peppers, tomatoes, onion, cumin seed, mustard seeds, curry leaf, ginger-garlic paste, peanut butter, water, turmeric, garam masala, sesame seeds, coconut milk powder, plain fat-free yogurt, chili powder, lemon juice, tamarind paste, salt, cilantro",heat,2,"['sauce,oil,peanut,pan,t,c,heat,base,pea,s,p']"
105374,bell pepper bharta,"peanut oil, green bell peppers, tomatoes, onion, cumin seed, mustard seeds, curry leaf, ginger-garlic paste, peanut butter, water, turmeric, garam masala, sesame seeds, coconut milk powder, plain fat-free yogurt, chili powder, lemon juice, tamarind paste, salt, cilantro",heat,9,"['powder,juice,lemon,t,tamari,c,ice,heat,blend,s,p,rind,chile,end,in,tamarind']"
105374,bell pepper bharta,"peanut oil, green bell peppers, tomatoes, onion, cumin seed, mustard seeds, curry leaf, ginger-garlic paste, peanut butter, water, turmeric, garam masala, sesame seeds, coconut milk powder, plain fat-free yogurt, chili powder, lemon juice, tamarind paste, salt, cilantro",based,2,"['sauce,oil,peanut,pan,t,c,heat,base,pea,s,p']"
105374,bell pepper bharta,"peanut oil, green bell peppers, tomatoes, onion, cumin seed, mustard seeds, curry leaf, ginger-garlic paste, peanut butter, water, turmeric, garam masala, sesame seeds, coconut milk powder, plain fat-free yogurt, chili powder, lemon juice, tamarind paste, salt, cilantro",reduce,2,"['sauce,oil,peanut,pan,t,c,heat,base,pea,s,p']"
105374,bell pepper bharta,"peanut oil, green bell peppers, tomatoes, onion, cumin seed, mustard seeds, curry leaf, ginger-garlic paste, peanut butter, water, turmeric, garam masala, sesame seeds, coconut milk powder, plain fat-free yogurt, chili powder, lemon juice, tamarind paste, salt, cilantro",reduce,5,"['garlic,ginger,butter,peanut,paste,cook,t,c,min,heat,pea,s,p,in']"
105374,bell pepper bharta,"peanut oil, green bell peppers, tomatoes, onion, cumin seed, mustard seeds, curry leaf, ginger-garlic paste, peanut butter, water, turmeric, garam masala, sesame seeds, coconut milk powder, plain fat-free yogurt, chili powder, lemon juice, tamarind paste, salt, cilantro",add,2,"['sauce,oil,peanut,pan,t,c,heat,base,pea,s,p']"
105374,bell pepper bharta,"peanut oil, green bell peppers, tomatoes, onion, cumin seed, mustard seeds, curry leaf, ginger-garlic paste, peanut butter, water, turmeric, garam masala, sesame seeds, coconut milk powder, plain fat-free yogurt, chili powder, lemon juice, tamarind paste, salt, cilantro",add,3,"['cumin,mustard,cook,seed,curry,t,c,min,seeds,star,s,p,must,in']"
105374,bell pepper bharta,"peanut oil, green bell peppers, tomatoes, onion, cumin seed, mustard seeds, curry leaf, ginger-garlic paste, peanut butter, water, turmeric, garam masala, sesame seeds, coconut milk powder, plain fat-free yogurt, chili powder, lemon juice, tamarind paste, salt, cilantro",add,4,"['onion,brown,onions,t,c,s,in']"
105374,bell pepper bharta,"peanut oil, green bell peppers, tomatoes, onion, cumin seed, mustard seeds, curry leaf, ginger-garlic paste, peanut butter, water, turmeric, garam masala, sesame seeds, coconut milk powder, plain fat-free yogurt, chili powder, lemon juice, tamarind paste, salt, cilantro",add,5,"['garlic,ginger,butter,peanut,paste,cook,t,c,min,heat,pea,s,p,in']"
105374,bell pepper bharta,"peanut oil, green bell peppers, tomatoes, onion, cumin seed, mustard seeds, curry leaf, ginger-garlic paste, peanut butter, water, turmeric, garam masala, sesame seeds, coconut milk powder, plain fat-free yogurt, chili powder, lemon juice, tamarind paste, salt, cilantro",add,6,"['sauce,butter,water,peanut,pan,t,c,mix,pea,s,p,in']"
105374,bell pepper bharta,"peanut oil, green bell peppers, tomatoes, onion, cumin seed, mustard seeds, curry leaf, ginger-garlic paste, peanut butter, water, turmeric, garam masala, sesame seeds, coconut milk powder, plain fat-free yogurt, chili powder, lemon juice, tamarind paste, salt, cilantro",add,7,"['pepper,water,tomatoes,tomato,bell,cook,t,c,min,s,p,in']"
105374,bell pepper bharta,"peanut oil, green bell peppers, tomatoes, onion, cumin seed, mustard seeds, curry leaf, ginger-garlic paste, peanut butter, water, turmeric, garam masala, sesame seeds, coconut milk powder, plain fat-free yogurt, chili powder, lemon juice, tamarind paste, salt, cilantro",add,8,"['powder,coconut,sesame,turmeric,garam,masala,cook,seed,t,c,min,seeds,s,p,in']"
105374,bell pepper bharta,"peanut oil, green bell peppers, tomatoes, onion, cumin seed, mustard seeds, curry leaf, ginger-garlic paste, peanut butter, water, turmeric, garam masala, sesame seeds, coconut milk powder, plain fat-free yogurt, chili powder, lemon juice, tamarind paste, salt, cilantro",add,9,"['powder,juice,lemon,t,tamari,c,ice,heat,blend,s,p,rind,chile,end,in,tamarind']"
105374,bell pepper bharta,"peanut oil, green bell peppers, tomatoes, onion, cumin seed, mustard seeds, curry leaf, ginger-garlic paste, peanut butter, water, turmeric, garam masala, sesame seeds, coconut milk powder, plain fat-free yogurt, chili powder, lemon juice, tamarind paste, salt, cilantro",cook,3,"['cumin,mustard,cook,seed,curry,t,c,min,seeds,star,s,p,must,in']"
105374,bell pepper bharta,"peanut oil, green bell peppers, tomatoes, onion, cumin seed, mustard seeds, curry leaf, ginger-garlic paste, peanut butter, water, turmeric, garam masala, sesame seeds, coconut milk powder, plain fat-free yogurt, chili powder, lemon juice, tamarind paste, salt, cilantro",cook,5,"['garlic,ginger,butter,peanut,paste,cook,t,c,min,heat,pea,s,p,in']"
105374,bell pepper bharta,"peanut oil, green bell peppers, tomatoes, onion, cumin seed, mustard seeds, curry leaf, ginger-garlic paste, peanut butter, water, turmeric, garam masala, sesame seeds, coconut milk powder, plain fat-free yogurt, chili powder, lemon juice, tamarind paste, salt, cilantro",cook,7,"['pepper,water,tomatoes,tomato,bell,cook,t,c,min,s,p,in']"
105374,bell pepper bharta,"peanut oil, green bell peppers, tomatoes, onion, cumin seed, mustard seeds, curry leaf, ginger-garlic paste, peanut butter, water, turmeric, garam masala, sesame seeds, coconut milk powder, plain fat-free yogurt, chili powder, lemon juice, tamarind paste, salt, cilantro",cook,8,"['powder,coconut,sesame,turmeric,garam,masala,cook,seed,t,c,min,seeds,s,p,in']"
105374,bell pepper bharta,"peanut oil, green bell peppers, tomatoes, onion, cumin seed, mustard seeds, curry leaf, ginger-garlic paste, peanut butter, water, turmeric, garam masala, sesame seeds, coconut milk powder, plain fat-free yogurt, chili powder, lemon juice, tamarind paste, salt, cilantro",start,3,"['cumin,mustard,cook,seed,curry,t,c,min,seeds,star,s,p,must,in']"
105374,bell pepper bharta,"peanut oil, green bell peppers, tomatoes, onion, cumin seed, mustard seeds, curry leaf, ginger-garlic paste, peanut butter, water, turmeric, garam masala, sesame seeds, coconut milk powder, plain fat-free yogurt, chili powder, lemon juice, tamarind paste, salt, cilantro",pop,3,"['cumin,mustard,cook,seed,curry,t,c,min,seeds,star,s,p,must,in']"
105374,bell pepper bharta,"peanut oil, green bell peppers, tomatoes, onion, cumin seed, mustard seeds, curry leaf, ginger-garlic paste, peanut butter, water, turmeric, garam masala, sesame seeds, coconut milk powder, plain fat-free yogurt, chili powder, lemon juice, tamarind paste, salt, cilantro",splutter,3,"['cumin,mustard,cook,seed,curry,t,c,min,seeds,star,s,p,must,in']"
105374,bell pepper bharta,"peanut oil, green bell peppers, tomatoes, onion, cumin seed, mustard seeds, curry leaf, ginger-garlic paste, peanut butter, water, turmeric, garam masala, sesame seeds, coconut milk powder, plain fat-free yogurt, chili powder, lemon juice, tamarind paste, salt, cilantro",continue,4,"['onion,brown,onions,t,c,s,in']"
105374,bell pepper bharta,"peanut oil, green bell peppers, tomatoes, onion, cumin seed, mustard seeds, curry leaf, ginger-garlic paste, peanut butter, water, turmeric, garam masala, sesame seeds, coconut milk powder, plain fat-free yogurt, chili powder, lemon juice, tamarind paste, salt, cilantro",sauteing,4,"['onion,brown,onions,t,c,s,in']"
105374,bell pepper bharta,"peanut oil, green bell peppers, tomatoes, onion, cumin seed, mustard seeds, curry leaf, ginger-garlic paste, peanut butter, water, turmeric, garam masala, sesame seeds, coconut milk powder, plain fat-free yogurt, chili powder, lemon juice, tamarind paste, salt, cilantro",adding,5,"['garlic,ginger,butter,peanut,paste,cook,t,c,min,heat,pea,s,p,in']"
105374,bell pepper bharta,"peanut oil, green bell peppers, tomatoes, onion, cumin seed, mustard seeds, curry leaf, ginger-garlic paste, peanut butter, water, turmeric, garam masala, sesame seeds, coconut milk powder, plain fat-free yogurt, chili powder, lemon juice, tamarind paste, salt, cilantro",adding,7,"['pepper,water,tomatoes,tomato,bell,cook,t,c,min,s,p,in']"
105374,bell pepper bharta,"peanut oil, green bell peppers, tomatoes, onion, cumin seed, mustard seeds, curry leaf, ginger-garlic paste, peanut butter, water, turmeric, garam masala, sesame seeds, coconut milk powder, plain fat-free yogurt, chili powder, lemon juice, tamarind paste, salt, cilantro",stir,6,"['sauce,butter,water,peanut,pan,t,c,mix,pea,s,p,in']"
105374,bell pepper bharta,"peanut oil, green bell peppers, tomatoes, onion, cumin seed, mustard seeds, curry leaf, ginger-garlic paste, peanut butter, water, turmeric, garam masala, sesame seeds, coconut milk powder, plain fat-free yogurt, chili powder, lemon juice, tamarind paste, salt, cilantro",forms,6,"['sauce,butter,water,peanut,pan,t,c,mix,pea,s,p,in']"
105374,bell pepper bharta,"peanut oil, green bell peppers, tomatoes, onion, cumin seed, mustard seeds, curry leaf, ginger-garlic paste, peanut butter, water, turmeric, garam masala, sesame seeds, coconut milk powder, plain fat-free yogurt, chili powder, lemon juice, tamarind paste, salt, cilantro",prevent,6,"['sauce,butter,water,peanut,pan,t,c,mix,pea,s,p,in']"
105374,bell pepper bharta,"peanut oil, green bell peppers, tomatoes, onion, cumin seed, mustard seeds, curry leaf, ginger-garlic paste, peanut butter, water, turmeric, garam masala, sesame seeds, coconut milk powder, plain fat-free yogurt, chili powder, lemon juice, tamarind paste, salt, cilantro",catching,6,"['sauce,butter,water,peanut,pan,t,c,mix,pea,s,p,in']"
105374,bell pepper bharta,"peanut oil, green bell peppers, tomatoes, onion, cumin seed, mustard seeds, curry leaf, ginger-garlic paste, peanut butter, water, turmeric, garam masala, sesame seeds, coconut milk powder, plain fat-free yogurt, chili powder, lemon juice, tamarind paste, salt, cilantro",stirring,8,"['powder,coconut,sesame,turmeric,garam,masala,cook,seed,t,c,min,seeds,s,p,in']"
105374,bell pepper bharta,"peanut oil, green bell peppers, tomatoes, onion, cumin seed, mustard seeds, curry leaf, ginger-garlic paste, peanut butter, water, turmeric, garam masala, sesame seeds, coconut milk powder, plain fat-free yogurt, chili powder, lemon juice, tamarind paste, salt, cilantro",blended,9,"['powder,juice,lemon,t,tamari,c,ice,heat,blend,s,p,rind,chile,end,in,tamarind']"
105374,bell pepper bharta,"peanut oil, green bell peppers, tomatoes, onion, cumin seed, mustard seeds, curry leaf, ginger-garlic paste, peanut butter, water, turmeric, garam masala, sesame seeds, coconut milk powder, plain fat-free yogurt, chili powder, lemon juice, tamarind paste, salt, cilantro",serve,10,"['cilantro,chop,t,c,s,p']"
105374,bell pepper bharta,"peanut oil, green bell peppers, tomatoes, onion, cumin seed, mustard seeds, curry leaf, ginger-garlic paste, peanut butter, water, turmeric, garam masala, sesame seeds, coconut milk powder, plain fat-free yogurt, chili powder, lemon juice, tamarind paste, salt, cilantro",garnished,10,"['cilantro,chop,t,c,s,p']"
105374,bell pepper bharta,"peanut oil, green bell peppers, tomatoes, onion, cumin seed, mustard seeds, curry leaf, ginger-garlic paste, peanut butter, water, turmeric, garam masala, sesame seeds, coconut milk powder, plain fat-free yogurt, chili powder, lemon juice, tamarind paste, salt, cilantro",chopped,10,"['cilantro,chop,t,c,s,p']"
105374,bell pepper bharta,"peanut oil, green bell peppers, tomatoes, onion, cumin seed, mustard seeds, curry leaf, ginger-garlic paste, peanut butter, water, turmeric, garam masala, sesame seeds, coconut milk powder, plain fat-free yogurt, chili powder, lemon juice, tamarind paste, salt, cilantro",requires,12,"['powder,coconut,t,c,s,p,in']"
105374,bell pepper bharta,"peanut oil, green bell peppers, tomatoes, onion, cumin seed, mustard seeds, curry leaf, ginger-garlic paste, peanut butter, water, turmeric, garam masala, sesame seeds, coconut milk powder, plain fat-free yogurt, chili powder, lemon juice, tamarind paste, salt, cilantro",specified,12,"['powder,coconut,t,c,s,p,in']"
