Id,Name,AllIngredients,Verbs,Steps,Ingredient
107084,turkey brine and injection marinade,"kosher salt, brown sugar, boiling water, balsamic vinegar, white balsamic vinegar, worcestershire sauce, white wine worcestershire sauce, garlic, onions, black peppercorns, dried thyme, whole allspice, dried basil, dried oregano, ground ginger, ground cardamom, creole seasoning, crushed red pepper flakes, extra virgin olive oil, turkey, ice cubes",need,1,"['t,c,ice,s,in,de,l,d,b,e,o,y,g']"
107084,turkey brine and injection marinade,"kosher salt, brown sugar, boiling water, balsamic vinegar, white balsamic vinegar, worcestershire sauce, white wine worcestershire sauce, garlic, onions, black peppercorns, dried thyme, whole allspice, dried basil, dried oregano, ground ginger, ground cardamom, creole seasoning, crushed red pepper flakes, extra virgin olive oil, turkey, ice cubes",hold,1,"['t,c,ice,s,in,de,l,d,b,e,o,y,g']"
107084,turkey brine and injection marinade,"kosher salt, brown sugar, boiling water, balsamic vinegar, white balsamic vinegar, worcestershire sauce, white wine worcestershire sauce, garlic, onions, black peppercorns, dried thyme, whole allspice, dried basil, dried oregano, ground ginger, ground cardamom, creole seasoning, crushed red pepper flakes, extra virgin olive oil, turkey, ice cubes",hold,29,"['t,c,ice,turkey,s,p,in,f,-,bag,re,l,d,b,e,o,y,g,v']"
107084,turkey brine and injection marinade,"kosher salt, brown sugar, boiling water, balsamic vinegar, white balsamic vinegar, worcestershire sauce, white wine worcestershire sauce, garlic, onions, black peppercorns, dried thyme, whole allspice, dried basil, dried oregano, ground ginger, ground cardamom, creole seasoning, crushed red pepper flakes, extra virgin olive oil, turkey, ice cubes",stir,2,"['salt,sugar,oil,water,t,c,boil,boiling,s,p,in,tel,l,d,b,nt,e,o,y,g,v']"
107084,turkey brine and injection marinade,"kosher salt, brown sugar, boiling water, balsamic vinegar, white balsamic vinegar, worcestershire sauce, white wine worcestershire sauce, garlic, onions, black peppercorns, dried thyme, whole allspice, dried basil, dried oregano, ground ginger, ground cardamom, creole seasoning, crushed red pepper flakes, extra virgin olive oil, turkey, ice cubes",dissolved,2,"['salt,sugar,oil,water,t,c,boil,boiling,s,p,in,tel,l,d,b,nt,e,o,y,g,v']"
107084,turkey brine and injection marinade,"kosher salt, brown sugar, boiling water, balsamic vinegar, white balsamic vinegar, worcestershire sauce, white wine worcestershire sauce, garlic, onions, black peppercorns, dried thyme, whole allspice, dried basil, dried oregano, ground ginger, ground cardamom, creole seasoning, crushed red pepper flakes, extra virgin olive oil, turkey, ice cubes",add,3,"['oil,olive,t,c,min,s,p,in,de,flavor,f,re,ad,red,l,d,nt,e,nut,o,g,ts,v']"
107084,turkey brine and injection marinade,"kosher salt, brown sugar, boiling water, balsamic vinegar, white balsamic vinegar, worcestershire sauce, white wine worcestershire sauce, garlic, onions, black peppercorns, dried thyme, whole allspice, dried basil, dried oregano, ground ginger, ground cardamom, creole seasoning, crushed red pepper flakes, extra virgin olive oil, turkey, ice cubes",add,18,"['water,t,c,ice,turkey,s,p,in,f,bag,re,ad,l,d,b,e,o,y,g,v']"
107084,turkey brine and injection marinade,"kosher salt, brown sugar, boiling water, balsamic vinegar, white balsamic vinegar, worcestershire sauce, white wine worcestershire sauce, garlic, onions, black peppercorns, dried thyme, whole allspice, dried basil, dried oregano, ground ginger, ground cardamom, creole seasoning, crushed red pepper flakes, extra virgin olive oil, turkey, ice cubes",add,22,"['t,c,ice,s,in,f,re,ad,l,d,e,o,y,g,ts,v']"
107084,turkey brine and injection marinade,"kosher salt, brown sugar, boiling water, balsamic vinegar, white balsamic vinegar, worcestershire sauce, white wine worcestershire sauce, garlic, onions, black peppercorns, dried thyme, whole allspice, dried basil, dried oregano, ground ginger, ground cardamom, creole seasoning, crushed red pepper flakes, extra virgin olive oil, turkey, ice cubes",allow,3,"['oil,olive,t,c,min,s,p,in,de,flavor,f,re,ad,red,l,d,nt,e,nut,o,g,ts,v']"
107084,turkey brine and injection marinade,"kosher salt, brown sugar, boiling water, balsamic vinegar, white balsamic vinegar, worcestershire sauce, white wine worcestershire sauce, garlic, onions, black peppercorns, dried thyme, whole allspice, dried basil, dried oregano, ground ginger, ground cardamom, creole seasoning, crushed red pepper flakes, extra virgin olive oil, turkey, ice cubes",set,3,"['oil,olive,t,c,min,s,p,in,de,flavor,f,re,ad,red,l,d,nt,e,nut,o,g,ts,v']"
107084,turkey brine and injection marinade,"kosher salt, brown sugar, boiling water, balsamic vinegar, white balsamic vinegar, worcestershire sauce, white wine worcestershire sauce, garlic, onions, black peppercorns, dried thyme, whole allspice, dried basil, dried oregano, ground ginger, ground cardamom, creole seasoning, crushed red pepper flakes, extra virgin olive oil, turkey, ice cubes",set,20,"['t,c,ice,s,p,in,l,d,e,o']"
107084,turkey brine and injection marinade,"kosher salt, brown sugar, boiling water, balsamic vinegar, white balsamic vinegar, worcestershire sauce, white wine worcestershire sauce, garlic, onions, black peppercorns, dried thyme, whole allspice, dried basil, dried oregano, ground ginger, ground cardamom, creole seasoning, crushed red pepper flakes, extra virgin olive oil, turkey, ice cubes",develop,3,"['oil,olive,t,c,min,s,p,in,de,flavor,f,re,ad,red,l,d,nt,e,nut,o,g,ts,v']"
107084,turkey brine and injection marinade,"kosher salt, brown sugar, boiling water, balsamic vinegar, white balsamic vinegar, worcestershire sauce, white wine worcestershire sauce, garlic, onions, black peppercorns, dried thyme, whole allspice, dried basil, dried oregano, ground ginger, ground cardamom, creole seasoning, crushed red pepper flakes, extra virgin olive oil, turkey, ice cubes",taste,4,"['t,s,e']"
107084,turkey brine and injection marinade,"kosher salt, brown sugar, boiling water, balsamic vinegar, white balsamic vinegar, worcestershire sauce, white wine worcestershire sauce, garlic, onions, black peppercorns, dried thyme, whole allspice, dried basil, dried oregano, ground ginger, ground cardamom, creole seasoning, crushed red pepper flakes, extra virgin olive oil, turkey, ice cubes",be,5,"['salt,t,s,in,l,b,e,y,v']"
107084,turkey brine and injection marinade,"kosher salt, brown sugar, boiling water, balsamic vinegar, white balsamic vinegar, worcestershire sauce, white wine worcestershire sauce, garlic, onions, black peppercorns, dried thyme, whole allspice, dried basil, dried oregano, ground ginger, ground cardamom, creole seasoning, crushed red pepper flakes, extra virgin olive oil, turkey, ice cubes",be,7,"['t,min,s,p,in,pin,re,ad,red,l,d,b,nt,e,o,y,g,ts,v']"
107084,turkey brine and injection marinade,"kosher salt, brown sugar, boiling water, balsamic vinegar, white balsamic vinegar, worcestershire sauce, white wine worcestershire sauce, garlic, onions, black peppercorns, dried thyme, whole allspice, dried basil, dried oregano, ground ginger, ground cardamom, creole seasoning, crushed red pepper flakes, extra virgin olive oil, turkey, ice cubes",be,25,"['cook,t,c,cooking,turkey,s,p,in,de,f,re,red,l,d,b,e,o,y,g']"
107084,turkey brine and injection marinade,"kosher salt, brown sugar, boiling water, balsamic vinegar, white balsamic vinegar, worcestershire sauce, white wine worcestershire sauce, garlic, onions, black peppercorns, dried thyme, whole allspice, dried basil, dried oregano, ground ginger, ground cardamom, creole seasoning, crushed red pepper flakes, extra virgin olive oil, turkey, ice cubes",s,6,"['t,c,s,in,l,d,b,e,y,ts']"
107084,turkey brine and injection marinade,"kosher salt, brown sugar, boiling water, balsamic vinegar, white balsamic vinegar, worcestershire sauce, white wine worcestershire sauce, garlic, onions, black peppercorns, dried thyme, whole allspice, dried basil, dried oregano, ground ginger, ground cardamom, creole seasoning, crushed red pepper flakes, extra virgin olive oil, turkey, ice cubes",called,6,"['t,c,s,in,l,d,b,e,y,ts']"
107084,turkey brine and injection marinade,"kosher salt, brown sugar, boiling water, balsamic vinegar, white balsamic vinegar, worcestershire sauce, white wine worcestershire sauce, garlic, onions, black peppercorns, dried thyme, whole allspice, dried basil, dried oregano, ground ginger, ground cardamom, creole seasoning, crushed red pepper flakes, extra virgin olive oil, turkey, ice cubes",adjust,7,"['t,min,s,p,in,pin,re,ad,red,l,d,b,nt,e,o,y,g,ts,v']"
107084,turkey brine and injection marinade,"kosher salt, brown sugar, boiling water, balsamic vinegar, white balsamic vinegar, worcestershire sauce, white wine worcestershire sauce, garlic, onions, black peppercorns, dried thyme, whole allspice, dried basil, dried oregano, ground ginger, ground cardamom, creole seasoning, crushed red pepper flakes, extra virgin olive oil, turkey, ice cubes",keeping,7,"['t,min,s,p,in,pin,re,ad,red,l,d,b,nt,e,o,y,g,ts,v']"
107084,turkey brine and injection marinade,"kosher salt, brown sugar, boiling water, balsamic vinegar, white balsamic vinegar, worcestershire sauce, white wine worcestershire sauce, garlic, onions, black peppercorns, dried thyme, whole allspice, dried basil, dried oregano, ground ginger, ground cardamom, creole seasoning, crushed red pepper flakes, extra virgin olive oil, turkey, ice cubes",tastes,7,"['t,min,s,p,in,pin,re,ad,red,l,d,b,nt,e,o,y,g,ts,v']"
107084,turkey brine and injection marinade,"kosher salt, brown sugar, boiling water, balsamic vinegar, white balsamic vinegar, worcestershire sauce, white wine worcestershire sauce, garlic, onions, black peppercorns, dried thyme, whole allspice, dried basil, dried oregano, ground ginger, ground cardamom, creole seasoning, crushed red pepper flakes, extra virgin olive oil, turkey, ice cubes",blend,8,"['t,c,blend,s,p,end,in,food,de,f,l,d,b,e,o,y,g,v']"
107084,turkey brine and injection marinade,"kosher salt, brown sugar, boiling water, balsamic vinegar, white balsamic vinegar, worcestershire sauce, white wine worcestershire sauce, garlic, onions, black peppercorns, dried thyme, whole allspice, dried basil, dried oregano, ground ginger, ground cardamom, creole seasoning, crushed red pepper flakes, extra virgin olive oil, turkey, ice cubes",blend,9,"['oil,olive,t,c,half,blend,s,p,end,in,f,re,l,d,b,nt,e,o,g,v']"
107084,turkey brine and injection marinade,"kosher salt, brown sugar, boiling water, balsamic vinegar, white balsamic vinegar, worcestershire sauce, white wine worcestershire sauce, garlic, onions, black peppercorns, dried thyme, whole allspice, dried basil, dried oregano, ground ginger, ground cardamom, creole seasoning, crushed red pepper flakes, extra virgin olive oil, turkey, ice cubes",whisk,9,"['oil,olive,t,c,half,blend,s,p,end,in,f,re,l,d,b,nt,e,o,g,v']"
107084,turkey brine and injection marinade,"kosher salt, brown sugar, boiling water, balsamic vinegar, white balsamic vinegar, worcestershire sauce, white wine worcestershire sauce, garlic, onions, black peppercorns, dried thyme, whole allspice, dried basil, dried oregano, ground ginger, ground cardamom, creole seasoning, crushed red pepper flakes, extra virgin olive oil, turkey, ice cubes",strain,9,"['oil,olive,t,c,half,blend,s,p,end,in,f,re,l,d,b,nt,e,o,g,v']"
107084,turkey brine and injection marinade,"kosher salt, brown sugar, boiling water, balsamic vinegar, white balsamic vinegar, worcestershire sauce, white wine worcestershire sauce, garlic, onions, black peppercorns, dried thyme, whole allspice, dried basil, dried oregano, ground ginger, ground cardamom, creole seasoning, crushed red pepper flakes, extra virgin olive oil, turkey, ice cubes",injecting,9,"['oil,olive,t,c,half,blend,s,p,end,in,f,re,l,d,b,nt,e,o,g,v']"
107084,turkey brine and injection marinade,"kosher salt, brown sugar, boiling water, balsamic vinegar, white balsamic vinegar, worcestershire sauce, white wine worcestershire sauce, garlic, onions, black peppercorns, dried thyme, whole allspice, dried basil, dried oregano, ground ginger, ground cardamom, creole seasoning, crushed red pepper flakes, extra virgin olive oil, turkey, ice cubes",injecting,15,"['breast,t,rum,c,sticks,stick,pea,s,p,in,meat,de,drumsticks,f,-,re,l,d,b,nt,e,drumstick,o,y,thigh,g,ts,part']"
107084,turkey brine and injection marinade,"kosher salt, brown sugar, boiling water, balsamic vinegar, white balsamic vinegar, worcestershire sauce, white wine worcestershire sauce, garlic, onions, black peppercorns, dried thyme, whole allspice, dried basil, dried oregano, ground ginger, ground cardamom, creole seasoning, crushed red pepper flakes, extra virgin olive oil, turkey, ice cubes",returning,9,"['oil,olive,t,c,half,blend,s,p,end,in,f,re,l,d,b,nt,e,o,g,v']"
107084,turkey brine and injection marinade,"kosher salt, brown sugar, boiling water, balsamic vinegar, white balsamic vinegar, worcestershire sauce, white wine worcestershire sauce, garlic, onions, black peppercorns, dried thyme, whole allspice, dried basil, dried oregano, ground ginger, ground cardamom, creole seasoning, crushed red pepper flakes, extra virgin olive oil, turkey, ice cubes",used,9,"['oil,olive,t,c,half,blend,s,p,end,in,f,re,l,d,b,nt,e,o,g,v']"
107084,turkey brine and injection marinade,"kosher salt, brown sugar, boiling water, balsamic vinegar, white balsamic vinegar, worcestershire sauce, white wine worcestershire sauce, garlic, onions, black peppercorns, dried thyme, whole allspice, dried basil, dried oregano, ground ginger, ground cardamom, creole seasoning, crushed red pepper flakes, extra virgin olive oil, turkey, ice cubes",used,16,"['t,c,half,s,p,in,f,-,re,l,d,b,e,o,y,g']"
107084,turkey brine and injection marinade,"kosher salt, brown sugar, boiling water, balsamic vinegar, white balsamic vinegar, worcestershire sauce, white wine worcestershire sauce, garlic, onions, black peppercorns, dried thyme, whole allspice, dried basil, dried oregano, ground ginger, ground cardamom, creole seasoning, crushed red pepper flakes, extra virgin olive oil, turkey, ice cubes",brining,9,"['oil,olive,t,c,half,blend,s,p,end,in,f,re,l,d,b,nt,e,o,g,v']"
107084,turkey brine and injection marinade,"kosher salt, brown sugar, boiling water, balsamic vinegar, white balsamic vinegar, worcestershire sauce, white wine worcestershire sauce, garlic, onions, black peppercorns, dried thyme, whole allspice, dried basil, dried oregano, ground ginger, ground cardamom, creole seasoning, crushed red pepper flakes, extra virgin olive oil, turkey, ice cubes",brining,16,"['t,c,half,s,p,in,f,-,re,l,d,b,e,o,y,g']"
107084,turkey brine and injection marinade,"kosher salt, brown sugar, boiling water, balsamic vinegar, white balsamic vinegar, worcestershire sauce, white wine worcestershire sauce, garlic, onions, black peppercorns, dried thyme, whole allspice, dried basil, dried oregano, ground ginger, ground cardamom, creole seasoning, crushed red pepper flakes, extra virgin olive oil, turkey, ice cubes",thaw,10,"['t,c,turkey,p,oz,f,tel,l,e,o,y']"
107084,turkey brine and injection marinade,"kosher salt, brown sugar, boiling water, balsamic vinegar, white balsamic vinegar, worcestershire sauce, white wine worcestershire sauce, garlic, onions, black peppercorns, dried thyme, whole allspice, dried basil, dried oregano, ground ginger, ground cardamom, creole seasoning, crushed red pepper flakes, extra virgin olive oil, turkey, ice cubes",get,11,"['butter,t,c,turkey,s,p,in,de,f,re,l,d,b,nt,e,butt,o,y,stuff,g']"
107084,turkey brine and injection marinade,"kosher salt, brown sugar, boiling water, balsamic vinegar, white balsamic vinegar, worcestershire sauce, white wine worcestershire sauce, garlic, onions, black peppercorns, dried thyme, whole allspice, dried basil, dried oregano, ground ginger, ground cardamom, creole seasoning, crushed red pepper flakes, extra virgin olive oil, turkey, ice cubes",injected,11,"['butter,t,c,turkey,s,p,in,de,f,re,l,d,b,nt,e,butt,o,y,stuff,g']"
107084,turkey brine and injection marinade,"kosher salt, brown sugar, boiling water, balsamic vinegar, white balsamic vinegar, worcestershire sauce, white wine worcestershire sauce, garlic, onions, black peppercorns, dried thyme, whole allspice, dried basil, dried oregano, ground ginger, ground cardamom, creole seasoning, crushed red pepper flakes, extra virgin olive oil, turkey, ice cubes",is,11,"['butter,t,c,turkey,s,p,in,de,f,re,l,d,b,nt,e,butt,o,y,stuff,g']"
107084,turkey brine and injection marinade,"kosher salt, brown sugar, boiling water, balsamic vinegar, white balsamic vinegar, worcestershire sauce, white wine worcestershire sauce, garlic, onions, black peppercorns, dried thyme, whole allspice, dried basil, dried oregano, ground ginger, ground cardamom, creole seasoning, crushed red pepper flakes, extra virgin olive oil, turkey, ice cubes",put,11,"['butter,t,c,turkey,s,p,in,de,f,re,l,d,b,nt,e,butt,o,y,stuff,g']"
107084,turkey brine and injection marinade,"kosher salt, brown sugar, boiling water, balsamic vinegar, white balsamic vinegar, worcestershire sauce, white wine worcestershire sauce, garlic, onions, black peppercorns, dried thyme, whole allspice, dried basil, dried oregano, ground ginger, ground cardamom, creole seasoning, crushed red pepper flakes, extra virgin olive oil, turkey, ice cubes",remove,12,"['t,c,s,in,f,reserve,re,d,e,o,y,gravy,g,v']"
107084,turkey brine and injection marinade,"kosher salt, brown sugar, boiling water, balsamic vinegar, white balsamic vinegar, worcestershire sauce, white wine worcestershire sauce, garlic, onions, black peppercorns, dried thyme, whole allspice, dried basil, dried oregano, ground ginger, ground cardamom, creole seasoning, crushed red pepper flakes, extra virgin olive oil, turkey, ice cubes",reserve,12,"['t,c,s,in,f,reserve,re,d,e,o,y,gravy,g,v']"
107084,turkey brine and injection marinade,"kosher salt, brown sugar, boiling water, balsamic vinegar, white balsamic vinegar, worcestershire sauce, white wine worcestershire sauce, garlic, onions, black peppercorns, dried thyme, whole allspice, dried basil, dried oregano, ground ginger, ground cardamom, creole seasoning, crushed red pepper flakes, extra virgin olive oil, turkey, ice cubes",discard,12,"['t,c,s,in,f,reserve,re,d,e,o,y,gravy,g,v']"
107084,turkey brine and injection marinade,"kosher salt, brown sugar, boiling water, balsamic vinegar, white balsamic vinegar, worcestershire sauce, white wine worcestershire sauce, garlic, onions, black peppercorns, dried thyme, whole allspice, dried basil, dried oregano, ground ginger, ground cardamom, creole seasoning, crushed red pepper flakes, extra virgin olive oil, turkey, ice cubes",are,12,"['t,c,s,in,f,reserve,re,d,e,o,y,gravy,g,v']"
107084,turkey brine and injection marinade,"kosher salt, brown sugar, boiling water, balsamic vinegar, white balsamic vinegar, worcestershire sauce, white wine worcestershire sauce, garlic, onions, black peppercorns, dried thyme, whole allspice, dried basil, dried oregano, ground ginger, ground cardamom, creole seasoning, crushed red pepper flakes, extra virgin olive oil, turkey, ice cubes",are,29,"['t,c,ice,turkey,s,p,in,f,-,bag,re,l,d,b,e,o,y,g,v']"
107084,turkey brine and injection marinade,"kosher salt, brown sugar, boiling water, balsamic vinegar, white balsamic vinegar, worcestershire sauce, white wine worcestershire sauce, garlic, onions, black peppercorns, dried thyme, whole allspice, dried basil, dried oregano, ground ginger, ground cardamom, creole seasoning, crushed red pepper flakes, extra virgin olive oil, turkey, ice cubes",wash,13,"['t,s,p,in,paper,de,l,d,ash,b,e,wash,o,y,g']"
107084,turkey brine and injection marinade,"kosher salt, brown sugar, boiling water, balsamic vinegar, white balsamic vinegar, worcestershire sauce, white wine worcestershire sauce, garlic, onions, black peppercorns, dried thyme, whole allspice, dried basil, dried oregano, ground ginger, ground cardamom, creole seasoning, crushed red pepper flakes, extra virgin olive oil, turkey, ice cubes",wash,28,"['beer,wine,t,c,ice,turkey,s,p,in,f,purpose,re,l,d,ash,b,e,ring,wash,o,y,g,leg']"
107084,turkey brine and injection marinade,"kosher salt, brown sugar, boiling water, balsamic vinegar, white balsamic vinegar, worcestershire sauce, white wine worcestershire sauce, garlic, onions, black peppercorns, dried thyme, whole allspice, dried basil, dried oregano, ground ginger, ground cardamom, creole seasoning, crushed red pepper flakes, extra virgin olive oil, turkey, ice cubes",drain,13,"['t,s,p,in,paper,de,l,d,ash,b,e,wash,o,y,g']"
107084,turkey brine and injection marinade,"kosher salt, brown sugar, boiling water, balsamic vinegar, white balsamic vinegar, worcestershire sauce, white wine worcestershire sauce, garlic, onions, black peppercorns, dried thyme, whole allspice, dried basil, dried oregano, ground ginger, ground cardamom, creole seasoning, crushed red pepper flakes, extra virgin olive oil, turkey, ice cubes",drain,25,"['cook,t,c,cooking,turkey,s,p,in,de,f,re,red,l,d,b,e,o,y,g']"
107084,turkey brine and injection marinade,"kosher salt, brown sugar, boiling water, balsamic vinegar, white balsamic vinegar, worcestershire sauce, white wine worcestershire sauce, garlic, onions, black peppercorns, dried thyme, whole allspice, dried basil, dried oregano, ground ginger, ground cardamom, creole seasoning, crushed red pepper flakes, extra virgin olive oil, turkey, ice cubes",use,14,"['t,c,s,p,in,de,l,d,b,e,o,y,g']"
107084,turkey brine and injection marinade,"kosher salt, brown sugar, boiling water, balsamic vinegar, white balsamic vinegar, worcestershire sauce, white wine worcestershire sauce, garlic, onions, black peppercorns, dried thyme, whole allspice, dried basil, dried oregano, ground ginger, ground cardamom, creole seasoning, crushed red pepper flakes, extra virgin olive oil, turkey, ice cubes",inject,14,"['t,c,s,p,in,de,l,d,b,e,o,y,g']"
107084,turkey brine and injection marinade,"kosher salt, brown sugar, boiling water, balsamic vinegar, white balsamic vinegar, worcestershire sauce, white wine worcestershire sauce, garlic, onions, black peppercorns, dried thyme, whole allspice, dried basil, dried oregano, ground ginger, ground cardamom, creole seasoning, crushed red pepper flakes, extra virgin olive oil, turkey, ice cubes",inject,15,"['breast,t,rum,c,sticks,stick,pea,s,p,in,meat,de,drumsticks,f,-,re,l,d,b,nt,e,drumstick,o,y,thigh,g,ts,part']"
107084,turkey brine and injection marinade,"kosher salt, brown sugar, boiling water, balsamic vinegar, white balsamic vinegar, worcestershire sauce, white wine worcestershire sauce, garlic, onions, black peppercorns, dried thyme, whole allspice, dried basil, dried oregano, ground ginger, ground cardamom, creole seasoning, crushed red pepper flakes, extra virgin olive oil, turkey, ice cubes",pushing,15,"['breast,t,rum,c,sticks,stick,pea,s,p,in,meat,de,drumsticks,f,-,re,l,d,b,nt,e,drumstick,o,y,thigh,g,ts,part']"
107084,turkey brine and injection marinade,"kosher salt, brown sugar, boiling water, balsamic vinegar, white balsamic vinegar, worcestershire sauce, white wine worcestershire sauce, garlic, onions, black peppercorns, dried thyme, whole allspice, dried basil, dried oregano, ground ginger, ground cardamom, creole seasoning, crushed red pepper flakes, extra virgin olive oil, turkey, ice cubes",pulling,15,"['breast,t,rum,c,sticks,stick,pea,s,p,in,meat,de,drumsticks,f,-,re,l,d,b,nt,e,drumstick,o,y,thigh,g,ts,part']"
107084,turkey brine and injection marinade,"kosher salt, brown sugar, boiling water, balsamic vinegar, white balsamic vinegar, worcestershire sauce, white wine worcestershire sauce, garlic, onions, black peppercorns, dried thyme, whole allspice, dried basil, dried oregano, ground ginger, ground cardamom, creole seasoning, crushed red pepper flakes, extra virgin olive oil, turkey, ice cubes",repeating,15,"['breast,t,rum,c,sticks,stick,pea,s,p,in,meat,de,drumsticks,f,-,re,l,d,b,nt,e,drumstick,o,y,thigh,g,ts,part']"
107084,turkey brine and injection marinade,"kosher salt, brown sugar, boiling water, balsamic vinegar, white balsamic vinegar, worcestershire sauce, white wine worcestershire sauce, garlic, onions, black peppercorns, dried thyme, whole allspice, dried basil, dried oregano, ground ginger, ground cardamom, creole seasoning, crushed red pepper flakes, extra virgin olive oil, turkey, ice cubes",pour,16,"['t,c,half,s,p,in,f,-,re,l,d,b,e,o,y,g']"
107084,turkey brine and injection marinade,"kosher salt, brown sugar, boiling water, balsamic vinegar, white balsamic vinegar, worcestershire sauce, white wine worcestershire sauce, garlic, onions, black peppercorns, dried thyme, whole allspice, dried basil, dried oregano, ground ginger, ground cardamom, creole seasoning, crushed red pepper flakes, extra virgin olive oil, turkey, ice cubes",pour,17,"['t,c,ice,turkey,s,p,in,f,top,bag,l,d,b,e,o,y,g,v']"
107084,turkey brine and injection marinade,"kosher salt, brown sugar, boiling water, balsamic vinegar, white balsamic vinegar, worcestershire sauce, white wine worcestershire sauce, garlic, onions, black peppercorns, dried thyme, whole allspice, dried basil, dried oregano, ground ginger, ground cardamom, creole seasoning, crushed red pepper flakes, extra virgin olive oil, turkey, ice cubes",remaining,16,"['t,c,half,s,p,in,f,-,re,l,d,b,e,o,y,g']"
107084,turkey brine and injection marinade,"kosher salt, brown sugar, boiling water, balsamic vinegar, white balsamic vinegar, worcestershire sauce, white wine worcestershire sauce, garlic, onions, black peppercorns, dried thyme, whole allspice, dried basil, dried oregano, ground ginger, ground cardamom, creole seasoning, crushed red pepper flakes, extra virgin olive oil, turkey, ice cubes",remaining,18,"['water,t,c,ice,turkey,s,p,in,f,bag,re,ad,l,d,b,e,o,y,g,v']"
107084,turkey brine and injection marinade,"kosher salt, brown sugar, boiling water, balsamic vinegar, white balsamic vinegar, worcestershire sauce, white wine worcestershire sauce, garlic, onions, black peppercorns, dried thyme, whole allspice, dried basil, dried oregano, ground ginger, ground cardamom, creole seasoning, crushed red pepper flakes, extra virgin olive oil, turkey, ice cubes",remaining,26,"['t,c,ice,in,f,hr,re,l,b,e,o,y,g']"
107084,turkey brine and injection marinade,"kosher salt, brown sugar, boiling water, balsamic vinegar, white balsamic vinegar, worcestershire sauce, white wine worcestershire sauce, garlic, onions, black peppercorns, dried thyme, whole allspice, dried basil, dried oregano, ground ginger, ground cardamom, creole seasoning, crushed red pepper flakes, extra virgin olive oil, turkey, ice cubes",place,17,"['t,c,ice,turkey,s,p,in,f,top,bag,l,d,b,e,o,y,g,v']"
107084,turkey brine and injection marinade,"kosher salt, brown sugar, boiling water, balsamic vinegar, white balsamic vinegar, worcestershire sauce, white wine worcestershire sauce, garlic, onions, black peppercorns, dried thyme, whole allspice, dried basil, dried oregano, ground ginger, ground cardamom, creole seasoning, crushed red pepper flakes, extra virgin olive oil, turkey, ice cubes",dump,18,"['water,t,c,ice,turkey,s,p,in,f,bag,re,ad,l,d,b,e,o,y,g,v']"
107084,turkey brine and injection marinade,"kosher salt, brown sugar, boiling water, balsamic vinegar, white balsamic vinegar, worcestershire sauce, white wine worcestershire sauce, garlic, onions, black peppercorns, dried thyme, whole allspice, dried basil, dried oregano, ground ginger, ground cardamom, creole seasoning, crushed red pepper flakes, extra virgin olive oil, turkey, ice cubes",cover,18,"['water,t,c,ice,turkey,s,p,in,f,bag,re,ad,l,d,b,e,o,y,g,v']"
107084,turkey brine and injection marinade,"kosher salt, brown sugar, boiling water, balsamic vinegar, white balsamic vinegar, worcestershire sauce, white wine worcestershire sauce, garlic, onions, black peppercorns, dried thyme, whole allspice, dried basil, dried oregano, ground ginger, ground cardamom, creole seasoning, crushed red pepper flakes, extra virgin olive oil, turkey, ice cubes",combine,19,"['water,t,c,ice,turkey,s,in,round,re,ad,l,d,b,nt,e,o,y,g,ts,v']"
107084,turkey brine and injection marinade,"kosher salt, brown sugar, boiling water, balsamic vinegar, white balsamic vinegar, worcestershire sauce, white wine worcestershire sauce, garlic, onions, black peppercorns, dried thyme, whole allspice, dried basil, dried oregano, ground ginger, ground cardamom, creole seasoning, crushed red pepper flakes, extra virgin olive oil, turkey, ice cubes",make,19,"['water,t,c,ice,turkey,s,in,round,re,ad,l,d,b,nt,e,o,y,g,ts,v']"
107084,turkey brine and injection marinade,"kosher salt, brown sugar, boiling water, balsamic vinegar, white balsamic vinegar, worcestershire sauce, white wine worcestershire sauce, garlic, onions, black peppercorns, dried thyme, whole allspice, dried basil, dried oregano, ground ginger, ground cardamom, creole seasoning, crushed red pepper flakes, extra virgin olive oil, turkey, ice cubes",gets,19,"['water,t,c,ice,turkey,s,in,round,re,ad,l,d,b,nt,e,o,y,g,ts,v']"
107084,turkey brine and injection marinade,"kosher salt, brown sugar, boiling water, balsamic vinegar, white balsamic vinegar, worcestershire sauce, white wine worcestershire sauce, garlic, onions, black peppercorns, dried thyme, whole allspice, dried basil, dried oregano, ground ginger, ground cardamom, creole seasoning, crushed red pepper flakes, extra virgin olive oil, turkey, ice cubes",close,20,"['t,c,ice,s,p,in,l,d,e,o']"
107084,turkey brine and injection marinade,"kosher salt, brown sugar, boiling water, balsamic vinegar, white balsamic vinegar, worcestershire sauce, white wine worcestershire sauce, garlic, onions, black peppercorns, dried thyme, whole allspice, dried basil, dried oregano, ground ginger, ground cardamom, creole seasoning, crushed red pepper flakes, extra virgin olive oil, turkey, ice cubes",marinate,20,"['t,c,ice,s,p,in,l,d,e,o']"
107084,turkey brine and injection marinade,"kosher salt, brown sugar, boiling water, balsamic vinegar, white balsamic vinegar, worcestershire sauce, white wine worcestershire sauce, garlic, onions, black peppercorns, dried thyme, whole allspice, dried basil, dried oregano, ground ginger, ground cardamom, creole seasoning, crushed red pepper flakes, extra virgin olive oil, turkey, ice cubes",marinate,29,"['t,c,ice,turkey,s,p,in,f,-,bag,re,l,d,b,e,o,y,g,v']"
107084,turkey brine and injection marinade,"kosher salt, brown sugar, boiling water, balsamic vinegar, white balsamic vinegar, worcestershire sauce, white wine worcestershire sauce, garlic, onions, black peppercorns, dried thyme, whole allspice, dried basil, dried oregano, ground ginger, ground cardamom, creole seasoning, crushed red pepper flakes, extra virgin olive oil, turkey, ice cubes",turn,21,"['t,turkey,s,p,in,f,-,top,d,b,e,o,y,g,v']"
107084,turkey brine and injection marinade,"kosher salt, brown sugar, boiling water, balsamic vinegar, white balsamic vinegar, worcestershire sauce, white wine worcestershire sauce, garlic, onions, black peppercorns, dried thyme, whole allspice, dried basil, dried oregano, ground ginger, ground cardamom, creole seasoning, crushed red pepper flakes, extra virgin olive oil, turkey, ice cubes",turn,29,"['t,c,ice,turkey,s,p,in,f,-,bag,re,l,d,b,e,o,y,g,v']"
107084,turkey brine and injection marinade,"kosher salt, brown sugar, boiling water, balsamic vinegar, white balsamic vinegar, worcestershire sauce, white wine worcestershire sauce, garlic, onions, black peppercorns, dried thyme, whole allspice, dried basil, dried oregano, ground ginger, ground cardamom, creole seasoning, crushed red pepper flakes, extra virgin olive oil, turkey, ice cubes",do,21,"['t,turkey,s,p,in,f,-,top,d,b,e,o,y,g,v']"
107084,turkey brine and injection marinade,"kosher salt, brown sugar, boiling water, balsamic vinegar, white balsamic vinegar, worcestershire sauce, white wine worcestershire sauce, garlic, onions, black peppercorns, dried thyme, whole allspice, dried basil, dried oregano, ground ginger, ground cardamom, creole seasoning, crushed red pepper flakes, extra virgin olive oil, turkey, ice cubes",melts,22,"['t,c,ice,s,in,f,re,ad,l,d,e,o,y,g,ts,v']"
107084,turkey brine and injection marinade,"kosher salt, brown sugar, boiling water, balsamic vinegar, white balsamic vinegar, worcestershire sauce, white wine worcestershire sauce, garlic, onions, black peppercorns, dried thyme, whole allspice, dried basil, dried oregano, ground ginger, ground cardamom, creole seasoning, crushed red pepper flakes, extra virgin olive oil, turkey, ice cubes",bother,23,"['t,s,d,b,nt,e,o']"
107084,turkey brine and injection marinade,"kosher salt, brown sugar, boiling water, balsamic vinegar, white balsamic vinegar, worcestershire sauce, white wine worcestershire sauce, garlic, onions, black peppercorns, dried thyme, whole allspice, dried basil, dried oregano, ground ginger, ground cardamom, creole seasoning, crushed red pepper flakes, extra virgin olive oil, turkey, ice cubes",cook,24,"['read,cook,t,c,roast,s,de,f,re,ad,l,d,b,e,o,y,stuff,v']"
107084,turkey brine and injection marinade,"kosher salt, brown sugar, boiling water, balsamic vinegar, white balsamic vinegar, worcestershire sauce, white wine worcestershire sauce, garlic, onions, black peppercorns, dried thyme, whole allspice, dried basil, dried oregano, ground ginger, ground cardamom, creole seasoning, crushed red pepper flakes, extra virgin olive oil, turkey, ice cubes",desire,24,"['read,cook,t,c,roast,s,de,f,re,ad,l,d,b,e,o,y,stuff,v']"
107084,turkey brine and injection marinade,"kosher salt, brown sugar, boiling water, balsamic vinegar, white balsamic vinegar, worcestershire sauce, white wine worcestershire sauce, garlic, onions, black peppercorns, dried thyme, whole allspice, dried basil, dried oregano, ground ginger, ground cardamom, creole seasoning, crushed red pepper flakes, extra virgin olive oil, turkey, ice cubes",stuffed,24,"['read,cook,t,c,roast,s,de,f,re,ad,l,d,b,e,o,y,stuff,v']"
107084,turkey brine and injection marinade,"kosher salt, brown sugar, boiling water, balsamic vinegar, white balsamic vinegar, worcestershire sauce, white wine worcestershire sauce, garlic, onions, black peppercorns, dried thyme, whole allspice, dried basil, dried oregano, ground ginger, ground cardamom, creole seasoning, crushed red pepper flakes, extra virgin olive oil, turkey, ice cubes",pat,25,"['cook,t,c,cooking,turkey,s,p,in,de,f,re,red,l,d,b,e,o,y,g']"
107084,turkey brine and injection marinade,"kosher salt, brown sugar, boiling water, balsamic vinegar, white balsamic vinegar, worcestershire sauce, white wine worcestershire sauce, garlic, onions, black peppercorns, dried thyme, whole allspice, dried basil, dried oregano, ground ginger, ground cardamom, creole seasoning, crushed red pepper flakes, extra virgin olive oil, turkey, ice cubes",cooking,25,"['cook,t,c,cooking,turkey,s,p,in,de,f,re,red,l,d,b,e,o,y,g']"
107084,turkey brine and injection marinade,"kosher salt, brown sugar, boiling water, balsamic vinegar, white balsamic vinegar, worcestershire sauce, white wine worcestershire sauce, garlic, onions, black peppercorns, dried thyme, whole allspice, dried basil, dried oregano, ground ginger, ground cardamom, creole seasoning, crushed red pepper flakes, extra virgin olive oil, turkey, ice cubes",desired,25,"['cook,t,c,cooking,turkey,s,p,in,de,f,re,red,l,d,b,e,o,y,g']"
107084,turkey brine and injection marinade,"kosher salt, brown sugar, boiling water, balsamic vinegar, white balsamic vinegar, worcestershire sauce, white wine worcestershire sauce, garlic, onions, black peppercorns, dried thyme, whole allspice, dried basil, dried oregano, ground ginger, ground cardamom, creole seasoning, crushed red pepper flakes, extra virgin olive oil, turkey, ice cubes",throw,26,"['t,c,ice,in,f,hr,re,l,b,e,o,y,g']"
107084,turkey brine and injection marinade,"kosher salt, brown sugar, boiling water, balsamic vinegar, white balsamic vinegar, worcestershire sauce, white wine worcestershire sauce, garlic, onions, black peppercorns, dried thyme, whole allspice, dried basil, dried oregano, ground ginger, ground cardamom, creole seasoning, crushed red pepper flakes, extra virgin olive oil, turkey, ice cubes",using,28,"['beer,wine,t,c,ice,turkey,s,p,in,f,purpose,re,l,d,ash,b,e,ring,wash,o,y,g,leg']"
107084,turkey brine and injection marinade,"kosher salt, brown sugar, boiling water, balsamic vinegar, white balsamic vinegar, worcestershire sauce, white wine worcestershire sauce, garlic, onions, black peppercorns, dried thyme, whole allspice, dried basil, dried oregano, ground ginger, ground cardamom, creole seasoning, crushed red pepper flakes, extra virgin olive oil, turkey, ice cubes",storing,28,"['beer,wine,t,c,ice,turkey,s,p,in,f,purpose,re,l,d,ash,b,e,ring,wash,o,y,g,leg']"
107084,turkey brine and injection marinade,"kosher salt, brown sugar, boiling water, balsamic vinegar, white balsamic vinegar, worcestershire sauce, white wine worcestershire sauce, garlic, onions, black peppercorns, dried thyme, whole allspice, dried basil, dried oregano, ground ginger, ground cardamom, creole seasoning, crushed red pepper flakes, extra virgin olive oil, turkey, ice cubes",go,28,"['beer,wine,t,c,ice,turkey,s,p,in,f,purpose,re,l,d,ash,b,e,ring,wash,o,y,g,leg']"
107084,turkey brine and injection marinade,"kosher salt, brown sugar, boiling water, balsamic vinegar, white balsamic vinegar, worcestershire sauce, white wine worcestershire sauce, garlic, onions, black peppercorns, dried thyme, whole allspice, dried basil, dried oregano, ground ginger, ground cardamom, creole seasoning, crushed red pepper flakes, extra virgin olive oil, turkey, ice cubes",have,29,"['t,c,ice,turkey,s,p,in,f,-,bag,re,l,d,b,e,o,y,g,v']"
107084,turkey brine and injection marinade,"kosher salt, brown sugar, boiling water, balsamic vinegar, white balsamic vinegar, worcestershire sauce, white wine worcestershire sauce, garlic, onions, black peppercorns, dried thyme, whole allspice, dried basil, dried oregano, ground ginger, ground cardamom, creole seasoning, crushed red pepper flakes, extra virgin olive oil, turkey, ice cubes",forget,29,"['t,c,ice,turkey,s,p,in,f,-,bag,re,l,d,b,e,o,y,g,v']"
107084,turkey brine and injection marinade,"kosher salt, brown sugar, boiling water, balsamic vinegar, white balsamic vinegar, worcestershire sauce, white wine worcestershire sauce, garlic, onions, black peppercorns, dried thyme, whole allspice, dried basil, dried oregano, ground ginger, ground cardamom, creole seasoning, crushed red pepper flakes, extra virgin olive oil, turkey, ice cubes",brine,29,"['t,c,ice,turkey,s,p,in,f,-,bag,re,l,d,b,e,o,y,g,v']"
107084,turkey brine and injection marinade,"kosher salt, brown sugar, boiling water, balsamic vinegar, white balsamic vinegar, worcestershire sauce, white wine worcestershire sauce, garlic, onions, black peppercorns, dried thyme, whole allspice, dried basil, dried oregano, ground ginger, ground cardamom, creole seasoning, crushed red pepper flakes, extra virgin olive oil, turkey, ice cubes",squeezing,29,"['t,c,ice,turkey,s,p,in,f,-,bag,re,l,d,b,e,o,y,g,v']"
