Id,Name,AllIngredients,Verbs,Steps,Ingredient
107251,creole boiled shrimp cocktail,"medium shrimp, creole seasoning, crab boil, salt, lemons, yellow onion, celery, garlic, bay leaves, paprika, garlic powder, black pepper, onion powder, cayenne, dried oregano, dried thyme, ketchup, worcestershire sauce, fresh lemon juice, prepared horseradish, fresh horseradish, v8 vegetable juice, hot sauce, pepper",toss,2,"['season,seasoning,shrimp,sea,t,table,c,creole,s,p,in,essence,f,hr,re,l']"
107251,creole boiled shrimp cocktail,"medium shrimp, creole seasoning, crab boil, salt, lemons, yellow onion, celery, garlic, bay leaves, paprika, garlic powder, black pepper, onion powder, cayenne, dried oregano, dried thyme, ketchup, worcestershire sauce, fresh lemon juice, prepared horseradish, fresh horseradish, v8 vegetable juice, hot sauce, pepper",combine,4,"['garlic,salt,oil,water,onion,celery,stock,bay,season,seasoning,pot,lemon,leaves,sea,t,table,lemons,c,boil,creole,gallo,s,p,in,tar,f,re,l']"
107251,creole boiled shrimp cocktail,"medium shrimp, creole seasoning, crab boil, salt, lemons, yellow onion, celery, garlic, bay leaves, paprika, garlic powder, black pepper, onion powder, cayenne, dried oregano, dried thyme, ketchup, worcestershire sauce, fresh lemon juice, prepared horseradish, fresh horseradish, v8 vegetable juice, hot sauce, pepper",combine,10,"['t,c,mix,s,in,re,red,l']"
107251,creole boiled shrimp cocktail,"medium shrimp, creole seasoning, crab boil, salt, lemons, yellow onion, celery, garlic, bay leaves, paprika, garlic powder, black pepper, onion powder, cayenne, dried oregano, dried thyme, ketchup, worcestershire sauce, fresh lemon juice, prepared horseradish, fresh horseradish, v8 vegetable juice, hot sauce, pepper",combine,13,"['t,c,s,in,re,red,l']"
107251,creole boiled shrimp cocktail,"medium shrimp, creole seasoning, crab boil, salt, lemons, yellow onion, celery, garlic, bay leaves, paprika, garlic powder, black pepper, onion powder, cayenne, dried oregano, dried thyme, ketchup, worcestershire sauce, fresh lemon juice, prepared horseradish, fresh horseradish, v8 vegetable juice, hot sauce, pepper",remaining,4,"['garlic,salt,oil,water,onion,celery,stock,bay,season,seasoning,pot,lemon,leaves,sea,t,table,lemons,c,boil,creole,gallo,s,p,in,tar,f,re,l']"
107251,creole boiled shrimp cocktail,"medium shrimp, creole seasoning, crab boil, salt, lemons, yellow onion, celery, garlic, bay leaves, paprika, garlic powder, black pepper, onion powder, cayenne, dried oregano, dried thyme, ketchup, worcestershire sauce, fresh lemon juice, prepared horseradish, fresh horseradish, v8 vegetable juice, hot sauce, pepper",remaining,16,"['sauce,lemon,shrimp,wedges,t,c,s,p,wedge,in,au,hr,re,l']"
107251,creole boiled shrimp cocktail,"medium shrimp, creole seasoning, crab boil, salt, lemons, yellow onion, celery, garlic, bay leaves, paprika, garlic powder, black pepper, onion powder, cayenne, dried oregano, dried thyme, ketchup, worcestershire sauce, fresh lemon juice, prepared horseradish, fresh horseradish, v8 vegetable juice, hot sauce, pepper",halved,4,"['garlic,salt,oil,water,onion,celery,stock,bay,season,seasoning,pot,lemon,leaves,sea,t,table,lemons,c,boil,creole,gallo,s,p,in,tar,f,re,l']"
107251,creole boiled shrimp cocktail,"medium shrimp, creole seasoning, crab boil, salt, lemons, yellow onion, celery, garlic, bay leaves, paprika, garlic powder, black pepper, onion powder, cayenne, dried oregano, dried thyme, ketchup, worcestershire sauce, fresh lemon juice, prepared horseradish, fresh horseradish, v8 vegetable juice, hot sauce, pepper",bring,5,"['oil,t,boil,s,in,l']"
107251,creole boiled shrimp cocktail,"medium shrimp, creole seasoning, crab boil, salt, lemons, yellow onion, celery, garlic, bay leaves, paprika, garlic powder, black pepper, onion powder, cayenne, dried oregano, dried thyme, ketchup, worcestershire sauce, fresh lemon juice, prepared horseradish, fresh horseradish, v8 vegetable juice, hot sauce, pepper",taste,5,"['oil,t,boil,s,in,l']"
107251,creole boiled shrimp cocktail,"medium shrimp, creole seasoning, crab boil, salt, lemons, yellow onion, celery, garlic, bay leaves, paprika, garlic powder, black pepper, onion powder, cayenne, dried oregano, dried thyme, ketchup, worcestershire sauce, fresh lemon juice, prepared horseradish, fresh horseradish, v8 vegetable juice, hot sauce, pepper",be,6,"['salt,water,t,s,in,f,l']"
107251,creole boiled shrimp cocktail,"medium shrimp, creole seasoning, crab boil, salt, lemons, yellow onion, celery, garlic, bay leaves, paprika, garlic powder, black pepper, onion powder, cayenne, dried oregano, dried thyme, ketchup, worcestershire sauce, fresh lemon juice, prepared horseradish, fresh horseradish, v8 vegetable juice, hot sauce, pepper",add,7,"['shrimp,cook,t,c,min,s,p,in,pin,f,-,hr,re,ad,l']"
107251,creole boiled shrimp cocktail,"medium shrimp, creole seasoning, crab boil, salt, lemons, yellow onion, celery, garlic, bay leaves, paprika, garlic powder, black pepper, onion powder, cayenne, dried oregano, dried thyme, ketchup, worcestershire sauce, fresh lemon juice, prepared horseradish, fresh horseradish, v8 vegetable juice, hot sauce, pepper",cook,7,"['shrimp,cook,t,c,min,s,p,in,pin,f,-,hr,re,ad,l']"
107251,creole boiled shrimp cocktail,"medium shrimp, creole seasoning, crab boil, salt, lemons, yellow onion, celery, garlic, bay leaves, paprika, garlic powder, black pepper, onion powder, cayenne, dried oregano, dried thyme, ketchup, worcestershire sauce, fresh lemon juice, prepared horseradish, fresh horseradish, v8 vegetable juice, hot sauce, pepper",stirring,7,"['shrimp,cook,t,c,min,s,p,in,pin,f,-,hr,re,ad,l']"
107251,creole boiled shrimp cocktail,"medium shrimp, creole seasoning, crab boil, salt, lemons, yellow onion, celery, garlic, bay leaves, paprika, garlic powder, black pepper, onion powder, cayenne, dried oregano, dried thyme, ketchup, worcestershire sauce, fresh lemon juice, prepared horseradish, fresh horseradish, v8 vegetable juice, hot sauce, pepper",cooked,7,"['shrimp,cook,t,c,min,s,p,in,pin,f,-,hr,re,ad,l']"
107251,creole boiled shrimp cocktail,"medium shrimp, creole seasoning, crab boil, salt, lemons, yellow onion, celery, garlic, bay leaves, paprika, garlic powder, black pepper, onion powder, cayenne, dried oregano, dried thyme, ketchup, worcestershire sauce, fresh lemon juice, prepared horseradish, fresh horseradish, v8 vegetable juice, hot sauce, pepper",drain,8,"['t,c,s,p,in,de,f,re,l']"
107251,creole boiled shrimp cocktail,"medium shrimp, creole seasoning, crab boil, salt, lemons, yellow onion, celery, garlic, bay leaves, paprika, garlic powder, black pepper, onion powder, cayenne, dried oregano, dried thyme, ketchup, worcestershire sauce, fresh lemon juice, prepared horseradish, fresh horseradish, v8 vegetable juice, hot sauce, pepper",transfer,8,"['t,c,s,p,in,de,f,re,l']"
107251,creole boiled shrimp cocktail,"medium shrimp, creole seasoning, crab boil, salt, lemons, yellow onion, celery, garlic, bay leaves, paprika, garlic powder, black pepper, onion powder, cayenne, dried oregano, dried thyme, ketchup, worcestershire sauce, fresh lemon juice, prepared horseradish, fresh horseradish, v8 vegetable juice, hot sauce, pepper",cover,8,"['t,c,s,p,in,de,f,re,l']"
107251,creole boiled shrimp cocktail,"medium shrimp, creole seasoning, crab boil, salt, lemons, yellow onion, celery, garlic, bay leaves, paprika, garlic powder, black pepper, onion powder, cayenne, dried oregano, dried thyme, ketchup, worcestershire sauce, fresh lemon juice, prepared horseradish, fresh horseradish, v8 vegetable juice, hot sauce, pepper",cover,14,"['c,s,f,l']"
107251,creole boiled shrimp cocktail,"medium shrimp, creole seasoning, crab boil, salt, lemons, yellow onion, celery, garlic, bay leaves, paprika, garlic powder, black pepper, onion powder, cayenne, dried oregano, dried thyme, ketchup, worcestershire sauce, fresh lemon juice, prepared horseradish, fresh horseradish, v8 vegetable juice, hot sauce, pepper",refrigerate,8,"['t,c,s,p,in,de,f,re,l']"
107251,creole boiled shrimp cocktail,"medium shrimp, creole seasoning, crab boil, salt, lemons, yellow onion, celery, garlic, bay leaves, paprika, garlic powder, black pepper, onion powder, cayenne, dried oregano, dried thyme, ketchup, worcestershire sauce, fresh lemon juice, prepared horseradish, fresh horseradish, v8 vegetable juice, hot sauce, pepper",mix,10,"['t,c,mix,s,in,re,red,l']"
107251,creole boiled shrimp cocktail,"medium shrimp, creole seasoning, crab boil, salt, lemons, yellow onion, celery, garlic, bay leaves, paprika, garlic powder, black pepper, onion powder, cayenne, dried oregano, dried thyme, ketchup, worcestershire sauce, fresh lemon juice, prepared horseradish, fresh horseradish, v8 vegetable juice, hot sauce, pepper",whisk,13,"['t,c,s,in,re,red,l']"
107251,creole boiled shrimp cocktail,"medium shrimp, creole seasoning, crab boil, salt, lemons, yellow onion, celery, garlic, bay leaves, paprika, garlic powder, black pepper, onion powder, cayenne, dried oregano, dried thyme, ketchup, worcestershire sauce, fresh lemon juice, prepared horseradish, fresh horseradish, v8 vegetable juice, hot sauce, pepper",chill,14,"['c,s,f,l']"
107251,creole boiled shrimp cocktail,"medium shrimp, creole seasoning, crab boil, salt, lemons, yellow onion, celery, garlic, bay leaves, paprika, garlic powder, black pepper, onion powder, cayenne, dried oregano, dried thyme, ketchup, worcestershire sauce, fresh lemon juice, prepared horseradish, fresh horseradish, v8 vegetable juice, hot sauce, pepper",keep,15,"['t,s,p,in,f,re,l']"
107251,creole boiled shrimp cocktail,"medium shrimp, creole seasoning, crab boil, salt, lemons, yellow onion, celery, garlic, bay leaves, paprika, garlic powder, black pepper, onion powder, cayenne, dried oregano, dried thyme, ketchup, worcestershire sauce, fresh lemon juice, prepared horseradish, fresh horseradish, v8 vegetable juice, hot sauce, pepper",serve,16,"['sauce,lemon,shrimp,wedges,t,c,s,p,wedge,in,au,hr,re,l']"
