Id,Name,AllIngredients,Verbs,Steps,Ingredient
107410,duck and pineapple curry,"coconut milk, peking duck, chicken stock, palm sugar, fish sauce, snake beans, kaffir lime leaves, cherry tomatoes, fresh pineapple chunks, thai basil, salt, dried red chilies, shrimp paste, garlic, shallots, lemongrass, galangal, ground coriander, ground cumin, paprika, ground cloves",make,1,"['water,paste,curry,t,c,min,s,p,in,past,f,-,l']"
107410,duck and pineapple curry,"coconut milk, peking duck, chicken stock, palm sugar, fish sauce, snake beans, kaffir lime leaves, cherry tomatoes, fresh pineapple chunks, thai basil, salt, dried red chilies, shrimp paste, garlic, shallots, lemongrass, galangal, ground coriander, ground cumin, paprika, ground cloves",make,6,"['sauce,oil,coconut,pan,milk,paste,curry,t,c,boil,heat,s,p,in,medium,past,au,l,duck']"
107410,duck and pineapple curry,"coconut milk, peking duck, chicken stock, palm sugar, fish sauce, snake beans, kaffir lime leaves, cherry tomatoes, fresh pineapple chunks, thai basil, salt, dried red chilies, shrimp paste, garlic, shallots, lemongrass, galangal, ground coriander, ground cumin, paprika, ground cloves",paste,1,"['water,paste,curry,t,c,min,s,p,in,past,f,-,l']"
107410,duck and pineapple curry,"coconut milk, peking duck, chicken stock, palm sugar, fish sauce, snake beans, kaffir lime leaves, cherry tomatoes, fresh pineapple chunks, thai basil, salt, dried red chilies, shrimp paste, garlic, shallots, lemongrass, galangal, ground coriander, ground cumin, paprika, ground cloves",paste,4,"['water,paste,shrimp,curry,t,c,s,p,in,tar,past,f,hr,re,ad,red,l']"
107410,duck and pineapple curry,"coconut milk, peking duck, chicken stock, palm sugar, fish sauce, snake beans, kaffir lime leaves, cherry tomatoes, fresh pineapple chunks, thai basil, salt, dried red chilies, shrimp paste, garlic, shallots, lemongrass, galangal, ground coriander, ground cumin, paprika, ground cloves",soak,1,"['water,paste,curry,t,c,min,s,p,in,past,f,-,l']"
107410,duck and pineapple curry,"coconut milk, peking duck, chicken stock, palm sugar, fish sauce, snake beans, kaffir lime leaves, cherry tomatoes, fresh pineapple chunks, thai basil, salt, dried red chilies, shrimp paste, garlic, shallots, lemongrass, galangal, ground coriander, ground cumin, paprika, ground cloves",chop,2,"['chop,seed,t,c,seeds,s,p,re,l']"
107410,duck and pineapple curry,"coconut milk, peking duck, chicken stock, palm sugar, fish sauce, snake beans, kaffir lime leaves, cherry tomatoes, fresh pineapple chunks, thai basil, salt, dried red chilies, shrimp paste, garlic, shallots, lemongrass, galangal, ground coriander, ground cumin, paprika, ground cloves",chop,5,"['paste,chop,t,c,s,p,in,food,past,f,re,red,l']"
107410,duck and pineapple curry,"coconut milk, peking duck, chicken stock, palm sugar, fish sauce, snake beans, kaffir lime leaves, cherry tomatoes, fresh pineapple chunks, thai basil, salt, dried red chilies, shrimp paste, garlic, shallots, lemongrass, galangal, ground coriander, ground cumin, paprika, ground cloves",wrap,3,"['oil,pan,paste,shrimp,t,min,heat,s,p,in,past,f,hr,l']"
107410,duck and pineapple curry,"coconut milk, peking duck, chicken stock, palm sugar, fish sauce, snake beans, kaffir lime leaves, cherry tomatoes, fresh pineapple chunks, thai basil, salt, dried red chilies, shrimp paste, garlic, shallots, lemongrass, galangal, ground coriander, ground cumin, paprika, ground cloves",use,4,"['water,paste,shrimp,curry,t,c,s,p,in,tar,past,f,hr,re,ad,red,l']"
107410,duck and pineapple curry,"coconut milk, peking duck, chicken stock, palm sugar, fish sauce, snake beans, kaffir lime leaves, cherry tomatoes, fresh pineapple chunks, thai basil, salt, dried red chilies, shrimp paste, garlic, shallots, lemongrass, galangal, ground coriander, ground cumin, paprika, ground cloves",pound,4,"['water,paste,shrimp,curry,t,c,s,p,in,tar,past,f,hr,re,ad,red,l']"
107410,duck and pineapple curry,"coconut milk, peking duck, chicken stock, palm sugar, fish sauce, snake beans, kaffir lime leaves, cherry tomatoes, fresh pineapple chunks, thai basil, salt, dried red chilies, shrimp paste, garlic, shallots, lemongrass, galangal, ground coriander, ground cumin, paprika, ground cloves",remaining,4,"['water,paste,shrimp,curry,t,c,s,p,in,tar,past,f,hr,re,ad,red,l']"
107410,duck and pineapple curry,"coconut milk, peking duck, chicken stock, palm sugar, fish sauce, snake beans, kaffir lime leaves, cherry tomatoes, fresh pineapple chunks, thai basil, salt, dried red chilies, shrimp paste, garlic, shallots, lemongrass, galangal, ground coriander, ground cumin, paprika, ground cloves",adding,4,"['water,paste,shrimp,curry,t,c,s,p,in,tar,past,f,hr,re,ad,red,l']"
107410,duck and pineapple curry,"coconut milk, peking duck, chicken stock, palm sugar, fish sauce, snake beans, kaffir lime leaves, cherry tomatoes, fresh pineapple chunks, thai basil, salt, dried red chilies, shrimp paste, garlic, shallots, lemongrass, galangal, ground coriander, ground cumin, paprika, ground cloves",using,5,"['paste,chop,t,c,s,p,in,food,past,f,re,red,l']"
107410,duck and pineapple curry,"coconut milk, peking duck, chicken stock, palm sugar, fish sauce, snake beans, kaffir lime leaves, cherry tomatoes, fresh pineapple chunks, thai basil, salt, dried red chilies, shrimp paste, garlic, shallots, lemongrass, galangal, ground coriander, ground cumin, paprika, ground cloves",place,6,"['sauce,oil,coconut,pan,milk,paste,curry,t,c,boil,heat,s,p,in,medium,past,au,l,duck']"
107410,duck and pineapple curry,"coconut milk, peking duck, chicken stock, palm sugar, fish sauce, snake beans, kaffir lime leaves, cherry tomatoes, fresh pineapple chunks, thai basil, salt, dried red chilies, shrimp paste, garlic, shallots, lemongrass, galangal, ground coriander, ground cumin, paprika, ground cloves",bring,6,"['sauce,oil,coconut,pan,milk,paste,curry,t,c,boil,heat,s,p,in,medium,past,au,l,duck']"
107410,duck and pineapple curry,"coconut milk, peking duck, chicken stock, palm sugar, fish sauce, snake beans, kaffir lime leaves, cherry tomatoes, fresh pineapple chunks, thai basil, salt, dried red chilies, shrimp paste, garlic, shallots, lemongrass, galangal, ground coriander, ground cumin, paprika, ground cloves",boil,6,"['sauce,oil,coconut,pan,milk,paste,curry,t,c,boil,heat,s,p,in,medium,past,au,l,duck']"
107410,duck and pineapple curry,"coconut milk, peking duck, chicken stock, palm sugar, fish sauce, snake beans, kaffir lime leaves, cherry tomatoes, fresh pineapple chunks, thai basil, salt, dried red chilies, shrimp paste, garlic, shallots, lemongrass, galangal, ground coriander, ground cumin, paprika, ground cloves",reduce,7,"['t,c,min,heat,s,in,f,re,red,l']"
107410,duck and pineapple curry,"coconut milk, peking duck, chicken stock, palm sugar, fish sauce, snake beans, kaffir lime leaves, cherry tomatoes, fresh pineapple chunks, thai basil, salt, dried red chilies, shrimp paste, garlic, shallots, lemongrass, galangal, ground coriander, ground cumin, paprika, ground cloves",simmer,7,"['t,c,min,heat,s,in,f,re,red,l']"
107410,duck and pineapple curry,"coconut milk, peking duck, chicken stock, palm sugar, fish sauce, snake beans, kaffir lime leaves, cherry tomatoes, fresh pineapple chunks, thai basil, salt, dried red chilies, shrimp paste, garlic, shallots, lemongrass, galangal, ground coriander, ground cumin, paprika, ground cloves",simmer,8,"['sauce,salt,sugar,beans,stock,bean,lime,leaves,t,c,min,fish,s,p,in,pin,f,au,ad,l,duck']"
107410,duck and pineapple curry,"coconut milk, peking duck, chicken stock, palm sugar, fish sauce, snake beans, kaffir lime leaves, cherry tomatoes, fresh pineapple chunks, thai basil, salt, dried red chilies, shrimp paste, garlic, shallots, lemongrass, galangal, ground coriander, ground cumin, paprika, ground cloves",add,8,"['sauce,salt,sugar,beans,stock,bean,lime,leaves,t,c,min,fish,s,p,in,pin,f,au,ad,l,duck']"
107410,duck and pineapple curry,"coconut milk, peking duck, chicken stock, palm sugar, fish sauce, snake beans, kaffir lime leaves, cherry tomatoes, fresh pineapple chunks, thai basil, salt, dried red chilies, shrimp paste, garlic, shallots, lemongrass, galangal, ground coriander, ground cumin, paprika, ground cloves",add,9,"['tomatoes,tomato,apple,cook,t,c,min,pineapple,pine,s,p,in,pin,f,ad,l']"
107410,duck and pineapple curry,"coconut milk, peking duck, chicken stock, palm sugar, fish sauce, snake beans, kaffir lime leaves, cherry tomatoes, fresh pineapple chunks, thai basil, salt, dried red chilies, shrimp paste, garlic, shallots, lemongrass, galangal, ground coriander, ground cumin, paprika, ground cloves",cook,9,"['tomatoes,tomato,apple,cook,t,c,min,pineapple,pine,s,p,in,pin,f,ad,l']"
107410,duck and pineapple curry,"coconut milk, peking duck, chicken stock, palm sugar, fish sauce, snake beans, kaffir lime leaves, cherry tomatoes, fresh pineapple chunks, thai basil, salt, dried red chilies, shrimp paste, garlic, shallots, lemongrass, galangal, ground coriander, ground cumin, paprika, ground cloves",serving,10,"['basil,leaves,t,s,in,vin,f,re,l']"
107410,duck and pineapple curry,"coconut milk, peking duck, chicken stock, palm sugar, fish sauce, snake beans, kaffir lime leaves, cherry tomatoes, fresh pineapple chunks, thai basil, salt, dried red chilies, shrimp paste, garlic, shallots, lemongrass, galangal, ground coriander, ground cumin, paprika, ground cloves",serve,11,"['rice,c,ice,s']"
