Id,Name,AllIngredients,Verbs,Steps,Ingredient
108193,moroccan chicken with potatoes and spinach with saffron jus,"chicken breasts, yellow onions, ginger, garlic, fresh parsley, cayenne pepper, turmeric, cumin, ground coriander, cracked black pepper, cinnamon, lemon juice, lemon, zest of, salt, yukon gold potatoes, baby spinach leaves, leeks, butter, buttermilk, chicken broth, shallot, cornstarch, saffron strand",chop,1,"['garlic,ginger,onion,chop,t,c,s,p,in,food,f,l,d,e,gin']"
108193,moroccan chicken with potatoes and spinach with saffron jus,"chicken breasts, yellow onions, ginger, garlic, fresh parsley, cayenne pepper, turmeric, cumin, ground coriander, cracked black pepper, cinnamon, lemon juice, lemon, zest of, salt, yukon gold potatoes, baby spinach leaves, leeks, butter, buttermilk, chicken broth, shallot, cornstarch, saffron strand",add,2,"['salt,parsley,chop,spice,t,c,ice,s,p,food,f,ad,l,spices,d,e']"
108193,moroccan chicken with potatoes and spinach with saffron jus,"chicken breasts, yellow onions, ginger, garlic, fresh parsley, cayenne pepper, turmeric, cumin, ground coriander, cracked black pepper, cinnamon, lemon juice, lemon, zest of, salt, yukon gold potatoes, baby spinach leaves, leeks, butter, buttermilk, chicken broth, shallot, cornstarch, saffron strand",add,7,"['sauce,juice,chicken,pan,wine,chop,broth,lemon,t,c,ice,shallots,glaze,shallot,s,p,in,white,de,au,re,chick,ad,l,d,b,e']"
108193,moroccan chicken with potatoes and spinach with saffron jus,"chicken breasts, yellow onions, ginger, garlic, fresh parsley, cayenne pepper, turmeric, cumin, ground coriander, cracked black pepper, cinnamon, lemon juice, lemon, zest of, salt, yukon gold potatoes, baby spinach leaves, leeks, butter, buttermilk, chicken broth, shallot, cornstarch, saffron strand",add,8,"['corn,season,seasoning,starch,sea,saffron,t,c,min,cornstarch,star,s,in,tar,f,ad,l,d,b,e,nut,corns']"
108193,moroccan chicken with potatoes and spinach with saffron jus,"chicken breasts, yellow onions, ginger, garlic, fresh parsley, cayenne pepper, turmeric, cumin, ground coriander, cracked black pepper, cinnamon, lemon juice, lemon, zest of, salt, yukon gold potatoes, baby spinach leaves, leeks, butter, buttermilk, chicken broth, shallot, cornstarch, saffron strand",add,12,"['garlic,ginger,butter,pan,leek,t,c,heat,s,p,in,leeks,au,ad,l,d,b,nt,e,gin,butt']"
108193,moroccan chicken with potatoes and spinach with saffron jus,"chicken breasts, yellow onions, ginger, garlic, fresh parsley, cayenne pepper, turmeric, cumin, ground coriander, cracked black pepper, cinnamon, lemon juice, lemon, zest of, salt, yukon gold potatoes, baby spinach leaves, leeks, butter, buttermilk, chicken broth, shallot, cornstarch, saffron strand",add,13,"['butter,buttermilk,milk,t,c,p,re,ad,l,d,b,e,butt']"
108193,moroccan chicken with potatoes and spinach with saffron jus,"chicken breasts, yellow onions, ginger, garlic, fresh parsley, cayenne pepper, turmeric, cumin, ground coriander, cracked black pepper, cinnamon, lemon juice, lemon, zest of, salt, yukon gold potatoes, baby spinach leaves, leeks, butter, buttermilk, chicken broth, shallot, cornstarch, saffron strand",add,15,"['butter,buttermilk,milk,spinach,pot,leaves,t,c,mix,potato,s,p,in,pin,re,ad,l,d,ash,b,e,butt']"
108193,moroccan chicken with potatoes and spinach with saffron jus,"chicken breasts, yellow onions, ginger, garlic, fresh parsley, cayenne pepper, turmeric, cumin, ground coriander, cracked black pepper, cinnamon, lemon juice, lemon, zest of, salt, yukon gold potatoes, baby spinach leaves, leeks, butter, buttermilk, chicken broth, shallot, cornstarch, saffron strand",chopped,2,"['salt,parsley,chop,spice,t,c,ice,s,p,food,f,ad,l,spices,d,e']"
108193,moroccan chicken with potatoes and spinach with saffron jus,"chicken breasts, yellow onions, ginger, garlic, fresh parsley, cayenne pepper, turmeric, cumin, ground coriander, cracked black pepper, cinnamon, lemon juice, lemon, zest of, salt, yukon gold potatoes, baby spinach leaves, leeks, butter, buttermilk, chicken broth, shallot, cornstarch, saffron strand",chopped,7,"['sauce,juice,chicken,pan,wine,chop,broth,lemon,t,c,ice,shallots,glaze,shallot,s,p,in,white,de,au,re,chick,ad,l,d,b,e']"
108193,moroccan chicken with potatoes and spinach with saffron jus,"chicken breasts, yellow onions, ginger, garlic, fresh parsley, cayenne pepper, turmeric, cumin, ground coriander, cracked black pepper, cinnamon, lemon juice, lemon, zest of, salt, yukon gold potatoes, baby spinach leaves, leeks, butter, buttermilk, chicken broth, shallot, cornstarch, saffron strand",score,3,"['chicken,breast,t,c,breasts,s,p,in,de,f,re,chick,ad,l,marinade,d,b,e']"
108193,moroccan chicken with potatoes and spinach with saffron jus,"chicken breasts, yellow onions, ginger, garlic, fresh parsley, cayenne pepper, turmeric, cumin, ground coriander, cracked black pepper, cinnamon, lemon juice, lemon, zest of, salt, yukon gold potatoes, baby spinach leaves, leeks, butter, buttermilk, chicken broth, shallot, cornstarch, saffron strand",apply,3,"['chicken,breast,t,c,breasts,s,p,in,de,f,re,chick,ad,l,marinade,d,b,e']"
108193,moroccan chicken with potatoes and spinach with saffron jus,"chicken breasts, yellow onions, ginger, garlic, fresh parsley, cayenne pepper, turmeric, cumin, ground coriander, cracked black pepper, cinnamon, lemon juice, lemon, zest of, salt, yukon gold potatoes, baby spinach leaves, leeks, butter, buttermilk, chicken broth, shallot, cornstarch, saffron strand",get,5,"['chicken,breast,pan,cook,t,c,min,roast,s,p,in,color,de,oven,f,-,re,chick,l,skin,d,b,e,gold,nut']"
108193,moroccan chicken with potatoes and spinach with saffron jus,"chicken breasts, yellow onions, ginger, garlic, fresh parsley, cayenne pepper, turmeric, cumin, ground coriander, cracked black pepper, cinnamon, lemon juice, lemon, zest of, salt, yukon gold potatoes, baby spinach leaves, leeks, butter, buttermilk, chicken broth, shallot, cornstarch, saffron strand",allow,5,"['chicken,breast,pan,cook,t,c,min,roast,s,p,in,color,de,oven,f,-,re,chick,l,skin,d,b,e,gold,nut']"
108193,moroccan chicken with potatoes and spinach with saffron jus,"chicken breasts, yellow onions, ginger, garlic, fresh parsley, cayenne pepper, turmeric, cumin, ground coriander, cracked black pepper, cinnamon, lemon juice, lemon, zest of, salt, yukon gold potatoes, baby spinach leaves, leeks, butter, buttermilk, chicken broth, shallot, cornstarch, saffron strand",allow,8,"['corn,season,seasoning,starch,sea,saffron,t,c,min,cornstarch,star,s,in,tar,f,ad,l,d,b,e,nut,corns']"
108193,moroccan chicken with potatoes and spinach with saffron jus,"chicken breasts, yellow onions, ginger, garlic, fresh parsley, cayenne pepper, turmeric, cumin, ground coriander, cracked black pepper, cinnamon, lemon juice, lemon, zest of, salt, yukon gold potatoes, baby spinach leaves, leeks, butter, buttermilk, chicken broth, shallot, cornstarch, saffron strand",allow,13,"['butter,buttermilk,milk,t,c,p,re,ad,l,d,b,e,butt']"
108193,moroccan chicken with potatoes and spinach with saffron jus,"chicken breasts, yellow onions, ginger, garlic, fresh parsley, cayenne pepper, turmeric, cumin, ground coriander, cracked black pepper, cinnamon, lemon juice, lemon, zest of, salt, yukon gold potatoes, baby spinach leaves, leeks, butter, buttermilk, chicken broth, shallot, cornstarch, saffron strand",allow,14,"['pot,cook,potatoes,t,c,min,potato,s,p,in,f,tel,re,l,d,e,nut']"
108193,moroccan chicken with potatoes and spinach with saffron jus,"chicken breasts, yellow onions, ginger, garlic, fresh parsley, cayenne pepper, turmeric, cumin, ground coriander, cracked black pepper, cinnamon, lemon juice, lemon, zest of, salt, yukon gold potatoes, baby spinach leaves, leeks, butter, buttermilk, chicken broth, shallot, cornstarch, saffron strand",cook,5,"['chicken,breast,pan,cook,t,c,min,roast,s,p,in,color,de,oven,f,-,re,chick,l,skin,d,b,e,gold,nut']"
108193,moroccan chicken with potatoes and spinach with saffron jus,"chicken breasts, yellow onions, ginger, garlic, fresh parsley, cayenne pepper, turmeric, cumin, ground coriander, cracked black pepper, cinnamon, lemon juice, lemon, zest of, salt, yukon gold potatoes, baby spinach leaves, leeks, butter, buttermilk, chicken broth, shallot, cornstarch, saffron strand",prepare,7,"['sauce,juice,chicken,pan,wine,chop,broth,lemon,t,c,ice,shallots,glaze,shallot,s,p,in,white,de,au,re,chick,ad,l,d,b,e']"
108193,moroccan chicken with potatoes and spinach with saffron jus,"chicken breasts, yellow onions, ginger, garlic, fresh parsley, cayenne pepper, turmeric, cumin, ground coriander, cracked black pepper, cinnamon, lemon juice, lemon, zest of, salt, yukon gold potatoes, baby spinach leaves, leeks, butter, buttermilk, chicken broth, shallot, cornstarch, saffron strand",using,7,"['sauce,juice,chicken,pan,wine,chop,broth,lemon,t,c,ice,shallots,glaze,shallot,s,p,in,white,de,au,re,chick,ad,l,d,b,e']"
108193,moroccan chicken with potatoes and spinach with saffron jus,"chicken breasts, yellow onions, ginger, garlic, fresh parsley, cayenne pepper, turmeric, cumin, ground coriander, cracked black pepper, cinnamon, lemon juice, lemon, zest of, salt, yukon gold potatoes, baby spinach leaves, leeks, butter, buttermilk, chicken broth, shallot, cornstarch, saffron strand",deglaze,7,"['sauce,juice,chicken,pan,wine,chop,broth,lemon,t,c,ice,shallots,glaze,shallot,s,p,in,white,de,au,re,chick,ad,l,d,b,e']"
108193,moroccan chicken with potatoes and spinach with saffron jus,"chicken breasts, yellow onions, ginger, garlic, fresh parsley, cayenne pepper, turmeric, cumin, ground coriander, cracked black pepper, cinnamon, lemon juice, lemon, zest of, salt, yukon gold potatoes, baby spinach leaves, leeks, butter, buttermilk, chicken broth, shallot, cornstarch, saffron strand",simmer,8,"['corn,season,seasoning,starch,sea,saffron,t,c,min,cornstarch,star,s,in,tar,f,ad,l,d,b,e,nut,corns']"
108193,moroccan chicken with potatoes and spinach with saffron jus,"chicken breasts, yellow onions, ginger, garlic, fresh parsley, cayenne pepper, turmeric, cumin, ground coriander, cracked black pepper, cinnamon, lemon juice, lemon, zest of, salt, yukon gold potatoes, baby spinach leaves, leeks, butter, buttermilk, chicken broth, shallot, cornstarch, saffron strand",thicken,8,"['corn,season,seasoning,starch,sea,saffron,t,c,min,cornstarch,star,s,in,tar,f,ad,l,d,b,e,nut,corns']"
108193,moroccan chicken with potatoes and spinach with saffron jus,"chicken breasts, yellow onions, ginger, garlic, fresh parsley, cayenne pepper, turmeric, cumin, ground coriander, cracked black pepper, cinnamon, lemon juice, lemon, zest of, salt, yukon gold potatoes, baby spinach leaves, leeks, butter, buttermilk, chicken broth, shallot, cornstarch, saffron strand",finish,9,"['butter,t,table,s,p,in,oz,f,l,b,e,butt']"
108193,moroccan chicken with potatoes and spinach with saffron jus,"chicken breasts, yellow onions, ginger, garlic, fresh parsley, cayenne pepper, turmeric, cumin, ground coriander, cracked black pepper, cinnamon, lemon juice, lemon, zest of, salt, yukon gold potatoes, baby spinach leaves, leeks, butter, buttermilk, chicken broth, shallot, cornstarch, saffron strand",smashed,10,"['pot,potatoes,t,potato,s,p,-,d,ash,e']"
108193,moroccan chicken with potatoes and spinach with saffron jus,"chicken breasts, yellow onions, ginger, garlic, fresh parsley, cayenne pepper, turmeric, cumin, ground coriander, cracked black pepper, cinnamon, lemon juice, lemon, zest of, salt, yukon gold potatoes, baby spinach leaves, leeks, butter, buttermilk, chicken broth, shallot, cornstarch, saffron strand",boil,11,"['oil,stock,pot,cook,potatoes,t,c,boil,potato,s,p,in,f,tel,liquid,l,d,b,nt,e']"
108193,moroccan chicken with potatoes and spinach with saffron jus,"chicken breasts, yellow onions, ginger, garlic, fresh parsley, cayenne pepper, turmeric, cumin, ground coriander, cracked black pepper, cinnamon, lemon juice, lemon, zest of, salt, yukon gold potatoes, baby spinach leaves, leeks, butter, buttermilk, chicken broth, shallot, cornstarch, saffron strand",cover,11,"['oil,stock,pot,cook,potatoes,t,c,boil,potato,s,p,in,f,tel,liquid,l,d,b,nt,e']"
108193,moroccan chicken with potatoes and spinach with saffron jus,"chicken breasts, yellow onions, ginger, garlic, fresh parsley, cayenne pepper, turmeric, cumin, ground coriander, cracked black pepper, cinnamon, lemon juice, lemon, zest of, salt, yukon gold potatoes, baby spinach leaves, leeks, butter, buttermilk, chicken broth, shallot, cornstarch, saffron strand",cooked,11,"['oil,stock,pot,cook,potatoes,t,c,boil,potato,s,p,in,f,tel,liquid,l,d,b,nt,e']"
108193,moroccan chicken with potatoes and spinach with saffron jus,"chicken breasts, yellow onions, ginger, garlic, fresh parsley, cayenne pepper, turmeric, cumin, ground coriander, cracked black pepper, cinnamon, lemon juice, lemon, zest of, salt, yukon gold potatoes, baby spinach leaves, leeks, butter, buttermilk, chicken broth, shallot, cornstarch, saffron strand",cooked,14,"['pot,cook,potatoes,t,c,min,potato,s,p,in,f,tel,re,l,d,e,nut']"
108193,moroccan chicken with potatoes and spinach with saffron jus,"chicken breasts, yellow onions, ginger, garlic, fresh parsley, cayenne pepper, turmeric, cumin, ground coriander, cracked black pepper, cinnamon, lemon juice, lemon, zest of, salt, yukon gold potatoes, baby spinach leaves, leeks, butter, buttermilk, chicken broth, shallot, cornstarch, saffron strand",come,13,"['butter,buttermilk,milk,t,c,p,re,ad,l,d,b,e,butt']"
108193,moroccan chicken with potatoes and spinach with saffron jus,"chicken breasts, yellow onions, ginger, garlic, fresh parsley, cayenne pepper, turmeric, cumin, ground coriander, cracked black pepper, cinnamon, lemon juice, lemon, zest of, salt, yukon gold potatoes, baby spinach leaves, leeks, butter, buttermilk, chicken broth, shallot, cornstarch, saffron strand",drain,14,"['pot,cook,potatoes,t,c,min,potato,s,p,in,f,tel,re,l,d,e,nut']"
108193,moroccan chicken with potatoes and spinach with saffron jus,"chicken breasts, yellow onions, ginger, garlic, fresh parsley, cayenne pepper, turmeric, cumin, ground coriander, cracked black pepper, cinnamon, lemon juice, lemon, zest of, salt, yukon gold potatoes, baby spinach leaves, leeks, butter, buttermilk, chicken broth, shallot, cornstarch, saffron strand",sit,14,"['pot,cook,potatoes,t,c,min,potato,s,p,in,f,tel,re,l,d,e,nut']"
108193,moroccan chicken with potatoes and spinach with saffron jus,"chicken breasts, yellow onions, ginger, garlic, fresh parsley, cayenne pepper, turmeric, cumin, ground coriander, cracked black pepper, cinnamon, lemon juice, lemon, zest of, salt, yukon gold potatoes, baby spinach leaves, leeks, butter, buttermilk, chicken broth, shallot, cornstarch, saffron strand",mash,15,"['butter,buttermilk,milk,spinach,pot,leaves,t,c,mix,potato,s,p,in,pin,re,ad,l,d,ash,b,e,butt']"
108193,moroccan chicken with potatoes and spinach with saffron jus,"chicken breasts, yellow onions, ginger, garlic, fresh parsley, cayenne pepper, turmeric, cumin, ground coriander, cracked black pepper, cinnamon, lemon juice, lemon, zest of, salt, yukon gold potatoes, baby spinach leaves, leeks, butter, buttermilk, chicken broth, shallot, cornstarch, saffron strand",scoop,18,"['cream,pot,cook,potatoes,t,c,ice,potato,s,p,in,f,-,re,l,d,nt,e']"
108193,moroccan chicken with potatoes and spinach with saffron jus,"chicken breasts, yellow onions, ginger, garlic, fresh parsley, cayenne pepper, turmeric, cumin, ground coriander, cracked black pepper, cinnamon, lemon juice, lemon, zest of, salt, yukon gold potatoes, baby spinach leaves, leeks, butter, buttermilk, chicken broth, shallot, cornstarch, saffron strand",place,19,"['chicken,breast,t,c,s,p,top,re,chick,l,b,e']"
108193,moroccan chicken with potatoes and spinach with saffron jus,"chicken breasts, yellow onions, ginger, garlic, fresh parsley, cayenne pepper, turmeric, cumin, ground coriander, cracked black pepper, cinnamon, lemon juice, lemon, zest of, salt, yukon gold potatoes, baby spinach leaves, leeks, butter, buttermilk, chicken broth, shallot, cornstarch, saffron strand",garnish,21,"['cilantro,parsley,t,c,s,p,f,re,l,d,nt,e,sprig']"
