Id,Name,AllIngredients,Verbs,Steps,Ingredient
108731,paella  ala electric skillet,"chicken broth, white wine, vermouth, turmeric, paprika, boneless skinless chicken thighs, italian sausage, olive oil, green bell pepper, red bell pepper, white onion, jalapeno peppers, garlic, thyme, oregano, ground coriander, rice, medium shrimp, roma tomatoes, fresh green beans, black olives",add,1,{}
108731,paella  ala electric skillet,"chicken broth, white wine, vermouth, turmeric, paprika, boneless skinless chicken thighs, italian sausage, olive oil, green bell pepper, red bell pepper, white onion, jalapeno peppers, garlic, thyme, oregano, ground coriander, rice, medium shrimp, roma tomatoes, fresh green beans, black olives",add,4,"['garlic,pepper,oil,onion,peppers,olive,onions,t,c,s,p,au,ad,l,d,nt,e,o']"
108731,paella  ala electric skillet,"chicken broth, white wine, vermouth, turmeric, paprika, boneless skinless chicken thighs, italian sausage, olive oil, green bell pepper, red bell pepper, white onion, jalapeno peppers, garlic, thyme, oregano, ground coriander, rice, medium shrimp, roma tomatoes, fresh green beans, black olives",add,7,"['oil,read,rice,t,c,ice,boil,min,s,p,in,f,-,re,ad,l,d,b,nt,e,ring,nut,o,y']"
108731,paella  ala electric skillet,"chicken broth, white wine, vermouth, turmeric, paprika, boneless skinless chicken thighs, italian sausage, olive oil, green bell pepper, red bell pepper, white onion, jalapeno peppers, garlic, thyme, oregano, ground coriander, rice, medium shrimp, roma tomatoes, fresh green beans, black olives",bring,1,"['sauce,pan,paprika,wine,broth,turmeric,t,c,s,p,in,vermouth,au,ad,l,d,b,e,ring,o,y']"
108731,paella  ala electric skillet,"chicken broth, white wine, vermouth, turmeric, paprika, boneless skinless chicken thighs, italian sausage, olive oil, green bell pepper, red bell pepper, white onion, jalapeno peppers, garlic, thyme, oregano, ground coriander, rice, medium shrimp, roma tomatoes, fresh green beans, black olives",bring,7,"['oil,read,rice,t,c,ice,boil,min,s,p,in,f,-,re,ad,l,d,b,nt,e,ring,nut,o,y']"
108731,paella  ala electric skillet,"chicken broth, white wine, vermouth, turmeric, paprika, boneless skinless chicken thighs, italian sausage, olive oil, green bell pepper, red bell pepper, white onion, jalapeno peppers, garlic, thyme, oregano, ground coriander, rice, medium shrimp, roma tomatoes, fresh green beans, black olives",simmer,1,"['sauce,pan,paprika,wine,broth,turmeric,t,c,s,p,in,vermouth,au,ad,l,d,b,e,ring,o,y']"
108731,paella  ala electric skillet,"chicken broth, white wine, vermouth, turmeric, paprika, boneless skinless chicken thighs, italian sausage, olive oil, green bell pepper, red bell pepper, white onion, jalapeno peppers, garlic, thyme, oregano, ground coriander, rice, medium shrimp, roma tomatoes, fresh green beans, black olives",simmer,10,"['t,c,min,heat,s,in,f,-,l,d,e,nut,o']"
108731,paella  ala electric skillet,"chicken broth, white wine, vermouth, turmeric, paprika, boneless skinless chicken thighs, italian sausage, olive oil, green bell pepper, red bell pepper, white onion, jalapeno peppers, garlic, thyme, oregano, ground coriander, rice, medium shrimp, roma tomatoes, fresh green beans, black olives",stirring,1,"['sauce,pan,paprika,wine,broth,turmeric,t,c,s,p,in,vermouth,au,ad,l,d,b,e,ring,o,y']"
108731,paella  ala electric skillet,"chicken broth, white wine, vermouth, turmeric, paprika, boneless skinless chicken thighs, italian sausage, olive oil, green bell pepper, red bell pepper, white onion, jalapeno peppers, garlic, thyme, oregano, ground coriander, rice, medium shrimp, roma tomatoes, fresh green beans, black olives",squeeze,2,"['brown,sausage,t,c,sage,s,p,in,age,pie,f,au,-,re,l,pieces,d,b,nt,e,size,o']"
108731,paella  ala electric skillet,"chicken broth, white wine, vermouth, turmeric, paprika, boneless skinless chicken thighs, italian sausage, olive oil, green bell pepper, red bell pepper, white onion, jalapeno peppers, garlic, thyme, oregano, ground coriander, rice, medium shrimp, roma tomatoes, fresh green beans, black olives",break,2,"['brown,sausage,t,c,sage,s,p,in,age,pie,f,au,-,re,l,pieces,d,b,nt,e,size,o']"
108731,paella  ala electric skillet,"chicken broth, white wine, vermouth, turmeric, paprika, boneless skinless chicken thighs, italian sausage, olive oil, green bell pepper, red bell pepper, white onion, jalapeno peppers, garlic, thyme, oregano, ground coriander, rice, medium shrimp, roma tomatoes, fresh green beans, black olives",remove,3,"['brown,chicken,t,c,s,p,re,chick,b,e,o,strips']"
108731,paella  ala electric skillet,"chicken broth, white wine, vermouth, turmeric, paprika, boneless skinless chicken thighs, italian sausage, olive oil, green bell pepper, red bell pepper, white onion, jalapeno peppers, garlic, thyme, oregano, ground coriander, rice, medium shrimp, roma tomatoes, fresh green beans, black olives",limp,4,"['garlic,pepper,oil,onion,peppers,olive,onions,t,c,s,p,au,ad,l,d,nt,e,o']"
108731,paella  ala electric skillet,"chicken broth, white wine, vermouth, turmeric, paprika, boneless skinless chicken thighs, italian sausage, olive oil, green bell pepper, red bell pepper, white onion, jalapeno peppers, garlic, thyme, oregano, ground coriander, rice, medium shrimp, roma tomatoes, fresh green beans, black olives",overcook,5,"['garlic,wine,cook,spice,t,c,ice,mix,s,p,in,re,l,spices,d,b,nt,e,o,bit']"
108731,paella  ala electric skillet,"chicken broth, white wine, vermouth, turmeric, paprika, boneless skinless chicken thighs, italian sausage, olive oil, green bell pepper, red bell pepper, white onion, jalapeno peppers, garlic, thyme, oregano, ground coriander, rice, medium shrimp, roma tomatoes, fresh green beans, black olives",bitter,5,"['garlic,wine,cook,spice,t,c,ice,mix,s,p,in,re,l,spices,d,b,nt,e,o,bit']"
108731,paella  ala electric skillet,"chicken broth, white wine, vermouth, turmeric, paprika, boneless skinless chicken thighs, italian sausage, olive oil, green bell pepper, red bell pepper, white onion, jalapeno peppers, garlic, thyme, oregano, ground coriander, rice, medium shrimp, roma tomatoes, fresh green beans, black olives",stir,5,"['garlic,wine,cook,spice,t,c,ice,mix,s,p,in,re,l,spices,d,b,nt,e,o,bit']"
108731,paella  ala electric skillet,"chicken broth, white wine, vermouth, turmeric, paprika, boneless skinless chicken thighs, italian sausage, olive oil, green bell pepper, red bell pepper, white onion, jalapeno peppers, garlic, thyme, oregano, ground coriander, rice, medium shrimp, roma tomatoes, fresh green beans, black olives",stir,6,"['brown,wine,t,mix,blend,s,p,end,in,meat,re,l,d,b,e,o']"
108731,paella  ala electric skillet,"chicken broth, white wine, vermouth, turmeric, paprika, boneless skinless chicken thighs, italian sausage, olive oil, green bell pepper, red bell pepper, white onion, jalapeno peppers, garlic, thyme, oregano, ground coriander, rice, medium shrimp, roma tomatoes, fresh green beans, black olives",stir,7,"['oil,read,rice,t,c,ice,boil,min,s,p,in,f,-,re,ad,l,d,b,nt,e,ring,nut,o,y']"
108731,paella  ala electric skillet,"chicken broth, white wine, vermouth, turmeric, paprika, boneless skinless chicken thighs, italian sausage, olive oil, green bell pepper, red bell pepper, white onion, jalapeno peppers, garlic, thyme, oregano, ground coriander, rice, medium shrimp, roma tomatoes, fresh green beans, black olives",stir,8,"['tomatoes,tomato,beans,bean,olive,read,shrimp,olives,t,c,mix,s,p,in,top,hr,re,ad,l,d,b,nt,e,o']"
108731,paella  ala electric skillet,"chicken broth, white wine, vermouth, turmeric, paprika, boneless skinless chicken thighs, italian sausage, olive oil, green bell pepper, red bell pepper, white onion, jalapeno peppers, garlic, thyme, oregano, ground coriander, rice, medium shrimp, roma tomatoes, fresh green beans, black olives",stir,10,"['t,c,min,heat,s,in,f,-,l,d,e,nut,o']"
108731,paella  ala electric skillet,"chicken broth, white wine, vermouth, turmeric, paprika, boneless skinless chicken thighs, italian sausage, olive oil, green bell pepper, red bell pepper, white onion, jalapeno peppers, garlic, thyme, oregano, ground coriander, rice, medium shrimp, roma tomatoes, fresh green beans, black olives",stir,11,"['t,c,min,heat,s,in,f,re,l,d,e,nut,o']"
108731,paella  ala electric skillet,"chicken broth, white wine, vermouth, turmeric, paprika, boneless skinless chicken thighs, italian sausage, olive oil, green bell pepper, red bell pepper, white onion, jalapeno peppers, garlic, thyme, oregano, ground coriander, rice, medium shrimp, roma tomatoes, fresh green beans, black olives",return,6,"['brown,wine,t,mix,blend,s,p,end,in,meat,re,l,d,b,e,o']"
108731,paella  ala electric skillet,"chicken broth, white wine, vermouth, turmeric, paprika, boneless skinless chicken thighs, italian sausage, olive oil, green bell pepper, red bell pepper, white onion, jalapeno peppers, garlic, thyme, oregano, ground coriander, rice, medium shrimp, roma tomatoes, fresh green beans, black olives",skillet,6,"['brown,wine,t,mix,blend,s,p,end,in,meat,re,l,d,b,e,o']"
108731,paella  ala electric skillet,"chicken broth, white wine, vermouth, turmeric, paprika, boneless skinless chicken thighs, italian sausage, olive oil, green bell pepper, red bell pepper, white onion, jalapeno peppers, garlic, thyme, oregano, ground coriander, rice, medium shrimp, roma tomatoes, fresh green beans, black olives",pour,6,"['brown,wine,t,mix,blend,s,p,end,in,meat,re,l,d,b,e,o']"
108731,paella  ala electric skillet,"chicken broth, white wine, vermouth, turmeric, paprika, boneless skinless chicken thighs, italian sausage, olive oil, green bell pepper, red bell pepper, white onion, jalapeno peppers, garlic, thyme, oregano, ground coriander, rice, medium shrimp, roma tomatoes, fresh green beans, black olives",blend,6,"['brown,wine,t,mix,blend,s,p,end,in,meat,re,l,d,b,e,o']"
108731,paella  ala electric skillet,"chicken broth, white wine, vermouth, turmeric, paprika, boneless skinless chicken thighs, italian sausage, olive oil, green bell pepper, red bell pepper, white onion, jalapeno peppers, garlic, thyme, oregano, ground coriander, rice, medium shrimp, roma tomatoes, fresh green beans, black olives",spread,7,"['oil,read,rice,t,c,ice,boil,min,s,p,in,f,-,re,ad,l,d,b,nt,e,ring,nut,o,y']"
108731,paella  ala electric skillet,"chicken broth, white wine, vermouth, turmeric, paprika, boneless skinless chicken thighs, italian sausage, olive oil, green bell pepper, red bell pepper, white onion, jalapeno peppers, garlic, thyme, oregano, ground coriander, rice, medium shrimp, roma tomatoes, fresh green beans, black olives",spread,8,"['tomatoes,tomato,beans,bean,olive,read,shrimp,olives,t,c,mix,s,p,in,top,hr,re,ad,l,d,b,nt,e,o']"
108731,paella  ala electric skillet,"chicken broth, white wine, vermouth, turmeric, paprika, boneless skinless chicken thighs, italian sausage, olive oil, green bell pepper, red bell pepper, white onion, jalapeno peppers, garlic, thyme, oregano, ground coriander, rice, medium shrimp, roma tomatoes, fresh green beans, black olives",boil,9,"['oil,t,c,boil,min,s,in,f,-,l,b,e,nut,o']"
108731,paella  ala electric skillet,"chicken broth, white wine, vermouth, turmeric, paprika, boneless skinless chicken thighs, italian sausage, olive oil, green bell pepper, red bell pepper, white onion, jalapeno peppers, garlic, thyme, oregano, ground coriander, rice, medium shrimp, roma tomatoes, fresh green beans, black olives",cover,9,"['oil,t,c,boil,min,s,in,f,-,l,b,e,nut,o']"
108731,paella  ala electric skillet,"chicken broth, white wine, vermouth, turmeric, paprika, boneless skinless chicken thighs, italian sausage, olive oil, green bell pepper, red bell pepper, white onion, jalapeno peppers, garlic, thyme, oregano, ground coriander, rice, medium shrimp, roma tomatoes, fresh green beans, black olives",cover,10,"['t,c,min,heat,s,in,f,-,l,d,e,nut,o']"
108731,paella  ala electric skillet,"chicken broth, white wine, vermouth, turmeric, paprika, boneless skinless chicken thighs, italian sausage, olive oil, green bell pepper, red bell pepper, white onion, jalapeno peppers, garlic, thyme, oregano, ground coriander, rice, medium shrimp, roma tomatoes, fresh green beans, black olives",cover,11,"['t,c,min,heat,s,in,f,re,l,d,e,nut,o']"
108731,paella  ala electric skillet,"chicken broth, white wine, vermouth, turmeric, paprika, boneless skinless chicken thighs, italian sausage, olive oil, green bell pepper, red bell pepper, white onion, jalapeno peppers, garlic, thyme, oregano, ground coriander, rice, medium shrimp, roma tomatoes, fresh green beans, black olives",turn,10,"['t,c,min,heat,s,in,f,-,l,d,e,nut,o']"
108731,paella  ala electric skillet,"chicken broth, white wine, vermouth, turmeric, paprika, boneless skinless chicken thighs, italian sausage, olive oil, green bell pepper, red bell pepper, white onion, jalapeno peppers, garlic, thyme, oregano, ground coriander, rice, medium shrimp, roma tomatoes, fresh green beans, black olives",turn,11,"['t,c,min,heat,s,in,f,re,l,d,e,nut,o']"
108731,paella  ala electric skillet,"chicken broth, white wine, vermouth, turmeric, paprika, boneless skinless chicken thighs, italian sausage, olive oil, green bell pepper, red bell pepper, white onion, jalapeno peppers, garlic, thyme, oregano, ground coriander, rice, medium shrimp, roma tomatoes, fresh green beans, black olives",lift,10,"['t,c,min,heat,s,in,f,-,l,d,e,nut,o']"
108731,paella  ala electric skillet,"chicken broth, white wine, vermouth, turmeric, paprika, boneless skinless chicken thighs, italian sausage, olive oil, green bell pepper, red bell pepper, white onion, jalapeno peppers, garlic, thyme, oregano, ground coriander, rice, medium shrimp, roma tomatoes, fresh green beans, black olives",lift,11,"['t,c,min,heat,s,in,f,re,l,d,e,nut,o']"
108731,paella  ala electric skillet,"chicken broth, white wine, vermouth, turmeric, paprika, boneless skinless chicken thighs, italian sausage, olive oil, green bell pepper, red bell pepper, white onion, jalapeno peppers, garlic, thyme, oregano, ground coriander, rice, medium shrimp, roma tomatoes, fresh green beans, black olives",rest,11,"['t,c,min,heat,s,in,f,re,l,d,e,nut,o']"
108731,paella  ala electric skillet,"chicken broth, white wine, vermouth, turmeric, paprika, boneless skinless chicken thighs, italian sausage, olive oil, green bell pepper, red bell pepper, white onion, jalapeno peppers, garlic, thyme, oregano, ground coriander, rice, medium shrimp, roma tomatoes, fresh green beans, black olives",enjoy,12,"['c,p,can,-,e,o,y']"
