Id,Name,AllIngredients,Verbs,Steps,Ingredient
110193,bombay fish and chips with curried coleslaw and dipping sauce,"mayonnaise, fresh lime juice, curry powder, green cabbage, carrots, green onions, dried currants, tabasco sauce, sweet potatoes, oil, salt, fresh ground black pepper, mackerel fillet, lemons, juice of, ginger paste, garlic paste, sambal oelek, chickpea flour, chat masala, egg, vegetable oil, orange food coloring",fillets,1,"['garlic,ginger,salt,orange,juice,egg,lemon,t,c,ice,fillets,s,in,color,mackerel']"
110193,bombay fish and chips with curried coleslaw and dipping sauce,"mayonnaise, fresh lime juice, curry powder, green cabbage, carrots, green onions, dried currants, tabasco sauce, sweet potatoes, oil, salt, fresh ground black pepper, mackerel fillet, lemons, juice of, ginger paste, garlic paste, sambal oelek, chickpea flour, chat masala, egg, vegetable oil, orange food coloring",cut,2,"['water,pot,potatoes,t,c,sticks,potato,stick,s,p,in']"
110193,bombay fish and chips with curried coleslaw and dipping sauce,"mayonnaise, fresh lime juice, curry powder, green cabbage, carrots, green onions, dried currants, tabasco sauce, sweet potatoes, oil, salt, fresh ground black pepper, mackerel fillet, lemons, juice of, ginger paste, garlic paste, sambal oelek, chickpea flour, chat masala, egg, vegetable oil, orange food coloring",allow,2,"['water,pot,potatoes,t,c,sticks,potato,stick,s,p,in']"
110193,bombay fish and chips with curried coleslaw and dipping sauce,"mayonnaise, fresh lime juice, curry powder, green cabbage, carrots, green onions, dried currants, tabasco sauce, sweet potatoes, oil, salt, fresh ground black pepper, mackerel fillet, lemons, juice of, ginger paste, garlic paste, sambal oelek, chickpea flour, chat masala, egg, vegetable oil, orange food coloring",allow,3,"['pepper,salt,juice,carrots,onion,cabbage,carrot,season,lemon,onions,sea,t,c,ice,min,cab,mix,s,p,in,currants']"
110193,bombay fish and chips with curried coleslaw and dipping sauce,"mayonnaise, fresh lime juice, curry powder, green cabbage, carrots, green onions, dried currants, tabasco sauce, sweet potatoes, oil, salt, fresh ground black pepper, mackerel fillet, lemons, juice of, ginger paste, garlic paste, sambal oelek, chickpea flour, chat masala, egg, vegetable oil, orange food coloring",soak,2,"['water,pot,potatoes,t,c,sticks,potato,stick,s,p,in']"
110193,bombay fish and chips with curried coleslaw and dipping sauce,"mayonnaise, fresh lime juice, curry powder, green cabbage, carrots, green onions, dried currants, tabasco sauce, sweet potatoes, oil, salt, fresh ground black pepper, mackerel fillet, lemons, juice of, ginger paste, garlic paste, sambal oelek, chickpea flour, chat masala, egg, vegetable oil, orange food coloring",mix,3,"['pepper,salt,juice,carrots,onion,cabbage,carrot,season,lemon,onions,sea,t,c,ice,min,cab,mix,s,p,in,currants']"
110193,bombay fish and chips with curried coleslaw and dipping sauce,"mayonnaise, fresh lime juice, curry powder, green cabbage, carrots, green onions, dried currants, tabasco sauce, sweet potatoes, oil, salt, fresh ground black pepper, mackerel fillet, lemons, juice of, ginger paste, garlic paste, sambal oelek, chickpea flour, chat masala, egg, vegetable oil, orange food coloring",mix,5,"['sauce,powder,mayonnaise,tabasco,curry,t,c,mayo,mix,s,p,in']"
110193,bombay fish and chips with curried coleslaw and dipping sauce,"mayonnaise, fresh lime juice, curry powder, green cabbage, carrots, green onions, dried currants, tabasco sauce, sweet potatoes, oil, salt, fresh ground black pepper, mackerel fillet, lemons, juice of, ginger paste, garlic paste, sambal oelek, chickpea flour, chat masala, egg, vegetable oil, orange food coloring",mix,6,"['cabbage,t,c,cab,mayo,mix']"
110193,bombay fish and chips with curried coleslaw and dipping sauce,"mayonnaise, fresh lime juice, curry powder, green cabbage, carrots, green onions, dried currants, tabasco sauce, sweet potatoes, oil, salt, fresh ground black pepper, mackerel fillet, lemons, juice of, ginger paste, garlic paste, sambal oelek, chickpea flour, chat masala, egg, vegetable oil, orange food coloring",shredded,3,"['pepper,salt,juice,carrots,onion,cabbage,carrot,season,lemon,onions,sea,t,c,ice,min,cab,mix,s,p,in,currants']"
110193,bombay fish and chips with curried coleslaw and dipping sauce,"mayonnaise, fresh lime juice, curry powder, green cabbage, carrots, green onions, dried currants, tabasco sauce, sweet potatoes, oil, salt, fresh ground black pepper, mackerel fillet, lemons, juice of, ginger paste, garlic paste, sambal oelek, chickpea flour, chat masala, egg, vegetable oil, orange food coloring",sit,3,"['pepper,salt,juice,carrots,onion,cabbage,carrot,season,lemon,onions,sea,t,c,ice,min,cab,mix,s,p,in,currants']"
110193,bombay fish and chips with curried coleslaw and dipping sauce,"mayonnaise, fresh lime juice, curry powder, green cabbage, carrots, green onions, dried currants, tabasco sauce, sweet potatoes, oil, salt, fresh ground black pepper, mackerel fillet, lemons, juice of, ginger paste, garlic paste, sambal oelek, chickpea flour, chat masala, egg, vegetable oil, orange food coloring",squeeze,4,"['t,c,s,coleslaw']"
110193,bombay fish and chips with curried coleslaw and dipping sauce,"mayonnaise, fresh lime juice, curry powder, green cabbage, carrots, green onions, dried currants, tabasco sauce, sweet potatoes, oil, salt, fresh ground black pepper, mackerel fillet, lemons, juice of, ginger paste, garlic paste, sambal oelek, chickpea flour, chat masala, egg, vegetable oil, orange food coloring",get,4,"['t,c,s,coleslaw']"
110193,bombay fish and chips with curried coleslaw and dipping sauce,"mayonnaise, fresh lime juice, curry powder, green cabbage, carrots, green onions, dried currants, tabasco sauce, sweet potatoes, oil, salt, fresh ground black pepper, mackerel fillet, lemons, juice of, ginger paste, garlic paste, sambal oelek, chickpea flour, chat masala, egg, vegetable oil, orange food coloring",curry,5,"['sauce,powder,mayonnaise,tabasco,curry,t,c,mayo,mix,s,p,in']"
110193,bombay fish and chips with curried coleslaw and dipping sauce,"mayonnaise, fresh lime juice, curry powder, green cabbage, carrots, green onions, dried currants, tabasco sauce, sweet potatoes, oil, salt, fresh ground black pepper, mackerel fillet, lemons, juice of, ginger paste, garlic paste, sambal oelek, chickpea flour, chat masala, egg, vegetable oil, orange food coloring",refrigerate,6,"['cabbage,t,c,cab,mayo,mix']"
110193,bombay fish and chips with curried coleslaw and dipping sauce,"mayonnaise, fresh lime juice, curry powder, green cabbage, carrots, green onions, dried currants, tabasco sauce, sweet potatoes, oil, salt, fresh ground black pepper, mackerel fillet, lemons, juice of, ginger paste, garlic paste, sambal oelek, chickpea flour, chat masala, egg, vegetable oil, orange food coloring",drained,7,"['oil,pan,pot,t,c,heat,sticks,potato,stick,s,p,in']"
110193,bombay fish and chips with curried coleslaw and dipping sauce,"mayonnaise, fresh lime juice, curry powder, green cabbage, carrots, green onions, dried currants, tabasco sauce, sweet potatoes, oil, salt, fresh ground black pepper, mackerel fillet, lemons, juice of, ginger paste, garlic paste, sambal oelek, chickpea flour, chat masala, egg, vegetable oil, orange food coloring",patted,7,"['oil,pan,pot,t,c,heat,sticks,potato,stick,s,p,in']"
110193,bombay fish and chips with curried coleslaw and dipping sauce,"mayonnaise, fresh lime juice, curry powder, green cabbage, carrots, green onions, dried currants, tabasco sauce, sweet potatoes, oil, salt, fresh ground black pepper, mackerel fillet, lemons, juice of, ginger paste, garlic paste, sambal oelek, chickpea flour, chat masala, egg, vegetable oil, orange food coloring",hold,8,"['read,t,s,in']"
110193,bombay fish and chips with curried coleslaw and dipping sauce,"mayonnaise, fresh lime juice, curry powder, green cabbage, carrots, green onions, dried currants, tabasco sauce, sweet potatoes, oil, salt, fresh ground black pepper, mackerel fillet, lemons, juice of, ginger paste, garlic paste, sambal oelek, chickpea flour, chat masala, egg, vegetable oil, orange food coloring",serve,8,"['read,t,s,in']"
110193,bombay fish and chips with curried coleslaw and dipping sauce,"mayonnaise, fresh lime juice, curry powder, green cabbage, carrots, green onions, dried currants, tabasco sauce, sweet potatoes, oil, salt, fresh ground black pepper, mackerel fillet, lemons, juice of, ginger paste, garlic paste, sambal oelek, chickpea flour, chat masala, egg, vegetable oil, orange food coloring",serve,12,"['lemon,t,c,ice,fish,slice,fillets,s,p,coleslaw,fillet']"
110193,bombay fish and chips with curried coleslaw and dipping sauce,"mayonnaise, fresh lime juice, curry powder, green cabbage, carrots, green onions, dried currants, tabasco sauce, sweet potatoes, oil, salt, fresh ground black pepper, mackerel fillet, lemons, juice of, ginger paste, garlic paste, sambal oelek, chickpea flour, chat masala, egg, vegetable oil, orange food coloring",dredge,10,"['flour,t,c,fish,s,p,in,fillet']"
110193,bombay fish and chips with curried coleslaw and dipping sauce,"mayonnaise, fresh lime juice, curry powder, green cabbage, carrots, green onions, dried currants, tabasco sauce, sweet potatoes, oil, salt, fresh ground black pepper, mackerel fillet, lemons, juice of, ginger paste, garlic paste, sambal oelek, chickpea flour, chat masala, egg, vegetable oil, orange food coloring",remove,11,"['masala,t,c,s,p,in,chat']"
110193,bombay fish and chips with curried coleslaw and dipping sauce,"mayonnaise, fresh lime juice, curry powder, green cabbage, carrots, green onions, dried currants, tabasco sauce, sweet potatoes, oil, salt, fresh ground black pepper, mackerel fillet, lemons, juice of, ginger paste, garlic paste, sambal oelek, chickpea flour, chat masala, egg, vegetable oil, orange food coloring",sprinkle,11,"['masala,t,c,s,p,in,chat']"
