Id,Name,AllIngredients,Verbs,Steps,Ingredient
110159,shanghai wings   copycat chili s by todd wilbur,"water, cornstarch, dark brown sugar, soy sauce, fresh ginger, garlic, lime juice, lemon juice, crushed red pepper flakes, ranch salad dressing, buttermilk, prepared horseradish, wasabi powder, green food coloring, all-purpose flour, salt, ground black pepper, cayenne pepper, paprika, egg, milk, chicken breast fillets, vegetable oil",combine,1,{}
110159,shanghai wings   copycat chili s by todd wilbur,"water, cornstarch, dark brown sugar, soy sauce, fresh ginger, garlic, lime juice, lemon juice, crushed red pepper flakes, ranch salad dressing, buttermilk, prepared horseradish, wasabi powder, green food coloring, all-purpose flour, salt, ground black pepper, cayenne pepper, paprika, egg, milk, chicken breast fillets, vegetable oil",whisk,2,"['egg,milk,t,s,in,l,d,b,e,o,g']"
110159,shanghai wings   copycat chili s by todd wilbur,"water, cornstarch, dark brown sugar, soy sauce, fresh ginger, garlic, lime juice, lemon juice, crushed red pepper flakes, ranch salad dressing, buttermilk, prepared horseradish, wasabi powder, green food coloring, all-purpose flour, salt, ground black pepper, cayenne pepper, paprika, egg, milk, chicken breast fillets, vegetable oil",whisk,13,"['powder,butter,buttermilk,milk,t,c,dressing,ranch,s,p,horseradish,in,food,coloring,color,wasabi,dish,radish,de,f,re,ad,red,l,d,b,e,green,ring,horse,butt,o,y,g']"
110159,shanghai wings   copycat chili s by todd wilbur,"water, cornstarch, dark brown sugar, soy sauce, fresh ginger, garlic, lime juice, lemon juice, crushed red pepper flakes, ranch salad dressing, buttermilk, prepared horseradish, wasabi powder, green food coloring, all-purpose flour, salt, ground black pepper, cayenne pepper, paprika, egg, milk, chicken breast fillets, vegetable oil",slice,3,"['chicken,breast,t,c,ice,slice,s,p,in,pie,re,chick,l,pieces,b,nt,e,o']"
110159,shanghai wings   copycat chili s by todd wilbur,"water, cornstarch, dark brown sugar, soy sauce, fresh ginger, garlic, lime juice, lemon juice, crushed red pepper flakes, ranch salad dressing, buttermilk, prepared horseradish, wasabi powder, green food coloring, all-purpose flour, salt, ground black pepper, cayenne pepper, paprika, egg, milk, chicken breast fillets, vegetable oil",preheat,4,"['oil,t,c,heat,s,p,can,in,canola,de,f,re,l,d,e,rye,o,y,g']"
110159,shanghai wings   copycat chili s by todd wilbur,"water, cornstarch, dark brown sugar, soy sauce, fresh ginger, garlic, lime juice, lemon juice, crushed red pepper flakes, ranch salad dressing, buttermilk, prepared horseradish, wasabi powder, green food coloring, all-purpose flour, salt, ground black pepper, cayenne pepper, paprika, egg, milk, chicken breast fillets, vegetable oil",dip,5,"['egg,chicken,read,bread,t,c,mix,blend,p,end,in,pie,dip,f,one,re,chick,ad,l,d,b,nt,e,o,g']"
110159,shanghai wings   copycat chili s by todd wilbur,"water, cornstarch, dark brown sugar, soy sauce, fresh ginger, garlic, lime juice, lemon juice, crushed red pepper flakes, ranch salad dressing, buttermilk, prepared horseradish, wasabi powder, green food coloring, all-purpose flour, salt, ground black pepper, cayenne pepper, paprika, egg, milk, chicken breast fillets, vegetable oil",breading,5,"['egg,chicken,read,bread,t,c,mix,blend,p,end,in,pie,dip,f,one,re,chick,ad,l,d,b,nt,e,o,g']"
110159,shanghai wings   copycat chili s by todd wilbur,"water, cornstarch, dark brown sugar, soy sauce, fresh ginger, garlic, lime juice, lemon juice, crushed red pepper flakes, ranch salad dressing, buttermilk, prepared horseradish, wasabi powder, green food coloring, all-purpose flour, salt, ground black pepper, cayenne pepper, paprika, egg, milk, chicken breast fillets, vegetable oil",repeat,6,"['chicken,t,c,oat,pea,s,p,pie,f,-,re,chick,l,d,b,e,o']"
110159,shanghai wings   copycat chili s by todd wilbur,"water, cornstarch, dark brown sugar, soy sauce, fresh ginger, garlic, lime juice, lemon juice, crushed red pepper flakes, ranch salad dressing, buttermilk, prepared horseradish, wasabi powder, green food coloring, all-purpose flour, salt, ground black pepper, cayenne pepper, paprika, egg, milk, chicken breast fillets, vegetable oil",is,6,"['chicken,t,c,oat,pea,s,p,pie,f,-,re,chick,l,d,b,e,o']"
110159,shanghai wings   copycat chili s by todd wilbur,"water, cornstarch, dark brown sugar, soy sauce, fresh ginger, garlic, lime juice, lemon juice, crushed red pepper flakes, ranch salad dressing, buttermilk, prepared horseradish, wasabi powder, green food coloring, all-purpose flour, salt, ground black pepper, cayenne pepper, paprika, egg, milk, chicken breast fillets, vegetable oil",is,15,"['oil,brown,chicken,read,cook,t,c,min,rack,s,p,end,in,wings,boneless,paper,de,pie,f,one,wing,re,chick,ad,l,pieces,d,b,nt,e,rye,nut,size,o,y,g,v']"
110159,shanghai wings   copycat chili s by todd wilbur,"water, cornstarch, dark brown sugar, soy sauce, fresh ginger, garlic, lime juice, lemon juice, crushed red pepper flakes, ranch salad dressing, buttermilk, prepared horseradish, wasabi powder, green food coloring, all-purpose flour, salt, ground black pepper, cayenne pepper, paprika, egg, milk, chicken breast fillets, vegetable oil",breaded,7,"['chicken,read,bread,t,c,min,s,p,in,de,pie,f,re,chick,ad,l,pieces,d,b,e,nut,o,g,v']"
110159,shanghai wings   copycat chili s by todd wilbur,"water, cornstarch, dark brown sugar, soy sauce, fresh ginger, garlic, lime juice, lemon juice, crushed red pepper flakes, ranch salad dressing, buttermilk, prepared horseradish, wasabi powder, green food coloring, all-purpose flour, salt, ground black pepper, cayenne pepper, paprika, egg, milk, chicken breast fillets, vegetable oil",arrange,7,"['chicken,read,bread,t,c,min,s,p,in,de,pie,f,re,chick,ad,l,pieces,d,b,e,nut,o,g,v']"
110159,shanghai wings   copycat chili s by todd wilbur,"water, cornstarch, dark brown sugar, soy sauce, fresh ginger, garlic, lime juice, lemon juice, crushed red pepper flakes, ranch salad dressing, buttermilk, prepared horseradish, wasabi powder, green food coloring, all-purpose flour, salt, ground black pepper, cayenne pepper, paprika, egg, milk, chicken breast fillets, vegetable oil",chill,7,"['chicken,read,bread,t,c,min,s,p,in,de,pie,f,re,chick,ad,l,pieces,d,b,e,nut,o,g,v']"
110159,shanghai wings   copycat chili s by todd wilbur,"water, cornstarch, dark brown sugar, soy sauce, fresh ginger, garlic, lime juice, lemon juice, crushed red pepper flakes, ranch salad dressing, buttermilk, prepared horseradish, wasabi powder, green food coloring, all-purpose flour, salt, ground black pepper, cayenne pepper, paprika, egg, milk, chicken breast fillets, vegetable oil",chill,14,"['t,c,s,in,wings,one,wing,re,l,d,nt,e,o,g,v']"
110159,shanghai wings   copycat chili s by todd wilbur,"water, cornstarch, dark brown sugar, soy sauce, fresh ginger, garlic, lime juice, lemon juice, crushed red pepper flakes, ranch salad dressing, buttermilk, prepared horseradish, wasabi powder, green food coloring, all-purpose flour, salt, ground black pepper, cayenne pepper, paprika, egg, milk, chicken breast fillets, vegetable oil",resting,8,"['sauce,ginger,water,chicken,corn,starch,t,c,star,s,in,vin,tar,au,-,re,chick,l,d,b,e,gin,o,y,g,v']"
110159,shanghai wings   copycat chili s by todd wilbur,"water, cornstarch, dark brown sugar, soy sauce, fresh ginger, garlic, lime juice, lemon juice, crushed red pepper flakes, ranch salad dressing, buttermilk, prepared horseradish, wasabi powder, green food coloring, all-purpose flour, salt, ground black pepper, cayenne pepper, paprika, egg, milk, chicken breast fillets, vegetable oil",make,8,"['sauce,ginger,water,chicken,corn,starch,t,c,star,s,in,vin,tar,au,-,re,chick,l,d,b,e,gin,o,y,g,v']"
110159,shanghai wings   copycat chili s by todd wilbur,"water, cornstarch, dark brown sugar, soy sauce, fresh ginger, garlic, lime juice, lemon juice, crushed red pepper flakes, ranch salad dressing, buttermilk, prepared horseradish, wasabi powder, green food coloring, all-purpose flour, salt, ground black pepper, cayenne pepper, paprika, egg, milk, chicken breast fillets, vegetable oil",make,12,"['sauce,ginger,t,c,dressing,ranch,s,in,wasabi,au,-,re,l,d,b,e,ring,gin,o,y,g']"
110159,shanghai wings   copycat chili s by todd wilbur,"water, cornstarch, dark brown sugar, soy sauce, fresh ginger, garlic, lime juice, lemon juice, crushed red pepper flakes, ranch salad dressing, buttermilk, prepared horseradish, wasabi powder, green food coloring, all-purpose flour, salt, ground black pepper, cayenne pepper, paprika, egg, milk, chicken breast fillets, vegetable oil",dissolving,8,"['sauce,ginger,water,chicken,corn,starch,t,c,star,s,in,vin,tar,au,-,re,chick,l,d,b,e,gin,o,y,g,v']"
110159,shanghai wings   copycat chili s by todd wilbur,"water, cornstarch, dark brown sugar, soy sauce, fresh ginger, garlic, lime juice, lemon juice, crushed red pepper flakes, ranch salad dressing, buttermilk, prepared horseradish, wasabi powder, green food coloring, all-purpose flour, salt, ground black pepper, cayenne pepper, paprika, egg, milk, chicken breast fillets, vegetable oil",pour,9,"['sauce,oil,water,pan,t,c,boil,heat,mix,s,p,in,medium,f,au,re,red,l,d,b,nt,e,ring,o,g,ts,v']"
110159,shanghai wings   copycat chili s by todd wilbur,"water, cornstarch, dark brown sugar, soy sauce, fresh ginger, garlic, lime juice, lemon juice, crushed red pepper flakes, ranch salad dressing, buttermilk, prepared horseradish, wasabi powder, green food coloring, all-purpose flour, salt, ground black pepper, cayenne pepper, paprika, egg, milk, chicken breast fillets, vegetable oil",pour,17,"['sauce,ginger,chicken,t,c,oat,s,p,in,round,pie,f,au,-,chick,l,d,nt,e,gin,o,y,g,v']"
110159,shanghai wings   copycat chili s by todd wilbur,"water, cornstarch, dark brown sugar, soy sauce, fresh ginger, garlic, lime juice, lemon juice, crushed red pepper flakes, ranch salad dressing, buttermilk, prepared horseradish, wasabi powder, green food coloring, all-purpose flour, salt, ground black pepper, cayenne pepper, paprika, egg, milk, chicken breast fillets, vegetable oil",pour,18,"['chicken,t,c,dressing,ranch,s,p,in,wasabi,dish,de,-,re,chick,l,d,b,nt,e,o,g,v']"
110159,shanghai wings   copycat chili s by todd wilbur,"water, cornstarch, dark brown sugar, soy sauce, fresh ginger, garlic, lime juice, lemon juice, crushed red pepper flakes, ranch salad dressing, buttermilk, prepared horseradish, wasabi powder, green food coloring, all-purpose flour, salt, ground black pepper, cayenne pepper, paprika, egg, milk, chicken breast fillets, vegetable oil",bring,9,"['sauce,oil,water,pan,t,c,boil,heat,mix,s,p,in,medium,f,au,re,red,l,d,b,nt,e,ring,o,g,ts,v']"
110159,shanghai wings   copycat chili s by todd wilbur,"water, cornstarch, dark brown sugar, soy sauce, fresh ginger, garlic, lime juice, lemon juice, crushed red pepper flakes, ranch salad dressing, buttermilk, prepared horseradish, wasabi powder, green food coloring, all-purpose flour, salt, ground black pepper, cayenne pepper, paprika, egg, milk, chicken breast fillets, vegetable oil",begins,10,"['sauce,t,c,min,heat,s,in,f,au,re,red,l,d,b,nt,e,gin,nut,o,g']"
110159,shanghai wings   copycat chili s by todd wilbur,"water, cornstarch, dark brown sugar, soy sauce, fresh ginger, garlic, lime juice, lemon juice, crushed red pepper flakes, ranch salad dressing, buttermilk, prepared horseradish, wasabi powder, green food coloring, all-purpose flour, salt, ground black pepper, cayenne pepper, paprika, egg, milk, chicken breast fillets, vegetable oil",bubble,10,"['sauce,t,c,min,heat,s,in,f,au,re,red,l,d,b,nt,e,gin,nut,o,g']"
110159,shanghai wings   copycat chili s by todd wilbur,"water, cornstarch, dark brown sugar, soy sauce, fresh ginger, garlic, lime juice, lemon juice, crushed red pepper flakes, ranch salad dressing, buttermilk, prepared horseradish, wasabi powder, green food coloring, all-purpose flour, salt, ground black pepper, cayenne pepper, paprika, egg, milk, chicken breast fillets, vegetable oil",reduce,10,"['sauce,t,c,min,heat,s,in,f,au,re,red,l,d,b,nt,e,gin,nut,o,g']"
110159,shanghai wings   copycat chili s by todd wilbur,"water, cornstarch, dark brown sugar, soy sauce, fresh ginger, garlic, lime juice, lemon juice, crushed red pepper flakes, ranch salad dressing, buttermilk, prepared horseradish, wasabi powder, green food coloring, all-purpose flour, salt, ground black pepper, cayenne pepper, paprika, egg, milk, chicken breast fillets, vegetable oil",simmer,10,"['sauce,t,c,min,heat,s,in,f,au,re,red,l,d,b,nt,e,gin,nut,o,g']"
110159,shanghai wings   copycat chili s by todd wilbur,"water, cornstarch, dark brown sugar, soy sauce, fresh ginger, garlic, lime juice, lemon juice, crushed red pepper flakes, ranch salad dressing, buttermilk, prepared horseradish, wasabi powder, green food coloring, all-purpose flour, salt, ground black pepper, cayenne pepper, paprika, egg, milk, chicken breast fillets, vegetable oil",remove,11,"['sauce,t,c,heat,s,f,au,re,l,d,b,e,o,bit,v']"
110159,shanghai wings   copycat chili s by todd wilbur,"water, cornstarch, dark brown sugar, soy sauce, fresh ginger, garlic, lime juice, lemon juice, crushed red pepper flakes, ranch salad dressing, buttermilk, prepared horseradish, wasabi powder, green food coloring, all-purpose flour, salt, ground black pepper, cayenne pepper, paprika, egg, milk, chicken breast fillets, vegetable oil",remove,15,"['oil,brown,chicken,read,cook,t,c,min,rack,s,p,end,in,wings,boneless,paper,de,pie,f,one,wing,re,chick,ad,l,pieces,d,b,nt,e,rye,nut,size,o,y,g,v']"
110159,shanghai wings   copycat chili s by todd wilbur,"water, cornstarch, dark brown sugar, soy sauce, fresh ginger, garlic, lime juice, lemon juice, crushed red pepper flakes, ranch salad dressing, buttermilk, prepared horseradish, wasabi powder, green food coloring, all-purpose flour, salt, ground black pepper, cayenne pepper, paprika, egg, milk, chicken breast fillets, vegetable oil",let,11,"['sauce,t,c,heat,s,f,au,re,l,d,b,e,o,bit,v']"
110159,shanghai wings   copycat chili s by todd wilbur,"water, cornstarch, dark brown sugar, soy sauce, fresh ginger, garlic, lime juice, lemon juice, crushed red pepper flakes, ranch salad dressing, buttermilk, prepared horseradish, wasabi powder, green food coloring, all-purpose flour, salt, ground black pepper, cayenne pepper, paprika, egg, milk, chicken breast fillets, vegetable oil",cool,11,"['sauce,t,c,heat,s,f,au,re,l,d,b,e,o,bit,v']"
110159,shanghai wings   copycat chili s by todd wilbur,"water, cornstarch, dark brown sugar, soy sauce, fresh ginger, garlic, lime juice, lemon juice, crushed red pepper flakes, ranch salad dressing, buttermilk, prepared horseradish, wasabi powder, green food coloring, all-purpose flour, salt, ground black pepper, cayenne pepper, paprika, egg, milk, chicken breast fillets, vegetable oil",simmering,12,"['sauce,ginger,t,c,dressing,ranch,s,in,wasabi,au,-,re,l,d,b,e,ring,gin,o,y,g']"
110159,shanghai wings   copycat chili s by todd wilbur,"water, cornstarch, dark brown sugar, soy sauce, fresh ginger, garlic, lime juice, lemon juice, crushed red pepper flakes, ranch salad dressing, buttermilk, prepared horseradish, wasabi powder, green food coloring, all-purpose flour, salt, ground black pepper, cayenne pepper, paprika, egg, milk, chicken breast fillets, vegetable oil",prepared,13,"['powder,butter,buttermilk,milk,t,c,dressing,ranch,s,p,horseradish,in,food,coloring,color,wasabi,dish,radish,de,f,re,ad,red,l,d,b,e,green,ring,horse,butt,o,y,g']"
110159,shanghai wings   copycat chili s by todd wilbur,"water, cornstarch, dark brown sugar, soy sauce, fresh ginger, garlic, lime juice, lemon juice, crushed red pepper flakes, ranch salad dressing, buttermilk, prepared horseradish, wasabi powder, green food coloring, all-purpose flour, salt, ground black pepper, cayenne pepper, paprika, egg, milk, chicken breast fillets, vegetable oil",coloring,13,"['powder,butter,buttermilk,milk,t,c,dressing,ranch,s,p,horseradish,in,food,coloring,color,wasabi,dish,radish,de,f,re,ad,red,l,d,b,e,green,ring,horse,butt,o,y,g']"
110159,shanghai wings   copycat chili s by todd wilbur,"water, cornstarch, dark brown sugar, soy sauce, fresh ginger, garlic, lime juice, lemon juice, crushed red pepper flakes, ranch salad dressing, buttermilk, prepared horseradish, wasabi powder, green food coloring, all-purpose flour, salt, ground black pepper, cayenne pepper, paprika, egg, milk, chicken breast fillets, vegetable oil",cover,14,"['t,c,s,in,wings,one,wing,re,l,d,nt,e,o,g,v']"
110159,shanghai wings   copycat chili s by todd wilbur,"water, cornstarch, dark brown sugar, soy sauce, fresh ginger, garlic, lime juice, lemon juice, crushed red pepper flakes, ranch salad dressing, buttermilk, prepared horseradish, wasabi powder, green food coloring, all-purpose flour, salt, ground black pepper, cayenne pepper, paprika, egg, milk, chicken breast fillets, vegetable oil",cover,17,"['sauce,ginger,chicken,t,c,oat,s,p,in,round,pie,f,au,-,chick,l,d,nt,e,gin,o,y,g,v']"
110159,shanghai wings   copycat chili s by todd wilbur,"water, cornstarch, dark brown sugar, soy sauce, fresh ginger, garlic, lime juice, lemon juice, crushed red pepper flakes, ranch salad dressing, buttermilk, prepared horseradish, wasabi powder, green food coloring, all-purpose flour, salt, ground black pepper, cayenne pepper, paprika, egg, milk, chicken breast fillets, vegetable oil",done,14,"['t,c,s,in,wings,one,wing,re,l,d,nt,e,o,g,v']"
110159,shanghai wings   copycat chili s by todd wilbur,"water, cornstarch, dark brown sugar, soy sauce, fresh ginger, garlic, lime juice, lemon juice, crushed red pepper flakes, ranch salad dressing, buttermilk, prepared horseradish, wasabi powder, green food coloring, all-purpose flour, salt, ground black pepper, cayenne pepper, paprika, egg, milk, chicken breast fillets, vegetable oil",done,15,"['oil,brown,chicken,read,cook,t,c,min,rack,s,p,end,in,wings,boneless,paper,de,pie,f,one,wing,re,chick,ad,l,pieces,d,b,nt,e,rye,nut,size,o,y,g,v']"
110159,shanghai wings   copycat chili s by todd wilbur,"water, cornstarch, dark brown sugar, soy sauce, fresh ginger, garlic, lime juice, lemon juice, crushed red pepper flakes, ranch salad dressing, buttermilk, prepared horseradish, wasabi powder, green food coloring, all-purpose flour, salt, ground black pepper, cayenne pepper, paprika, egg, milk, chicken breast fillets, vegetable oil",rested,15,"['oil,brown,chicken,read,cook,t,c,min,rack,s,p,end,in,wings,boneless,paper,de,pie,f,one,wing,re,chick,ad,l,pieces,d,b,nt,e,rye,nut,size,o,y,g,v']"
110159,shanghai wings   copycat chili s by todd wilbur,"water, cornstarch, dark brown sugar, soy sauce, fresh ginger, garlic, lime juice, lemon juice, crushed red pepper flakes, ranch salad dressing, buttermilk, prepared horseradish, wasabi powder, green food coloring, all-purpose flour, salt, ground black pepper, cayenne pepper, paprika, egg, milk, chicken breast fillets, vegetable oil",re,15,"['oil,brown,chicken,read,cook,t,c,min,rack,s,p,end,in,wings,boneless,paper,de,pie,f,one,wing,re,chick,ad,l,pieces,d,b,nt,e,rye,nut,size,o,y,g,v']"
110159,shanghai wings   copycat chili s by todd wilbur,"water, cornstarch, dark brown sugar, soy sauce, fresh ginger, garlic, lime juice, lemon juice, crushed red pepper flakes, ranch salad dressing, buttermilk, prepared horseradish, wasabi powder, green food coloring, all-purpose flour, salt, ground black pepper, cayenne pepper, paprika, egg, milk, chicken breast fillets, vegetable oil",cook,15,"['oil,brown,chicken,read,cook,t,c,min,rack,s,p,end,in,wings,boneless,paper,de,pie,f,one,wing,re,chick,ad,l,pieces,d,b,nt,e,rye,nut,size,o,y,g,v']"
110159,shanghai wings   copycat chili s by todd wilbur,"water, cornstarch, dark brown sugar, soy sauce, fresh ginger, garlic, lime juice, lemon juice, crushed red pepper flakes, ranch salad dressing, buttermilk, prepared horseradish, wasabi powder, green food coloring, all-purpose flour, salt, ground black pepper, cayenne pepper, paprika, egg, milk, chicken breast fillets, vegetable oil",lower,15,"['oil,brown,chicken,read,cook,t,c,min,rack,s,p,end,in,wings,boneless,paper,de,pie,f,one,wing,re,chick,ad,l,pieces,d,b,nt,e,rye,nut,size,o,y,g,v']"
110159,shanghai wings   copycat chili s by todd wilbur,"water, cornstarch, dark brown sugar, soy sauce, fresh ginger, garlic, lime juice, lemon juice, crushed red pepper flakes, ranch salad dressing, buttermilk, prepared horseradish, wasabi powder, green food coloring, all-purpose flour, salt, ground black pepper, cayenne pepper, paprika, egg, milk, chicken breast fillets, vegetable oil",fry,15,"['oil,brown,chicken,read,cook,t,c,min,rack,s,p,end,in,wings,boneless,paper,de,pie,f,one,wing,re,chick,ad,l,pieces,d,b,nt,e,rye,nut,size,o,y,g,v']"
110159,shanghai wings   copycat chili s by todd wilbur,"water, cornstarch, dark brown sugar, soy sauce, fresh ginger, garlic, lime juice, lemon juice, crushed red pepper flakes, ranch salad dressing, buttermilk, prepared horseradish, wasabi powder, green food coloring, all-purpose flour, salt, ground black pepper, cayenne pepper, paprika, egg, milk, chicken breast fillets, vegetable oil",browned,15,"['oil,brown,chicken,read,cook,t,c,min,rack,s,p,end,in,wings,boneless,paper,de,pie,f,one,wing,re,chick,ad,l,pieces,d,b,nt,e,rye,nut,size,o,y,g,v']"
110159,shanghai wings   copycat chili s by todd wilbur,"water, cornstarch, dark brown sugar, soy sauce, fresh ginger, garlic, lime juice, lemon juice, crushed red pepper flakes, ranch salad dressing, buttermilk, prepared horseradish, wasabi powder, green food coloring, all-purpose flour, salt, ground black pepper, cayenne pepper, paprika, egg, milk, chicken breast fillets, vegetable oil",depending,15,"['oil,brown,chicken,read,cook,t,c,min,rack,s,p,end,in,wings,boneless,paper,de,pie,f,one,wing,re,chick,ad,l,pieces,d,b,nt,e,rye,nut,size,o,y,g,v']"
110159,shanghai wings   copycat chili s by todd wilbur,"water, cornstarch, dark brown sugar, soy sauce, fresh ginger, garlic, lime juice, lemon juice, crushed red pepper flakes, ranch salad dressing, buttermilk, prepared horseradish, wasabi powder, green food coloring, all-purpose flour, salt, ground black pepper, cayenne pepper, paprika, egg, milk, chicken breast fillets, vegetable oil",want,15,"['oil,brown,chicken,read,cook,t,c,min,rack,s,p,end,in,wings,boneless,paper,de,pie,f,one,wing,re,chick,ad,l,pieces,d,b,nt,e,rye,nut,size,o,y,g,v']"
110159,shanghai wings   copycat chili s by todd wilbur,"water, cornstarch, dark brown sugar, soy sauce, fresh ginger, garlic, lime juice, lemon juice, crushed red pepper flakes, ranch salad dressing, buttermilk, prepared horseradish, wasabi powder, green food coloring, all-purpose flour, salt, ground black pepper, cayenne pepper, paprika, egg, milk, chicken breast fillets, vegetable oil",draining,15,"['oil,brown,chicken,read,cook,t,c,min,rack,s,p,end,in,wings,boneless,paper,de,pie,f,one,wing,re,chick,ad,l,pieces,d,b,nt,e,rye,nut,size,o,y,g,v']"
110159,shanghai wings   copycat chili s by todd wilbur,"water, cornstarch, dark brown sugar, soy sauce, fresh ginger, garlic, lime juice, lemon juice, crushed red pepper flakes, ranch salad dressing, buttermilk, prepared horseradish, wasabi powder, green food coloring, all-purpose flour, salt, ground black pepper, cayenne pepper, paprika, egg, milk, chicken breast fillets, vegetable oil",lined,15,"['oil,brown,chicken,read,cook,t,c,min,rack,s,p,end,in,wings,boneless,paper,de,pie,f,one,wing,re,chick,ad,l,pieces,d,b,nt,e,rye,nut,size,o,y,g,v']"
110159,shanghai wings   copycat chili s by todd wilbur,"water, cornstarch, dark brown sugar, soy sauce, fresh ginger, garlic, lime juice, lemon juice, crushed red pepper flakes, ranch salad dressing, buttermilk, prepared horseradish, wasabi powder, green food coloring, all-purpose flour, salt, ground black pepper, cayenne pepper, paprika, egg, milk, chicken breast fillets, vegetable oil",fried,16,"['chicken,t,c,s,p,in,pie,f,re,chick,red,l,pieces,d,nt,e,o,g,v']"
110159,shanghai wings   copycat chili s by todd wilbur,"water, cornstarch, dark brown sugar, soy sauce, fresh ginger, garlic, lime juice, lemon juice, crushed red pepper flakes, ranch salad dressing, buttermilk, prepared horseradish, wasabi powder, green food coloring, all-purpose flour, salt, ground black pepper, cayenne pepper, paprika, egg, milk, chicken breast fillets, vegetable oil",place,16,"['chicken,t,c,s,p,in,pie,f,re,chick,red,l,pieces,d,nt,e,o,g,v']"
110159,shanghai wings   copycat chili s by todd wilbur,"water, cornstarch, dark brown sugar, soy sauce, fresh ginger, garlic, lime juice, lemon juice, crushed red pepper flakes, ranch salad dressing, buttermilk, prepared horseradish, wasabi powder, green food coloring, all-purpose flour, salt, ground black pepper, cayenne pepper, paprika, egg, milk, chicken breast fillets, vegetable oil",covered,16,"['chicken,t,c,s,p,in,pie,f,re,chick,red,l,pieces,d,nt,e,o,g,v']"
110159,shanghai wings   copycat chili s by todd wilbur,"water, cornstarch, dark brown sugar, soy sauce, fresh ginger, garlic, lime juice, lemon juice, crushed red pepper flakes, ranch salad dressing, buttermilk, prepared horseradish, wasabi powder, green food coloring, all-purpose flour, salt, ground black pepper, cayenne pepper, paprika, egg, milk, chicken breast fillets, vegetable oil",shake,17,"['sauce,ginger,chicken,t,c,oat,s,p,in,round,pie,f,au,-,chick,l,d,nt,e,gin,o,y,g,v']"
110159,shanghai wings   copycat chili s by todd wilbur,"water, cornstarch, dark brown sugar, soy sauce, fresh ginger, garlic, lime juice, lemon juice, crushed red pepper flakes, ranch salad dressing, buttermilk, prepared horseradish, wasabi powder, green food coloring, all-purpose flour, salt, ground black pepper, cayenne pepper, paprika, egg, milk, chicken breast fillets, vegetable oil",coated,17,"['sauce,ginger,chicken,t,c,oat,s,p,in,round,pie,f,au,-,chick,l,d,nt,e,gin,o,y,g,v']"
110159,shanghai wings   copycat chili s by todd wilbur,"water, cornstarch, dark brown sugar, soy sauce, fresh ginger, garlic, lime juice, lemon juice, crushed red pepper flakes, ranch salad dressing, buttermilk, prepared horseradish, wasabi powder, green food coloring, all-purpose flour, salt, ground black pepper, cayenne pepper, paprika, egg, milk, chicken breast fillets, vegetable oil",serve,18,"['chicken,t,c,dressing,ranch,s,p,in,wasabi,dish,de,-,re,chick,l,d,b,nt,e,o,g,v']"
110159,shanghai wings   copycat chili s by todd wilbur,"water, cornstarch, dark brown sugar, soy sauce, fresh ginger, garlic, lime juice, lemon juice, crushed red pepper flakes, ranch salad dressing, buttermilk, prepared horseradish, wasabi powder, green food coloring, all-purpose flour, salt, ground black pepper, cayenne pepper, paprika, egg, milk, chicken breast fillets, vegetable oil",dressing,18,"['chicken,t,c,dressing,ranch,s,p,in,wasabi,dish,de,-,re,chick,l,d,b,nt,e,o,g,v']"
