Id,Name,AllIngredients,Verbs,Steps,Ingredient
110288,potato cheese croquettes with a  chipotle sauce,"mashed potatoes, egg, sharp cheddar cheese, shallot, fresh parsley, parmesan cheese, dried chipotle chile, salt, worcestershire sauce, eggs, milk, flour, pepper, dried chipotle powder, seasoned bread crumbs, crisco cooking oil, mayonnaise, chipotle chiles in adobo, ketchup, salt and pepper, lime juice, garlic clove",combine,1,{}
110288,potato cheese croquettes with a  chipotle sauce,"mashed potatoes, egg, sharp cheddar cheese, shallot, fresh parsley, parmesan cheese, dried chipotle chile, salt, worcestershire sauce, eggs, milk, flour, pepper, dried chipotle powder, seasoned bread crumbs, crisco cooking oil, mayonnaise, chipotle chiles in adobo, ketchup, salt and pepper, lime juice, garlic clove",blend,1,"['t,c,blend,s,end,in,f,re,red,l,d,b,nt,e,o,y']"
110288,potato cheese croquettes with a  chipotle sauce,"mashed potatoes, egg, sharp cheddar cheese, shallot, fresh parsley, parmesan cheese, dried chipotle chile, salt, worcestershire sauce, eggs, milk, flour, pepper, dried chipotle powder, seasoned bread crumbs, crisco cooking oil, mayonnaise, chipotle chiles in adobo, ketchup, salt and pepper, lime juice, garlic clove",form,2,"['t,c,s,in,f,l,nt,e,size,o']"
110288,potato cheese croquettes with a  chipotle sauce,"mashed potatoes, egg, sharp cheddar cheese, shallot, fresh parsley, parmesan cheese, dried chipotle chile, salt, worcestershire sauce, eggs, milk, flour, pepper, dried chipotle powder, seasoned bread crumbs, crisco cooking oil, mayonnaise, chipotle chiles in adobo, ketchup, salt and pepper, lime juice, garlic clove",place,3,"['flour,season,sea,c,s,p,in,f,one,l,d,b,e,o']"
110288,potato cheese croquettes with a  chipotle sauce,"mashed potatoes, egg, sharp cheddar cheese, shallot, fresh parsley, parmesan cheese, dried chipotle chile, salt, worcestershire sauce, eggs, milk, flour, pepper, dried chipotle powder, seasoned bread crumbs, crisco cooking oil, mayonnaise, chipotle chiles in adobo, ketchup, salt and pepper, lime juice, garlic clove",place,5,"['crumbs,read,bread,t,rum,c,s,p,in,crumb,re,ad,l,d,b,e,o']"
110288,potato cheese croquettes with a  chipotle sauce,"mashed potatoes, egg, sharp cheddar cheese, shallot, fresh parsley, parmesan cheese, dried chipotle chile, salt, worcestershire sauce, eggs, milk, flour, pepper, dried chipotle powder, seasoned bread crumbs, crisco cooking oil, mayonnaise, chipotle chiles in adobo, ketchup, salt and pepper, lime juice, garlic clove",seasoned,3,"['flour,season,sea,c,s,p,in,f,one,l,d,b,e,o']"
110288,potato cheese croquettes with a  chipotle sauce,"mashed potatoes, egg, sharp cheddar cheese, shallot, fresh parsley, parmesan cheese, dried chipotle chile, salt, worcestershire sauce, eggs, milk, flour, pepper, dried chipotle powder, seasoned bread crumbs, crisco cooking oil, mayonnaise, chipotle chiles in adobo, ketchup, salt and pepper, lime juice, garlic clove",beat,4,"['eggs,egg,milk,t,c,s,p,l,d,b,e,o']"
110288,potato cheese croquettes with a  chipotle sauce,"mashed potatoes, egg, sharp cheddar cheese, shallot, fresh parsley, parmesan cheese, dried chipotle chile, salt, worcestershire sauce, eggs, milk, flour, pepper, dried chipotle powder, seasoned bread crumbs, crisco cooking oil, mayonnaise, chipotle chiles in adobo, ketchup, salt and pepper, lime juice, garlic clove",dip,6,"['flour,egg,crumbs,t,rum,c,s,p,in,roll,dip,crumb,f,l,d,b,e,o']"
110288,potato cheese croquettes with a  chipotle sauce,"mashed potatoes, egg, sharp cheddar cheese, shallot, fresh parsley, parmesan cheese, dried chipotle chile, salt, worcestershire sauce, eggs, milk, flour, pepper, dried chipotle powder, seasoned bread crumbs, crisco cooking oil, mayonnaise, chipotle chiles in adobo, ketchup, salt and pepper, lime juice, garlic clove",roll,6,"['flour,egg,crumbs,t,rum,c,s,p,in,roll,dip,crumb,f,l,d,b,e,o']"
110288,potato cheese croquettes with a  chipotle sauce,"mashed potatoes, egg, sharp cheddar cheese, shallot, fresh parsley, parmesan cheese, dried chipotle chile, salt, worcestershire sauce, eggs, milk, flour, pepper, dried chipotle powder, seasoned bread crumbs, crisco cooking oil, mayonnaise, chipotle chiles in adobo, ketchup, salt and pepper, lime juice, garlic clove",fry,7,"['brown,t,p,in,fat,de,f,l,d,b,nt,e,gold,o,y']"
110288,potato cheese croquettes with a  chipotle sauce,"mashed potatoes, egg, sharp cheddar cheese, shallot, fresh parsley, parmesan cheese, dried chipotle chile, salt, worcestershire sauce, eggs, milk, flour, pepper, dried chipotle powder, seasoned bread crumbs, crisco cooking oil, mayonnaise, chipotle chiles in adobo, ketchup, salt and pepper, lime juice, garlic clove",stir,8,"['sauce,t,c,s,p,in,vin,pin,dip,f,au,re,red,l,d,b,nt,e,o,y']"
110288,potato cheese croquettes with a  chipotle sauce,"mashed potatoes, egg, sharp cheddar cheese, shallot, fresh parsley, parmesan cheese, dried chipotle chile, salt, worcestershire sauce, eggs, milk, flour, pepper, dried chipotle powder, seasoned bread crumbs, crisco cooking oil, mayonnaise, chipotle chiles in adobo, ketchup, salt and pepper, lime juice, garlic clove",dipping,8,"['sauce,t,c,s,p,in,vin,pin,dip,f,au,re,red,l,d,b,nt,e,o,y']"
110288,potato cheese croquettes with a  chipotle sauce,"mashed potatoes, egg, sharp cheddar cheese, shallot, fresh parsley, parmesan cheese, dried chipotle chile, salt, worcestershire sauce, eggs, milk, flour, pepper, dried chipotle powder, seasoned bread crumbs, crisco cooking oil, mayonnaise, chipotle chiles in adobo, ketchup, salt and pepper, lime juice, garlic clove",serving,8,"['sauce,t,c,s,p,in,vin,pin,dip,f,au,re,red,l,d,b,nt,e,o,y']"
110288,potato cheese croquettes with a  chipotle sauce,"mashed potatoes, egg, sharp cheddar cheese, shallot, fresh parsley, parmesan cheese, dried chipotle chile, salt, worcestershire sauce, eggs, milk, flour, pepper, dried chipotle powder, seasoned bread crumbs, crisco cooking oil, mayonnaise, chipotle chiles in adobo, ketchup, salt and pepper, lime juice, garlic clove",drain,9,"['sauce,pot,t,c,s,p,in,chipotle,paper,chip,au,l,d,e,o,y']"
110288,potato cheese croquettes with a  chipotle sauce,"mashed potatoes, egg, sharp cheddar cheese, shallot, fresh parsley, parmesan cheese, dried chipotle chile, salt, worcestershire sauce, eggs, milk, flour, pepper, dried chipotle powder, seasoned bread crumbs, crisco cooking oil, mayonnaise, chipotle chiles in adobo, ketchup, salt and pepper, lime juice, garlic clove",serve,9,"['sauce,pot,t,c,s,p,in,chipotle,paper,chip,au,l,d,e,o,y']"
110288,potato cheese croquettes with a  chipotle sauce,"mashed potatoes, egg, sharp cheddar cheese, shallot, fresh parsley, parmesan cheese, dried chipotle chile, salt, worcestershire sauce, eggs, milk, flour, pepper, dried chipotle powder, seasoned bread crumbs, crisco cooking oil, mayonnaise, chipotle chiles in adobo, ketchup, salt and pepper, lime juice, garlic clove",garnish,10,"['parsley,t,s,p,f,re,l,e,y']"
