Id,Name,AllIngredients,Verbs,Steps,Ingredient
111012,mean chef s meatloaf with mushroom gravy,"olive oil, white onion, garlic cloves, eggs, thyme leaves, dijon mustard, worcestershire sauce, tabasco sauce, milk, ground beef, saltine, flat leaf parsley, coarse salt, fresh ground black pepper, bacon, unsalted butter, mushrooms, unbleached flour, vegetable stock, dry red wine, tamari soy sauce",preheat,1,{}
111012,mean chef s meatloaf with mushroom gravy,"olive oil, white onion, garlic cloves, eggs, thyme leaves, dijon mustard, worcestershire sauce, tabasco sauce, milk, ground beef, saltine, flat leaf parsley, coarse salt, fresh ground black pepper, bacon, unsalted butter, mushrooms, unbleached flour, vegetable stock, dry red wine, tamari soy sauce",pour,2,"['oil,pan,t,heat,s,p,in,medium,au,-,l,d,nt,e']"
111012,mean chef s meatloaf with mushroom gravy,"olive oil, white onion, garlic cloves, eggs, thyme leaves, dijon mustard, worcestershire sauce, tabasco sauce, milk, ground beef, saltine, flat leaf parsley, coarse salt, fresh ground black pepper, bacon, unsalted butter, mushrooms, unbleached flour, vegetable stock, dry red wine, tamari soy sauce",pour,6,"['egg,ground,t,c,mix,p,in,meat,round,re,l,d,b,nt,e']"
111012,mean chef s meatloaf with mushroom gravy,"olive oil, white onion, garlic cloves, eggs, thyme leaves, dijon mustard, worcestershire sauce, tabasco sauce, milk, ground beef, saltine, flat leaf parsley, coarse salt, fresh ground black pepper, bacon, unsalted butter, mushrooms, unbleached flour, vegetable stock, dry red wine, tamari soy sauce",set,2,"['oil,pan,t,heat,s,p,in,medium,au,-,l,d,nt,e']"
111012,mean chef s meatloaf with mushroom gravy,"olive oil, white onion, garlic cloves, eggs, thyme leaves, dijon mustard, worcestershire sauce, tabasco sauce, milk, ground beef, saltine, flat leaf parsley, coarse salt, fresh ground black pepper, bacon, unsalted butter, mushrooms, unbleached flour, vegetable stock, dry red wine, tamari soy sauce",set,14,"['t,min,s,in,de,oven,f,re,d,e,nut']"
111012,mean chef s meatloaf with mushroom gravy,"olive oil, white onion, garlic cloves, eggs, thyme leaves, dijon mustard, worcestershire sauce, tabasco sauce, milk, ground beef, saltine, flat leaf parsley, coarse salt, fresh ground black pepper, bacon, unsalted butter, mushrooms, unbleached flour, vegetable stock, dry red wine, tamari soy sauce",add,3,"['garlic,onion,t,c,min,s,in,au,ad,l,d,b,nt,e,nut']"
111012,mean chef s meatloaf with mushroom gravy,"olive oil, white onion, garlic cloves, eggs, thyme leaves, dijon mustard, worcestershire sauce, tabasco sauce, milk, ground beef, saltine, flat leaf parsley, coarse salt, fresh ground black pepper, bacon, unsalted butter, mushrooms, unbleached flour, vegetable stock, dry red wine, tamari soy sauce",add,7,"['garlic,salt,onion,parsley,t,c,s,p,in,ad,l,d,b,e,saltines']"
111012,mean chef s meatloaf with mushroom gravy,"olive oil, white onion, garlic cloves, eggs, thyme leaves, dijon mustard, worcestershire sauce, tabasco sauce, milk, ground beef, saltine, flat leaf parsley, coarse salt, fresh ground black pepper, bacon, unsalted butter, mushrooms, unbleached flour, vegetable stock, dry red wine, tamari soy sauce",add,17,"['mushrooms,brown,mushroom,room,t,min,s,in,shrooms,au,mu,hr,ad,l,d,b,nt,e,nut']"
111012,mean chef s meatloaf with mushroom gravy,"olive oil, white onion, garlic cloves, eggs, thyme leaves, dijon mustard, worcestershire sauce, tabasco sauce, milk, ground beef, saltine, flat leaf parsley, coarse salt, fresh ground black pepper, bacon, unsalted butter, mushrooms, unbleached flour, vegetable stock, dry red wine, tamari soy sauce",remove,4,"['t,c,heat,f,re,l,d,e']"
111012,mean chef s meatloaf with mushroom gravy,"olive oil, white onion, garlic cloves, eggs, thyme leaves, dijon mustard, worcestershire sauce, tabasco sauce, milk, ground beef, saltine, flat leaf parsley, coarse salt, fresh ground black pepper, bacon, unsalted butter, mushrooms, unbleached flour, vegetable stock, dry red wine, tamari soy sauce",remove,14,"['t,min,s,in,de,oven,f,re,d,e,nut']"
111012,mean chef s meatloaf with mushroom gravy,"olive oil, white onion, garlic cloves, eggs, thyme leaves, dijon mustard, worcestershire sauce, tabasco sauce, milk, ground beef, saltine, flat leaf parsley, coarse salt, fresh ground black pepper, bacon, unsalted butter, mushrooms, unbleached flour, vegetable stock, dry red wine, tamari soy sauce",allow,4,"['t,c,heat,f,re,l,d,e']"
111012,mean chef s meatloaf with mushroom gravy,"olive oil, white onion, garlic cloves, eggs, thyme leaves, dijon mustard, worcestershire sauce, tabasco sauce, milk, ground beef, saltine, flat leaf parsley, coarse salt, fresh ground black pepper, bacon, unsalted butter, mushrooms, unbleached flour, vegetable stock, dry red wine, tamari soy sauce",cool,4,"['t,c,heat,f,re,l,d,e']"
111012,mean chef s meatloaf with mushroom gravy,"olive oil, white onion, garlic cloves, eggs, thyme leaves, dijon mustard, worcestershire sauce, tabasco sauce, milk, ground beef, saltine, flat leaf parsley, coarse salt, fresh ground black pepper, bacon, unsalted butter, mushrooms, unbleached flour, vegetable stock, dry red wine, tamari soy sauce",mixing,5,"['sauce,eggs,egg,milk,worcestershire,mustard,thyme,dijon,tabasco,t,c,star,mix,s,must,in,tar,au,worcester,mu,re,l,d,b,e']"
111012,mean chef s meatloaf with mushroom gravy,"olive oil, white onion, garlic cloves, eggs, thyme leaves, dijon mustard, worcestershire sauce, tabasco sauce, milk, ground beef, saltine, flat leaf parsley, coarse salt, fresh ground black pepper, bacon, unsalted butter, mushrooms, unbleached flour, vegetable stock, dry red wine, tamari soy sauce",stir,5,"['sauce,eggs,egg,milk,worcestershire,mustard,thyme,dijon,tabasco,t,c,star,mix,s,must,in,tar,au,worcester,mu,re,l,d,b,e']"
111012,mean chef s meatloaf with mushroom gravy,"olive oil, white onion, garlic cloves, eggs, thyme leaves, dijon mustard, worcestershire sauce, tabasco sauce, milk, ground beef, saltine, flat leaf parsley, coarse salt, fresh ground black pepper, bacon, unsalted butter, mushrooms, unbleached flour, vegetable stock, dry red wine, tamari soy sauce",stir,18,"['flour,t,s,in,f,l,e']"
111012,mean chef s meatloaf with mushroom gravy,"olive oil, white onion, garlic cloves, eggs, thyme leaves, dijon mustard, worcestershire sauce, tabasco sauce, milk, ground beef, saltine, flat leaf parsley, coarse salt, fresh ground black pepper, bacon, unsalted butter, mushrooms, unbleached flour, vegetable stock, dry red wine, tamari soy sauce",stir,22,"['soy,sauce,pepper,oil,stock,wine,t,c,boil,s,p,in,au,l,d,b,e,ring']"
111012,mean chef s meatloaf with mushroom gravy,"olive oil, white onion, garlic cloves, eggs, thyme leaves, dijon mustard, worcestershire sauce, tabasco sauce, milk, ground beef, saltine, flat leaf parsley, coarse salt, fresh ground black pepper, bacon, unsalted butter, mushrooms, unbleached flour, vegetable stock, dry red wine, tamari soy sauce",place,6,"['egg,ground,t,c,mix,p,in,meat,round,re,l,d,b,nt,e']"
111012,mean chef s meatloaf with mushroom gravy,"olive oil, white onion, garlic cloves, eggs, thyme leaves, dijon mustard, worcestershire sauce, tabasco sauce, milk, ground beef, saltine, flat leaf parsley, coarse salt, fresh ground black pepper, bacon, unsalted butter, mushrooms, unbleached flour, vegetable stock, dry red wine, tamari soy sauce",garlic,7,"['garlic,salt,onion,parsley,t,c,s,p,in,ad,l,d,b,e,saltines']"
111012,mean chef s meatloaf with mushroom gravy,"olive oil, white onion, garlic cloves, eggs, thyme leaves, dijon mustard, worcestershire sauce, tabasco sauce, milk, ground beef, saltine, flat leaf parsley, coarse salt, fresh ground black pepper, bacon, unsalted butter, mushrooms, unbleached flour, vegetable stock, dry red wine, tamari soy sauce",roll,9,"['t,blend,s,p,end,in,meat,roll,de,re,ad,red,l,d,b,nt,e']"
111012,mean chef s meatloaf with mushroom gravy,"olive oil, white onion, garlic cloves, eggs, thyme leaves, dijon mustard, worcestershire sauce, tabasco sauce, milk, ground beef, saltine, flat leaf parsley, coarse salt, fresh ground black pepper, bacon, unsalted butter, mushrooms, unbleached flour, vegetable stock, dry red wine, tamari soy sauce",knead,9,"['t,blend,s,p,end,in,meat,roll,de,re,ad,red,l,d,b,nt,e']"
111012,mean chef s meatloaf with mushroom gravy,"olive oil, white onion, garlic cloves, eggs, thyme leaves, dijon mustard, worcestershire sauce, tabasco sauce, milk, ground beef, saltine, flat leaf parsley, coarse salt, fresh ground black pepper, bacon, unsalted butter, mushrooms, unbleached flour, vegetable stock, dry red wine, tamari soy sauce",transfer,10,"['cook,t,c,s,in,sheet,f,l,d,nt,e']"
111012,mean chef s meatloaf with mushroom gravy,"olive oil, white onion, garlic cloves, eggs, thyme leaves, dijon mustard, worcestershire sauce, tabasco sauce, milk, ground beef, saltine, flat leaf parsley, coarse salt, fresh ground black pepper, bacon, unsalted butter, mushrooms, unbleached flour, vegetable stock, dry red wine, tamari soy sauce",form,10,"['cook,t,c,s,in,sheet,f,l,d,nt,e']"
111012,mean chef s meatloaf with mushroom gravy,"olive oil, white onion, garlic cloves, eggs, thyme leaves, dijon mustard, worcestershire sauce, tabasco sauce, milk, ground beef, saltine, flat leaf parsley, coarse salt, fresh ground black pepper, bacon, unsalted butter, mushrooms, unbleached flour, vegetable stock, dry red wine, tamari soy sauce",using,11,"['bacon,t,c,ice,slice,s,p,in,meat,slices,de,f,tel,top,l,d,b,e,wrap']"
111012,mean chef s meatloaf with mushroom gravy,"olive oil, white onion, garlic cloves, eggs, thyme leaves, dijon mustard, worcestershire sauce, tabasco sauce, milk, ground beef, saltine, flat leaf parsley, coarse salt, fresh ground black pepper, bacon, unsalted butter, mushrooms, unbleached flour, vegetable stock, dry red wine, tamari soy sauce",wrap,11,"['bacon,t,c,ice,slice,s,p,in,meat,slices,de,f,tel,top,l,d,b,e,wrap']"
111012,mean chef s meatloaf with mushroom gravy,"olive oil, white onion, garlic cloves, eggs, thyme leaves, dijon mustard, worcestershire sauce, tabasco sauce, milk, ground beef, saltine, flat leaf parsley, coarse salt, fresh ground black pepper, bacon, unsalted butter, mushrooms, unbleached flour, vegetable stock, dry red wine, tamari soy sauce",tuck,11,"['bacon,t,c,ice,slice,s,p,in,meat,slices,de,f,tel,top,l,d,b,e,wrap']"
111012,mean chef s meatloaf with mushroom gravy,"olive oil, white onion, garlic cloves, eggs, thyme leaves, dijon mustard, worcestershire sauce, tabasco sauce, milk, ground beef, saltine, flat leaf parsley, coarse salt, fresh ground black pepper, bacon, unsalted butter, mushrooms, unbleached flour, vegetable stock, dry red wine, tamari soy sauce",cover,11,"['bacon,t,c,ice,slice,s,p,in,meat,slices,de,f,tel,top,l,d,b,e,wrap']"
111012,mean chef s meatloaf with mushroom gravy,"olive oil, white onion, garlic cloves, eggs, thyme leaves, dijon mustard, worcestershire sauce, tabasco sauce, milk, ground beef, saltine, flat leaf parsley, coarse salt, fresh ground black pepper, bacon, unsalted butter, mushrooms, unbleached flour, vegetable stock, dry red wine, tamari soy sauce",bake,12,"['read,t,c,s,in,de,f,-,re,ad,l,d,b,nt,e']"
111012,mean chef s meatloaf with mushroom gravy,"olive oil, white onion, garlic cloves, eggs, thyme leaves, dijon mustard, worcestershire sauce, tabasco sauce, milk, ground beef, saltine, flat leaf parsley, coarse salt, fresh ground black pepper, bacon, unsalted butter, mushrooms, unbleached flour, vegetable stock, dry red wine, tamari soy sauce",read,12,"['read,t,c,s,in,de,f,-,re,ad,l,d,b,nt,e']"
111012,mean chef s meatloaf with mushroom gravy,"olive oil, white onion, garlic cloves, eggs, thyme leaves, dijon mustard, worcestershire sauce, tabasco sauce, milk, ground beef, saltine, flat leaf parsley, coarse salt, fresh ground black pepper, bacon, unsalted butter, mushrooms, unbleached flour, vegetable stock, dry red wine, tamari soy sauce",inserted,12,"['read,t,c,s,in,de,f,-,re,ad,l,d,b,nt,e']"
111012,mean chef s meatloaf with mushroom gravy,"olive oil, white onion, garlic cloves, eggs, thyme leaves, dijon mustard, worcestershire sauce, tabasco sauce, milk, ground beef, saltine, flat leaf parsley, coarse salt, fresh ground black pepper, bacon, unsalted butter, mushrooms, unbleached flour, vegetable stock, dry red wine, tamari soy sauce",reads,12,"['read,t,c,s,in,de,f,-,re,ad,l,d,b,nt,e']"
111012,mean chef s meatloaf with mushroom gravy,"olive oil, white onion, garlic cloves, eggs, thyme leaves, dijon mustard, worcestershire sauce, tabasco sauce, milk, ground beef, saltine, flat leaf parsley, coarse salt, fresh ground black pepper, bacon, unsalted butter, mushrooms, unbleached flour, vegetable stock, dry red wine, tamari soy sauce",is,13,"['oil,bacon,t,c,min,s,p,in,meat,de,f,top,l,d,b,e,nut']"
111012,mean chef s meatloaf with mushroom gravy,"olive oil, white onion, garlic cloves, eggs, thyme leaves, dijon mustard, worcestershire sauce, tabasco sauce, milk, ground beef, saltine, flat leaf parsley, coarse salt, fresh ground black pepper, bacon, unsalted butter, mushrooms, unbleached flour, vegetable stock, dry red wine, tamari soy sauce",like,13,"['oil,bacon,t,c,min,s,p,in,meat,de,f,top,l,d,b,e,nut']"
111012,mean chef s meatloaf with mushroom gravy,"olive oil, white onion, garlic cloves, eggs, thyme leaves, dijon mustard, worcestershire sauce, tabasco sauce, milk, ground beef, saltine, flat leaf parsley, coarse salt, fresh ground black pepper, bacon, unsalted butter, mushrooms, unbleached flour, vegetable stock, dry red wine, tamari soy sauce",put,13,"['oil,bacon,t,c,min,s,p,in,meat,de,f,top,l,d,b,e,nut']"
111012,mean chef s meatloaf with mushroom gravy,"olive oil, white onion, garlic cloves, eggs, thyme leaves, dijon mustard, worcestershire sauce, tabasco sauce, milk, ground beef, saltine, flat leaf parsley, coarse salt, fresh ground black pepper, bacon, unsalted butter, mushrooms, unbleached flour, vegetable stock, dry red wine, tamari soy sauce",rest,14,"['t,min,s,in,de,oven,f,re,d,e,nut']"
111012,mean chef s meatloaf with mushroom gravy,"olive oil, white onion, garlic cloves, eggs, thyme leaves, dijon mustard, worcestershire sauce, tabasco sauce, milk, ground beef, saltine, flat leaf parsley, coarse salt, fresh ground black pepper, bacon, unsalted butter, mushrooms, unbleached flour, vegetable stock, dry red wine, tamari soy sauce",slice,15,"['mushroom,room,pot,potatoes,t,c,ice,slice,potato,s,p,mu,hr,re,l,d,ash,e']"
111012,mean chef s meatloaf with mushroom gravy,"olive oil, white onion, garlic cloves, eggs, thyme leaves, dijon mustard, worcestershire sauce, tabasco sauce, milk, ground beef, saltine, flat leaf parsley, coarse salt, fresh ground black pepper, bacon, unsalted butter, mushrooms, unbleached flour, vegetable stock, dry red wine, tamari soy sauce",serve,15,"['mushroom,room,pot,potatoes,t,c,ice,slice,potato,s,p,mu,hr,re,l,d,ash,e']"
111012,mean chef s meatloaf with mushroom gravy,"olive oil, white onion, garlic cloves, eggs, thyme leaves, dijon mustard, worcestershire sauce, tabasco sauce, milk, ground beef, saltine, flat leaf parsley, coarse salt, fresh ground black pepper, bacon, unsalted butter, mushrooms, unbleached flour, vegetable stock, dry red wine, tamari soy sauce",serve,24,"['sauce,t,c,oat,s,in,au,b,e']"
111012,mean chef s meatloaf with mushroom gravy,"olive oil, white onion, garlic cloves, eggs, thyme leaves, dijon mustard, worcestershire sauce, tabasco sauce, milk, ground beef, saltine, flat leaf parsley, coarse salt, fresh ground black pepper, bacon, unsalted butter, mushrooms, unbleached flour, vegetable stock, dry red wine, tamari soy sauce",melt,16,"['sauce,butter,pan,mushroom,room,t,c,heat,s,p,in,medium,au,-,mu,hr,l,d,b,e,butt']"
111012,mean chef s meatloaf with mushroom gravy,"olive oil, white onion, garlic cloves, eggs, thyme leaves, dijon mustard, worcestershire sauce, tabasco sauce, milk, ground beef, saltine, flat leaf parsley, coarse salt, fresh ground black pepper, bacon, unsalted butter, mushrooms, unbleached flour, vegetable stock, dry red wine, tamari soy sauce",become,19,"['t,c,s,p,past,l,b,e']"
111012,mean chef s meatloaf with mushroom gravy,"olive oil, white onion, garlic cloves, eggs, thyme leaves, dijon mustard, worcestershire sauce, tabasco sauce, milk, ground beef, saltine, flat leaf parsley, coarse salt, fresh ground black pepper, bacon, unsalted butter, mushrooms, unbleached flour, vegetable stock, dry red wine, tamari soy sauce",cook,20,"['cook,t,c,min,s,in,f,roux,l,nt,e,ring,nut']"
111012,mean chef s meatloaf with mushroom gravy,"olive oil, white onion, garlic cloves, eggs, thyme leaves, dijon mustard, worcestershire sauce, tabasco sauce, milk, ground beef, saltine, flat leaf parsley, coarse salt, fresh ground black pepper, bacon, unsalted butter, mushrooms, unbleached flour, vegetable stock, dry red wine, tamari soy sauce",cook,23,"['sauce,pan,cook,t,c,min,bits,s,p,in,crust,pin,f,au,re,ad,l,d,b,nt,e,ring,nut']"
111012,mean chef s meatloaf with mushroom gravy,"olive oil, white onion, garlic cloves, eggs, thyme leaves, dijon mustard, worcestershire sauce, tabasco sauce, milk, ground beef, saltine, flat leaf parsley, coarse salt, fresh ground black pepper, bacon, unsalted butter, mushrooms, unbleached flour, vegetable stock, dry red wine, tamari soy sauce",stirring,20,"['cook,t,c,min,s,in,f,roux,l,nt,e,ring,nut']"
111012,mean chef s meatloaf with mushroom gravy,"olive oil, white onion, garlic cloves, eggs, thyme leaves, dijon mustard, worcestershire sauce, tabasco sauce, milk, ground beef, saltine, flat leaf parsley, coarse salt, fresh ground black pepper, bacon, unsalted butter, mushrooms, unbleached flour, vegetable stock, dry red wine, tamari soy sauce",stirring,23,"['sauce,pan,cook,t,c,min,bits,s,p,in,crust,pin,f,au,re,ad,l,d,b,nt,e,ring,nut']"
111012,mean chef s meatloaf with mushroom gravy,"olive oil, white onion, garlic cloves, eggs, thyme leaves, dijon mustard, worcestershire sauce, tabasco sauce, milk, ground beef, saltine, flat leaf parsley, coarse salt, fresh ground black pepper, bacon, unsalted butter, mushrooms, unbleached flour, vegetable stock, dry red wine, tamari soy sauce",stick,21,"['pan,t,c,stick,s,p,f,l,b,e']"
111012,mean chef s meatloaf with mushroom gravy,"olive oil, white onion, garlic cloves, eggs, thyme leaves, dijon mustard, worcestershire sauce, tabasco sauce, milk, ground beef, saltine, flat leaf parsley, coarse salt, fresh ground black pepper, bacon, unsalted butter, mushrooms, unbleached flour, vegetable stock, dry red wine, tamari soy sauce",s,22,"['soy,sauce,pepper,oil,stock,wine,t,c,boil,s,p,in,au,l,d,b,e,ring']"
111012,mean chef s meatloaf with mushroom gravy,"olive oil, white onion, garlic cloves, eggs, thyme leaves, dijon mustard, worcestershire sauce, tabasco sauce, milk, ground beef, saltine, flat leaf parsley, coarse salt, fresh ground black pepper, bacon, unsalted butter, mushrooms, unbleached flour, vegetable stock, dry red wine, tamari soy sauce",bring,22,"['soy,sauce,pepper,oil,stock,wine,t,c,boil,s,p,in,au,l,d,b,e,ring']"
111012,mean chef s meatloaf with mushroom gravy,"olive oil, white onion, garlic cloves, eggs, thyme leaves, dijon mustard, worcestershire sauce, tabasco sauce, milk, ground beef, saltine, flat leaf parsley, coarse salt, fresh ground black pepper, bacon, unsalted butter, mushrooms, unbleached flour, vegetable stock, dry red wine, tamari soy sauce",scraping,23,"['sauce,pan,cook,t,c,min,bits,s,p,in,crust,pin,f,au,re,ad,l,d,b,nt,e,ring,nut']"
111012,mean chef s meatloaf with mushroom gravy,"olive oil, white onion, garlic cloves, eggs, thyme leaves, dijon mustard, worcestershire sauce, tabasco sauce, milk, ground beef, saltine, flat leaf parsley, coarse salt, fresh ground black pepper, bacon, unsalted butter, mushrooms, unbleached flour, vegetable stock, dry red wine, tamari soy sauce",adhere,23,"['sauce,pan,cook,t,c,min,bits,s,p,in,crust,pin,f,au,re,ad,l,d,b,nt,e,ring,nut']"
