Id,Name,AllIngredients,Verbs,Steps,Ingredient
113114,fried avocado slices with spicy lime cream,"buttermilk, hot sauce, avocados, sour cream, fresh lime juice, cilantro leaf, cilantro leaves, red onion, jalapeno pepper, salt, vegetable oil, yellow cornmeal, flour, baking powder, lime wedge, paprika, garlic powder, black pepper, onion powder, cayenne pepper, dried oregano, dried thyme",combine,1,"['sauce,butter,buttermilk,milk,avocado,t,c,ice,slice,s,in,medium,slices,au,ad,l,d,b']"
113114,fried avocado slices with spicy lime cream,"buttermilk, hot sauce, avocados, sour cream, fresh lime juice, cilantro leaf, cilantro leaves, red onion, jalapeno pepper, salt, vegetable oil, yellow cornmeal, flour, baking powder, lime wedge, paprika, garlic powder, black pepper, onion powder, cayenne pepper, dried oregano, dried thyme",combine,3,"['pepper,salt,cilantro,juice,onion,jalapeno,cream,lime,t,c,ice,s,p,in,f,re,red,l,d,b,nt']"
113114,fried avocado slices with spicy lime cream,"buttermilk, hot sauce, avocados, sour cream, fresh lime juice, cilantro leaf, cilantro leaves, red onion, jalapeno pepper, salt, vegetable oil, yellow cornmeal, flour, baking powder, lime wedge, paprika, garlic powder, black pepper, onion powder, cayenne pepper, dried oregano, dried thyme",combine,4,"['t,c,s,in,b']"
113114,fried avocado slices with spicy lime cream,"buttermilk, hot sauce, avocados, sour cream, fresh lime juice, cilantro leaf, cilantro leaves, red onion, jalapeno pepper, salt, vegetable oil, yellow cornmeal, flour, baking powder, lime wedge, paprika, garlic powder, black pepper, onion powder, cayenne pepper, dried oregano, dried thyme",combine,7,"['powder,salt,flour,corn,meal,cornmeal,t,c,baking,s,p,in,essence,dish,de,f,re,l,d,b']"
113114,fried avocado slices with spicy lime cream,"buttermilk, hot sauce, avocados, sour cream, fresh lime juice, cilantro leaf, cilantro leaves, red onion, jalapeno pepper, salt, vegetable oil, yellow cornmeal, flour, baking powder, lime wedge, paprika, garlic powder, black pepper, onion powder, cayenne pepper, dried oregano, dried thyme",combine,14,"['t,c,s,in,re,red,l,d,b,nt']"
113114,fried avocado slices with spicy lime cream,"buttermilk, hot sauce, avocados, sour cream, fresh lime juice, cilantro leaf, cilantro leaves, red onion, jalapeno pepper, salt, vegetable oil, yellow cornmeal, flour, baking powder, lime wedge, paprika, garlic powder, black pepper, onion powder, cayenne pepper, dried oregano, dried thyme",soak,2,"['t,min,s,in,f']"
113114,fried avocado slices with spicy lime cream,"buttermilk, hot sauce, avocados, sour cream, fresh lime juice, cilantro leaf, cilantro leaves, red onion, jalapeno pepper, salt, vegetable oil, yellow cornmeal, flour, baking powder, lime wedge, paprika, garlic powder, black pepper, onion powder, cayenne pepper, dried oregano, dried thyme",stir,4,"['t,c,s,in,b']"
113114,fried avocado slices with spicy lime cream,"buttermilk, hot sauce, avocados, sour cream, fresh lime juice, cilantro leaf, cilantro leaves, red onion, jalapeno pepper, salt, vegetable oil, yellow cornmeal, flour, baking powder, lime wedge, paprika, garlic powder, black pepper, onion powder, cayenne pepper, dried oregano, dried thyme",chill,5,"['read,t,c,s,re,ad,l,d,nt']"
113114,fried avocado slices with spicy lime cream,"buttermilk, hot sauce, avocados, sour cream, fresh lime juice, cilantro leaf, cilantro leaves, red onion, jalapeno pepper, salt, vegetable oil, yellow cornmeal, flour, baking powder, lime wedge, paprika, garlic powder, black pepper, onion powder, cayenne pepper, dried oregano, dried thyme",use,5,"['read,t,c,s,re,ad,l,d,nt']"
113114,fried avocado slices with spicy lime cream,"buttermilk, hot sauce, avocados, sour cream, fresh lime juice, cilantro leaf, cilantro leaves, red onion, jalapeno pepper, salt, vegetable oil, yellow cornmeal, flour, baking powder, lime wedge, paprika, garlic powder, black pepper, onion powder, cayenne pepper, dried oregano, dried thyme",fill,6,"['oil,t,c,heat,s,p,in,medium,de,f,-,re,l,d']"
113114,fried avocado slices with spicy lime cream,"buttermilk, hot sauce, avocados, sour cream, fresh lime juice, cilantro leaf, cilantro leaves, red onion, jalapeno pepper, salt, vegetable oil, yellow cornmeal, flour, baking powder, lime wedge, paprika, garlic powder, black pepper, onion powder, cayenne pepper, dried oregano, dried thyme",baking,7,"['powder,salt,flour,corn,meal,cornmeal,t,c,baking,s,p,in,essence,dish,de,f,re,l,d,b']"
113114,fried avocado slices with spicy lime cream,"buttermilk, hot sauce, avocados, sour cream, fresh lime juice, cilantro leaf, cilantro leaves, red onion, jalapeno pepper, salt, vegetable oil, yellow cornmeal, flour, baking powder, lime wedge, paprika, garlic powder, black pepper, onion powder, cayenne pepper, dried oregano, dried thyme",remaining,7,"['powder,salt,flour,corn,meal,cornmeal,t,c,baking,s,p,in,essence,dish,de,f,re,l,d,b']"
113114,fried avocado slices with spicy lime cream,"buttermilk, hot sauce, avocados, sour cream, fresh lime juice, cilantro leaf, cilantro leaves, red onion, jalapeno pepper, salt, vegetable oil, yellow cornmeal, flour, baking powder, lime wedge, paprika, garlic powder, black pepper, onion powder, cayenne pepper, dried oregano, dried thyme",dredge,8,"['corn,meal,cornmeal,avocado,t,c,ice,slice,mix,s,in,slices,re,ad,red,l,d']"
113114,fried avocado slices with spicy lime cream,"buttermilk, hot sauce, avocados, sour cream, fresh lime juice, cilantro leaf, cilantro leaves, red onion, jalapeno pepper, salt, vegetable oil, yellow cornmeal, flour, baking powder, lime wedge, paprika, garlic powder, black pepper, onion powder, cayenne pepper, dried oregano, dried thyme",soaked,8,"['corn,meal,cornmeal,avocado,t,c,ice,slice,mix,s,in,slices,re,ad,red,l,d']"
113114,fried avocado slices with spicy lime cream,"buttermilk, hot sauce, avocados, sour cream, fresh lime juice, cilantro leaf, cilantro leaves, red onion, jalapeno pepper, salt, vegetable oil, yellow cornmeal, flour, baking powder, lime wedge, paprika, garlic powder, black pepper, onion powder, cayenne pepper, dried oregano, dried thyme",shaking,8,"['corn,meal,cornmeal,avocado,t,c,ice,slice,mix,s,in,slices,re,ad,red,l,d']"
113114,fried avocado slices with spicy lime cream,"buttermilk, hot sauce, avocados, sour cream, fresh lime juice, cilantro leaf, cilantro leaves, red onion, jalapeno pepper, salt, vegetable oil, yellow cornmeal, flour, baking powder, lime wedge, paprika, garlic powder, black pepper, onion powder, cayenne pepper, dried oregano, dried thyme",remove,8,"['corn,meal,cornmeal,avocado,t,c,ice,slice,mix,s,in,slices,re,ad,red,l,d']"
113114,fried avocado slices with spicy lime cream,"buttermilk, hot sauce, avocados, sour cream, fresh lime juice, cilantro leaf, cilantro leaves, red onion, jalapeno pepper, salt, vegetable oil, yellow cornmeal, flour, baking powder, lime wedge, paprika, garlic powder, black pepper, onion powder, cayenne pepper, dried oregano, dried thyme",remove,10,"['t,c,ice,slice,s,p,in,paper,slices,-,re,l,d']"
113114,fried avocado slices with spicy lime cream,"buttermilk, hot sauce, avocados, sour cream, fresh lime juice, cilantro leaf, cilantro leaves, red onion, jalapeno pepper, salt, vegetable oil, yellow cornmeal, flour, baking powder, lime wedge, paprika, garlic powder, black pepper, onion powder, cayenne pepper, dried oregano, dried thyme",using,10,"['t,c,ice,slice,s,p,in,paper,slices,-,re,l,d']"
113114,fried avocado slices with spicy lime cream,"buttermilk, hot sauce, avocados, sour cream, fresh lime juice, cilantro leaf, cilantro leaves, red onion, jalapeno pepper, salt, vegetable oil, yellow cornmeal, flour, baking powder, lime wedge, paprika, garlic powder, black pepper, onion powder, cayenne pepper, dried oregano, dried thyme",drain,10,"['t,c,ice,slice,s,p,in,paper,slices,-,re,l,d']"
113114,fried avocado slices with spicy lime cream,"buttermilk, hot sauce, avocados, sour cream, fresh lime juice, cilantro leaf, cilantro leaves, red onion, jalapeno pepper, salt, vegetable oil, yellow cornmeal, flour, baking powder, lime wedge, paprika, garlic powder, black pepper, onion powder, cayenne pepper, dried oregano, dried thyme",lined,10,"['t,c,ice,slice,s,p,in,paper,slices,-,re,l,d']"
113114,fried avocado slices with spicy lime cream,"buttermilk, hot sauce, avocados, sour cream, fresh lime juice, cilantro leaf, cilantro leaves, red onion, jalapeno pepper, salt, vegetable oil, yellow cornmeal, flour, baking powder, lime wedge, paprika, garlic powder, black pepper, onion powder, cayenne pepper, dried oregano, dried thyme",serve,12,"['lime,wedges,t,c,s,p,wedge,tel,crema,re,l,d']"
113114,fried avocado slices with spicy lime cream,"buttermilk, hot sauce, avocados, sour cream, fresh lime juice, cilantro leaf, cilantro leaves, red onion, jalapeno pepper, salt, vegetable oil, yellow cornmeal, flour, baking powder, lime wedge, paprika, garlic powder, black pepper, onion powder, cayenne pepper, dried oregano, dried thyme",garnish,12,"['lime,wedges,t,c,s,p,wedge,tel,crema,re,l,d']"
113114,fried avocado slices with spicy lime cream,"buttermilk, hot sauce, avocados, sour cream, fresh lime juice, cilantro leaf, cilantro leaves, red onion, jalapeno pepper, salt, vegetable oil, yellow cornmeal, flour, baking powder, lime wedge, paprika, garlic powder, black pepper, onion powder, cayenne pepper, dried oregano, dried thyme",yield,15,"['c,p,l,d']"
