Id,Name,AllIngredients,Verbs,Steps,Ingredient
11333,pesto stuffed chicken thighs,"pesto sauce, chicken thighs, olive oil, onions, chopped tomatoes, tomato puree, fresh basil leaf, white wine, red pepper, yellow pepper, orange bell pepper, ground paprika, basil leaves, salt, fresh ground black pepper, garlic cloves, almonds, virgin olive oil, butter, parmesan cheese",spread,1,{}
11333,pesto stuffed chicken thighs,"pesto sauce, chicken thighs, olive oil, onions, chopped tomatoes, tomato puree, fresh basil leaf, white wine, red pepper, yellow pepper, orange bell pepper, ground paprika, basil leaves, salt, fresh ground black pepper, garlic cloves, almonds, virgin olive oil, butter, parmesan cheese",based,2,"['sauce,oil,brown,chicken,pan,t,c,heat,base,s,p,in,f,au,chick,l,d,light,b,nt,e,o,y']"
11333,pesto stuffed chicken thighs,"pesto sauce, chicken thighs, olive oil, onions, chopped tomatoes, tomato puree, fresh basil leaf, white wine, red pepper, yellow pepper, orange bell pepper, ground paprika, basil leaves, salt, fresh ground black pepper, garlic cloves, almonds, virgin olive oil, butter, parmesan cheese",browned,2,"['sauce,oil,brown,chicken,pan,t,c,heat,base,s,p,in,f,au,chick,l,d,light,b,nt,e,o,y']"
11333,pesto stuffed chicken thighs,"pesto sauce, chicken thighs, olive oil, onions, chopped tomatoes, tomato puree, fresh basil leaf, white wine, red pepper, yellow pepper, orange bell pepper, ground paprika, basil leaves, salt, fresh ground black pepper, garlic cloves, almonds, virgin olive oil, butter, parmesan cheese",remove,3,"['t,s,p,in,de,reserve,au,re,l,d,e,o']"
11333,pesto stuffed chicken thighs,"pesto sauce, chicken thighs, olive oil, onions, chopped tomatoes, tomato puree, fresh basil leaf, white wine, red pepper, yellow pepper, orange bell pepper, ground paprika, basil leaves, salt, fresh ground black pepper, garlic cloves, almonds, virgin olive oil, butter, parmesan cheese",reserve,3,"['t,s,p,in,de,reserve,au,re,l,d,e,o']"
11333,pesto stuffed chicken thighs,"pesto sauce, chicken thighs, olive oil, onions, chopped tomatoes, tomato puree, fresh basil leaf, white wine, red pepper, yellow pepper, orange bell pepper, ground paprika, basil leaves, salt, fresh ground black pepper, garlic cloves, almonds, virgin olive oil, butter, parmesan cheese",sauting,3,"['t,s,p,in,de,reserve,au,re,l,d,e,o']"
11333,pesto stuffed chicken thighs,"pesto sauce, chicken thighs, olive oil, onions, chopped tomatoes, tomato puree, fresh basil leaf, white wine, red pepper, yellow pepper, orange bell pepper, ground paprika, basil leaves, salt, fresh ground black pepper, garlic cloves, almonds, virgin olive oil, butter, parmesan cheese",remaining,4,"['oil,onion,pan,onions,t,min,heat,s,p,in,f,au,re,ad,l,d,e,nut,o']"
11333,pesto stuffed chicken thighs,"pesto sauce, chicken thighs, olive oil, onions, chopped tomatoes, tomato puree, fresh basil leaf, white wine, red pepper, yellow pepper, orange bell pepper, ground paprika, basil leaves, salt, fresh ground black pepper, garlic cloves, almonds, virgin olive oil, butter, parmesan cheese",add,4,"['oil,onion,pan,onions,t,min,heat,s,p,in,f,au,re,ad,l,d,e,nut,o']"
11333,pesto stuffed chicken thighs,"pesto sauce, chicken thighs, olive oil, onions, chopped tomatoes, tomato puree, fresh basil leaf, white wine, red pepper, yellow pepper, orange bell pepper, ground paprika, basil leaves, salt, fresh ground black pepper, garlic cloves, almonds, virgin olive oil, butter, parmesan cheese",add,6,"['basil,leaves,t,min,s,in,f,ad,l,d,b,e,nut,o']"
11333,pesto stuffed chicken thighs,"pesto sauce, chicken thighs, olive oil, onions, chopped tomatoes, tomato puree, fresh basil leaf, white wine, red pepper, yellow pepper, orange bell pepper, ground paprika, basil leaves, salt, fresh ground black pepper, garlic cloves, almonds, virgin olive oil, butter, parmesan cheese",stir,5,"['tomatoes,tomato,puree,t,s,p,in,re,d,e,o,tomatoe']"
11333,pesto stuffed chicken thighs,"pesto sauce, chicken thighs, olive oil, onions, chopped tomatoes, tomato puree, fresh basil leaf, white wine, red pepper, yellow pepper, orange bell pepper, ground paprika, basil leaves, salt, fresh ground black pepper, garlic cloves, almonds, virgin olive oil, butter, parmesan cheese",stir,7,"['wine,t,min,s,in,white,f,re,d,e,nut,o']"
11333,pesto stuffed chicken thighs,"pesto sauce, chicken thighs, olive oil, onions, chopped tomatoes, tomato puree, fresh basil leaf, white wine, red pepper, yellow pepper, orange bell pepper, ground paprika, basil leaves, salt, fresh ground black pepper, garlic cloves, almonds, virgin olive oil, butter, parmesan cheese",simmer,6,"['basil,leaves,t,min,s,in,f,ad,l,d,b,e,nut,o']"
11333,pesto stuffed chicken thighs,"pesto sauce, chicken thighs, olive oil, onions, chopped tomatoes, tomato puree, fresh basil leaf, white wine, red pepper, yellow pepper, orange bell pepper, ground paprika, basil leaves, salt, fresh ground black pepper, garlic cloves, almonds, virgin olive oil, butter, parmesan cheese",simmer,7,"['wine,t,min,s,in,white,f,re,d,e,nut,o']"
11333,pesto stuffed chicken thighs,"pesto sauce, chicken thighs, olive oil, onions, chopped tomatoes, tomato puree, fresh basil leaf, white wine, red pepper, yellow pepper, orange bell pepper, ground paprika, basil leaves, salt, fresh ground black pepper, garlic cloves, almonds, virgin olive oil, butter, parmesan cheese",taste,8,"['season,sea,t,s,e,o']"
11333,pesto stuffed chicken thighs,"pesto sauce, chicken thighs, olive oil, onions, chopped tomatoes, tomato puree, fresh basil leaf, white wine, red pepper, yellow pepper, orange bell pepper, ground paprika, basil leaves, salt, fresh ground black pepper, garlic cloves, almonds, virgin olive oil, butter, parmesan cheese",lay,9,"['sauce,pepper,tomato,chicken,peppers,paprika,t,c,s,p,in,dish,oven,f,au,top,chick,l,d,e,o,y']"
11333,pesto stuffed chicken thighs,"pesto sauce, chicken thighs, olive oil, onions, chopped tomatoes, tomato puree, fresh basil leaf, white wine, red pepper, yellow pepper, orange bell pepper, ground paprika, basil leaves, salt, fresh ground black pepper, garlic cloves, almonds, virgin olive oil, butter, parmesan cheese",pour,9,"['sauce,pepper,tomato,chicken,peppers,paprika,t,c,s,p,in,dish,oven,f,au,top,chick,l,d,e,o,y']"
11333,pesto stuffed chicken thighs,"pesto sauce, chicken thighs, olive oil, onions, chopped tomatoes, tomato puree, fresh basil leaf, white wine, red pepper, yellow pepper, orange bell pepper, ground paprika, basil leaves, salt, fresh ground black pepper, garlic cloves, almonds, virgin olive oil, butter, parmesan cheese",sprinkle,9,"['sauce,pepper,tomato,chicken,peppers,paprika,t,c,s,p,in,dish,oven,f,au,top,chick,l,d,e,o,y']"
11333,pesto stuffed chicken thighs,"pesto sauce, chicken thighs, olive oil, onions, chopped tomatoes, tomato puree, fresh basil leaf, white wine, red pepper, yellow pepper, orange bell pepper, ground paprika, basil leaves, salt, fresh ground black pepper, garlic cloves, almonds, virgin olive oil, butter, parmesan cheese",bake,10,"['t,c,min,s,in,f,b,e,nut,o']"
11333,pesto stuffed chicken thighs,"pesto sauce, chicken thighs, olive oil, onions, chopped tomatoes, tomato puree, fresh basil leaf, white wine, red pepper, yellow pepper, orange bell pepper, ground paprika, basil leaves, salt, fresh ground black pepper, garlic cloves, almonds, virgin olive oil, butter, parmesan cheese",garnish,11,"['basil,leaves,t,s,re,l,b,e,o']"
11333,pesto stuffed chicken thighs,"pesto sauce, chicken thighs, olive oil, onions, chopped tomatoes, tomato puree, fresh basil leaf, white wine, red pepper, yellow pepper, orange bell pepper, ground paprika, basil leaves, salt, fresh ground black pepper, garlic cloves, almonds, virgin olive oil, butter, parmesan cheese",liquidise,12,"['sauce,pesto,t,c,s,p,in,au,re,red,liquid,l,d,nt,e,o']"
