Id,Name,AllIngredients,Verbs,Steps,Ingredient
113603,sweet   spicy dressing,"dark brown sugar, honey, balsamic vinegar, lemon juice, onion powder, paprika, red chili powder, dry basil leaves, ground cumin, dry oregano leaves, garlic powder, cayenne, ginger, curry, prepared mustard, worcestershire sauce, tomato paste, diced green chilies, canola oil, liquid smoke flavoring, canned pineapple juice",whisk,1,{}
113603,sweet   spicy dressing,"dark brown sugar, honey, balsamic vinegar, lemon juice, onion powder, paprika, red chili powder, dry basil leaves, ground cumin, dry oregano leaves, garlic powder, cayenne, ginger, curry, prepared mustard, worcestershire sauce, tomato paste, diced green chilies, canola oil, liquid smoke flavoring, canned pineapple juice",adding,1,"['oil,t,c,s,in,re,ad,red,l,skin,d,b,nt,e,o,y,g,ts']"
113603,sweet   spicy dressing,"dark brown sugar, honey, balsamic vinegar, lemon juice, onion powder, paprika, red chili powder, dry basil leaves, ground cumin, dry oregano leaves, garlic powder, cayenne, ginger, curry, prepared mustard, worcestershire sauce, tomato paste, diced green chilies, canola oil, liquid smoke flavoring, canned pineapple juice",add,1,"['oil,t,c,s,in,re,ad,red,l,skin,d,b,nt,e,o,y,g,ts']"
113603,sweet   spicy dressing,"dark brown sugar, honey, balsamic vinegar, lemon juice, onion powder, paprika, red chili powder, dry basil leaves, ground cumin, dry oregano leaves, garlic powder, cayenne, ginger, curry, prepared mustard, worcestershire sauce, tomato paste, diced green chilies, canola oil, liquid smoke flavoring, canned pineapple juice",whisking,1,"['oil,t,c,s,in,re,ad,red,l,skin,d,b,nt,e,o,y,g,ts']"
113603,sweet   spicy dressing,"dark brown sugar, honey, balsamic vinegar, lemon juice, onion powder, paprika, red chili powder, dry basil leaves, ground cumin, dry oregano leaves, garlic powder, cayenne, ginger, curry, prepared mustard, worcestershire sauce, tomato paste, diced green chilies, canola oil, liquid smoke flavoring, canned pineapple juice",combined,1,"['oil,t,c,s,in,re,ad,red,l,skin,d,b,nt,e,o,y,g,ts']"
113603,sweet   spicy dressing,"dark brown sugar, honey, balsamic vinegar, lemon juice, onion powder, paprika, red chili powder, dry basil leaves, ground cumin, dry oregano leaves, garlic powder, cayenne, ginger, curry, prepared mustard, worcestershire sauce, tomato paste, diced green chilies, canola oil, liquid smoke flavoring, canned pineapple juice",make,2,"['t,c,s,p,ad,l,d,e,o,y,head']"
