Id,Name,AllIngredients,Verbs,Steps,Ingredient
114671,steak and spinach lasagna,"chopped tomatoes, steak, onions, sliced mushrooms, garlic cloves, salt and pepper, dried oregano, brown sugar, balsamic vinegar, unsalted butter, flour, white pepper, nutmeg, cayenne, milk, cheddar cheese, parmesan cheese, lasagna noodles, baby spinach, fresh basil",begin,1,{}
114671,steak and spinach lasagna,"chopped tomatoes, steak, onions, sliced mushrooms, garlic cloves, salt and pepper, dried oregano, brown sugar, balsamic vinegar, unsalted butter, flour, white pepper, nutmeg, cayenne, milk, cheddar cheese, parmesan cheese, lasagna noodles, baby spinach, fresh basil",begin,8,"['sauce,pepper,salt,flour,butter,cayenne,cheese,pan,nutmeg,tabasco,t,c,heat,s,p,in,white,f,au,l,skin,d,b,e,gin,butt,nut,o,y,g,v']"
114671,steak and spinach lasagna,"chopped tomatoes, steak, onions, sliced mushrooms, garlic cloves, salt and pepper, dried oregano, brown sugar, balsamic vinegar, unsalted butter, flour, white pepper, nutmeg, cayenne, milk, cheddar cheese, parmesan cheese, lasagna noodles, baby spinach, fresh basil",begin,17,"['sauce,cheese,pan,read,lasagna,noodles,cook,t,c,half,s,p,in,meat,f,au,one,noodle,re,ad,l,d,b,e,gin,o,y,g,v']"
114671,steak and spinach lasagna,"chopped tomatoes, steak, onions, sliced mushrooms, garlic cloves, salt and pepper, dried oregano, brown sugar, balsamic vinegar, unsalted butter, flour, white pepper, nutmeg, cayenne, milk, cheddar cheese, parmesan cheese, lasagna noodles, baby spinach, fresh basil",whirring,1,"['sauce,tomatoes,tomato,puree,t,c,s,p,in,meat,food,f,au,re,d,b,e,ring,gin,o,y,tomatoe,g']"
114671,steak and spinach lasagna,"chopped tomatoes, steak, onions, sliced mushrooms, garlic cloves, salt and pepper, dried oregano, brown sugar, balsamic vinegar, unsalted butter, flour, white pepper, nutmeg, cayenne, milk, cheddar cheese, parmesan cheese, lasagna noodles, baby spinach, fresh basil",prefer,1,"['sauce,tomatoes,tomato,puree,t,c,s,p,in,meat,food,f,au,re,d,b,e,ring,gin,o,y,tomatoe,g']"
114671,steak and spinach lasagna,"chopped tomatoes, steak, onions, sliced mushrooms, garlic cloves, salt and pepper, dried oregano, brown sugar, balsamic vinegar, unsalted butter, flour, white pepper, nutmeg, cayenne, milk, cheddar cheese, parmesan cheese, lasagna noodles, baby spinach, fresh basil",set,2,"['t,s,de,d,e']"
114671,steak and spinach lasagna,"chopped tomatoes, steak, onions, sliced mushrooms, garlic cloves, salt and pepper, dried oregano, brown sugar, balsamic vinegar, unsalted butter, flour, white pepper, nutmeg, cayenne, milk, cheddar cheese, parmesan cheese, lasagna noodles, baby spinach, fresh basil",set,7,"['sauce,t,c,min,s,p,in,meat,de,f,au,re,red,l,d,nt,e,nut,o,y,v']"
114671,steak and spinach lasagna,"chopped tomatoes, steak, onions, sliced mushrooms, garlic cloves, salt and pepper, dried oregano, brown sugar, balsamic vinegar, unsalted butter, flour, white pepper, nutmeg, cayenne, milk, cheddar cheese, parmesan cheese, lasagna noodles, baby spinach, fresh basil",set,13,"['t,s,de,d,e']"
114671,steak and spinach lasagna,"chopped tomatoes, steak, onions, sliced mushrooms, garlic cloves, salt and pepper, dried oregano, brown sugar, balsamic vinegar, unsalted butter, flour, white pepper, nutmeg, cayenne, milk, cheddar cheese, parmesan cheese, lasagna noodles, baby spinach, fresh basil",using,3,"['ground,t,steak,s,rind,in,meat,round,fat,f,-,re,l,d,e,tea,o,y,g']"
114671,steak and spinach lasagna,"chopped tomatoes, steak, onions, sliced mushrooms, garlic cloves, salt and pepper, dried oregano, brown sugar, balsamic vinegar, unsalted butter, flour, white pepper, nutmeg, cayenne, milk, cheddar cheese, parmesan cheese, lasagna noodles, baby spinach, fresh basil",using,18,"['spinach,t,c,s,p,in,pin,oz,f,mu,press,re,liquid,l,d,b,e,o,g']"
114671,steak and spinach lasagna,"chopped tomatoes, steak, onions, sliced mushrooms, garlic cloves, salt and pepper, dried oregano, brown sugar, balsamic vinegar, unsalted butter, flour, white pepper, nutmeg, cayenne, milk, cheddar cheese, parmesan cheese, lasagna noodles, baby spinach, fresh basil",trim,3,"['ground,t,steak,s,rind,in,meat,round,fat,f,-,re,l,d,e,tea,o,y,g']"
114671,steak and spinach lasagna,"chopped tomatoes, steak, onions, sliced mushrooms, garlic cloves, salt and pepper, dried oregano, brown sugar, balsamic vinegar, unsalted butter, flour, white pepper, nutmeg, cayenne, milk, cheddar cheese, parmesan cheese, lasagna noodles, baby spinach, fresh basil",grind,3,"['ground,t,steak,s,rind,in,meat,round,fat,f,-,re,l,d,e,tea,o,y,g']"
114671,steak and spinach lasagna,"chopped tomatoes, steak, onions, sliced mushrooms, garlic cloves, salt and pepper, dried oregano, brown sugar, balsamic vinegar, unsalted butter, flour, white pepper, nutmeg, cayenne, milk, cheddar cheese, parmesan cheese, lasagna noodles, baby spinach, fresh basil",saut,4,"['brown,pan,ground,pot,t,min,s,p,in,meat,round,au,l,d,b,nt,e,nut,o,y,g,v']"
114671,steak and spinach lasagna,"chopped tomatoes, steak, onions, sliced mushrooms, garlic cloves, salt and pepper, dried oregano, brown sugar, balsamic vinegar, unsalted butter, flour, white pepper, nutmeg, cayenne, milk, cheddar cheese, parmesan cheese, lasagna noodles, baby spinach, fresh basil",add,5,"['garlic,onion,mushrooms,mushroom,room,chop,t,c,s,p,shrooms,au,mu,hr,re,ad,l,d,nt,e,o,g']"
114671,steak and spinach lasagna,"chopped tomatoes, steak, onions, sliced mushrooms, garlic cloves, salt and pepper, dried oregano, brown sugar, balsamic vinegar, unsalted butter, flour, white pepper, nutmeg, cayenne, milk, cheddar cheese, parmesan cheese, lasagna noodles, baby spinach, fresh basil",add,6,"['pepper,salt,sugar,oil,oregano,tomato,brown,puree,balsamic,t,c,boil,s,p,in,re,ad,l,d,b,e,ring,o,g']"
114671,steak and spinach lasagna,"chopped tomatoes, steak, onions, sliced mushrooms, garlic cloves, salt and pepper, dried oregano, brown sugar, balsamic vinegar, unsalted butter, flour, white pepper, nutmeg, cayenne, milk, cheddar cheese, parmesan cheese, lasagna noodles, baby spinach, fresh basil",add,10,"['milk,t,c,s,p,in,medium,-,re,ad,l,skin,d,nt,e,o,y,g']"
114671,steak and spinach lasagna,"chopped tomatoes, steak, onions, sliced mushrooms, garlic cloves, salt and pepper, dried oregano, brown sugar, balsamic vinegar, unsalted butter, flour, white pepper, nutmeg, cayenne, milk, cheddar cheese, parmesan cheese, lasagna noodles, baby spinach, fresh basil",chopped,5,"['garlic,onion,mushrooms,mushroom,room,chop,t,c,s,p,shrooms,au,mu,hr,re,ad,l,d,nt,e,o,g']"
114671,steak and spinach lasagna,"chopped tomatoes, steak, onions, sliced mushrooms, garlic cloves, salt and pepper, dried oregano, brown sugar, balsamic vinegar, unsalted butter, flour, white pepper, nutmeg, cayenne, milk, cheddar cheese, parmesan cheese, lasagna noodles, baby spinach, fresh basil",chopped,19,"['cheese,read,basil,spinach,chop,t,c,s,p,in,pin,oz,f,re,ad,l,d,b,e,o,y,v']"
114671,steak and spinach lasagna,"chopped tomatoes, steak, onions, sliced mushrooms, garlic cloves, salt and pepper, dried oregano, brown sugar, balsamic vinegar, unsalted butter, flour, white pepper, nutmeg, cayenne, milk, cheddar cheese, parmesan cheese, lasagna noodles, baby spinach, fresh basil",is,5,"['garlic,onion,mushrooms,mushroom,room,chop,t,c,s,p,shrooms,au,mu,hr,re,ad,l,d,nt,e,o,g']"
114671,steak and spinach lasagna,"chopped tomatoes, steak, onions, sliced mushrooms, garlic cloves, salt and pepper, dried oregano, brown sugar, balsamic vinegar, unsalted butter, flour, white pepper, nutmeg, cayenne, milk, cheddar cheese, parmesan cheese, lasagna noodles, baby spinach, fresh basil",taste,6,"['pepper,salt,sugar,oil,oregano,tomato,brown,puree,balsamic,t,c,boil,s,p,in,re,ad,l,d,b,e,ring,o,g']"
114671,steak and spinach lasagna,"chopped tomatoes, steak, onions, sliced mushrooms, garlic cloves, salt and pepper, dried oregano, brown sugar, balsamic vinegar, unsalted butter, flour, white pepper, nutmeg, cayenne, milk, cheddar cheese, parmesan cheese, lasagna noodles, baby spinach, fresh basil",bring,6,"['pepper,salt,sugar,oil,oregano,tomato,brown,puree,balsamic,t,c,boil,s,p,in,re,ad,l,d,b,e,ring,o,g']"
114671,steak and spinach lasagna,"chopped tomatoes, steak, onions, sliced mushrooms, garlic cloves, salt and pepper, dried oregano, brown sugar, balsamic vinegar, unsalted butter, flour, white pepper, nutmeg, cayenne, milk, cheddar cheese, parmesan cheese, lasagna noodles, baby spinach, fresh basil",bring,11,"['oil,cook,t,c,boil,min,heat,s,in,f,re,red,l,d,light,b,e,ring,nut,o,g']"
114671,steak and spinach lasagna,"chopped tomatoes, steak, onions, sliced mushrooms, garlic cloves, salt and pepper, dried oregano, brown sugar, balsamic vinegar, unsalted butter, flour, white pepper, nutmeg, cayenne, milk, cheddar cheese, parmesan cheese, lasagna noodles, baby spinach, fresh basil",reduce,7,"['sauce,t,c,min,s,p,in,meat,de,f,au,re,red,l,d,nt,e,nut,o,y,v']"
114671,steak and spinach lasagna,"chopped tomatoes, steak, onions, sliced mushrooms, garlic cloves, salt and pepper, dried oregano, brown sugar, balsamic vinegar, unsalted butter, flour, white pepper, nutmeg, cayenne, milk, cheddar cheese, parmesan cheese, lasagna noodles, baby spinach, fresh basil",reduce,11,"['oil,cook,t,c,boil,min,heat,s,in,f,re,red,l,d,light,b,e,ring,nut,o,g']"
114671,steak and spinach lasagna,"chopped tomatoes, steak, onions, sliced mushrooms, garlic cloves, salt and pepper, dried oregano, brown sugar, balsamic vinegar, unsalted butter, flour, white pepper, nutmeg, cayenne, milk, cheddar cheese, parmesan cheese, lasagna noodles, baby spinach, fresh basil",cover,7,"['sauce,t,c,min,s,p,in,meat,de,f,au,re,red,l,d,nt,e,nut,o,y,v']"
114671,steak and spinach lasagna,"chopped tomatoes, steak, onions, sliced mushrooms, garlic cloves, salt and pepper, dried oregano, brown sugar, balsamic vinegar, unsalted butter, flour, white pepper, nutmeg, cayenne, milk, cheddar cheese, parmesan cheese, lasagna noodles, baby spinach, fresh basil",cover,17,"['sauce,cheese,pan,read,lasagna,noodles,cook,t,c,half,s,p,in,meat,f,au,one,noodle,re,ad,l,d,b,e,gin,o,y,g,v']"
114671,steak and spinach lasagna,"chopped tomatoes, steak, onions, sliced mushrooms, garlic cloves, salt and pepper, dried oregano, brown sugar, balsamic vinegar, unsalted butter, flour, white pepper, nutmeg, cayenne, milk, cheddar cheese, parmesan cheese, lasagna noodles, baby spinach, fresh basil",simmer,7,"['sauce,t,c,min,s,p,in,meat,de,f,au,re,red,l,d,nt,e,nut,o,y,v']"
114671,steak and spinach lasagna,"chopped tomatoes, steak, onions, sliced mushrooms, garlic cloves, salt and pepper, dried oregano, brown sugar, balsamic vinegar, unsalted butter, flour, white pepper, nutmeg, cayenne, milk, cheddar cheese, parmesan cheese, lasagna noodles, baby spinach, fresh basil",uncover,7,"['sauce,t,c,min,s,p,in,meat,de,f,au,re,red,l,d,nt,e,nut,o,y,v']"
114671,steak and spinach lasagna,"chopped tomatoes, steak, onions, sliced mushrooms, garlic cloves, salt and pepper, dried oregano, brown sugar, balsamic vinegar, unsalted butter, flour, white pepper, nutmeg, cayenne, milk, cheddar cheese, parmesan cheese, lasagna noodles, baby spinach, fresh basil",let,7,"['sauce,t,c,min,s,p,in,meat,de,f,au,re,red,l,d,nt,e,nut,o,y,v']"
114671,steak and spinach lasagna,"chopped tomatoes, steak, onions, sliced mushrooms, garlic cloves, salt and pepper, dried oregano, brown sugar, balsamic vinegar, unsalted butter, flour, white pepper, nutmeg, cayenne, milk, cheddar cheese, parmesan cheese, lasagna noodles, baby spinach, fresh basil",let,23,"['garlic,read,bread,balsamic,t,salad,c,min,roast,asparagus,s,p,in,oven,f,re,ad,l,d,b,e,ragu,nut,o,g,v']"
114671,steak and spinach lasagna,"chopped tomatoes, steak, onions, sliced mushrooms, garlic cloves, salt and pepper, dried oregano, brown sugar, balsamic vinegar, unsalted butter, flour, white pepper, nutmeg, cayenne, milk, cheddar cheese, parmesan cheese, lasagna noodles, baby spinach, fresh basil",thickened,7,"['sauce,t,c,min,s,p,in,meat,de,f,au,re,red,l,d,nt,e,nut,o,y,v']"
114671,steak and spinach lasagna,"chopped tomatoes, steak, onions, sliced mushrooms, garlic cloves, salt and pepper, dried oregano, brown sugar, balsamic vinegar, unsalted butter, flour, white pepper, nutmeg, cayenne, milk, cheddar cheese, parmesan cheese, lasagna noodles, baby spinach, fresh basil",melting,8,"['sauce,pepper,salt,flour,butter,cayenne,cheese,pan,nutmeg,tabasco,t,c,heat,s,p,in,white,f,au,l,skin,d,b,e,gin,butt,nut,o,y,g,v']"
114671,steak and spinach lasagna,"chopped tomatoes, steak, onions, sliced mushrooms, garlic cloves, salt and pepper, dried oregano, brown sugar, balsamic vinegar, unsalted butter, flour, white pepper, nutmeg, cayenne, milk, cheddar cheese, parmesan cheese, lasagna noodles, baby spinach, fresh basil",whisking,8,"['sauce,pepper,salt,flour,butter,cayenne,cheese,pan,nutmeg,tabasco,t,c,heat,s,p,in,white,f,au,l,skin,d,b,e,gin,butt,nut,o,y,g,v']"
114671,steak and spinach lasagna,"chopped tomatoes, steak, onions, sliced mushrooms, garlic cloves, salt and pepper, dried oregano, brown sugar, balsamic vinegar, unsalted butter, flour, white pepper, nutmeg, cayenne, milk, cheddar cheese, parmesan cheese, lasagna noodles, baby spinach, fresh basil",whisking,9,"['cook,t,c,min,s,in,f,skin,e,ring,nut,o,g']"
114671,steak and spinach lasagna,"chopped tomatoes, steak, onions, sliced mushrooms, garlic cloves, salt and pepper, dried oregano, brown sugar, balsamic vinegar, unsalted butter, flour, white pepper, nutmeg, cayenne, milk, cheddar cheese, parmesan cheese, lasagna noodles, baby spinach, fresh basil",whisking,10,"['milk,t,c,s,p,in,medium,-,re,ad,l,skin,d,nt,e,o,y,g']"
114671,steak and spinach lasagna,"chopped tomatoes, steak, onions, sliced mushrooms, garlic cloves, salt and pepper, dried oregano, brown sugar, balsamic vinegar, unsalted butter, flour, white pepper, nutmeg, cayenne, milk, cheddar cheese, parmesan cheese, lasagna noodles, baby spinach, fresh basil",cook,9,"['cook,t,c,min,s,in,f,skin,e,ring,nut,o,g']"
114671,steak and spinach lasagna,"chopped tomatoes, steak, onions, sliced mushrooms, garlic cloves, salt and pepper, dried oregano, brown sugar, balsamic vinegar, unsalted butter, flour, white pepper, nutmeg, cayenne, milk, cheddar cheese, parmesan cheese, lasagna noodles, baby spinach, fresh basil",cook,11,"['oil,cook,t,c,boil,min,heat,s,in,f,re,red,l,d,light,b,e,ring,nut,o,g']"
114671,steak and spinach lasagna,"chopped tomatoes, steak, onions, sliced mushrooms, garlic cloves, salt and pepper, dried oregano, brown sugar, balsamic vinegar, unsalted butter, flour, white pepper, nutmeg, cayenne, milk, cheddar cheese, parmesan cheese, lasagna noodles, baby spinach, fresh basil",cook,14,"['lasagna,noodles,cook,t,c,s,p,in,age,noodle,re,l,d,e,o,g']"
114671,steak and spinach lasagna,"chopped tomatoes, steak, onions, sliced mushrooms, garlic cloves, salt and pepper, dried oregano, brown sugar, balsamic vinegar, unsalted butter, flour, white pepper, nutmeg, cayenne, milk, cheddar cheese, parmesan cheese, lasagna noodles, baby spinach, fresh basil",raise,10,"['milk,t,c,s,p,in,medium,-,re,ad,l,skin,d,nt,e,o,y,g']"
114671,steak and spinach lasagna,"chopped tomatoes, steak, onions, sliced mushrooms, garlic cloves, salt and pepper, dried oregano, brown sugar, balsamic vinegar, unsalted butter, flour, white pepper, nutmeg, cayenne, milk, cheddar cheese, parmesan cheese, lasagna noodles, baby spinach, fresh basil",incorporated,10,"['milk,t,c,s,p,in,medium,-,re,ad,l,skin,d,nt,e,o,y,g']"
114671,steak and spinach lasagna,"chopped tomatoes, steak, onions, sliced mushrooms, garlic cloves, salt and pepper, dried oregano, brown sugar, balsamic vinegar, unsalted butter, flour, white pepper, nutmeg, cayenne, milk, cheddar cheese, parmesan cheese, lasagna noodles, baby spinach, fresh basil",stirring,11,"['oil,cook,t,c,boil,min,heat,s,in,f,re,red,l,d,light,b,e,ring,nut,o,g']"
114671,steak and spinach lasagna,"chopped tomatoes, steak, onions, sliced mushrooms, garlic cloves, salt and pepper, dried oregano, brown sugar, balsamic vinegar, unsalted butter, flour, white pepper, nutmeg, cayenne, milk, cheddar cheese, parmesan cheese, lasagna noodles, baby spinach, fresh basil",remove,12,"['sauce,cheese,parmesan,t,c,heat,cheddar,s,p,in,f,au,re,l,d,nt,e,o,v']"
114671,steak and spinach lasagna,"chopped tomatoes, steak, onions, sliced mushrooms, garlic cloves, salt and pepper, dried oregano, brown sugar, balsamic vinegar, unsalted butter, flour, white pepper, nutmeg, cayenne, milk, cheddar cheese, parmesan cheese, lasagna noodles, baby spinach, fresh basil",remove,23,"['garlic,read,bread,balsamic,t,salad,c,min,roast,asparagus,s,p,in,oven,f,re,ad,l,d,b,e,ragu,nut,o,g,v']"
114671,steak and spinach lasagna,"chopped tomatoes, steak, onions, sliced mushrooms, garlic cloves, salt and pepper, dried oregano, brown sugar, balsamic vinegar, unsalted butter, flour, white pepper, nutmeg, cayenne, milk, cheddar cheese, parmesan cheese, lasagna noodles, baby spinach, fresh basil",stir,12,"['sauce,cheese,parmesan,t,c,heat,cheddar,s,p,in,f,au,re,l,d,nt,e,o,v']"
114671,steak and spinach lasagna,"chopped tomatoes, steak, onions, sliced mushrooms, garlic cloves, salt and pepper, dried oregano, brown sugar, balsamic vinegar, unsalted butter, flour, white pepper, nutmeg, cayenne, milk, cheddar cheese, parmesan cheese, lasagna noodles, baby spinach, fresh basil",melt,12,"['sauce,cheese,parmesan,t,c,heat,cheddar,s,p,in,f,au,re,l,d,nt,e,o,v']"
114671,steak and spinach lasagna,"chopped tomatoes, steak, onions, sliced mushrooms, garlic cloves, salt and pepper, dried oregano, brown sugar, balsamic vinegar, unsalted butter, flour, white pepper, nutmeg, cayenne, milk, cheddar cheese, parmesan cheese, lasagna noodles, baby spinach, fresh basil",according,14,"['lasagna,noodles,cook,t,c,s,p,in,age,noodle,re,l,d,e,o,g']"
114671,steak and spinach lasagna,"chopped tomatoes, steak, onions, sliced mushrooms, garlic cloves, salt and pepper, dried oregano, brown sugar, balsamic vinegar, unsalted butter, flour, white pepper, nutmeg, cayenne, milk, cheddar cheese, parmesan cheese, lasagna noodles, baby spinach, fresh basil",assembling,17,"['sauce,cheese,pan,read,lasagna,noodles,cook,t,c,half,s,p,in,meat,f,au,one,noodle,re,ad,l,d,b,e,gin,o,y,g,v']"
114671,steak and spinach lasagna,"chopped tomatoes, steak, onions, sliced mushrooms, garlic cloves, salt and pepper, dried oregano, brown sugar, balsamic vinegar, unsalted butter, flour, white pepper, nutmeg, cayenne, milk, cheddar cheese, parmesan cheese, lasagna noodles, baby spinach, fresh basil",spread,17,"['sauce,cheese,pan,read,lasagna,noodles,cook,t,c,half,s,p,in,meat,f,au,one,noodle,re,ad,l,d,b,e,gin,o,y,g,v']"
114671,steak and spinach lasagna,"chopped tomatoes, steak, onions, sliced mushrooms, garlic cloves, salt and pepper, dried oregano, brown sugar, balsamic vinegar, unsalted butter, flour, white pepper, nutmeg, cayenne, milk, cheddar cheese, parmesan cheese, lasagna noodles, baby spinach, fresh basil",spread,19,"['cheese,read,basil,spinach,chop,t,c,s,p,in,pin,oz,f,re,ad,l,d,b,e,o,y,v']"
114671,steak and spinach lasagna,"chopped tomatoes, steak, onions, sliced mushrooms, garlic cloves, salt and pepper, dried oregano, brown sugar, balsamic vinegar, unsalted butter, flour, white pepper, nutmeg, cayenne, milk, cheddar cheese, parmesan cheese, lasagna noodles, baby spinach, fresh basil",spread,20,"['sauce,cheese,read,pasta,cook,t,c,s,p,in,meat,past,pie,f,au,top,re,ad,l,pieces,d,e,o,y,g']"
114671,steak and spinach lasagna,"chopped tomatoes, steak, onions, sliced mushrooms, garlic cloves, salt and pepper, dried oregano, brown sugar, balsamic vinegar, unsalted butter, flour, white pepper, nutmeg, cayenne, milk, cheddar cheese, parmesan cheese, lasagna noodles, baby spinach, fresh basil",press,18,"['spinach,t,c,s,p,in,pin,oz,f,mu,press,re,liquid,l,d,b,e,o,g']"
114671,steak and spinach lasagna,"chopped tomatoes, steak, onions, sliced mushrooms, garlic cloves, salt and pepper, dried oregano, brown sugar, balsamic vinegar, unsalted butter, flour, white pepper, nutmeg, cayenne, milk, cheddar cheese, parmesan cheese, lasagna noodles, baby spinach, fresh basil",squeeze,18,"['spinach,t,c,s,p,in,pin,oz,f,mu,press,re,liquid,l,d,b,e,o,g']"
114671,steak and spinach lasagna,"chopped tomatoes, steak, onions, sliced mushrooms, garlic cloves, salt and pepper, dried oregano, brown sugar, balsamic vinegar, unsalted butter, flour, white pepper, nutmeg, cayenne, milk, cheddar cheese, parmesan cheese, lasagna noodles, baby spinach, fresh basil",sprinkle,19,"['cheese,read,basil,spinach,chop,t,c,s,p,in,pin,oz,f,re,ad,l,d,b,e,o,y,v']"
114671,steak and spinach lasagna,"chopped tomatoes, steak, onions, sliced mushrooms, garlic cloves, salt and pepper, dried oregano, brown sugar, balsamic vinegar, unsalted butter, flour, white pepper, nutmeg, cayenne, milk, cheddar cheese, parmesan cheese, lasagna noodles, baby spinach, fresh basil",sprinkle,21,"['lasagna,parmesan,t,c,cheddar,s,p,in,f,top,l,d,b,e,o,g,v']"
114671,steak and spinach lasagna,"chopped tomatoes, steak, onions, sliced mushrooms, garlic cloves, salt and pepper, dried oregano, brown sugar, balsamic vinegar, unsalted butter, flour, white pepper, nutmeg, cayenne, milk, cheddar cheese, parmesan cheese, lasagna noodles, baby spinach, fresh basil",cooked,20,"['sauce,cheese,read,pasta,cook,t,c,s,p,in,meat,past,pie,f,au,top,re,ad,l,pieces,d,e,o,y,g']"
114671,steak and spinach lasagna,"chopped tomatoes, steak, onions, sliced mushrooms, garlic cloves, salt and pepper, dried oregano, brown sugar, balsamic vinegar, unsalted butter, flour, white pepper, nutmeg, cayenne, milk, cheddar cheese, parmesan cheese, lasagna noodles, baby spinach, fresh basil",remaining,20,"['sauce,cheese,read,pasta,cook,t,c,s,p,in,meat,past,pie,f,au,top,re,ad,l,pieces,d,e,o,y,g']"
114671,steak and spinach lasagna,"chopped tomatoes, steak, onions, sliced mushrooms, garlic cloves, salt and pepper, dried oregano, brown sugar, balsamic vinegar, unsalted butter, flour, white pepper, nutmeg, cayenne, milk, cheddar cheese, parmesan cheese, lasagna noodles, baby spinach, fresh basil",combine,21,"['lasagna,parmesan,t,c,cheddar,s,p,in,f,top,l,d,b,e,o,g,v']"
114671,steak and spinach lasagna,"chopped tomatoes, steak, onions, sliced mushrooms, garlic cloves, salt and pepper, dried oregano, brown sugar, balsamic vinegar, unsalted butter, flour, white pepper, nutmeg, cayenne, milk, cheddar cheese, parmesan cheese, lasagna noodles, baby spinach, fresh basil",bake,22,"['cheese,t,c,min,s,in,de,f,re,l,d,b,e,gold,nut,o,y,g']"
114671,steak and spinach lasagna,"chopped tomatoes, steak, onions, sliced mushrooms, garlic cloves, salt and pepper, dried oregano, brown sugar, balsamic vinegar, unsalted butter, flour, white pepper, nutmeg, cayenne, milk, cheddar cheese, parmesan cheese, lasagna noodles, baby spinach, fresh basil",are,22,"['cheese,t,c,min,s,in,de,f,re,l,d,b,e,gold,nut,o,y,g']"
114671,steak and spinach lasagna,"chopped tomatoes, steak, onions, sliced mushrooms, garlic cloves, salt and pepper, dried oregano, brown sugar, balsamic vinegar, unsalted butter, flour, white pepper, nutmeg, cayenne, milk, cheddar cheese, parmesan cheese, lasagna noodles, baby spinach, fresh basil",stand,23,"['garlic,read,bread,balsamic,t,salad,c,min,roast,asparagus,s,p,in,oven,f,re,ad,l,d,b,e,ragu,nut,o,g,v']"
114671,steak and spinach lasagna,"chopped tomatoes, steak, onions, sliced mushrooms, garlic cloves, salt and pepper, dried oregano, brown sugar, balsamic vinegar, unsalted butter, flour, white pepper, nutmeg, cayenne, milk, cheddar cheese, parmesan cheese, lasagna noodles, baby spinach, fresh basil",serve,23,"['garlic,read,bread,balsamic,t,salad,c,min,roast,asparagus,s,p,in,oven,f,re,ad,l,d,b,e,ragu,nut,o,g,v']"
