Id,Name,AllIngredients,Verbs,Steps,Ingredient
115346,fajita salad with creamy cilantro lime sauce,"olive oil, ground cumin, paprika, chili powder, salt, black pepper, boneless skinless chicken breast, cooking spray, romaine lettuce, green pepper rings, red onion, reduced-fat monterey jack cheese, sliced ripe olives, pinto beans, tomatoes, nonfat sour cream, light mayonnaise, skim milk, lime juice, fresh cilantro, balsamic vinegar, garlic cloves",combine,1,{}
115346,fajita salad with creamy cilantro lime sauce,"olive oil, ground cumin, paprika, chili powder, salt, black pepper, boneless skinless chicken breast, cooking spray, romaine lettuce, green pepper rings, red onion, reduced-fat monterey jack cheese, sliced ripe olives, pinto beans, tomatoes, nonfat sour cream, light mayonnaise, skim milk, lime juice, fresh cilantro, balsamic vinegar, garlic cloves",combine,3,"['pepper,oil,olive,t,c,s,p,in,medium,f,re,red,l,d']"
115346,fajita salad with creamy cilantro lime sauce,"olive oil, ground cumin, paprika, chili powder, salt, black pepper, boneless skinless chicken breast, cooking spray, romaine lettuce, green pepper rings, red onion, reduced-fat monterey jack cheese, sliced ripe olives, pinto beans, tomatoes, nonfat sour cream, light mayonnaise, skim milk, lime juice, fresh cilantro, balsamic vinegar, garlic cloves",stir,1,"['sauce,cilantro,lime,t,c,s,in,f,au,-,re,red,l,d']"
115346,fajita salad with creamy cilantro lime sauce,"olive oil, ground cumin, paprika, chili powder, salt, black pepper, boneless skinless chicken breast, cooking spray, romaine lettuce, green pepper rings, red onion, reduced-fat monterey jack cheese, sliced ripe olives, pinto beans, tomatoes, nonfat sour cream, light mayonnaise, skim milk, lime juice, fresh cilantro, balsamic vinegar, garlic cloves",chill,2,"['sauce,c,s,au,l,d']"
115346,fajita salad with creamy cilantro lime sauce,"olive oil, ground cumin, paprika, chili powder, salt, black pepper, boneless skinless chicken breast, cooking spray, romaine lettuce, green pepper rings, red onion, reduced-fat monterey jack cheese, sliced ripe olives, pinto beans, tomatoes, nonfat sour cream, light mayonnaise, skim milk, lime juice, fresh cilantro, balsamic vinegar, garlic cloves",add,4,"['chicken,c,chick,ad,d']"
115346,fajita salad with creamy cilantro lime sauce,"olive oil, ground cumin, paprika, chili powder, salt, black pepper, boneless skinless chicken breast, cooking spray, romaine lettuce, green pepper rings, red onion, reduced-fat monterey jack cheese, sliced ripe olives, pinto beans, tomatoes, nonfat sour cream, light mayonnaise, skim milk, lime juice, fresh cilantro, balsamic vinegar, garlic cloves",add,7,"['chicken,t,c,mix,re,chick,ad,d']"
115346,fajita salad with creamy cilantro lime sauce,"olive oil, ground cumin, paprika, chili powder, salt, black pepper, boneless skinless chicken breast, cooking spray, romaine lettuce, green pepper rings, red onion, reduced-fat monterey jack cheese, sliced ripe olives, pinto beans, tomatoes, nonfat sour cream, light mayonnaise, skim milk, lime juice, fresh cilantro, balsamic vinegar, garlic cloves",toss,5,"['t,c,oat,s']"
115346,fajita salad with creamy cilantro lime sauce,"olive oil, ground cumin, paprika, chili powder, salt, black pepper, boneless skinless chicken breast, cooking spray, romaine lettuce, green pepper rings, red onion, reduced-fat monterey jack cheese, sliced ripe olives, pinto beans, tomatoes, nonfat sour cream, light mayonnaise, skim milk, lime juice, fresh cilantro, balsamic vinegar, garlic cloves",coat,5,"['t,c,oat,s']"
115346,fajita salad with creamy cilantro lime sauce,"olive oil, ground cumin, paprika, chili powder, salt, black pepper, boneless skinless chicken breast, cooking spray, romaine lettuce, green pepper rings, red onion, reduced-fat monterey jack cheese, sliced ripe olives, pinto beans, tomatoes, nonfat sour cream, light mayonnaise, skim milk, lime juice, fresh cilantro, balsamic vinegar, garlic cloves",place,6,"['cook,t,c,cooking,spray,heat,oat,stick,s,p,in,nonstick,medium,l,d']"
115346,fajita salad with creamy cilantro lime sauce,"olive oil, ground cumin, paprika, chili powder, salt, black pepper, boneless skinless chicken breast, cooking spray, romaine lettuce, green pepper rings, red onion, reduced-fat monterey jack cheese, sliced ripe olives, pinto beans, tomatoes, nonfat sour cream, light mayonnaise, skim milk, lime juice, fresh cilantro, balsamic vinegar, garlic cloves",coated,6,"['cook,t,c,cooking,spray,heat,oat,stick,s,p,in,nonstick,medium,l,d']"
115346,fajita salad with creamy cilantro lime sauce,"olive oil, ground cumin, paprika, chili powder, salt, black pepper, boneless skinless chicken breast, cooking spray, romaine lettuce, green pepper rings, red onion, reduced-fat monterey jack cheese, sliced ripe olives, pinto beans, tomatoes, nonfat sour cream, light mayonnaise, skim milk, lime juice, fresh cilantro, balsamic vinegar, garlic cloves",done,8,"['chicken,t,c,min,s,in,au,one,chick,l,d']"
115346,fajita salad with creamy cilantro lime sauce,"olive oil, ground cumin, paprika, chili powder, salt, black pepper, boneless skinless chicken breast, cooking spray, romaine lettuce, green pepper rings, red onion, reduced-fat monterey jack cheese, sliced ripe olives, pinto beans, tomatoes, nonfat sour cream, light mayonnaise, skim milk, lime juice, fresh cilantro, balsamic vinegar, garlic cloves",set,9,"['t,s,de,d']"
115346,fajita salad with creamy cilantro lime sauce,"olive oil, ground cumin, paprika, chili powder, salt, black pepper, boneless skinless chicken breast, cooking spray, romaine lettuce, green pepper rings, red onion, reduced-fat monterey jack cheese, sliced ripe olives, pinto beans, tomatoes, nonfat sour cream, light mayonnaise, skim milk, lime juice, fresh cilantro, balsamic vinegar, garlic cloves",divide,10,"['lettuce,t,c,s,in,de,re,red,l,d']"
115346,fajita salad with creamy cilantro lime sauce,"olive oil, ground cumin, paprika, chili powder, salt, black pepper, boneless skinless chicken breast, cooking spray, romaine lettuce, green pepper rings, red onion, reduced-fat monterey jack cheese, sliced ripe olives, pinto beans, tomatoes, nonfat sour cream, light mayonnaise, skim milk, lime juice, fresh cilantro, balsamic vinegar, garlic cloves",serve,12,"['sauce,cilantro,cream,lime,t,c,s,au,-,re,l']"
