Id,Name,AllIngredients,Verbs,Steps,Ingredient
115468,thai steak wrap,"fresh ground black pepper, salt, paprika, cumin, brown sugar, cayenne pepper, allspice, fresh ginger, parsley, flank steaks, light sesame oil, rice wine vinegar, light soy sauce, sugar, ginger, jalapeno, scallions, napa cabbage, carrot, cilantro, pita bread",combine,1,"['ginger,pepper,salt,sugar,cumin,cayenne,brown,parsley,paprika,allspice,chop,sea,spice,t,c,ice,min,s,p,in,f,-,bag,re,l,d,b,e,tea,gin,o,y,g']"
115468,thai steak wrap,"fresh ground black pepper, salt, paprika, cumin, brown sugar, cayenne pepper, allspice, fresh ginger, parsley, flank steaks, light sesame oil, rice wine vinegar, light soy sauce, sugar, ginger, jalapeno, scallions, napa cabbage, carrot, cilantro, pita bread",combine,6,"['soy,sauce,sugar,oil,vinegar,rice,wine,sesame,c,ice,s,in,vin,au,l,d,b,e,vine,o,y,g,v,sesam']"
115468,thai steak wrap,"fresh ground black pepper, salt, paprika, cumin, brown sugar, cayenne pepper, allspice, fresh ginger, parsley, flank steaks, light sesame oil, rice wine vinegar, light soy sauce, sugar, ginger, jalapeno, scallions, napa cabbage, carrot, cilantro, pita bread",combine,9,"['pan,scallions,t,c,scallion,dressing,s,p,in,re,l,d,b,e,o,y,g,v']"
115468,thai steak wrap,"fresh ground black pepper, salt, paprika, cumin, brown sugar, cayenne pepper, allspice, fresh ginger, parsley, flank steaks, light sesame oil, rice wine vinegar, light soy sauce, sugar, ginger, jalapeno, scallions, napa cabbage, carrot, cilantro, pita bread",combine,13,"['cabbage,t,c,ice,cab,slice,steak,s,p,in,pita,slaw,age,f,flank,bag,l,warm,d,b,e,tea,wrap,o,g,v']"
115468,thai steak wrap,"fresh ground black pepper, salt, paprika, cumin, brown sugar, cayenne pepper, allspice, fresh ginger, parsley, flank steaks, light sesame oil, rice wine vinegar, light soy sauce, sugar, ginger, jalapeno, scallions, napa cabbage, carrot, cilantro, pita bread",chopped,1,"['ginger,pepper,salt,sugar,cumin,cayenne,brown,parsley,paprika,allspice,chop,sea,spice,t,c,ice,min,s,p,in,f,-,bag,re,l,d,b,e,tea,gin,o,y,g']"
115468,thai steak wrap,"fresh ground black pepper, salt, paprika, cumin, brown sugar, cayenne pepper, allspice, fresh ginger, parsley, flank steaks, light sesame oil, rice wine vinegar, light soy sauce, sugar, ginger, jalapeno, scallions, napa cabbage, carrot, cilantro, pita bread",add,2,"['t,c,oat,steak,s,f,flank,ad,l,d,e,tea,o,y,v']"
115468,thai steak wrap,"fresh ground black pepper, salt, paprika, cumin, brown sugar, cayenne pepper, allspice, fresh ginger, parsley, flank steaks, light sesame oil, rice wine vinegar, light soy sauce, sugar, ginger, jalapeno, scallions, napa cabbage, carrot, cilantro, pita bread",add,8,"['ginger,jalapeno,p,in,re,ad,l,d,e,gin,o,g']"
115468,thai steak wrap,"fresh ground black pepper, salt, paprika, cumin, brown sugar, cayenne pepper, allspice, fresh ginger, parsley, flank steaks, light sesame oil, rice wine vinegar, light soy sauce, sugar, ginger, jalapeno, scallions, napa cabbage, carrot, cilantro, pita bread",add,11,"['cabbage,carrot,t,c,min,cab,heat,s,in,age,bag,hr,ad,l,d,b,nt,e,nut,o,g']"
115468,thai steak wrap,"fresh ground black pepper, salt, paprika, cumin, brown sugar, cayenne pepper, allspice, fresh ginger, parsley, flank steaks, light sesame oil, rice wine vinegar, light soy sauce, sugar, ginger, jalapeno, scallions, napa cabbage, carrot, cilantro, pita bread",add,12,"['cilantro,t,c,heat,f,re,ad,l,d,nt,e,o,v']"
115468,thai steak wrap,"fresh ground black pepper, salt, paprika, cumin, brown sugar, cayenne pepper, allspice, fresh ginger, parsley, flank steaks, light sesame oil, rice wine vinegar, light soy sauce, sugar, ginger, jalapeno, scallions, napa cabbage, carrot, cilantro, pita bread",seal,3,"['sea,t,s,f,bag,re,l,d,b,e,o,g']"
115468,thai steak wrap,"fresh ground black pepper, salt, paprika, cumin, brown sugar, cayenne pepper, allspice, fresh ginger, parsley, flank steaks, light sesame oil, rice wine vinegar, light soy sauce, sugar, ginger, jalapeno, scallions, napa cabbage, carrot, cilantro, pita bread",refrigerate,3,"['sea,t,s,f,bag,re,l,d,b,e,o,g']"
115468,thai steak wrap,"fresh ground black pepper, salt, paprika, cumin, brown sugar, cayenne pepper, allspice, fresh ginger, parsley, flank steaks, light sesame oil, rice wine vinegar, light soy sauce, sugar, ginger, jalapeno, scallions, napa cabbage, carrot, cilantro, pita bread",allow,5,"['t,c,min,s,in,meat,f,re,l,b,e,nut,o,g']"
115468,thai steak wrap,"fresh ground black pepper, salt, paprika, cumin, brown sugar, cayenne pepper, allspice, fresh ginger, parsley, flank steaks, light sesame oil, rice wine vinegar, light soy sauce, sugar, ginger, jalapeno, scallions, napa cabbage, carrot, cilantro, pita bread",rest,5,"['t,c,min,s,in,meat,f,re,l,b,e,nut,o,g']"
115468,thai steak wrap,"fresh ground black pepper, salt, paprika, cumin, brown sugar, cayenne pepper, allspice, fresh ginger, parsley, flank steaks, light sesame oil, rice wine vinegar, light soy sauce, sugar, ginger, jalapeno, scallions, napa cabbage, carrot, cilantro, pita bread",slicing,5,"['t,c,min,s,in,meat,f,re,l,b,e,nut,o,g']"
115468,thai steak wrap,"fresh ground black pepper, salt, paprika, cumin, brown sugar, cayenne pepper, allspice, fresh ginger, parsley, flank steaks, light sesame oil, rice wine vinegar, light soy sauce, sugar, ginger, jalapeno, scallions, napa cabbage, carrot, cilantro, pita bread",stir,7,"['sugar,t,s,l,d,nt,e,o,g,v']"
115468,thai steak wrap,"fresh ground black pepper, salt, paprika, cumin, brown sugar, cayenne pepper, allspice, fresh ginger, parsley, flank steaks, light sesame oil, rice wine vinegar, light soy sauce, sugar, ginger, jalapeno, scallions, napa cabbage, carrot, cilantro, pita bread",cook,10,"['cook,t,c,min,s,in,e,nut,o']"
115468,thai steak wrap,"fresh ground black pepper, salt, paprika, cumin, brown sugar, cayenne pepper, allspice, fresh ginger, parsley, flank steaks, light sesame oil, rice wine vinegar, light soy sauce, sugar, ginger, jalapeno, scallions, napa cabbage, carrot, cilantro, pita bread",toss,11,"['cabbage,carrot,t,c,min,cab,heat,s,in,age,bag,hr,ad,l,d,b,nt,e,nut,o,g']"
115468,thai steak wrap,"fresh ground black pepper, salt, paprika, cumin, brown sugar, cayenne pepper, allspice, fresh ginger, parsley, flank steaks, light sesame oil, rice wine vinegar, light soy sauce, sugar, ginger, jalapeno, scallions, napa cabbage, carrot, cilantro, pita bread",heated,11,"['cabbage,carrot,t,c,min,cab,heat,s,in,age,bag,hr,ad,l,d,b,nt,e,nut,o,g']"
115468,thai steak wrap,"fresh ground black pepper, salt, paprika, cumin, brown sugar, cayenne pepper, allspice, fresh ginger, parsley, flank steaks, light sesame oil, rice wine vinegar, light soy sauce, sugar, ginger, jalapeno, scallions, napa cabbage, carrot, cilantro, pita bread",remove,12,"['cilantro,t,c,heat,f,re,ad,l,d,nt,e,o,v']"
115468,thai steak wrap,"fresh ground black pepper, salt, paprika, cumin, brown sugar, cayenne pepper, allspice, fresh ginger, parsley, flank steaks, light sesame oil, rice wine vinegar, light soy sauce, sugar, ginger, jalapeno, scallions, napa cabbage, carrot, cilantro, pita bread",sliced,13,"['cabbage,t,c,ice,cab,slice,steak,s,p,in,pita,slaw,age,f,flank,bag,l,warm,d,b,e,tea,wrap,o,g,v']"
115468,thai steak wrap,"fresh ground black pepper, salt, paprika, cumin, brown sugar, cayenne pepper, allspice, fresh ginger, parsley, flank steaks, light sesame oil, rice wine vinegar, light soy sauce, sugar, ginger, jalapeno, scallions, napa cabbage, carrot, cilantro, pita bread",serve,13,"['cabbage,t,c,ice,cab,slice,steak,s,p,in,pita,slaw,age,f,flank,bag,l,warm,d,b,e,tea,wrap,o,g,v']"
