Id,Name,AllIngredients,Verbs,Steps,Ingredient
116377,thai noodles with chicken patties  soup or salad,"ground chicken, fresh basil, cilantro, garlic clove, birds eye chiles, soy sauce, fish sauce, lime juice, egg, bread, peanut oil, sweet chili sauce, chicken stock, ginger, lemongrass, sesame oil, fresh ground black pepper, carrot, red peppers, shiitake mushrooms, bean sprouts, flat rice noodles, fresh cilantro, fresh basil leaf, roasted cashews",make,1,"['t,mix,s,p,in,medium,re,red,l,patties,d,b,nt,e,o,y,g,ts']"
116377,thai noodles with chicken patties  soup or salad,"ground chicken, fresh basil, cilantro, garlic clove, birds eye chiles, soy sauce, fish sauce, lime juice, egg, bread, peanut oil, sweet chili sauce, chicken stock, ginger, lemongrass, sesame oil, fresh ground black pepper, carrot, red peppers, shiitake mushrooms, bean sprouts, flat rice noodles, fresh cilantro, fresh basil leaf, roasted cashews",make,7,"['sauce,salt,oil,water,pan,noodles,cook,t,salad,c,boil,min,tender,s,p,end,in,de,f,au,noodle,ad,l,d,b,nt,e,ring,o,g']"
116377,thai noodles with chicken patties  soup or salad,"ground chicken, fresh basil, cilantro, garlic clove, birds eye chiles, soy sauce, fish sauce, lime juice, egg, bread, peanut oil, sweet chili sauce, chicken stock, ginger, lemongrass, sesame oil, fresh ground black pepper, carrot, red peppers, shiitake mushrooms, bean sprouts, flat rice noodles, fresh cilantro, fresh basil leaf, roasted cashews",make,14,"['soy,sauce,ginger,oil,stock,chicken,lemon,t,c,boil,fish,gras,soup,s,p,in,grass,lemongrass,f,au,chick,ad,l,d,b,e,ring,gin,o,y,g']"
116377,thai noodles with chicken patties  soup or salad,"ground chicken, fresh basil, cilantro, garlic clove, birds eye chiles, soy sauce, fish sauce, lime juice, egg, bread, peanut oil, sweet chili sauce, chicken stock, ginger, lemongrass, sesame oil, fresh ground black pepper, carrot, red peppers, shiitake mushrooms, bean sprouts, flat rice noodles, fresh cilantro, fresh basil leaf, roasted cashews",mix,1,"['t,mix,s,p,in,medium,re,red,l,patties,d,b,nt,e,o,y,g,ts']"
116377,thai noodles with chicken patties  soup or salad,"ground chicken, fresh basil, cilantro, garlic clove, birds eye chiles, soy sauce, fish sauce, lime juice, egg, bread, peanut oil, sweet chili sauce, chicken stock, ginger, lemongrass, sesame oil, fresh ground black pepper, carrot, red peppers, shiitake mushrooms, bean sprouts, flat rice noodles, fresh cilantro, fresh basil leaf, roasted cashews",required,1,"['t,mix,s,p,in,medium,re,red,l,patties,d,b,nt,e,o,y,g,ts']"
116377,thai noodles with chicken patties  soup or salad,"ground chicken, fresh basil, cilantro, garlic clove, birds eye chiles, soy sauce, fish sauce, lime juice, egg, bread, peanut oil, sweet chili sauce, chicken stock, ginger, lemongrass, sesame oil, fresh ground black pepper, carrot, red peppers, shiitake mushrooms, bean sprouts, flat rice noodles, fresh cilantro, fresh basil leaf, roasted cashews",using,1,"['t,mix,s,p,in,medium,re,red,l,patties,d,b,nt,e,o,y,g,ts']"
116377,thai noodles with chicken patties  soup or salad,"ground chicken, fresh basil, cilantro, garlic clove, birds eye chiles, soy sauce, fish sauce, lime juice, egg, bread, peanut oil, sweet chili sauce, chicken stock, ginger, lemongrass, sesame oil, fresh ground black pepper, carrot, red peppers, shiitake mushrooms, bean sprouts, flat rice noodles, fresh cilantro, fresh basil leaf, roasted cashews",cover,2,"['t,c,min,s,in,f,l,d,e,o,g,v']"
116377,thai noodles with chicken patties  soup or salad,"ground chicken, fresh basil, cilantro, garlic clove, birds eye chiles, soy sauce, fish sauce, lime juice, egg, bread, peanut oil, sweet chili sauce, chicken stock, ginger, lemongrass, sesame oil, fresh ground black pepper, carrot, red peppers, shiitake mushrooms, bean sprouts, flat rice noodles, fresh cilantro, fresh basil leaf, roasted cashews",let,2,"['t,c,min,s,in,f,l,d,e,o,g,v']"
116377,thai noodles with chicken patties  soup or salad,"ground chicken, fresh basil, cilantro, garlic clove, birds eye chiles, soy sauce, fish sauce, lime juice, egg, bread, peanut oil, sweet chili sauce, chicken stock, ginger, lemongrass, sesame oil, fresh ground black pepper, carrot, red peppers, shiitake mushrooms, bean sprouts, flat rice noodles, fresh cilantro, fresh basil leaf, roasted cashews",shape,3,"['chicken,t,c,mix,s,p,in,re,chick,patties,nt,e,o']"
116377,thai noodles with chicken patties  soup or salad,"ground chicken, fresh basil, cilantro, garlic clove, birds eye chiles, soy sauce, fish sauce, lime juice, egg, bread, peanut oil, sweet chili sauce, chicken stock, ginger, lemongrass, sesame oil, fresh ground black pepper, carrot, red peppers, shiitake mushrooms, bean sprouts, flat rice noodles, fresh cilantro, fresh basil leaf, roasted cashews",turning,4,"['oil,brown,cook,t,c,min,heat,s,p,in,de,f,-,hr,l,patties,d,b,nt,e,gold,nut,o,g,v']"
116377,thai noodles with chicken patties  soup or salad,"ground chicken, fresh basil, cilantro, garlic clove, birds eye chiles, soy sauce, fish sauce, lime juice, egg, bread, peanut oil, sweet chili sauce, chicken stock, ginger, lemongrass, sesame oil, fresh ground black pepper, carrot, red peppers, shiitake mushrooms, bean sprouts, flat rice noodles, fresh cilantro, fresh basil leaf, roasted cashews",cooked,4,"['oil,brown,cook,t,c,min,heat,s,p,in,de,f,-,hr,l,patties,d,b,nt,e,gold,nut,o,g,v']"
116377,thai noodles with chicken patties  soup or salad,"ground chicken, fresh basil, cilantro, garlic clove, birds eye chiles, soy sauce, fish sauce, lime juice, egg, bread, peanut oil, sweet chili sauce, chicken stock, ginger, lemongrass, sesame oil, fresh ground black pepper, carrot, red peppers, shiitake mushrooms, bean sprouts, flat rice noodles, fresh cilantro, fresh basil leaf, roasted cashews",cooked,10,"['vegetable,noodles,cook,t,table,c,dressing,half,s,p,in,veg,f,noodle,re,ad,l,d,b,vegetables,e,o,g,v']"
116377,thai noodles with chicken patties  soup or salad,"ground chicken, fresh basil, cilantro, garlic clove, birds eye chiles, soy sauce, fish sauce, lime juice, egg, bread, peanut oil, sweet chili sauce, chicken stock, ginger, lemongrass, sesame oil, fresh ground black pepper, carrot, red peppers, shiitake mushrooms, bean sprouts, flat rice noodles, fresh cilantro, fresh basil leaf, roasted cashews",set,5,"['t,s,p,in,de,oven,l,warm,d,e,o,v']"
116377,thai noodles with chicken patties  soup or salad,"ground chicken, fresh basil, cilantro, garlic clove, birds eye chiles, soy sauce, fish sauce, lime juice, egg, bread, peanut oil, sweet chili sauce, chicken stock, ginger, lemongrass, sesame oil, fresh ground black pepper, carrot, red peppers, shiitake mushrooms, bean sprouts, flat rice noodles, fresh cilantro, fresh basil leaf, roasted cashews",set,6,"['sauce,t,c,dressing,s,p,in,pin,de,dip,au,re,red,d,nt,e,o,g,ts']"
116377,thai noodles with chicken patties  soup or salad,"ground chicken, fresh basil, cilantro, garlic clove, birds eye chiles, soy sauce, fish sauce, lime juice, egg, bread, peanut oil, sweet chili sauce, chicken stock, ginger, lemongrass, sesame oil, fresh ground black pepper, carrot, red peppers, shiitake mushrooms, bean sprouts, flat rice noodles, fresh cilantro, fresh basil leaf, roasted cashews",keep,5,"['t,s,p,in,de,oven,l,warm,d,e,o,v']"
116377,thai noodles with chicken patties  soup or salad,"ground chicken, fresh basil, cilantro, garlic clove, birds eye chiles, soy sauce, fish sauce, lime juice, egg, bread, peanut oil, sweet chili sauce, chicken stock, ginger, lemongrass, sesame oil, fresh ground black pepper, carrot, red peppers, shiitake mushrooms, bean sprouts, flat rice noodles, fresh cilantro, fresh basil leaf, roasted cashews",whisk,6,"['sauce,t,c,dressing,s,p,in,pin,de,dip,au,re,red,d,nt,e,o,g,ts']"
116377,thai noodles with chicken patties  soup or salad,"ground chicken, fresh basil, cilantro, garlic clove, birds eye chiles, soy sauce, fish sauce, lime juice, egg, bread, peanut oil, sweet chili sauce, chicken stock, ginger, lemongrass, sesame oil, fresh ground black pepper, carrot, red peppers, shiitake mushrooms, bean sprouts, flat rice noodles, fresh cilantro, fresh basil leaf, roasted cashews",dressing,6,"['sauce,t,c,dressing,s,p,in,pin,de,dip,au,re,red,d,nt,e,o,g,ts']"
116377,thai noodles with chicken patties  soup or salad,"ground chicken, fresh basil, cilantro, garlic clove, birds eye chiles, soy sauce, fish sauce, lime juice, egg, bread, peanut oil, sweet chili sauce, chicken stock, ginger, lemongrass, sesame oil, fresh ground black pepper, carrot, red peppers, shiitake mushrooms, bean sprouts, flat rice noodles, fresh cilantro, fresh basil leaf, roasted cashews",dipping,6,"['sauce,t,c,dressing,s,p,in,pin,de,dip,au,re,red,d,nt,e,o,g,ts']"
116377,thai noodles with chicken patties  soup or salad,"ground chicken, fresh basil, cilantro, garlic clove, birds eye chiles, soy sauce, fish sauce, lime juice, egg, bread, peanut oil, sweet chili sauce, chicken stock, ginger, lemongrass, sesame oil, fresh ground black pepper, carrot, red peppers, shiitake mushrooms, bean sprouts, flat rice noodles, fresh cilantro, fresh basil leaf, roasted cashews",bring,7,"['sauce,salt,oil,water,pan,noodles,cook,t,salad,c,boil,min,tender,s,p,end,in,de,f,au,noodle,ad,l,d,b,nt,e,ring,o,g']"
116377,thai noodles with chicken patties  soup or salad,"ground chicken, fresh basil, cilantro, garlic clove, birds eye chiles, soy sauce, fish sauce, lime juice, egg, bread, peanut oil, sweet chili sauce, chicken stock, ginger, lemongrass, sesame oil, fresh ground black pepper, carrot, red peppers, shiitake mushrooms, bean sprouts, flat rice noodles, fresh cilantro, fresh basil leaf, roasted cashews",bring,14,"['soy,sauce,ginger,oil,stock,chicken,lemon,t,c,boil,fish,gras,soup,s,p,in,grass,lemongrass,f,au,chick,ad,l,d,b,e,ring,gin,o,y,g']"
116377,thai noodles with chicken patties  soup or salad,"ground chicken, fresh basil, cilantro, garlic clove, birds eye chiles, soy sauce, fish sauce, lime juice, egg, bread, peanut oil, sweet chili sauce, chicken stock, ginger, lemongrass, sesame oil, fresh ground black pepper, carrot, red peppers, shiitake mushrooms, bean sprouts, flat rice noodles, fresh cilantro, fresh basil leaf, roasted cashews",boil,7,"['sauce,salt,oil,water,pan,noodles,cook,t,salad,c,boil,min,tender,s,p,end,in,de,f,au,noodle,ad,l,d,b,nt,e,ring,o,g']"
116377,thai noodles with chicken patties  soup or salad,"ground chicken, fresh basil, cilantro, garlic clove, birds eye chiles, soy sauce, fish sauce, lime juice, egg, bread, peanut oil, sweet chili sauce, chicken stock, ginger, lemongrass, sesame oil, fresh ground black pepper, carrot, red peppers, shiitake mushrooms, bean sprouts, flat rice noodles, fresh cilantro, fresh basil leaf, roasted cashews",boil,14,"['soy,sauce,ginger,oil,stock,chicken,lemon,t,c,boil,fish,gras,soup,s,p,in,grass,lemongrass,f,au,chick,ad,l,d,b,e,ring,gin,o,y,g']"
116377,thai noodles with chicken patties  soup or salad,"ground chicken, fresh basil, cilantro, garlic clove, birds eye chiles, soy sauce, fish sauce, lime juice, egg, bread, peanut oil, sweet chili sauce, chicken stock, ginger, lemongrass, sesame oil, fresh ground black pepper, carrot, red peppers, shiitake mushrooms, bean sprouts, flat rice noodles, fresh cilantro, fresh basil leaf, roasted cashews",add,7,"['sauce,salt,oil,water,pan,noodles,cook,t,salad,c,boil,min,tender,s,p,end,in,de,f,au,noodle,ad,l,d,b,nt,e,ring,o,g']"
116377,thai noodles with chicken patties  soup or salad,"ground chicken, fresh basil, cilantro, garlic clove, birds eye chiles, soy sauce, fish sauce, lime juice, egg, bread, peanut oil, sweet chili sauce, chicken stock, ginger, lemongrass, sesame oil, fresh ground black pepper, carrot, red peppers, shiitake mushrooms, bean sprouts, flat rice noodles, fresh cilantro, fresh basil leaf, roasted cashews",add,10,"['vegetable,noodles,cook,t,table,c,dressing,half,s,p,in,veg,f,noodle,re,ad,l,d,b,vegetables,e,o,g,v']"
116377,thai noodles with chicken patties  soup or salad,"ground chicken, fresh basil, cilantro, garlic clove, birds eye chiles, soy sauce, fish sauce, lime juice, egg, bread, peanut oil, sweet chili sauce, chicken stock, ginger, lemongrass, sesame oil, fresh ground black pepper, carrot, red peppers, shiitake mushrooms, bean sprouts, flat rice noodles, fresh cilantro, fresh basil leaf, roasted cashews",add,14,"['soy,sauce,ginger,oil,stock,chicken,lemon,t,c,boil,fish,gras,soup,s,p,in,grass,lemongrass,f,au,chick,ad,l,d,b,e,ring,gin,o,y,g']"
116377,thai noodles with chicken patties  soup or salad,"ground chicken, fresh basil, cilantro, garlic clove, birds eye chiles, soy sauce, fish sauce, lime juice, egg, bread, peanut oil, sweet chili sauce, chicken stock, ginger, lemongrass, sesame oil, fresh ground black pepper, carrot, red peppers, shiitake mushrooms, bean sprouts, flat rice noodles, fresh cilantro, fresh basil leaf, roasted cashews",add,15,"['cook,t,c,tender,p,end,de,ad,l,d,nt,e,o']"
116377,thai noodles with chicken patties  soup or salad,"ground chicken, fresh basil, cilantro, garlic clove, birds eye chiles, soy sauce, fish sauce, lime juice, egg, bread, peanut oil, sweet chili sauce, chicken stock, ginger, lemongrass, sesame oil, fresh ground black pepper, carrot, red peppers, shiitake mushrooms, bean sprouts, flat rice noodles, fresh cilantro, fresh basil leaf, roasted cashews",add,16,"['vegetable,t,table,c,min,soup,s,p,in,veg,f,ad,l,d,b,vegetables,e,nut,o,g,v']"
116377,thai noodles with chicken patties  soup or salad,"ground chicken, fresh basil, cilantro, garlic clove, birds eye chiles, soy sauce, fish sauce, lime juice, egg, bread, peanut oil, sweet chili sauce, chicken stock, ginger, lemongrass, sesame oil, fresh ground black pepper, carrot, red peppers, shiitake mushrooms, bean sprouts, flat rice noodles, fresh cilantro, fresh basil leaf, roasted cashews",cook,7,"['sauce,salt,oil,water,pan,noodles,cook,t,salad,c,boil,min,tender,s,p,end,in,de,f,au,noodle,ad,l,d,b,nt,e,ring,o,g']"
116377,thai noodles with chicken patties  soup or salad,"ground chicken, fresh basil, cilantro, garlic clove, birds eye chiles, soy sauce, fish sauce, lime juice, egg, bread, peanut oil, sweet chili sauce, chicken stock, ginger, lemongrass, sesame oil, fresh ground black pepper, carrot, red peppers, shiitake mushrooms, bean sprouts, flat rice noodles, fresh cilantro, fresh basil leaf, roasted cashews",drain,8,"['in,d']"
116377,thai noodles with chicken patties  soup or salad,"ground chicken, fresh basil, cilantro, garlic clove, birds eye chiles, soy sauce, fish sauce, lime juice, egg, bread, peanut oil, sweet chili sauce, chicken stock, ginger, lemongrass, sesame oil, fresh ground black pepper, carrot, red peppers, shiitake mushrooms, bean sprouts, flat rice noodles, fresh cilantro, fresh basil leaf, roasted cashews",drain,9,"['oil,water,vegetable,t,table,salad,c,boil,min,boiling,s,p,end,in,de,veg,f,ad,l,d,b,vegetables,e,nut,o,y,g,v']"
116377,thai noodles with chicken patties  soup or salad,"ground chicken, fresh basil, cilantro, garlic clove, birds eye chiles, soy sauce, fish sauce, lime juice, egg, bread, peanut oil, sweet chili sauce, chicken stock, ginger, lemongrass, sesame oil, fresh ground black pepper, carrot, red peppers, shiitake mushrooms, bean sprouts, flat rice noodles, fresh cilantro, fresh basil leaf, roasted cashews",blanch,9,"['oil,water,vegetable,t,table,salad,c,boil,min,boiling,s,p,end,in,de,veg,f,ad,l,d,b,vegetables,e,nut,o,y,g,v']"
116377,thai noodles with chicken patties  soup or salad,"ground chicken, fresh basil, cilantro, garlic clove, birds eye chiles, soy sauce, fish sauce, lime juice, egg, bread, peanut oil, sweet chili sauce, chicken stock, ginger, lemongrass, sesame oil, fresh ground black pepper, carrot, red peppers, shiitake mushrooms, bean sprouts, flat rice noodles, fresh cilantro, fresh basil leaf, roasted cashews",blanch,16,"['vegetable,t,table,c,min,soup,s,p,in,veg,f,ad,l,d,b,vegetables,e,nut,o,g,v']"
116377,thai noodles with chicken patties  soup or salad,"ground chicken, fresh basil, cilantro, garlic clove, birds eye chiles, soy sauce, fish sauce, lime juice, egg, bread, peanut oil, sweet chili sauce, chicken stock, ginger, lemongrass, sesame oil, fresh ground black pepper, carrot, red peppers, shiitake mushrooms, bean sprouts, flat rice noodles, fresh cilantro, fresh basil leaf, roasted cashews",boiling,9,"['oil,water,vegetable,t,table,salad,c,boil,min,boiling,s,p,end,in,de,veg,f,ad,l,d,b,vegetables,e,nut,o,y,g,v']"
116377,thai noodles with chicken patties  soup or salad,"ground chicken, fresh basil, cilantro, garlic clove, birds eye chiles, soy sauce, fish sauce, lime juice, egg, bread, peanut oil, sweet chili sauce, chicken stock, ginger, lemongrass, sesame oil, fresh ground black pepper, carrot, red peppers, shiitake mushrooms, bean sprouts, flat rice noodles, fresh cilantro, fresh basil leaf, roasted cashews",depending,9,"['oil,water,vegetable,t,table,salad,c,boil,min,boiling,s,p,end,in,de,veg,f,ad,l,d,b,vegetables,e,nut,o,y,g,v']"
116377,thai noodles with chicken patties  soup or salad,"ground chicken, fresh basil, cilantro, garlic clove, birds eye chiles, soy sauce, fish sauce, lime juice, egg, bread, peanut oil, sweet chili sauce, chicken stock, ginger, lemongrass, sesame oil, fresh ground black pepper, carrot, red peppers, shiitake mushrooms, bean sprouts, flat rice noodles, fresh cilantro, fresh basil leaf, roasted cashews",like,9,"['oil,water,vegetable,t,table,salad,c,boil,min,boiling,s,p,end,in,de,veg,f,ad,l,d,b,vegetables,e,nut,o,y,g,v']"
116377,thai noodles with chicken patties  soup or salad,"ground chicken, fresh basil, cilantro, garlic clove, birds eye chiles, soy sauce, fish sauce, lime juice, egg, bread, peanut oil, sweet chili sauce, chicken stock, ginger, lemongrass, sesame oil, fresh ground black pepper, carrot, red peppers, shiitake mushrooms, bean sprouts, flat rice noodles, fresh cilantro, fresh basil leaf, roasted cashews",be,9,"['oil,water,vegetable,t,table,salad,c,boil,min,boiling,s,p,end,in,de,veg,f,ad,l,d,b,vegetables,e,nut,o,y,g,v']"
116377,thai noodles with chicken patties  soup or salad,"ground chicken, fresh basil, cilantro, garlic clove, birds eye chiles, soy sauce, fish sauce, lime juice, egg, bread, peanut oil, sweet chili sauce, chicken stock, ginger, lemongrass, sesame oil, fresh ground black pepper, carrot, red peppers, shiitake mushrooms, bean sprouts, flat rice noodles, fresh cilantro, fresh basil leaf, roasted cashews",toss,11,"['t,c,oat,s,o']"
116377,thai noodles with chicken patties  soup or salad,"ground chicken, fresh basil, cilantro, garlic clove, birds eye chiles, soy sauce, fish sauce, lime juice, egg, bread, peanut oil, sweet chili sauce, chicken stock, ginger, lemongrass, sesame oil, fresh ground black pepper, carrot, red peppers, shiitake mushrooms, bean sprouts, flat rice noodles, fresh cilantro, fresh basil leaf, roasted cashews",coat,11,"['t,c,oat,s,o']"
116377,thai noodles with chicken patties  soup or salad,"ground chicken, fresh basil, cilantro, garlic clove, birds eye chiles, soy sauce, fish sauce, lime juice, egg, bread, peanut oil, sweet chili sauce, chicken stock, ginger, lemongrass, sesame oil, fresh ground black pepper, carrot, red peppers, shiitake mushrooms, bean sprouts, flat rice noodles, fresh cilantro, fresh basil leaf, roasted cashews",desired,12,"['cook,t,c,ice,slice,s,p,in,vin,slices,de,f,re,red,l,patties,d,b,nt,e,o,g,v']"
116377,thai noodles with chicken patties  soup or salad,"ground chicken, fresh basil, cilantro, garlic clove, birds eye chiles, soy sauce, fish sauce, lime juice, egg, bread, peanut oil, sweet chili sauce, chicken stock, ginger, lemongrass, sesame oil, fresh ground black pepper, carrot, red peppers, shiitake mushrooms, bean sprouts, flat rice noodles, fresh cilantro, fresh basil leaf, roasted cashews",cut,12,"['cook,t,c,ice,slice,s,p,in,vin,slices,de,f,re,red,l,patties,d,b,nt,e,o,g,v']"
116377,thai noodles with chicken patties  soup or salad,"ground chicken, fresh basil, cilantro, garlic clove, birds eye chiles, soy sauce, fish sauce, lime juice, egg, bread, peanut oil, sweet chili sauce, chicken stock, ginger, lemongrass, sesame oil, fresh ground black pepper, carrot, red peppers, shiitake mushrooms, bean sprouts, flat rice noodles, fresh cilantro, fresh basil leaf, roasted cashews",serving,12,"['cook,t,c,ice,slice,s,p,in,vin,slices,de,f,re,red,l,patties,d,b,nt,e,o,g,v']"
116377,thai noodles with chicken patties  soup or salad,"ground chicken, fresh basil, cilantro, garlic clove, birds eye chiles, soy sauce, fish sauce, lime juice, egg, bread, peanut oil, sweet chili sauce, chicken stock, ginger, lemongrass, sesame oil, fresh ground black pepper, carrot, red peppers, shiitake mushrooms, bean sprouts, flat rice noodles, fresh cilantro, fresh basil leaf, roasted cashews",serve,13,"['cilantro,chicken,basil,chop,t,salad,c,ice,slice,dressing,mix,s,p,in,cashews,de,cashew,-,top,re,chick,ad,l,patties,d,ash,b,nt,e,o,g,v']"
116377,thai noodles with chicken patties  soup or salad,"ground chicken, fresh basil, cilantro, garlic clove, birds eye chiles, soy sauce, fish sauce, lime juice, egg, bread, peanut oil, sweet chili sauce, chicken stock, ginger, lemongrass, sesame oil, fresh ground black pepper, carrot, red peppers, shiitake mushrooms, bean sprouts, flat rice noodles, fresh cilantro, fresh basil leaf, roasted cashews",serve,17,"['pepper,oil,vegetable,noodles,sesame,t,table,c,soup,s,p,in,de,veg,f,-,noodle,l,d,b,vegetables,nt,e,o,g,v,sesam']"
116377,thai noodles with chicken patties  soup or salad,"ground chicken, fresh basil, cilantro, garlic clove, birds eye chiles, soy sauce, fish sauce, lime juice, egg, bread, peanut oil, sweet chili sauce, chicken stock, ginger, lemongrass, sesame oil, fresh ground black pepper, carrot, red peppers, shiitake mushrooms, bean sprouts, flat rice noodles, fresh cilantro, fresh basil leaf, roasted cashews",divide,13,"['cilantro,chicken,basil,chop,t,salad,c,ice,slice,dressing,mix,s,p,in,cashews,de,cashew,-,top,re,chick,ad,l,patties,d,ash,b,nt,e,o,g,v']"
116377,thai noodles with chicken patties  soup or salad,"ground chicken, fresh basil, cilantro, garlic clove, birds eye chiles, soy sauce, fish sauce, lime juice, egg, bread, peanut oil, sweet chili sauce, chicken stock, ginger, lemongrass, sesame oil, fresh ground black pepper, carrot, red peppers, shiitake mushrooms, bean sprouts, flat rice noodles, fresh cilantro, fresh basil leaf, roasted cashews",divide,17,"['pepper,oil,vegetable,noodles,sesame,t,table,c,soup,s,p,in,de,veg,f,-,noodle,l,d,b,vegetables,nt,e,o,g,v,sesam']"
116377,thai noodles with chicken patties  soup or salad,"ground chicken, fresh basil, cilantro, garlic clove, birds eye chiles, soy sauce, fish sauce, lime juice, egg, bread, peanut oil, sweet chili sauce, chicken stock, ginger, lemongrass, sesame oil, fresh ground black pepper, carrot, red peppers, shiitake mushrooms, bean sprouts, flat rice noodles, fresh cilantro, fresh basil leaf, roasted cashews",sliced,13,"['cilantro,chicken,basil,chop,t,salad,c,ice,slice,dressing,mix,s,p,in,cashews,de,cashew,-,top,re,chick,ad,l,patties,d,ash,b,nt,e,o,g,v']"
116377,thai noodles with chicken patties  soup or salad,"ground chicken, fresh basil, cilantro, garlic clove, birds eye chiles, soy sauce, fish sauce, lime juice, egg, bread, peanut oil, sweet chili sauce, chicken stock, ginger, lemongrass, sesame oil, fresh ground black pepper, carrot, red peppers, shiitake mushrooms, bean sprouts, flat rice noodles, fresh cilantro, fresh basil leaf, roasted cashews",drizzle,13,"['cilantro,chicken,basil,chop,t,salad,c,ice,slice,dressing,mix,s,p,in,cashews,de,cashew,-,top,re,chick,ad,l,patties,d,ash,b,nt,e,o,g,v']"
116377,thai noodles with chicken patties  soup or salad,"ground chicken, fresh basil, cilantro, garlic clove, birds eye chiles, soy sauce, fish sauce, lime juice, egg, bread, peanut oil, sweet chili sauce, chicken stock, ginger, lemongrass, sesame oil, fresh ground black pepper, carrot, red peppers, shiitake mushrooms, bean sprouts, flat rice noodles, fresh cilantro, fresh basil leaf, roasted cashews",remaining,13,"['cilantro,chicken,basil,chop,t,salad,c,ice,slice,dressing,mix,s,p,in,cashews,de,cashew,-,top,re,chick,ad,l,patties,d,ash,b,nt,e,o,g,v']"
116377,thai noodles with chicken patties  soup or salad,"ground chicken, fresh basil, cilantro, garlic clove, birds eye chiles, soy sauce, fish sauce, lime juice, egg, bread, peanut oil, sweet chili sauce, chicken stock, ginger, lemongrass, sesame oil, fresh ground black pepper, carrot, red peppers, shiitake mushrooms, bean sprouts, flat rice noodles, fresh cilantro, fresh basil leaf, roasted cashews",sprinkle,13,"['cilantro,chicken,basil,chop,t,salad,c,ice,slice,dressing,mix,s,p,in,cashews,de,cashew,-,top,re,chick,ad,l,patties,d,ash,b,nt,e,o,g,v']"
116377,thai noodles with chicken patties  soup or salad,"ground chicken, fresh basil, cilantro, garlic clove, birds eye chiles, soy sauce, fish sauce, lime juice, egg, bread, peanut oil, sweet chili sauce, chicken stock, ginger, lemongrass, sesame oil, fresh ground black pepper, carrot, red peppers, shiitake mushrooms, bean sprouts, flat rice noodles, fresh cilantro, fresh basil leaf, roasted cashews",sprinkle,17,"['pepper,oil,vegetable,noodles,sesame,t,table,c,soup,s,p,in,de,veg,f,-,noodle,l,d,b,vegetables,nt,e,o,g,v,sesam']"
116377,thai noodles with chicken patties  soup or salad,"ground chicken, fresh basil, cilantro, garlic clove, birds eye chiles, soy sauce, fish sauce, lime juice, egg, bread, peanut oil, sweet chili sauce, chicken stock, ginger, lemongrass, sesame oil, fresh ground black pepper, carrot, red peppers, shiitake mushrooms, bean sprouts, flat rice noodles, fresh cilantro, fresh basil leaf, roasted cashews",chopped,13,"['cilantro,chicken,basil,chop,t,salad,c,ice,slice,dressing,mix,s,p,in,cashews,de,cashew,-,top,re,chick,ad,l,patties,d,ash,b,nt,e,o,g,v']"
116377,thai noodles with chicken patties  soup or salad,"ground chicken, fresh basil, cilantro, garlic clove, birds eye chiles, soy sauce, fish sauce, lime juice, egg, bread, peanut oil, sweet chili sauce, chicken stock, ginger, lemongrass, sesame oil, fresh ground black pepper, carrot, red peppers, shiitake mushrooms, bean sprouts, flat rice noodles, fresh cilantro, fresh basil leaf, roasted cashews",garnish,18,"['cilantro,chicken,basil,t,c,ice,slice,s,p,cashews,cashew,top,chick,l,patties,d,ash,b,nt,e,o,g']"
