Id,Name,AllIngredients,Verbs,Steps,Ingredient
116325,southwest chicken salad wraps,"boneless skinless chicken breasts, mesquite liquid smoke, peanut oil, dried red chili peppers, chipotle chiles in adobo, raisins, white wine, fresh lemon zest, white sugar, ground mustard, flour, salt, milk, egg, cider vinegar, sour cream, adobo sauce, cashew pieces, green bell pepper, red bell pepper, sweet onion, carrot, tortillas, romaine lettuce, cheddar cheese, celery",pierce,2,"['chicken,breast,t,c,breasts,s,p,de,pie,f,re,chick,d,b,e,o,y,ts']"
116325,southwest chicken salad wraps,"boneless skinless chicken breasts, mesquite liquid smoke, peanut oil, dried red chili peppers, chipotle chiles in adobo, raisins, white wine, fresh lemon zest, white sugar, ground mustard, flour, salt, milk, egg, cider vinegar, sour cream, adobo sauce, cashew pieces, green bell pepper, red bell pepper, sweet onion, carrot, tortillas, romaine lettuce, cheddar cheese, celery",place,3,"['chicken,breast,t,c,breasts,s,p,in,dish,smoke,f,re,chick,liquid,l,d,b,e,ring,o,g,ts,v']"
116325,southwest chicken salad wraps,"boneless skinless chicken breasts, mesquite liquid smoke, peanut oil, dried red chili peppers, chipotle chiles in adobo, raisins, white wine, fresh lemon zest, white sugar, ground mustard, flour, salt, milk, egg, cider vinegar, sour cream, adobo sauce, cashew pieces, green bell pepper, red bell pepper, sweet onion, carrot, tortillas, romaine lettuce, cheddar cheese, celery",place,21,"['water,chicken,t,c,s,p,in,dish,de,oven,f,chick,ad,l,d,e,o,v']"
116325,southwest chicken salad wraps,"boneless skinless chicken breasts, mesquite liquid smoke, peanut oil, dried red chili peppers, chipotle chiles in adobo, raisins, white wine, fresh lemon zest, white sugar, ground mustard, flour, salt, milk, egg, cider vinegar, sour cream, adobo sauce, cashew pieces, green bell pepper, red bell pepper, sweet onion, carrot, tortillas, romaine lettuce, cheddar cheese, celery",place,27,"['pepper,onion,celery,chicken,peppers,carrot,t,c,ice,mix,s,p,in,dice,de,hr,re,chick,ad,red,l,d,b,e,green,o,y,g']"
116325,southwest chicken salad wraps,"boneless skinless chicken breasts, mesquite liquid smoke, peanut oil, dried red chili peppers, chipotle chiles in adobo, raisins, white wine, fresh lemon zest, white sugar, ground mustard, flour, salt, milk, egg, cider vinegar, sour cream, adobo sauce, cashew pieces, green bell pepper, red bell pepper, sweet onion, carrot, tortillas, romaine lettuce, cheddar cheese, celery",place,29,"['t,c,s,p,in,roll,cashews,pin,cashew,bag,l,d,ash,b,e,o,g']"
116325,southwest chicken salad wraps,"boneless skinless chicken breasts, mesquite liquid smoke, peanut oil, dried red chili peppers, chipotle chiles in adobo, raisins, white wine, fresh lemon zest, white sugar, ground mustard, flour, salt, milk, egg, cider vinegar, sour cream, adobo sauce, cashew pieces, green bell pepper, red bell pepper, sweet onion, carrot, tortillas, romaine lettuce, cheddar cheese, celery",place,35,"['leaf,tortilla,lettuce,t,c,p,f,l,e,o']"
116325,southwest chicken salad wraps,"boneless skinless chicken breasts, mesquite liquid smoke, peanut oil, dried red chili peppers, chipotle chiles in adobo, raisins, white wine, fresh lemon zest, white sugar, ground mustard, flour, salt, milk, egg, cider vinegar, sour cream, adobo sauce, cashew pieces, green bell pepper, red bell pepper, sweet onion, carrot, tortillas, romaine lettuce, cheddar cheese, celery",pouring,3,"['chicken,breast,t,c,breasts,s,p,in,dish,smoke,f,re,chick,liquid,l,d,b,e,ring,o,g,ts,v']"
116325,southwest chicken salad wraps,"boneless skinless chicken breasts, mesquite liquid smoke, peanut oil, dried red chili peppers, chipotle chiles in adobo, raisins, white wine, fresh lemon zest, white sugar, ground mustard, flour, salt, milk, egg, cider vinegar, sour cream, adobo sauce, cashew pieces, green bell pepper, red bell pepper, sweet onion, carrot, tortillas, romaine lettuce, cheddar cheese, celery",refrigerate,4,"['t,s,in,f,re,l,d,b,e,o,g,v']"
116325,southwest chicken salad wraps,"boneless skinless chicken breasts, mesquite liquid smoke, peanut oil, dried red chili peppers, chipotle chiles in adobo, raisins, white wine, fresh lemon zest, white sugar, ground mustard, flour, salt, milk, egg, cider vinegar, sour cream, adobo sauce, cashew pieces, green bell pepper, red bell pepper, sweet onion, carrot, tortillas, romaine lettuce, cheddar cheese, celery",refrigerate,15,"['t,f,re,e,o,g,v']"
116325,southwest chicken salad wraps,"boneless skinless chicken breasts, mesquite liquid smoke, peanut oil, dried red chili peppers, chipotle chiles in adobo, raisins, white wine, fresh lemon zest, white sugar, ground mustard, flour, salt, milk, egg, cider vinegar, sour cream, adobo sauce, cashew pieces, green bell pepper, red bell pepper, sweet onion, carrot, tortillas, romaine lettuce, cheddar cheese, celery",refrigerate,18,"['t,f,re,e,o,g,v']"
116325,southwest chicken salad wraps,"boneless skinless chicken breasts, mesquite liquid smoke, peanut oil, dried red chili peppers, chipotle chiles in adobo, raisins, white wine, fresh lemon zest, white sugar, ground mustard, flour, salt, milk, egg, cider vinegar, sour cream, adobo sauce, cashew pieces, green bell pepper, red bell pepper, sweet onion, carrot, tortillas, romaine lettuce, cheddar cheese, celery",refrigerate,33,"['t,c,s,can,f,tel,mu,re,l,d,b,e,o,y,g,v']"
116325,southwest chicken salad wraps,"boneless skinless chicken breasts, mesquite liquid smoke, peanut oil, dried red chili peppers, chipotle chiles in adobo, raisins, white wine, fresh lemon zest, white sugar, ground mustard, flour, salt, milk, egg, cider vinegar, sour cream, adobo sauce, cashew pieces, green bell pepper, red bell pepper, sweet onion, carrot, tortillas, romaine lettuce, cheddar cheese, celery",turning,4,"['t,s,in,f,re,l,d,b,e,o,g,v']"
116325,southwest chicken salad wraps,"boneless skinless chicken breasts, mesquite liquid smoke, peanut oil, dried red chili peppers, chipotle chiles in adobo, raisins, white wine, fresh lemon zest, white sugar, ground mustard, flour, salt, milk, egg, cider vinegar, sour cream, adobo sauce, cashew pieces, green bell pepper, red bell pepper, sweet onion, carrot, tortillas, romaine lettuce, cheddar cheese, celery",basting,4,"['t,s,in,f,re,l,d,b,e,o,g,v']"
116325,southwest chicken salad wraps,"boneless skinless chicken breasts, mesquite liquid smoke, peanut oil, dried red chili peppers, chipotle chiles in adobo, raisins, white wine, fresh lemon zest, white sugar, ground mustard, flour, salt, milk, egg, cider vinegar, sour cream, adobo sauce, cashew pieces, green bell pepper, red bell pepper, sweet onion, carrot, tortillas, romaine lettuce, cheddar cheese, celery",make,5,"['sauce,t,c,s,au,e']"
116325,southwest chicken salad wraps,"boneless skinless chicken breasts, mesquite liquid smoke, peanut oil, dried red chili peppers, chipotle chiles in adobo, raisins, white wine, fresh lemon zest, white sugar, ground mustard, flour, salt, milk, egg, cider vinegar, sour cream, adobo sauce, cashew pieces, green bell pepper, red bell pepper, sweet onion, carrot, tortillas, romaine lettuce, cheddar cheese, celery",combine,6,"['salt,sugar,flour,mustard,t,c,star,s,must,in,tar,f,mu,l,d,b,e,o,g']"
116325,southwest chicken salad wraps,"boneless skinless chicken breasts, mesquite liquid smoke, peanut oil, dried red chili peppers, chipotle chiles in adobo, raisins, white wine, fresh lemon zest, white sugar, ground mustard, flour, salt, milk, egg, cider vinegar, sour cream, adobo sauce, cashew pieces, green bell pepper, red bell pepper, sweet onion, carrot, tortillas, romaine lettuce, cheddar cheese, celery",combine,7,"['egg,milk,t,c,s,in,re,ad,red,l,d,b,nt,e,o,y,g,ts']"
116325,southwest chicken salad wraps,"boneless skinless chicken breasts, mesquite liquid smoke, peanut oil, dried red chili peppers, chipotle chiles in adobo, raisins, white wine, fresh lemon zest, white sugar, ground mustard, flour, salt, milk, egg, cider vinegar, sour cream, adobo sauce, cashew pieces, green bell pepper, red bell pepper, sweet onion, carrot, tortillas, romaine lettuce, cheddar cheese, celery",beaten,7,"['egg,milk,t,c,s,in,re,ad,red,l,d,b,nt,e,o,y,g,ts']"
116325,southwest chicken salad wraps,"boneless skinless chicken breasts, mesquite liquid smoke, peanut oil, dried red chili peppers, chipotle chiles in adobo, raisins, white wine, fresh lemon zest, white sugar, ground mustard, flour, salt, milk, egg, cider vinegar, sour cream, adobo sauce, cashew pieces, green bell pepper, red bell pepper, sweet onion, carrot, tortillas, romaine lettuce, cheddar cheese, celery",add,7,"['egg,milk,t,c,s,in,re,ad,red,l,d,b,nt,e,o,y,g,ts']"
116325,southwest chicken salad wraps,"boneless skinless chicken breasts, mesquite liquid smoke, peanut oil, dried red chili peppers, chipotle chiles in adobo, raisins, white wine, fresh lemon zest, white sugar, ground mustard, flour, salt, milk, egg, cider vinegar, sour cream, adobo sauce, cashew pieces, green bell pepper, red bell pepper, sweet onion, carrot, tortillas, romaine lettuce, cheddar cheese, celery",add,10,"['vinegar,t,mix,in,vin,ad,l,d,b,e,vine,o,y,g,v,hot']"
116325,southwest chicken salad wraps,"boneless skinless chicken breasts, mesquite liquid smoke, peanut oil, dried red chili peppers, chipotle chiles in adobo, raisins, white wine, fresh lemon zest, white sugar, ground mustard, flour, salt, milk, egg, cider vinegar, sour cream, adobo sauce, cashew pieces, green bell pepper, red bell pepper, sweet onion, carrot, tortillas, romaine lettuce, cheddar cheese, celery",add,11,"['sauce,pepper,adobo,chop,pot,t,c,s,p,in,chipotle,chip,f,au,ad,l,d,b,e,o,y,ts']"
116325,southwest chicken salad wraps,"boneless skinless chicken breasts, mesquite liquid smoke, peanut oil, dried red chili peppers, chipotle chiles in adobo, raisins, white wine, fresh lemon zest, white sugar, ground mustard, flour, salt, milk, egg, cider vinegar, sour cream, adobo sauce, cashew pieces, green bell pepper, red bell pepper, sweet onion, carrot, tortillas, romaine lettuce, cheddar cheese, celery",add,12,"['zest,lemon,t,s,p,smoke,f,ad,liquid,l,d,e,o,ts']"
116325,southwest chicken salad wraps,"boneless skinless chicken breasts, mesquite liquid smoke, peanut oil, dried red chili peppers, chipotle chiles in adobo, raisins, white wine, fresh lemon zest, white sugar, ground mustard, flour, salt, milk, egg, cider vinegar, sour cream, adobo sauce, cashew pieces, green bell pepper, red bell pepper, sweet onion, carrot, tortillas, romaine lettuce, cheddar cheese, celery",add,21,"['water,chicken,t,c,s,p,in,dish,de,oven,f,chick,ad,l,d,e,o,v']"
116325,southwest chicken salad wraps,"boneless skinless chicken breasts, mesquite liquid smoke, peanut oil, dried red chili peppers, chipotle chiles in adobo, raisins, white wine, fresh lemon zest, white sugar, ground mustard, flour, salt, milk, egg, cider vinegar, sour cream, adobo sauce, cashew pieces, green bell pepper, red bell pepper, sweet onion, carrot, tortillas, romaine lettuce, cheddar cheese, celery",add,22,"['t,s,p,smoke,ad,liquid,l,d,e,o,ts']"
116325,southwest chicken salad wraps,"boneless skinless chicken breasts, mesquite liquid smoke, peanut oil, dried red chili peppers, chipotle chiles in adobo, raisins, white wine, fresh lemon zest, white sugar, ground mustard, flour, salt, milk, egg, cider vinegar, sour cream, adobo sauce, cashew pieces, green bell pepper, red bell pepper, sweet onion, carrot, tortillas, romaine lettuce, cheddar cheese, celery",add,23,"['chili,pepper,oil,peanut,peppers,t,c,min,heat,pea,s,p,in,f,ad,l,d,b,e,nut,o,y']"
116325,southwest chicken salad wraps,"boneless skinless chicken breasts, mesquite liquid smoke, peanut oil, dried red chili peppers, chipotle chiles in adobo, raisins, white wine, fresh lemon zest, white sugar, ground mustard, flour, salt, milk, egg, cider vinegar, sour cream, adobo sauce, cashew pieces, green bell pepper, red bell pepper, sweet onion, carrot, tortillas, romaine lettuce, cheddar cheese, celery",add,24,"['pepper,oil,chicken,peppers,t,c,s,p,chick,ad,l,d,e,o']"
116325,southwest chicken salad wraps,"boneless skinless chicken breasts, mesquite liquid smoke, peanut oil, dried red chili peppers, chipotle chiles in adobo, raisins, white wine, fresh lemon zest, white sugar, ground mustard, flour, salt, milk, egg, cider vinegar, sour cream, adobo sauce, cashew pieces, green bell pepper, red bell pepper, sweet onion, carrot, tortillas, romaine lettuce, cheddar cheese, celery",add,28,"['pepper,peppers,pot,t,c,ice,mix,s,p,in,chipotle,dice,chip,f,ad,l,d,e,o,y']"
116325,southwest chicken salad wraps,"boneless skinless chicken breasts, mesquite liquid smoke, peanut oil, dried red chili peppers, chipotle chiles in adobo, raisins, white wine, fresh lemon zest, white sugar, ground mustard, flour, salt, milk, egg, cider vinegar, sour cream, adobo sauce, cashew pieces, green bell pepper, red bell pepper, sweet onion, carrot, tortillas, romaine lettuce, cheddar cheese, celery",add,30,"['t,c,s,cashews,cashew,ad,l,d,ash,b,e,o']"
116325,southwest chicken salad wraps,"boneless skinless chicken breasts, mesquite liquid smoke, peanut oil, dried red chili peppers, chipotle chiles in adobo, raisins, white wine, fresh lemon zest, white sugar, ground mustard, flour, salt, milk, egg, cider vinegar, sour cream, adobo sauce, cashew pieces, green bell pepper, red bell pepper, sweet onion, carrot, tortillas, romaine lettuce, cheddar cheese, celery",add,31,"['raisins,raisin,t,s,in,ad,l,d,b,o']"
116325,southwest chicken salad wraps,"boneless skinless chicken breasts, mesquite liquid smoke, peanut oil, dried red chili peppers, chipotle chiles in adobo, raisins, white wine, fresh lemon zest, white sugar, ground mustard, flour, salt, milk, egg, cider vinegar, sour cream, adobo sauce, cashew pieces, green bell pepper, red bell pepper, sweet onion, carrot, tortillas, romaine lettuce, cheddar cheese, celery",add,32,"['sauce,c,mix,s,au,ad,d,e']"
116325,southwest chicken salad wraps,"boneless skinless chicken breasts, mesquite liquid smoke, peanut oil, dried red chili peppers, chipotle chiles in adobo, raisins, white wine, fresh lemon zest, white sugar, ground mustard, flour, salt, milk, egg, cider vinegar, sour cream, adobo sauce, cashew pieces, green bell pepper, red bell pepper, sweet onion, carrot, tortillas, romaine lettuce, cheddar cheese, celery",dry,7,"['egg,milk,t,c,s,in,re,ad,red,l,d,b,nt,e,o,y,g,ts']"
116325,southwest chicken salad wraps,"boneless skinless chicken breasts, mesquite liquid smoke, peanut oil, dried red chili peppers, chipotle chiles in adobo, raisins, white wine, fresh lemon zest, white sugar, ground mustard, flour, salt, milk, egg, cider vinegar, sour cream, adobo sauce, cashew pieces, green bell pepper, red bell pepper, sweet onion, carrot, tortillas, romaine lettuce, cheddar cheese, celery",mix,8,"['t,mix,s,l,nt,o']"
116325,southwest chicken salad wraps,"boneless skinless chicken breasts, mesquite liquid smoke, peanut oil, dried red chili peppers, chipotle chiles in adobo, raisins, white wine, fresh lemon zest, white sugar, ground mustard, flour, salt, milk, egg, cider vinegar, sour cream, adobo sauce, cashew pieces, green bell pepper, red bell pepper, sweet onion, carrot, tortillas, romaine lettuce, cheddar cheese, celery",mix,14,"['cream,t,c,mix,s,in,f,re,l,d,e,o']"
116325,southwest chicken salad wraps,"boneless skinless chicken breasts, mesquite liquid smoke, peanut oil, dried red chili peppers, chipotle chiles in adobo, raisins, white wine, fresh lemon zest, white sugar, ground mustard, flour, salt, milk, egg, cider vinegar, sour cream, adobo sauce, cashew pieces, green bell pepper, red bell pepper, sweet onion, carrot, tortillas, romaine lettuce, cheddar cheese, celery",mix,27,"['pepper,onion,celery,chicken,peppers,carrot,t,c,ice,mix,s,p,in,dice,de,hr,re,chick,ad,red,l,d,b,e,green,o,y,g']"
116325,southwest chicken salad wraps,"boneless skinless chicken breasts, mesquite liquid smoke, peanut oil, dried red chili peppers, chipotle chiles in adobo, raisins, white wine, fresh lemon zest, white sugar, ground mustard, flour, salt, milk, egg, cider vinegar, sour cream, adobo sauce, cashew pieces, green bell pepper, red bell pepper, sweet onion, carrot, tortillas, romaine lettuce, cheddar cheese, celery",mix,28,"['pepper,peppers,pot,t,c,ice,mix,s,p,in,chipotle,dice,chip,f,ad,l,d,e,o,y']"
116325,southwest chicken salad wraps,"boneless skinless chicken breasts, mesquite liquid smoke, peanut oil, dried red chili peppers, chipotle chiles in adobo, raisins, white wine, fresh lemon zest, white sugar, ground mustard, flour, salt, milk, egg, cider vinegar, sour cream, adobo sauce, cashew pieces, green bell pepper, red bell pepper, sweet onion, carrot, tortillas, romaine lettuce, cheddar cheese, celery",mix,32,"['sauce,c,mix,s,au,ad,d,e']"
116325,southwest chicken salad wraps,"boneless skinless chicken breasts, mesquite liquid smoke, peanut oil, dried red chili peppers, chipotle chiles in adobo, raisins, white wine, fresh lemon zest, white sugar, ground mustard, flour, salt, milk, egg, cider vinegar, sour cream, adobo sauce, cashew pieces, green bell pepper, red bell pepper, sweet onion, carrot, tortillas, romaine lettuce, cheddar cheese, celery",smooth,8,"['t,mix,s,l,nt,o']"
116325,southwest chicken salad wraps,"boneless skinless chicken breasts, mesquite liquid smoke, peanut oil, dried red chili peppers, chipotle chiles in adobo, raisins, white wine, fresh lemon zest, white sugar, ground mustard, flour, salt, milk, egg, cider vinegar, sour cream, adobo sauce, cashew pieces, green bell pepper, red bell pepper, sweet onion, carrot, tortillas, romaine lettuce, cheddar cheese, celery",mixing,10,"['vinegar,t,mix,in,vin,ad,l,d,b,e,vine,o,y,g,v,hot']"
116325,southwest chicken salad wraps,"boneless skinless chicken breasts, mesquite liquid smoke, peanut oil, dried red chili peppers, chipotle chiles in adobo, raisins, white wine, fresh lemon zest, white sugar, ground mustard, flour, salt, milk, egg, cider vinegar, sour cream, adobo sauce, cashew pieces, green bell pepper, red bell pepper, sweet onion, carrot, tortillas, romaine lettuce, cheddar cheese, celery",chopped,11,"['sauce,pepper,adobo,chop,pot,t,c,s,p,in,chipotle,chip,f,au,ad,l,d,b,e,o,y,ts']"
116325,southwest chicken salad wraps,"boneless skinless chicken breasts, mesquite liquid smoke, peanut oil, dried red chili peppers, chipotle chiles in adobo, raisins, white wine, fresh lemon zest, white sugar, ground mustard, flour, salt, milk, egg, cider vinegar, sour cream, adobo sauce, cashew pieces, green bell pepper, red bell pepper, sweet onion, carrot, tortillas, romaine lettuce, cheddar cheese, celery",bowl,11,"['sauce,pepper,adobo,chop,pot,t,c,s,p,in,chipotle,chip,f,au,ad,l,d,b,e,o,y,ts']"
116325,southwest chicken salad wraps,"boneless skinless chicken breasts, mesquite liquid smoke, peanut oil, dried red chili peppers, chipotle chiles in adobo, raisins, white wine, fresh lemon zest, white sugar, ground mustard, flour, salt, milk, egg, cider vinegar, sour cream, adobo sauce, cashew pieces, green bell pepper, red bell pepper, sweet onion, carrot, tortillas, romaine lettuce, cheddar cheese, celery",bowl,30,"['t,c,s,cashews,cashew,ad,l,d,ash,b,e,o']"
116325,southwest chicken salad wraps,"boneless skinless chicken breasts, mesquite liquid smoke, peanut oil, dried red chili peppers, chipotle chiles in adobo, raisins, white wine, fresh lemon zest, white sugar, ground mustard, flour, salt, milk, egg, cider vinegar, sour cream, adobo sauce, cashew pieces, green bell pepper, red bell pepper, sweet onion, carrot, tortillas, romaine lettuce, cheddar cheese, celery",bowl,31,"['raisins,raisin,t,s,in,ad,l,d,b,o']"
116325,southwest chicken salad wraps,"boneless skinless chicken breasts, mesquite liquid smoke, peanut oil, dried red chili peppers, chipotle chiles in adobo, raisins, white wine, fresh lemon zest, white sugar, ground mustard, flour, salt, milk, egg, cider vinegar, sour cream, adobo sauce, cashew pieces, green bell pepper, red bell pepper, sweet onion, carrot, tortillas, romaine lettuce, cheddar cheese, celery",pour,13,"['sauce,pan,t,c,heat,s,p,in,f,au,l,d,b,nt,e,ring,o,g,ts,v']"
116325,southwest chicken salad wraps,"boneless skinless chicken breasts, mesquite liquid smoke, peanut oil, dried red chili peppers, chipotle chiles in adobo, raisins, white wine, fresh lemon zest, white sugar, ground mustard, flour, salt, milk, egg, cider vinegar, sour cream, adobo sauce, cashew pieces, green bell pepper, red bell pepper, sweet onion, carrot, tortillas, romaine lettuce, cheddar cheese, celery",pour,17,"['wine,raisins,raisin,c,s,p,in,l,d,b,e,o,v']"
116325,southwest chicken salad wraps,"boneless skinless chicken breasts, mesquite liquid smoke, peanut oil, dried red chili peppers, chipotle chiles in adobo, raisins, white wine, fresh lemon zest, white sugar, ground mustard, flour, salt, milk, egg, cider vinegar, sour cream, adobo sauce, cashew pieces, green bell pepper, red bell pepper, sweet onion, carrot, tortillas, romaine lettuce, cheddar cheese, celery",heat,13,"['sauce,pan,t,c,heat,s,p,in,f,au,l,d,b,nt,e,ring,o,g,ts,v']"
116325,southwest chicken salad wraps,"boneless skinless chicken breasts, mesquite liquid smoke, peanut oil, dried red chili peppers, chipotle chiles in adobo, raisins, white wine, fresh lemon zest, white sugar, ground mustard, flour, salt, milk, egg, cider vinegar, sour cream, adobo sauce, cashew pieces, green bell pepper, red bell pepper, sweet onion, carrot, tortillas, romaine lettuce, cheddar cheese, celery",thickens,13,"['sauce,pan,t,c,heat,s,p,in,f,au,l,d,b,nt,e,ring,o,g,ts,v']"
116325,southwest chicken salad wraps,"boneless skinless chicken breasts, mesquite liquid smoke, peanut oil, dried red chili peppers, chipotle chiles in adobo, raisins, white wine, fresh lemon zest, white sugar, ground mustard, flour, salt, milk, egg, cider vinegar, sour cream, adobo sauce, cashew pieces, green bell pepper, red bell pepper, sweet onion, carrot, tortillas, romaine lettuce, cheddar cheese, celery",cooled,14,"['cream,t,c,mix,s,in,f,re,l,d,e,o']"
116325,southwest chicken salad wraps,"boneless skinless chicken breasts, mesquite liquid smoke, peanut oil, dried red chili peppers, chipotle chiles in adobo, raisins, white wine, fresh lemon zest, white sugar, ground mustard, flour, salt, milk, egg, cider vinegar, sour cream, adobo sauce, cashew pieces, green bell pepper, red bell pepper, sweet onion, carrot, tortillas, romaine lettuce, cheddar cheese, celery",fry,23,"['chili,pepper,oil,peanut,peppers,t,c,min,heat,pea,s,p,in,f,ad,l,d,b,e,nut,o,y']"
116325,southwest chicken salad wraps,"boneless skinless chicken breasts, mesquite liquid smoke, peanut oil, dried red chili peppers, chipotle chiles in adobo, raisins, white wine, fresh lemon zest, white sugar, ground mustard, flour, salt, milk, egg, cider vinegar, sour cream, adobo sauce, cashew pieces, green bell pepper, red bell pepper, sweet onion, carrot, tortillas, romaine lettuce, cheddar cheese, celery",bake,25,"['c,f,re,red,d,b,e,o,v']"
116325,southwest chicken salad wraps,"boneless skinless chicken breasts, mesquite liquid smoke, peanut oil, dried red chili peppers, chipotle chiles in adobo, raisins, white wine, fresh lemon zest, white sugar, ground mustard, flour, salt, milk, egg, cider vinegar, sour cream, adobo sauce, cashew pieces, green bell pepper, red bell pepper, sweet onion, carrot, tortillas, romaine lettuce, cheddar cheese, celery",covered,25,"['c,f,re,red,d,b,e,o,v']"
116325,southwest chicken salad wraps,"boneless skinless chicken breasts, mesquite liquid smoke, peanut oil, dried red chili peppers, chipotle chiles in adobo, raisins, white wine, fresh lemon zest, white sugar, ground mustard, flour, salt, milk, egg, cider vinegar, sour cream, adobo sauce, cashew pieces, green bell pepper, red bell pepper, sweet onion, carrot, tortillas, romaine lettuce, cheddar cheese, celery",let,26,"['chicken,t,c,s,hr,re,chick,red,l,d,e,o']"
116325,southwest chicken salad wraps,"boneless skinless chicken breasts, mesquite liquid smoke, peanut oil, dried red chili peppers, chipotle chiles in adobo, raisins, white wine, fresh lemon zest, white sugar, ground mustard, flour, salt, milk, egg, cider vinegar, sour cream, adobo sauce, cashew pieces, green bell pepper, red bell pepper, sweet onion, carrot, tortillas, romaine lettuce, cheddar cheese, celery",shred,26,"['chicken,t,c,s,hr,re,chick,red,l,d,e,o']"
116325,southwest chicken salad wraps,"boneless skinless chicken breasts, mesquite liquid smoke, peanut oil, dried red chili peppers, chipotle chiles in adobo, raisins, white wine, fresh lemon zest, white sugar, ground mustard, flour, salt, milk, egg, cider vinegar, sour cream, adobo sauce, cashew pieces, green bell pepper, red bell pepper, sweet onion, carrot, tortillas, romaine lettuce, cheddar cheese, celery",shredded,27,"['pepper,onion,celery,chicken,peppers,carrot,t,c,ice,mix,s,p,in,dice,de,hr,re,chick,ad,red,l,d,b,e,green,o,y,g']"
116325,southwest chicken salad wraps,"boneless skinless chicken breasts, mesquite liquid smoke, peanut oil, dried red chili peppers, chipotle chiles in adobo, raisins, white wine, fresh lemon zest, white sugar, ground mustard, flour, salt, milk, egg, cider vinegar, sour cream, adobo sauce, cashew pieces, green bell pepper, red bell pepper, sweet onion, carrot, tortillas, romaine lettuce, cheddar cheese, celery",adding,27,"['pepper,onion,celery,chicken,peppers,carrot,t,c,ice,mix,s,p,in,dice,de,hr,re,chick,ad,red,l,d,b,e,green,o,y,g']"
116325,southwest chicken salad wraps,"boneless skinless chicken breasts, mesquite liquid smoke, peanut oil, dried red chili peppers, chipotle chiles in adobo, raisins, white wine, fresh lemon zest, white sugar, ground mustard, flour, salt, milk, egg, cider vinegar, sour cream, adobo sauce, cashew pieces, green bell pepper, red bell pepper, sweet onion, carrot, tortillas, romaine lettuce, cheddar cheese, celery",diced,27,"['pepper,onion,celery,chicken,peppers,carrot,t,c,ice,mix,s,p,in,dice,de,hr,re,chick,ad,red,l,d,b,e,green,o,y,g']"
116325,southwest chicken salad wraps,"boneless skinless chicken breasts, mesquite liquid smoke, peanut oil, dried red chili peppers, chipotle chiles in adobo, raisins, white wine, fresh lemon zest, white sugar, ground mustard, flour, salt, milk, egg, cider vinegar, sour cream, adobo sauce, cashew pieces, green bell pepper, red bell pepper, sweet onion, carrot, tortillas, romaine lettuce, cheddar cheese, celery",diced,28,"['pepper,peppers,pot,t,c,ice,mix,s,p,in,chipotle,dice,chip,f,ad,l,d,e,o,y']"
116325,southwest chicken salad wraps,"boneless skinless chicken breasts, mesquite liquid smoke, peanut oil, dried red chili peppers, chipotle chiles in adobo, raisins, white wine, fresh lemon zest, white sugar, ground mustard, flour, salt, milk, egg, cider vinegar, sour cream, adobo sauce, cashew pieces, green bell pepper, red bell pepper, sweet onion, carrot, tortillas, romaine lettuce, cheddar cheese, celery",taste,28,"['pepper,peppers,pot,t,c,ice,mix,s,p,in,chipotle,dice,chip,f,ad,l,d,e,o,y']"
116325,southwest chicken salad wraps,"boneless skinless chicken breasts, mesquite liquid smoke, peanut oil, dried red chili peppers, chipotle chiles in adobo, raisins, white wine, fresh lemon zest, white sugar, ground mustard, flour, salt, milk, egg, cider vinegar, sour cream, adobo sauce, cashew pieces, green bell pepper, red bell pepper, sweet onion, carrot, tortillas, romaine lettuce, cheddar cheese, celery",crush,29,"['t,c,s,p,in,roll,cashews,pin,cashew,bag,l,d,ash,b,e,o,g']"
116325,southwest chicken salad wraps,"boneless skinless chicken breasts, mesquite liquid smoke, peanut oil, dried red chili peppers, chipotle chiles in adobo, raisins, white wine, fresh lemon zest, white sugar, ground mustard, flour, salt, milk, egg, cider vinegar, sour cream, adobo sauce, cashew pieces, green bell pepper, red bell pepper, sweet onion, carrot, tortillas, romaine lettuce, cheddar cheese, celery",rolling,29,"['t,c,s,p,in,roll,cashews,pin,cashew,bag,l,d,ash,b,e,o,g']"
116325,southwest chicken salad wraps,"boneless skinless chicken breasts, mesquite liquid smoke, peanut oil, dried red chili peppers, chipotle chiles in adobo, raisins, white wine, fresh lemon zest, white sugar, ground mustard, flour, salt, milk, egg, cider vinegar, sour cream, adobo sauce, cashew pieces, green bell pepper, red bell pepper, sweet onion, carrot, tortillas, romaine lettuce, cheddar cheese, celery",drain,31,"['raisins,raisin,t,s,in,ad,l,d,b,o']"
116325,southwest chicken salad wraps,"boneless skinless chicken breasts, mesquite liquid smoke, peanut oil, dried red chili peppers, chipotle chiles in adobo, raisins, white wine, fresh lemon zest, white sugar, ground mustard, flour, salt, milk, egg, cider vinegar, sour cream, adobo sauce, cashew pieces, green bell pepper, red bell pepper, sweet onion, carrot, tortillas, romaine lettuce, cheddar cheese, celery",serve,33,"['t,c,s,can,f,tel,mu,re,l,d,b,e,o,y,g,v']"
116325,southwest chicken salad wraps,"boneless skinless chicken breasts, mesquite liquid smoke, peanut oil, dried red chili peppers, chipotle chiles in adobo, raisins, white wine, fresh lemon zest, white sugar, ground mustard, flour, salt, milk, egg, cider vinegar, sour cream, adobo sauce, cashew pieces, green bell pepper, red bell pepper, sweet onion, carrot, tortillas, romaine lettuce, cheddar cheese, celery",serve,34,"['t,s,e,o,v']"
116325,southwest chicken salad wraps,"boneless skinless chicken breasts, mesquite liquid smoke, peanut oil, dried red chili peppers, chipotle chiles in adobo, raisins, white wine, fresh lemon zest, white sugar, ground mustard, flour, salt, milk, egg, cider vinegar, sour cream, adobo sauce, cashew pieces, green bell pepper, red bell pepper, sweet onion, carrot, tortillas, romaine lettuce, cheddar cheese, celery",is,33,"['t,c,s,can,f,tel,mu,re,l,d,b,e,o,y,g,v']"
116325,southwest chicken salad wraps,"boneless skinless chicken breasts, mesquite liquid smoke, peanut oil, dried red chili peppers, chipotle chiles in adobo, raisins, white wine, fresh lemon zest, white sugar, ground mustard, flour, salt, milk, egg, cider vinegar, sour cream, adobo sauce, cashew pieces, green bell pepper, red bell pepper, sweet onion, carrot, tortillas, romaine lettuce, cheddar cheese, celery",spoon,36,"['chicken,lettuce,t,salad,c,s,p,chick,ad,l,d,e,o,v']"
116325,southwest chicken salad wraps,"boneless skinless chicken breasts, mesquite liquid smoke, peanut oil, dried red chili peppers, chipotle chiles in adobo, raisins, white wine, fresh lemon zest, white sugar, ground mustard, flour, salt, milk, egg, cider vinegar, sour cream, adobo sauce, cashew pieces, green bell pepper, red bell pepper, sweet onion, carrot, tortillas, romaine lettuce, cheddar cheese, celery",sprinkle,37,"['cheese,t,c,cheddar,s,p,in,l,d,e']"
116325,southwest chicken salad wraps,"boneless skinless chicken breasts, mesquite liquid smoke, peanut oil, dried red chili peppers, chipotle chiles in adobo, raisins, white wine, fresh lemon zest, white sugar, ground mustard, flour, salt, milk, egg, cider vinegar, sour cream, adobo sauce, cashew pieces, green bell pepper, red bell pepper, sweet onion, carrot, tortillas, romaine lettuce, cheddar cheese, celery",wrap,38,"['t,p,in,vin,top,l,d,b,e,wrap,burrito,o,y,g,v']"
116325,southwest chicken salad wraps,"boneless skinless chicken breasts, mesquite liquid smoke, peanut oil, dried red chili peppers, chipotle chiles in adobo, raisins, white wine, fresh lemon zest, white sugar, ground mustard, flour, salt, milk, egg, cider vinegar, sour cream, adobo sauce, cashew pieces, green bell pepper, red bell pepper, sweet onion, carrot, tortillas, romaine lettuce, cheddar cheese, celery",leaving,38,"['t,p,in,vin,top,l,d,b,e,wrap,burrito,o,y,g,v']"
