Id,Name,AllIngredients,Verbs,Steps,Ingredient
116416,cajun grilled catfish with apricot salsa,"catfish fillets, olive oil, limes, garlic powder, onion powder, coarse salt, white pepper, ground black pepper, cayenne pepper, dried thyme, hungarian paprika, ground coriander, dried oregano, dried apricot, pineapple, red onion, red bell pepper, shiitake mushrooms, fresh cilantro, jalapeno pepper, lime juice",combine,1,"catfish fillets, olive oil, limes, garlic powder, onion powder, coarse salt, white pepper, ground black pepper, cayenne pepper, dried thyme, hungarian paprika, ground coriander, dried oregano, dried apricot, pineapple, red onion, red bell pepper, shiitake mushrooms, fresh cilantro, jalapeno pepper, lime juice"
116416,cajun grilled catfish with apricot salsa,"catfish fillets, olive oil, limes, garlic powder, onion powder, coarse salt, white pepper, ground black pepper, cayenne pepper, dried thyme, hungarian paprika, ground coriander, dried oregano, dried apricot, pineapple, red onion, red bell pepper, shiitake mushrooms, fresh cilantro, jalapeno pepper, lime juice",combine,2,"catfish fillets, olive oil, limes, garlic powder, onion powder, coarse salt, white pepper, ground black pepper, cayenne pepper, dried thyme, hungarian paprika, ground coriander, dried oregano, dried apricot, pineapple, red onion, red bell pepper, shiitake mushrooms, fresh cilantro, jalapeno pepper, lime juice"
116416,cajun grilled catfish with apricot salsa,"catfish fillets, olive oil, limes, garlic powder, onion powder, coarse salt, white pepper, ground black pepper, cayenne pepper, dried thyme, hungarian paprika, ground coriander, dried oregano, dried apricot, pineapple, red onion, red bell pepper, shiitake mushrooms, fresh cilantro, jalapeno pepper, lime juice",serve,1,"catfish fillets, olive oil, limes, garlic powder, onion powder, coarse salt, white pepper, ground black pepper, cayenne pepper, dried thyme, hungarian paprika, ground coriander, dried oregano, dried apricot, pineapple, red onion, red bell pepper, shiitake mushrooms, fresh cilantro, jalapeno pepper, lime juice"
116416,cajun grilled catfish with apricot salsa,"catfish fillets, olive oil, limes, garlic powder, onion powder, coarse salt, white pepper, ground black pepper, cayenne pepper, dried thyme, hungarian paprika, ground coriander, dried oregano, dried apricot, pineapple, red onion, red bell pepper, shiitake mushrooms, fresh cilantro, jalapeno pepper, lime juice",shake,2,"catfish fillets, olive oil, limes, garlic powder, onion powder, coarse salt, white pepper, ground black pepper, cayenne pepper, dried thyme, hungarian paprika, ground coriander, dried oregano, dried apricot, pineapple, red onion, red bell pepper, shiitake mushrooms, fresh cilantro, jalapeno pepper, lime juice"
116416,cajun grilled catfish with apricot salsa,"catfish fillets, olive oil, limes, garlic powder, onion powder, coarse salt, white pepper, ground black pepper, cayenne pepper, dried thyme, hungarian paprika, ground coriander, dried oregano, dried apricot, pineapple, red onion, red bell pepper, shiitake mushrooms, fresh cilantro, jalapeno pepper, lime juice",distribute,2,"catfish fillets, olive oil, limes, garlic powder, onion powder, coarse salt, white pepper, ground black pepper, cayenne pepper, dried thyme, hungarian paprika, ground coriander, dried oregano, dried apricot, pineapple, red onion, red bell pepper, shiitake mushrooms, fresh cilantro, jalapeno pepper, lime juice"
116416,cajun grilled catfish with apricot salsa,"catfish fillets, olive oil, limes, garlic powder, onion powder, coarse salt, white pepper, ground black pepper, cayenne pepper, dried thyme, hungarian paprika, ground coriander, dried oregano, dried apricot, pineapple, red onion, red bell pepper, shiitake mushrooms, fresh cilantro, jalapeno pepper, lime juice",medium,3,"['t,heat,p,medium']"
116416,cajun grilled catfish with apricot salsa,"catfish fillets, olive oil, limes, garlic powder, onion powder, coarse salt, white pepper, ground black pepper, cayenne pepper, dried thyme, hungarian paprika, ground coriander, dried oregano, dried apricot, pineapple, red onion, red bell pepper, shiitake mushrooms, fresh cilantro, jalapeno pepper, lime juice",rinse,4,"['water,t,fish,s,p,in']"
116416,cajun grilled catfish with apricot salsa,"catfish fillets, olive oil, limes, garlic powder, onion powder, coarse salt, white pepper, ground black pepper, cayenne pepper, dried thyme, hungarian paprika, ground coriander, dried oregano, dried apricot, pineapple, red onion, red bell pepper, shiitake mushrooms, fresh cilantro, jalapeno pepper, lime juice",running,4,"['water,t,fish,s,p,in']"
116416,cajun grilled catfish with apricot salsa,"catfish fillets, olive oil, limes, garlic powder, onion powder, coarse salt, white pepper, ground black pepper, cayenne pepper, dried thyme, hungarian paprika, ground coriander, dried oregano, dried apricot, pineapple, red onion, red bell pepper, shiitake mushrooms, fresh cilantro, jalapeno pepper, lime juice",drizzle,5,"['oil,olive,t,fish,s,p,in']"
116416,cajun grilled catfish with apricot salsa,"catfish fillets, olive oil, limes, garlic powder, onion powder, coarse salt, white pepper, ground black pepper, cayenne pepper, dried thyme, hungarian paprika, ground coriander, dried oregano, dried apricot, pineapple, red onion, red bell pepper, shiitake mushrooms, fresh cilantro, jalapeno pepper, lime juice",sprinkle,5,"['oil,olive,t,fish,s,p,in']"
116416,cajun grilled catfish with apricot salsa,"catfish fillets, olive oil, limes, garlic powder, onion powder, coarse salt, white pepper, ground black pepper, cayenne pepper, dried thyme, hungarian paprika, ground coriander, dried oregano, dried apricot, pineapple, red onion, red bell pepper, shiitake mushrooms, fresh cilantro, jalapeno pepper, lime juice",rub,5,"['oil,olive,t,fish,s,p,in']"
116416,cajun grilled catfish with apricot salsa,"catfish fillets, olive oil, limes, garlic powder, onion powder, coarse salt, white pepper, ground black pepper, cayenne pepper, dried thyme, hungarian paprika, ground coriander, dried oregano, dried apricot, pineapple, red onion, red bell pepper, shiitake mushrooms, fresh cilantro, jalapeno pepper, lime juice",rub,6,"['oil,olive,t,fish,pea,s,p']"
116416,cajun grilled catfish with apricot salsa,"catfish fillets, olive oil, limes, garlic powder, onion powder, coarse salt, white pepper, ground black pepper, cayenne pepper, dried thyme, hungarian paprika, ground coriander, dried oregano, dried apricot, pineapple, red onion, red bell pepper, shiitake mushrooms, fresh cilantro, jalapeno pepper, lime juice",turn,6,"['oil,olive,t,fish,pea,s,p']"
116416,cajun grilled catfish with apricot salsa,"catfish fillets, olive oil, limes, garlic powder, onion powder, coarse salt, white pepper, ground black pepper, cayenne pepper, dried thyme, hungarian paprika, ground coriander, dried oregano, dried apricot, pineapple, red onion, red bell pepper, shiitake mushrooms, fresh cilantro, jalapeno pepper, lime juice",repeat,6,"['oil,olive,t,fish,pea,s,p']"
116416,cajun grilled catfish with apricot salsa,"catfish fillets, olive oil, limes, garlic powder, onion powder, coarse salt, white pepper, ground black pepper, cayenne pepper, dried thyme, hungarian paprika, ground coriander, dried oregano, dried apricot, pineapple, red onion, red bell pepper, shiitake mushrooms, fresh cilantro, jalapeno pepper, lime juice",is,7,"['flakes,cook,t,c,min,fish,s,p,in']"
116416,cajun grilled catfish with apricot salsa,"catfish fillets, olive oil, limes, garlic powder, onion powder, coarse salt, white pepper, ground black pepper, cayenne pepper, dried thyme, hungarian paprika, ground coriander, dried oregano, dried apricot, pineapple, red onion, red bell pepper, shiitake mushrooms, fresh cilantro, jalapeno pepper, lime juice",place,7,"['flakes,cook,t,c,min,fish,s,p,in']"
116416,cajun grilled catfish with apricot salsa,"catfish fillets, olive oil, limes, garlic powder, onion powder, coarse salt, white pepper, ground black pepper, cayenne pepper, dried thyme, hungarian paprika, ground coriander, dried oregano, dried apricot, pineapple, red onion, red bell pepper, shiitake mushrooms, fresh cilantro, jalapeno pepper, lime juice",prepared,7,"['flakes,cook,t,c,min,fish,s,p,in']"
116416,cajun grilled catfish with apricot salsa,"catfish fillets, olive oil, limes, garlic powder, onion powder, coarse salt, white pepper, ground black pepper, cayenne pepper, dried thyme, hungarian paprika, ground coriander, dried oregano, dried apricot, pineapple, red onion, red bell pepper, shiitake mushrooms, fresh cilantro, jalapeno pepper, lime juice",cook,7,"['flakes,cook,t,c,min,fish,s,p,in']"
116416,cajun grilled catfish with apricot salsa,"catfish fillets, olive oil, limes, garlic powder, onion powder, coarse salt, white pepper, ground black pepper, cayenne pepper, dried thyme, hungarian paprika, ground coriander, dried oregano, dried apricot, pineapple, red onion, red bell pepper, shiitake mushrooms, fresh cilantro, jalapeno pepper, lime juice",pierced,7,"['flakes,cook,t,c,min,fish,s,p,in']"
116416,cajun grilled catfish with apricot salsa,"catfish fillets, olive oil, limes, garlic powder, onion powder, coarse salt, white pepper, ground black pepper, cayenne pepper, dried thyme, hungarian paprika, ground coriander, dried oregano, dried apricot, pineapple, red onion, red bell pepper, shiitake mushrooms, fresh cilantro, jalapeno pepper, lime juice",turning,7,"['flakes,cook,t,c,min,fish,s,p,in']"
116416,cajun grilled catfish with apricot salsa,"catfish fillets, olive oil, limes, garlic powder, onion powder, coarse salt, white pepper, ground black pepper, cayenne pepper, dried thyme, hungarian paprika, ground coriander, dried oregano, dried apricot, pineapple, red onion, red bell pepper, shiitake mushrooms, fresh cilantro, jalapeno pepper, lime juice",serving,8,"['lime,cook,t,c,fish,salsa,s,p,in,vin']"
116416,cajun grilled catfish with apricot salsa,"catfish fillets, olive oil, limes, garlic powder, onion powder, coarse salt, white pepper, ground black pepper, cayenne pepper, dried thyme, hungarian paprika, ground coriander, dried oregano, dried apricot, pineapple, red onion, red bell pepper, shiitake mushrooms, fresh cilantro, jalapeno pepper, lime juice",divide,8,"['lime,cook,t,c,fish,salsa,s,p,in,vin']"
116416,cajun grilled catfish with apricot salsa,"catfish fillets, olive oil, limes, garlic powder, onion powder, coarse salt, white pepper, ground black pepper, cayenne pepper, dried thyme, hungarian paprika, ground coriander, dried oregano, dried apricot, pineapple, red onion, red bell pepper, shiitake mushrooms, fresh cilantro, jalapeno pepper, lime juice",garnish,8,"['lime,cook,t,c,fish,salsa,s,p,in,vin']"
