Id,Name,AllIngredients,Verbs,Steps,Ingredient
116418,potato encrusted stuffed tilapia,"tilapia fillet, coconut juice, unsalted butter, extra virgin olive oil, celery, onion, carrot, garlic, frozen chopped spinach, white wine, fresh lemon juice, shrimp, coriander, basil, lemon pepper, salt and pepper, egg, plain breadcrumbs, red potatoes, milk, butter, paprika",wash,1,{}
116418,potato encrusted stuffed tilapia,"tilapia fillet, coconut juice, unsalted butter, extra virgin olive oil, celery, onion, carrot, garlic, frozen chopped spinach, white wine, fresh lemon juice, shrimp, coriander, basil, lemon pepper, salt and pepper, egg, plain breadcrumbs, red potatoes, milk, butter, paprika",pour,3,"['juice,coconut,t,c,ice,p,e,nut,o']"
116418,potato encrusted stuffed tilapia,"tilapia fillet, coconut juice, unsalted butter, extra virgin olive oil, celery, onion, carrot, garlic, frozen chopped spinach, white wine, fresh lemon juice, shrimp, coriander, basil, lemon pepper, salt and pepper, egg, plain breadcrumbs, red potatoes, milk, butter, paprika",cover,3,"['juice,coconut,t,c,ice,p,e,nut,o']"
116418,potato encrusted stuffed tilapia,"tilapia fillet, coconut juice, unsalted butter, extra virgin olive oil, celery, onion, carrot, garlic, frozen chopped spinach, white wine, fresh lemon juice, shrimp, coriander, basil, lemon pepper, salt and pepper, egg, plain breadcrumbs, red potatoes, milk, butter, paprika",cover,4,"['t,c,s,f,-,re,l,d,b,e,o']"
116418,potato encrusted stuffed tilapia,"tilapia fillet, coconut juice, unsalted butter, extra virgin olive oil, celery, onion, carrot, garlic, frozen chopped spinach, white wine, fresh lemon juice, shrimp, coriander, basil, lemon pepper, salt and pepper, egg, plain breadcrumbs, red potatoes, milk, butter, paprika",cover,23,"['read,t,c,file,s,p,in,f,one,re,ad,l,d,filet,e,o']"
116418,potato encrusted stuffed tilapia,"tilapia fillet, coconut juice, unsalted butter, extra virgin olive oil, celery, onion, carrot, garlic, frozen chopped spinach, white wine, fresh lemon juice, shrimp, coriander, basil, lemon pepper, salt and pepper, egg, plain breadcrumbs, red potatoes, milk, butter, paprika",cover,26,"['t,c,s,p,de,top,d,e,o']"
116418,potato encrusted stuffed tilapia,"tilapia fillet, coconut juice, unsalted butter, extra virgin olive oil, celery, onion, carrot, garlic, frozen chopped spinach, white wine, fresh lemon juice, shrimp, coriander, basil, lemon pepper, salt and pepper, egg, plain breadcrumbs, red potatoes, milk, butter, paprika",refrigerate,4,"['t,c,s,f,-,re,l,d,b,e,o']"
116418,potato encrusted stuffed tilapia,"tilapia fillet, coconut juice, unsalted butter, extra virgin olive oil, celery, onion, carrot, garlic, frozen chopped spinach, white wine, fresh lemon juice, shrimp, coriander, basil, lemon pepper, salt and pepper, egg, plain breadcrumbs, red potatoes, milk, butter, paprika",stuffing,5,"['t,s,in,f']"
116418,potato encrusted stuffed tilapia,"tilapia fillet, coconut juice, unsalted butter, extra virgin olive oil, celery, onion, carrot, garlic, frozen chopped spinach, white wine, fresh lemon juice, shrimp, coriander, basil, lemon pepper, salt and pepper, egg, plain breadcrumbs, red potatoes, milk, butter, paprika",add,7,"['butter,t,ad,d,b,e,butt,o']"
116418,potato encrusted stuffed tilapia,"tilapia fillet, coconut juice, unsalted butter, extra virgin olive oil, celery, onion, carrot, garlic, frozen chopped spinach, white wine, fresh lemon juice, shrimp, coriander, basil, lemon pepper, salt and pepper, egg, plain breadcrumbs, red potatoes, milk, butter, paprika",add,9,"['garlic,t,c,min,s,in,au,ad,l,d,e,nut']"
116418,potato encrusted stuffed tilapia,"tilapia fillet, coconut juice, unsalted butter, extra virgin olive oil, celery, onion, carrot, garlic, frozen chopped spinach, white wine, fresh lemon juice, shrimp, coriander, basil, lemon pepper, salt and pepper, egg, plain breadcrumbs, red potatoes, milk, butter, paprika",add,10,"['wine,t,c,min,in,f,re,ad,red,d,e,nut,o']"
116418,potato encrusted stuffed tilapia,"tilapia fillet, coconut juice, unsalted butter, extra virgin olive oil, celery, onion, carrot, garlic, frozen chopped spinach, white wine, fresh lemon juice, shrimp, coriander, basil, lemon pepper, salt and pepper, egg, plain breadcrumbs, red potatoes, milk, butter, paprika",add,11,"['juice,lemon,c,ice,ad,l,d,e,o']"
116418,potato encrusted stuffed tilapia,"tilapia fillet, coconut juice, unsalted butter, extra virgin olive oil, celery, onion, carrot, garlic, frozen chopped spinach, white wine, fresh lemon juice, shrimp, coriander, basil, lemon pepper, salt and pepper, egg, plain breadcrumbs, red potatoes, milk, butter, paprika",add,12,"['spinach,shrimp,c,s,p,in,pin,hr,ad,d']"
116418,potato encrusted stuffed tilapia,"tilapia fillet, coconut juice, unsalted butter, extra virgin olive oil, celery, onion, carrot, garlic, frozen chopped spinach, white wine, fresh lemon juice, shrimp, coriander, basil, lemon pepper, salt and pepper, egg, plain breadcrumbs, red potatoes, milk, butter, paprika",add,20,"['pepper,salt,butter,milk,pot,potatoes,t,potato,s,p,whip,ad,l,d,b,nt,e,butt,o']"
116418,potato encrusted stuffed tilapia,"tilapia fillet, coconut juice, unsalted butter, extra virgin olive oil, celery, onion, carrot, garlic, frozen chopped spinach, white wine, fresh lemon juice, shrimp, coriander, basil, lemon pepper, salt and pepper, egg, plain breadcrumbs, red potatoes, milk, butter, paprika",add,21,"['milk,read,pot,t,potato,s,p,f,re,ad,red,l,d,b,e,o']"
116418,potato encrusted stuffed tilapia,"tilapia fillet, coconut juice, unsalted butter, extra virgin olive oil, celery, onion, carrot, garlic, frozen chopped spinach, white wine, fresh lemon juice, shrimp, coriander, basil, lemon pepper, salt and pepper, egg, plain breadcrumbs, red potatoes, milk, butter, paprika",reduce,10,"['wine,t,c,min,in,f,re,ad,red,d,e,nut,o']"
116418,potato encrusted stuffed tilapia,"tilapia fillet, coconut juice, unsalted butter, extra virgin olive oil, celery, onion, carrot, garlic, frozen chopped spinach, white wine, fresh lemon juice, shrimp, coriander, basil, lemon pepper, salt and pepper, egg, plain breadcrumbs, red potatoes, milk, butter, paprika",continue,13,"['spinach,shrimp,cook,t,c,cooking,s,p,in,pin,hr,l,d,nt,e,o']"
116418,potato encrusted stuffed tilapia,"tilapia fillet, coconut juice, unsalted butter, extra virgin olive oil, celery, onion, carrot, garlic, frozen chopped spinach, white wine, fresh lemon juice, shrimp, coriander, basil, lemon pepper, salt and pepper, egg, plain breadcrumbs, red potatoes, milk, butter, paprika",cooking,13,"['spinach,shrimp,cook,t,c,cooking,s,p,in,pin,hr,l,d,nt,e,o']"
116418,potato encrusted stuffed tilapia,"tilapia fillet, coconut juice, unsalted butter, extra virgin olive oil, celery, onion, carrot, garlic, frozen chopped spinach, white wine, fresh lemon juice, shrimp, coriander, basil, lemon pepper, salt and pepper, egg, plain breadcrumbs, red potatoes, milk, butter, paprika",is,13,"['spinach,shrimp,cook,t,c,cooking,s,p,in,pin,hr,l,d,nt,e,o']"
116418,potato encrusted stuffed tilapia,"tilapia fillet, coconut juice, unsalted butter, extra virgin olive oil, celery, onion, carrot, garlic, frozen chopped spinach, white wine, fresh lemon juice, shrimp, coriander, basil, lemon pepper, salt and pepper, egg, plain breadcrumbs, red potatoes, milk, butter, paprika",is,29,"['brown,pot,t,min,potato,s,p,in,f,-,l,light,b,nt,e,nut,o,y']"
116418,potato encrusted stuffed tilapia,"tilapia fillet, coconut juice, unsalted butter, extra virgin olive oil, celery, onion, carrot, garlic, frozen chopped spinach, white wine, fresh lemon juice, shrimp, coriander, basil, lemon pepper, salt and pepper, egg, plain breadcrumbs, red potatoes, milk, butter, paprika",stir,14,"['pepper,salt,basil,lemon,t,c,s,p,in,de,l,d,b,e,o']"
116418,potato encrusted stuffed tilapia,"tilapia fillet, coconut juice, unsalted butter, extra virgin olive oil, celery, onion, carrot, garlic, frozen chopped spinach, white wine, fresh lemon juice, shrimp, coriander, basil, lemon pepper, salt and pepper, egg, plain breadcrumbs, red potatoes, milk, butter, paprika",remove,15,"['t,c,heat,p,in,f,re,l,d,b,e,o']"
116418,potato encrusted stuffed tilapia,"tilapia fillet, coconut juice, unsalted butter, extra virgin olive oil, celery, onion, carrot, garlic, frozen chopped spinach, white wine, fresh lemon juice, shrimp, coriander, basil, lemon pepper, salt and pepper, egg, plain breadcrumbs, red potatoes, milk, butter, paprika",put,15,"['t,c,heat,p,in,f,re,l,d,b,e,o']"
116418,potato encrusted stuffed tilapia,"tilapia fillet, coconut juice, unsalted butter, extra virgin olive oil, celery, onion, carrot, garlic, frozen chopped spinach, white wine, fresh lemon juice, shrimp, coriander, basil, lemon pepper, salt and pepper, egg, plain breadcrumbs, red potatoes, milk, butter, paprika",allow,15,"['t,c,heat,p,in,f,re,l,d,b,e,o']"
116418,potato encrusted stuffed tilapia,"tilapia fillet, coconut juice, unsalted butter, extra virgin olive oil, celery, onion, carrot, garlic, frozen chopped spinach, white wine, fresh lemon juice, shrimp, coriander, basil, lemon pepper, salt and pepper, egg, plain breadcrumbs, red potatoes, milk, butter, paprika",cool,15,"['t,c,heat,p,in,f,re,l,d,b,e,o']"
116418,potato encrusted stuffed tilapia,"tilapia fillet, coconut juice, unsalted butter, extra virgin olive oil, celery, onion, carrot, garlic, frozen chopped spinach, white wine, fresh lemon juice, shrimp, coriander, basil, lemon pepper, salt and pepper, egg, plain breadcrumbs, red potatoes, milk, butter, paprika",blend,16,"['egg,crumbs,read,bread,rum,c,breadcrumbs,breadcrumb,blend,s,end,in,crumb,re,ad,l,d,b,e,o']"
116418,potato encrusted stuffed tilapia,"tilapia fillet, coconut juice, unsalted butter, extra virgin olive oil, celery, onion, carrot, garlic, frozen chopped spinach, white wine, fresh lemon juice, shrimp, coriander, basil, lemon pepper, salt and pepper, egg, plain breadcrumbs, red potatoes, milk, butter, paprika",cut,18,"['oil,peel,t,c,boil,tender,half,s,p,end,in,de,f,l,d,ash,b,e,wash,o']"
116418,potato encrusted stuffed tilapia,"tilapia fillet, coconut juice, unsalted butter, extra virgin olive oil, celery, onion, carrot, garlic, frozen chopped spinach, white wine, fresh lemon juice, shrimp, coriander, basil, lemon pepper, salt and pepper, egg, plain breadcrumbs, red potatoes, milk, butter, paprika",boil,18,"['oil,peel,t,c,boil,tender,half,s,p,end,in,de,f,l,d,ash,b,e,wash,o']"
116418,potato encrusted stuffed tilapia,"tilapia fillet, coconut juice, unsalted butter, extra virgin olive oil, celery, onion, carrot, garlic, frozen chopped spinach, white wine, fresh lemon juice, shrimp, coriander, basil, lemon pepper, salt and pepper, egg, plain breadcrumbs, red potatoes, milk, butter, paprika",mash,19,"['t,s,l,ash,o,y']"
116418,potato encrusted stuffed tilapia,"tilapia fillet, coconut juice, unsalted butter, extra virgin olive oil, celery, onion, carrot, garlic, frozen chopped spinach, white wine, fresh lemon juice, shrimp, coriander, basil, lemon pepper, salt and pepper, egg, plain breadcrumbs, red potatoes, milk, butter, paprika",required,21,"['milk,read,pot,t,potato,s,p,f,re,ad,red,l,d,b,e,o']"
116418,potato encrusted stuffed tilapia,"tilapia fillet, coconut juice, unsalted butter, extra virgin olive oil, celery, onion, carrot, garlic, frozen chopped spinach, white wine, fresh lemon juice, shrimp, coriander, basil, lemon pepper, salt and pepper, egg, plain breadcrumbs, red potatoes, milk, butter, paprika",be,21,"['milk,read,pot,t,potato,s,p,f,re,ad,red,l,d,b,e,o']"
116418,potato encrusted stuffed tilapia,"tilapia fillet, coconut juice, unsalted butter, extra virgin olive oil, celery, onion, carrot, garlic, frozen chopped spinach, white wine, fresh lemon juice, shrimp, coriander, basil, lemon pepper, salt and pepper, egg, plain breadcrumbs, red potatoes, milk, butter, paprika",spread,21,"['milk,read,pot,t,potato,s,p,f,re,ad,red,l,d,b,e,o']"
116418,potato encrusted stuffed tilapia,"tilapia fillet, coconut juice, unsalted butter, extra virgin olive oil, celery, onion, carrot, garlic, frozen chopped spinach, white wine, fresh lemon juice, shrimp, coriander, basil, lemon pepper, salt and pepper, egg, plain breadcrumbs, red potatoes, milk, butter, paprika",spread,23,"['read,t,c,file,s,p,in,f,one,re,ad,l,d,filet,e,o']"
116418,potato encrusted stuffed tilapia,"tilapia fillet, coconut juice, unsalted butter, extra virgin olive oil, celery, onion, carrot, garlic, frozen chopped spinach, white wine, fresh lemon juice, shrimp, coriander, basil, lemon pepper, salt and pepper, egg, plain breadcrumbs, red potatoes, milk, butter, paprika",spread,25,"['read,pot,t,mix,potato,s,p,f,top,re,ad,d,e,o']"
116418,potato encrusted stuffed tilapia,"tilapia fillet, coconut juice, unsalted butter, extra virgin olive oil, celery, onion, carrot, garlic, frozen chopped spinach, white wine, fresh lemon juice, shrimp, coriander, basil, lemon pepper, salt and pepper, egg, plain breadcrumbs, red potatoes, milk, butter, paprika",combining,22,"['c,in,b,o']"
116418,potato encrusted stuffed tilapia,"tilapia fillet, coconut juice, unsalted butter, extra virgin olive oil, celery, onion, carrot, garlic, frozen chopped spinach, white wine, fresh lemon juice, shrimp, coriander, basil, lemon pepper, salt and pepper, egg, plain breadcrumbs, red potatoes, milk, butter, paprika",oiled,24,"['oil,t,c,baking,s,p,in,sheet,l,d,b,e,o']"
116418,potato encrusted stuffed tilapia,"tilapia fillet, coconut juice, unsalted butter, extra virgin olive oil, celery, onion, carrot, garlic, frozen chopped spinach, white wine, fresh lemon juice, shrimp, coriander, basil, lemon pepper, salt and pepper, egg, plain breadcrumbs, red potatoes, milk, butter, paprika",turn,26,"['t,c,s,p,de,top,d,e,o']"
116418,potato encrusted stuffed tilapia,"tilapia fillet, coconut juice, unsalted butter, extra virgin olive oil, celery, onion, carrot, garlic, frozen chopped spinach, white wine, fresh lemon juice, shrimp, coriander, basil, lemon pepper, salt and pepper, egg, plain breadcrumbs, red potatoes, milk, butter, paprika",do,27,"['t,file,s,f,l,d,filet,e,o']"
116418,potato encrusted stuffed tilapia,"tilapia fillet, coconut juice, unsalted butter, extra virgin olive oil, celery, onion, carrot, garlic, frozen chopped spinach, white wine, fresh lemon juice, shrimp, coriander, basil, lemon pepper, salt and pepper, egg, plain breadcrumbs, red potatoes, milk, butter, paprika",sprinkle,28,"['paprika,t,s,p,in,l,e']"
116418,potato encrusted stuffed tilapia,"tilapia fillet, coconut juice, unsalted butter, extra virgin olive oil, celery, onion, carrot, garlic, frozen chopped spinach, white wine, fresh lemon juice, shrimp, coriander, basil, lemon pepper, salt and pepper, egg, plain breadcrumbs, red potatoes, milk, butter, paprika",bake,29,"['brown,pot,t,min,potato,s,p,in,f,-,l,light,b,nt,e,nut,o,y']"
