Id,Name,AllIngredients,Verbs,Steps,Ingredient
116488,zuppa di pesce  cioppino  or fish stew,"olive oil, onions, garlic cloves, anchovies, celery, fennel, carrots, potato, shiitake mushrooms, white wine, fresh parsley, dried basil, dried oregano, coriander seed, bay leaf, kale, diced tomatoes, worcestershire sauce, lemon, zest of, saffron, salt, black pepper, shrimp stock, tilapia fillets, shrimp, scallops, seafood, baby clams, red pepper flakes",add,1,"['oil,water,pot,shrimp,t,c,boil,min,s,p,in,hr,ad,l,shells,d,b,e,ring,nut,o,g,rim,r,n']"
116488,zuppa di pesce  cioppino  or fish stew,"olive oil, onions, garlic cloves, anchovies, celery, fennel, carrots, potato, shiitake mushrooms, white wine, fresh parsley, dried basil, dried oregano, coriander seed, bay leaf, kale, diced tomatoes, worcestershire sauce, lemon, zest of, saffron, salt, black pepper, shrimp stock, tilapia fillets, shrimp, scallops, seafood, baby clams, red pepper flakes",add,2,"['garlic,oil,carrots,onion,mushrooms,celery,mushroom,carrot,room,ancho,pot,potatoes,t,c,min,heat,fennel,potato,s,p,in,shrooms,f,au,mu,hr,ad,l,d,b,nt,e,nut,o,y,g,ts,v,r,n,anchovies']"
116488,zuppa di pesce  cioppino  or fish stew,"olive oil, onions, garlic cloves, anchovies, celery, fennel, carrots, potato, shiitake mushrooms, white wine, fresh parsley, dried basil, dried oregano, coriander seed, bay leaf, kale, diced tomatoes, worcestershire sauce, lemon, zest of, saffron, salt, black pepper, shrimp stock, tilapia fillets, shrimp, scallops, seafood, baby clams, red pepper flakes",add,3,"['wine,cook,t,c,cooking,min,herbs,s,in,f,re,ad,red,d,b,e,nut,o,herb,g,r,n']"
116488,zuppa di pesce  cioppino  or fish stew,"olive oil, onions, garlic cloves, anchovies, celery, fennel, carrots, potato, shiitake mushrooms, white wine, fresh parsley, dried basil, dried oregano, coriander seed, bay leaf, kale, diced tomatoes, worcestershire sauce, lemon, zest of, saffron, salt, black pepper, shrimp stock, tilapia fillets, shrimp, scallops, seafood, baby clams, red pepper flakes",add,4,"['sauce,pepper,salt,tomatoes,tomato,worcestershire,zest,lemon,saffron,t,kale,c,s,p,can,f,au,worcester,re,ad,l,d,b,e,ale,o,tomatoe,r,n']"
116488,zuppa di pesce  cioppino  or fish stew,"olive oil, onions, garlic cloves, anchovies, celery, fennel, carrots, potato, shiitake mushrooms, white wine, fresh parsley, dried basil, dried oregano, coriander seed, bay leaf, kale, diced tomatoes, worcestershire sauce, lemon, zest of, saffron, salt, black pepper, shrimp stock, tilapia fillets, shrimp, scallops, seafood, baby clams, red pepper flakes",add,6,"['pot,t,min,s,p,in,ad,d,e,ring,nut,o,g,r,n']"
116488,zuppa di pesce  cioppino  or fish stew,"olive oil, onions, garlic cloves, anchovies, celery, fennel, carrots, potato, shiitake mushrooms, white wine, fresh parsley, dried basil, dried oregano, coriander seed, bay leaf, kale, diced tomatoes, worcestershire sauce, lemon, zest of, saffron, salt, black pepper, shrimp stock, tilapia fillets, shrimp, scallops, seafood, baby clams, red pepper flakes",add,7,"['flakes,t,min,fish,s,p,in,f,-,re,ad,red,l,flake,d,nt,e,nut,o,g,ts,part,r,n']"
116488,zuppa di pesce  cioppino  or fish stew,"olive oil, onions, garlic cloves, anchovies, celery, fennel, carrots, potato, shiitake mushrooms, white wine, fresh parsley, dried basil, dried oregano, coriander seed, bay leaf, kale, diced tomatoes, worcestershire sauce, lemon, zest of, saffron, salt, black pepper, shrimp stock, tilapia fillets, shrimp, scallops, seafood, baby clams, red pepper flakes",bring,1,"['oil,water,pot,shrimp,t,c,boil,min,s,p,in,hr,ad,l,shells,d,b,e,ring,nut,o,g,rim,r,n']"
116488,zuppa di pesce  cioppino  or fish stew,"olive oil, onions, garlic cloves, anchovies, celery, fennel, carrots, potato, shiitake mushrooms, white wine, fresh parsley, dried basil, dried oregano, coriander seed, bay leaf, kale, diced tomatoes, worcestershire sauce, lemon, zest of, saffron, salt, black pepper, shrimp stock, tilapia fillets, shrimp, scallops, seafood, baby clams, red pepper flakes",boil,1,"['oil,water,pot,shrimp,t,c,boil,min,s,p,in,hr,ad,l,shells,d,b,e,ring,nut,o,g,rim,r,n']"
116488,zuppa di pesce  cioppino  or fish stew,"olive oil, onions, garlic cloves, anchovies, celery, fennel, carrots, potato, shiitake mushrooms, white wine, fresh parsley, dried basil, dried oregano, coriander seed, bay leaf, kale, diced tomatoes, worcestershire sauce, lemon, zest of, saffron, salt, black pepper, shrimp stock, tilapia fillets, shrimp, scallops, seafood, baby clams, red pepper flakes",simmer,1,"['oil,water,pot,shrimp,t,c,boil,min,s,p,in,hr,ad,l,shells,d,b,e,ring,nut,o,g,rim,r,n']"
116488,zuppa di pesce  cioppino  or fish stew,"olive oil, onions, garlic cloves, anchovies, celery, fennel, carrots, potato, shiitake mushrooms, white wine, fresh parsley, dried basil, dried oregano, coriander seed, bay leaf, kale, diced tomatoes, worcestershire sauce, lemon, zest of, saffron, salt, black pepper, shrimp stock, tilapia fillets, shrimp, scallops, seafood, baby clams, red pepper flakes",simmer,7,"['flakes,t,min,fish,s,p,in,f,-,re,ad,red,l,flake,d,nt,e,nut,o,g,ts,part,r,n']"
116488,zuppa di pesce  cioppino  or fish stew,"olive oil, onions, garlic cloves, anchovies, celery, fennel, carrots, potato, shiitake mushrooms, white wine, fresh parsley, dried basil, dried oregano, coriander seed, bay leaf, kale, diced tomatoes, worcestershire sauce, lemon, zest of, saffron, salt, black pepper, shrimp stock, tilapia fillets, shrimp, scallops, seafood, baby clams, red pepper flakes",saut,2,"['garlic,oil,carrots,onion,mushrooms,celery,mushroom,carrot,room,ancho,pot,potatoes,t,c,min,heat,fennel,potato,s,p,in,shrooms,f,au,mu,hr,ad,l,d,b,nt,e,nut,o,y,g,ts,v,r,n,anchovies']"
116488,zuppa di pesce  cioppino  or fish stew,"olive oil, onions, garlic cloves, anchovies, celery, fennel, carrots, potato, shiitake mushrooms, white wine, fresh parsley, dried basil, dried oregano, coriander seed, bay leaf, kale, diced tomatoes, worcestershire sauce, lemon, zest of, saffron, salt, black pepper, shrimp stock, tilapia fillets, shrimp, scallops, seafood, baby clams, red pepper flakes",reduce,3,"['wine,cook,t,c,cooking,min,herbs,s,in,f,re,ad,red,d,b,e,nut,o,herb,g,r,n']"
116488,zuppa di pesce  cioppino  or fish stew,"olive oil, onions, garlic cloves, anchovies, celery, fennel, carrots, potato, shiitake mushrooms, white wine, fresh parsley, dried basil, dried oregano, coriander seed, bay leaf, kale, diced tomatoes, worcestershire sauce, lemon, zest of, saffron, salt, black pepper, shrimp stock, tilapia fillets, shrimp, scallops, seafood, baby clams, red pepper flakes",cooking,3,"['wine,cook,t,c,cooking,min,herbs,s,in,f,re,ad,red,d,b,e,nut,o,herb,g,r,n']"
116488,zuppa di pesce  cioppino  or fish stew,"olive oil, onions, garlic cloves, anchovies, celery, fennel, carrots, potato, shiitake mushrooms, white wine, fresh parsley, dried basil, dried oregano, coriander seed, bay leaf, kale, diced tomatoes, worcestershire sauce, lemon, zest of, saffron, salt, black pepper, shrimp stock, tilapia fillets, shrimp, scallops, seafood, baby clams, red pepper flakes",strain,5,"['water,stock,shrimp,t,c,s,p,in,f,hr,ad,l,shells,d,e,o,g,rim,r,n']"
116488,zuppa di pesce  cioppino  or fish stew,"olive oil, onions, garlic cloves, anchovies, celery, fennel, carrots, potato, shiitake mushrooms, white wine, fresh parsley, dried basil, dried oregano, coriander seed, bay leaf, kale, diced tomatoes, worcestershire sauce, lemon, zest of, saffron, salt, black pepper, shrimp stock, tilapia fillets, shrimp, scallops, seafood, baby clams, red pepper flakes",adding,5,"['water,stock,shrimp,t,c,s,p,in,f,hr,ad,l,shells,d,e,o,g,rim,r,n']"
116488,zuppa di pesce  cioppino  or fish stew,"olive oil, onions, garlic cloves, anchovies, celery, fennel, carrots, potato, shiitake mushrooms, white wine, fresh parsley, dried basil, dried oregano, coriander seed, bay leaf, kale, diced tomatoes, worcestershire sauce, lemon, zest of, saffron, salt, black pepper, shrimp stock, tilapia fillets, shrimp, scallops, seafood, baby clams, red pepper flakes",adding,8,"['pepper,salt,season,seasoning,sea,t,c,s,p,in,de,f,re,ad,l,d,e,o,g,r,n']"
116488,zuppa di pesce  cioppino  or fish stew,"olive oil, onions, garlic cloves, anchovies, celery, fennel, carrots, potato, shiitake mushrooms, white wine, fresh parsley, dried basil, dried oregano, coriander seed, bay leaf, kale, diced tomatoes, worcestershire sauce, lemon, zest of, saffron, salt, black pepper, shrimp stock, tilapia fillets, shrimp, scallops, seafood, baby clams, red pepper flakes",make,5,"['water,stock,shrimp,t,c,s,p,in,f,hr,ad,l,shells,d,e,o,g,rim,r,n']"
116488,zuppa di pesce  cioppino  or fish stew,"olive oil, onions, garlic cloves, anchovies, celery, fennel, carrots, potato, shiitake mushrooms, white wine, fresh parsley, dried basil, dried oregano, coriander seed, bay leaf, kale, diced tomatoes, worcestershire sauce, lemon, zest of, saffron, salt, black pepper, shrimp stock, tilapia fillets, shrimp, scallops, seafood, baby clams, red pepper flakes",simmering,6,"['pot,t,min,s,p,in,ad,d,e,ring,nut,o,g,r,n']"
116488,zuppa di pesce  cioppino  or fish stew,"olive oil, onions, garlic cloves, anchovies, celery, fennel, carrots, potato, shiitake mushrooms, white wine, fresh parsley, dried basil, dried oregano, coriander seed, bay leaf, kale, diced tomatoes, worcestershire sauce, lemon, zest of, saffron, salt, black pepper, shrimp stock, tilapia fillets, shrimp, scallops, seafood, baby clams, red pepper flakes",check,8,"['pepper,salt,season,seasoning,sea,t,c,s,p,in,de,f,re,ad,l,d,e,o,g,r,n']"
116488,zuppa di pesce  cioppino  or fish stew,"olive oil, onions, garlic cloves, anchovies, celery, fennel, carrots, potato, shiitake mushrooms, white wine, fresh parsley, dried basil, dried oregano, coriander seed, bay leaf, kale, diced tomatoes, worcestershire sauce, lemon, zest of, saffron, salt, black pepper, shrimp stock, tilapia fillets, shrimp, scallops, seafood, baby clams, red pepper flakes",seasoning,8,"['pepper,salt,season,seasoning,sea,t,c,s,p,in,de,f,re,ad,l,d,e,o,g,r,n']"
116488,zuppa di pesce  cioppino  or fish stew,"olive oil, onions, garlic cloves, anchovies, celery, fennel, carrots, potato, shiitake mushrooms, white wine, fresh parsley, dried basil, dried oregano, coriander seed, bay leaf, kale, diced tomatoes, worcestershire sauce, lemon, zest of, saffron, salt, black pepper, shrimp stock, tilapia fillets, shrimp, scallops, seafood, baby clams, red pepper flakes",needed,8,"['pepper,salt,season,seasoning,sea,t,c,s,p,in,de,f,re,ad,l,d,e,o,g,r,n']"
116488,zuppa di pesce  cioppino  or fish stew,"olive oil, onions, garlic cloves, anchovies, celery, fennel, carrots, potato, shiitake mushrooms, white wine, fresh parsley, dried basil, dried oregano, coriander seed, bay leaf, kale, diced tomatoes, worcestershire sauce, lemon, zest of, saffron, salt, black pepper, shrimp stock, tilapia fillets, shrimp, scallops, seafood, baby clams, red pepper flakes",garnish,9,"['pepper,parsley,flakes,t,c,s,p,f,re,l,flake,d,e,y,g,parsle,r,n']"
116488,zuppa di pesce  cioppino  or fish stew,"olive oil, onions, garlic cloves, anchovies, celery, fennel, carrots, potato, shiitake mushrooms, white wine, fresh parsley, dried basil, dried oregano, coriander seed, bay leaf, kale, diced tomatoes, worcestershire sauce, lemon, zest of, saffron, salt, black pepper, shrimp stock, tilapia fillets, shrimp, scallops, seafood, baby clams, red pepper flakes",crushed,9,"['pepper,parsley,flakes,t,c,s,p,f,re,l,flake,d,e,y,g,parsle,r,n']"
