Id,Name,AllIngredients,Verbs,Steps,Ingredient
117076,alexander s orzo and wild rice salad,"balsamic vinegar, lemon juice, fresh garlic, french dijon mustard, sugar, canola oil, extra virgin olive oil, fresh basil, salt, pepper, orzo pasta, cooked wild rice, red onion, currants, canned corn niblet, toasted almond, parsley, red peppers, yellow peppers, green onion, garlic granules",dressing,1,"['garlic,sugar,juice,vinegar,lemon,t,c']"
117076,alexander s orzo and wild rice salad,"balsamic vinegar, lemon juice, fresh garlic, french dijon mustard, sugar, canola oil, extra virgin olive oil, fresh basil, salt, pepper, orzo pasta, cooked wild rice, red onion, currants, canned corn niblet, toasted almond, parsley, red peppers, yellow peppers, green onion, garlic granules",dressing,5,"['salad,c']"
117076,alexander s orzo and wild rice salad,"balsamic vinegar, lemon juice, fresh garlic, french dijon mustard, sugar, canola oil, extra virgin olive oil, fresh basil, salt, pepper, orzo pasta, cooked wild rice, red onion, currants, canned corn niblet, toasted almond, parsley, red peppers, yellow peppers, green onion, garlic granules",dissolve,1,"['garlic,sugar,juice,vinegar,lemon,t,c']"
117076,alexander s orzo and wild rice salad,"balsamic vinegar, lemon juice, fresh garlic, french dijon mustard, sugar, canola oil, extra virgin olive oil, fresh basil, salt, pepper, orzo pasta, cooked wild rice, red onion, currants, canned corn niblet, toasted almond, parsley, red peppers, yellow peppers, green onion, garlic granules",fold,2,"['pepper,salt,mustard,basil,t']"
117076,alexander s orzo and wild rice salad,"balsamic vinegar, lemon juice, fresh garlic, french dijon mustard, sugar, canola oil, extra virgin olive oil, fresh basil, salt, pepper, orzo pasta, cooked wild rice, red onion, currants, canned corn niblet, toasted almond, parsley, red peppers, yellow peppers, green onion, garlic granules",add,3,['oil']
117076,alexander s orzo and wild rice salad,"balsamic vinegar, lemon juice, fresh garlic, french dijon mustard, sugar, canola oil, extra virgin olive oil, fresh basil, salt, pepper, orzo pasta, cooked wild rice, red onion, currants, canned corn niblet, toasted almond, parsley, red peppers, yellow peppers, green onion, garlic granules",whisking,3,['oil']
117076,alexander s orzo and wild rice salad,"balsamic vinegar, lemon juice, fresh garlic, french dijon mustard, sugar, canola oil, extra virgin olive oil, fresh basil, salt, pepper, orzo pasta, cooked wild rice, red onion, currants, canned corn niblet, toasted almond, parsley, red peppers, yellow peppers, green onion, garlic granules",refrigerate,4,['t']
117076,alexander s orzo and wild rice salad,"balsamic vinegar, lemon juice, fresh garlic, french dijon mustard, sugar, canola oil, extra virgin olive oil, fresh basil, salt, pepper, orzo pasta, cooked wild rice, red onion, currants, canned corn niblet, toasted almond, parsley, red peppers, yellow peppers, green onion, garlic granules",use,5,"['salad,c']"
117076,alexander s orzo and wild rice salad,"balsamic vinegar, lemon juice, fresh garlic, french dijon mustard, sugar, canola oil, extra virgin olive oil, fresh basil, salt, pepper, orzo pasta, cooked wild rice, red onion, currants, canned corn niblet, toasted almond, parsley, red peppers, yellow peppers, green onion, garlic granules",place,6,"['t,c']"
117076,alexander s orzo and wild rice salad,"balsamic vinegar, lemon juice, fresh garlic, french dijon mustard, sugar, canola oil, extra virgin olive oil, fresh basil, salt, pepper, orzo pasta, cooked wild rice, red onion, currants, canned corn niblet, toasted almond, parsley, red peppers, yellow peppers, green onion, garlic granules",mixing,6,"['t,c']"
117076,alexander s orzo and wild rice salad,"balsamic vinegar, lemon juice, fresh garlic, french dijon mustard, sugar, canola oil, extra virgin olive oil, fresh basil, salt, pepper, orzo pasta, cooked wild rice, red onion, currants, canned corn niblet, toasted almond, parsley, red peppers, yellow peppers, green onion, garlic granules",mix,6,"['t,c']"
117076,alexander s orzo and wild rice salad,"balsamic vinegar, lemon juice, fresh garlic, french dijon mustard, sugar, canola oil, extra virgin olive oil, fresh basil, salt, pepper, orzo pasta, cooked wild rice, red onion, currants, canned corn niblet, toasted almond, parsley, red peppers, yellow peppers, green onion, garlic granules",serve,7,"['t,c,ice']"
117076,alexander s orzo and wild rice salad,"balsamic vinegar, lemon juice, fresh garlic, french dijon mustard, sugar, canola oil, extra virgin olive oil, fresh basil, salt, pepper, orzo pasta, cooked wild rice, red onion, currants, canned corn niblet, toasted almond, parsley, red peppers, yellow peppers, green onion, garlic granules",mixed,7,"['t,c,ice']"
117076,alexander s orzo and wild rice salad,"balsamic vinegar, lemon juice, fresh garlic, french dijon mustard, sugar, canola oil, extra virgin olive oil, fresh basil, salt, pepper, orzo pasta, cooked wild rice, red onion, currants, canned corn niblet, toasted almond, parsley, red peppers, yellow peppers, green onion, garlic granules",is,7,"['t,c,ice']"
