Id,Name,AllIngredients,Verbs,Steps,Ingredient
117193,chinese napa cabbage salad with grilled flank steak,"sesame oil, soy sauce, teriyaki sauce, limes, juice of, ginger powder, salt, ground pepper, flank steak, canola oil, rice wine vinegar, lime juice, sugar, fish sauce, crushed red pepper flakes, rice vermicelli, napa cabbage, cucumber, red bell pepper, scallions, toasted sesame seeds, fresh cilantro",marinate,1,{}
117193,chinese napa cabbage salad with grilled flank steak,"sesame oil, soy sauce, teriyaki sauce, limes, juice of, ginger powder, salt, ground pepper, flank steak, canola oil, rice wine vinegar, lime juice, sugar, fish sauce, crushed red pepper flakes, rice vermicelli, napa cabbage, cucumber, red bell pepper, scallions, toasted sesame seeds, fresh cilantro",refrigerate,1,"['t,c,steak,s,p,in,f,flank,bag']"
117193,chinese napa cabbage salad with grilled flank steak,"sesame oil, soy sauce, teriyaki sauce, limes, juice of, ginger powder, salt, ground pepper, flank steak, canola oil, rice wine vinegar, lime juice, sugar, fish sauce, crushed red pepper flakes, rice vermicelli, napa cabbage, cucumber, red bell pepper, scallions, toasted sesame seeds, fresh cilantro",refrigerate,2,"['t,dressing,blend,s,p,end,in,de,f']"
117193,chinese napa cabbage salad with grilled flank steak,"sesame oil, soy sauce, teriyaki sauce, limes, juice of, ginger powder, salt, ground pepper, flank steak, canola oil, rice wine vinegar, lime juice, sugar, fish sauce, crushed red pepper flakes, rice vermicelli, napa cabbage, cucumber, red bell pepper, scallions, toasted sesame seeds, fresh cilantro",refrigerate,10,"sesame oil, soy sauce, teriyaki sauce, limes, juice of, ginger powder, salt, ground pepper, flank steak, canola oil, rice wine vinegar, lime juice, sugar, fish sauce, crushed red pepper flakes, rice vermicelli, napa cabbage, cucumber, red bell pepper, scallions, toasted sesame seeds, fresh cilantro"
117193,chinese napa cabbage salad with grilled flank steak,"sesame oil, soy sauce, teriyaki sauce, limes, juice of, ginger powder, salt, ground pepper, flank steak, canola oil, rice wine vinegar, lime juice, sugar, fish sauce, crushed red pepper flakes, rice vermicelli, napa cabbage, cucumber, red bell pepper, scallions, toasted sesame seeds, fresh cilantro",prepare,2,"['t,dressing,blend,s,p,end,in,de,f']"
117193,chinese napa cabbage salad with grilled flank steak,"sesame oil, soy sauce, teriyaki sauce, limes, juice of, ginger powder, salt, ground pepper, flank steak, canola oil, rice wine vinegar, lime juice, sugar, fish sauce, crushed red pepper flakes, rice vermicelli, napa cabbage, cucumber, red bell pepper, scallions, toasted sesame seeds, fresh cilantro",toast,3,"['brown,sesame,seed,t,seeds,s,in']"
117193,chinese napa cabbage salad with grilled flank steak,"sesame oil, soy sauce, teriyaki sauce, limes, juice of, ginger powder, salt, ground pepper, flank steak, canola oil, rice wine vinegar, lime juice, sugar, fish sauce, crushed red pepper flakes, rice vermicelli, napa cabbage, cucumber, red bell pepper, scallions, toasted sesame seeds, fresh cilantro",grill,4,"['t,c,min,heat,steak,s,in,de,f,-,flank']"
117193,chinese napa cabbage salad with grilled flank steak,"sesame oil, soy sauce, teriyaki sauce, limes, juice of, ginger powder, salt, ground pepper, flank steak, canola oil, rice wine vinegar, lime juice, sugar, fish sauce, crushed red pepper flakes, rice vermicelli, napa cabbage, cucumber, red bell pepper, scallions, toasted sesame seeds, fresh cilantro",discarding,4,"['t,c,min,heat,steak,s,in,de,f,-,flank']"
117193,chinese napa cabbage salad with grilled flank steak,"sesame oil, soy sauce, teriyaki sauce, limes, juice of, ginger powder, salt, ground pepper, flank steak, canola oil, rice wine vinegar, lime juice, sugar, fish sauce, crushed red pepper flakes, rice vermicelli, napa cabbage, cucumber, red bell pepper, scallions, toasted sesame seeds, fresh cilantro",be,5,"['cook,t,c,cooking,dressing,steak,s,in,medium,f,flank']"
117193,chinese napa cabbage salad with grilled flank steak,"sesame oil, soy sauce, teriyaki sauce, limes, juice of, ginger powder, salt, ground pepper, flank steak, canola oil, rice wine vinegar, lime juice, sugar, fish sauce, crushed red pepper flakes, rice vermicelli, napa cabbage, cucumber, red bell pepper, scallions, toasted sesame seeds, fresh cilantro",finish,5,"['cook,t,c,cooking,dressing,steak,s,in,medium,f,flank']"
117193,chinese napa cabbage salad with grilled flank steak,"sesame oil, soy sauce, teriyaki sauce, limes, juice of, ginger powder, salt, ground pepper, flank steak, canola oil, rice wine vinegar, lime juice, sugar, fish sauce, crushed red pepper flakes, rice vermicelli, napa cabbage, cucumber, red bell pepper, scallions, toasted sesame seeds, fresh cilantro",cooking,5,"['cook,t,c,cooking,dressing,steak,s,in,medium,f,flank']"
117193,chinese napa cabbage salad with grilled flank steak,"sesame oil, soy sauce, teriyaki sauce, limes, juice of, ginger powder, salt, ground pepper, flank steak, canola oil, rice wine vinegar, lime juice, sugar, fish sauce, crushed red pepper flakes, rice vermicelli, napa cabbage, cucumber, red bell pepper, scallions, toasted sesame seeds, fresh cilantro",place,6,"['t,c,min,steak,s,p,in,f']"
117193,chinese napa cabbage salad with grilled flank steak,"sesame oil, soy sauce, teriyaki sauce, limes, juice of, ginger powder, salt, ground pepper, flank steak, canola oil, rice wine vinegar, lime juice, sugar, fish sauce, crushed red pepper flakes, rice vermicelli, napa cabbage, cucumber, red bell pepper, scallions, toasted sesame seeds, fresh cilantro",let,6,"['t,c,min,steak,s,p,in,f']"
117193,chinese napa cabbage salad with grilled flank steak,"sesame oil, soy sauce, teriyaki sauce, limes, juice of, ginger powder, salt, ground pepper, flank steak, canola oil, rice wine vinegar, lime juice, sugar, fish sauce, crushed red pepper flakes, rice vermicelli, napa cabbage, cucumber, red bell pepper, scallions, toasted sesame seeds, fresh cilantro",rest,6,"['t,c,min,steak,s,p,in,f']"
117193,chinese napa cabbage salad with grilled flank steak,"sesame oil, soy sauce, teriyaki sauce, limes, juice of, ginger powder, salt, ground pepper, flank steak, canola oil, rice wine vinegar, lime juice, sugar, fish sauce, crushed red pepper flakes, rice vermicelli, napa cabbage, cucumber, red bell pepper, scallions, toasted sesame seeds, fresh cilantro",boil,7,"['salt,oil,water,t,c,ice,boil,s,p,in,vermicelli,age']"
117193,chinese napa cabbage salad with grilled flank steak,"sesame oil, soy sauce, teriyaki sauce, limes, juice of, ginger powder, salt, ground pepper, flank steak, canola oil, rice wine vinegar, lime juice, sugar, fish sauce, crushed red pepper flakes, rice vermicelli, napa cabbage, cucumber, red bell pepper, scallions, toasted sesame seeds, fresh cilantro",salted,7,"['salt,oil,water,t,c,ice,boil,s,p,in,vermicelli,age']"
117193,chinese napa cabbage salad with grilled flank steak,"sesame oil, soy sauce, teriyaki sauce, limes, juice of, ginger powder, salt, ground pepper, flank steak, canola oil, rice wine vinegar, lime juice, sugar, fish sauce, crushed red pepper flakes, rice vermicelli, napa cabbage, cucumber, red bell pepper, scallions, toasted sesame seeds, fresh cilantro",according,7,"['salt,oil,water,t,c,ice,boil,s,p,in,vermicelli,age']"
117193,chinese napa cabbage salad with grilled flank steak,"sesame oil, soy sauce, teriyaki sauce, limes, juice of, ginger powder, salt, ground pepper, flank steak, canola oil, rice wine vinegar, lime juice, sugar, fish sauce, crushed red pepper flakes, rice vermicelli, napa cabbage, cucumber, red bell pepper, scallions, toasted sesame seeds, fresh cilantro",rinse,8,"['water,pasta,t,c,s,p,in,past']"
117193,chinese napa cabbage salad with grilled flank steak,"sesame oil, soy sauce, teriyaki sauce, limes, juice of, ginger powder, salt, ground pepper, flank steak, canola oil, rice wine vinegar, lime juice, sugar, fish sauce, crushed red pepper flakes, rice vermicelli, napa cabbage, cucumber, red bell pepper, scallions, toasted sesame seeds, fresh cilantro",slice,9,"['t,c,ice,slice,steak,s,in,grain,f,flank']"
117193,chinese napa cabbage salad with grilled flank steak,"sesame oil, soy sauce, teriyaki sauce, limes, juice of, ginger powder, salt, ground pepper, flank steak, canola oil, rice wine vinegar, lime juice, sugar, fish sauce, crushed red pepper flakes, rice vermicelli, napa cabbage, cucumber, red bell pepper, scallions, toasted sesame seeds, fresh cilantro",toss,10,"sesame oil, soy sauce, teriyaki sauce, limes, juice of, ginger powder, salt, ground pepper, flank steak, canola oil, rice wine vinegar, lime juice, sugar, fish sauce, crushed red pepper flakes, rice vermicelli, napa cabbage, cucumber, red bell pepper, scallions, toasted sesame seeds, fresh cilantro"
117193,chinese napa cabbage salad with grilled flank steak,"sesame oil, soy sauce, teriyaki sauce, limes, juice of, ginger powder, salt, ground pepper, flank steak, canola oil, rice wine vinegar, lime juice, sugar, fish sauce, crushed red pepper flakes, rice vermicelli, napa cabbage, cucumber, red bell pepper, scallions, toasted sesame seeds, fresh cilantro",serve,10,"sesame oil, soy sauce, teriyaki sauce, limes, juice of, ginger powder, salt, ground pepper, flank steak, canola oil, rice wine vinegar, lime juice, sugar, fish sauce, crushed red pepper flakes, rice vermicelli, napa cabbage, cucumber, red bell pepper, scallions, toasted sesame seeds, fresh cilantro"
