Id,Name,AllIngredients,Verbs,Steps,Ingredient
121582,california pizza kitchens bbq chicken  salad,"vegetable oil, corn tortillas, dry mustard, cold water, mayonnaise, buttermilk, sour cream, apple cider vinegar, scallion top, garlic, fresh italian parsley, worcestershire sauce, fresh dill, dried oregano, fresh ground black pepper, fresh basil, olive oil, soy sauce, salt, boneless skinless chicken breasts, barbecue sauce, iceberg lettuce, romaine lettuce leaf, basil leaves, jicama, monterey jack cheese, canned black beans, white corn kernels, fresh cilantro, tomatoes",make,1,"['oil,vegetable,pan,tortilla,t,table,c,heat,s,p,in']"
121582,california pizza kitchens bbq chicken  salad,"vegetable oil, corn tortillas, dry mustard, cold water, mayonnaise, buttermilk, sour cream, apple cider vinegar, scallion top, garlic, fresh italian parsley, worcestershire sauce, fresh dill, dried oregano, fresh ground black pepper, fresh basil, olive oil, soy sauce, salt, boneless skinless chicken breasts, barbecue sauce, iceberg lettuce, romaine lettuce leaf, basil leaves, jicama, monterey jack cheese, canned black beans, white corn kernels, fresh cilantro, tomatoes",make,6,"['water,mustard,paste,t,c,min,star,dressing,ranch,mix,s,p,must,in']"
121582,california pizza kitchens bbq chicken  salad,"vegetable oil, corn tortillas, dry mustard, cold water, mayonnaise, buttermilk, sour cream, apple cider vinegar, scallion top, garlic, fresh italian parsley, worcestershire sauce, fresh dill, dried oregano, fresh ground black pepper, fresh basil, olive oil, soy sauce, salt, boneless skinless chicken breasts, barbecue sauce, iceberg lettuce, romaine lettuce leaf, basil leaves, jicama, monterey jack cheese, canned black beans, white corn kernels, fresh cilantro, tomatoes",make,10,"['garlic,oil,chicken,t,c,heat,s,p']"
121582,california pizza kitchens bbq chicken  salad,"vegetable oil, corn tortillas, dry mustard, cold water, mayonnaise, buttermilk, sour cream, apple cider vinegar, scallion top, garlic, fresh italian parsley, worcestershire sauce, fresh dill, dried oregano, fresh ground black pepper, fresh basil, olive oil, soy sauce, salt, boneless skinless chicken breasts, barbecue sauce, iceberg lettuce, romaine lettuce leaf, basil leaves, jicama, monterey jack cheese, canned black beans, white corn kernels, fresh cilantro, tomatoes",make,17,"['cilantro,cheese,beans,bean,corn,basil,tortilla,lettuce,t,salad,c,jicama,monterey,jack,dressing,mix,half,s,p,in']"
121582,california pizza kitchens bbq chicken  salad,"vegetable oil, corn tortillas, dry mustard, cold water, mayonnaise, buttermilk, sour cream, apple cider vinegar, scallion top, garlic, fresh italian parsley, worcestershire sauce, fresh dill, dried oregano, fresh ground black pepper, fresh basil, olive oil, soy sauce, salt, boneless skinless chicken breasts, barbecue sauce, iceberg lettuce, romaine lettuce leaf, basil leaves, jicama, monterey jack cheese, canned black beans, white corn kernels, fresh cilantro, tomatoes",fried,1,"['oil,vegetable,pan,tortilla,t,table,c,heat,s,p,in']"
121582,california pizza kitchens bbq chicken  salad,"vegetable oil, corn tortillas, dry mustard, cold water, mayonnaise, buttermilk, sour cream, apple cider vinegar, scallion top, garlic, fresh italian parsley, worcestershire sauce, fresh dill, dried oregano, fresh ground black pepper, fresh basil, olive oil, soy sauce, salt, boneless skinless chicken breasts, barbecue sauce, iceberg lettuce, romaine lettuce leaf, basil leaves, jicama, monterey jack cheese, canned black beans, white corn kernels, fresh cilantro, tomatoes",fried,19,"['tomatoes,tomato,tortilla,t,salad,c,ice,s,p,in,round']"
121582,california pizza kitchens bbq chicken  salad,"vegetable oil, corn tortillas, dry mustard, cold water, mayonnaise, buttermilk, sour cream, apple cider vinegar, scallion top, garlic, fresh italian parsley, worcestershire sauce, fresh dill, dried oregano, fresh ground black pepper, fresh basil, olive oil, soy sauce, salt, boneless skinless chicken breasts, barbecue sauce, iceberg lettuce, romaine lettuce leaf, basil leaves, jicama, monterey jack cheese, canned black beans, white corn kernels, fresh cilantro, tomatoes",heat,1,"['oil,vegetable,pan,tortilla,t,table,c,heat,s,p,in']"
121582,california pizza kitchens bbq chicken  salad,"vegetable oil, corn tortillas, dry mustard, cold water, mayonnaise, buttermilk, sour cream, apple cider vinegar, scallion top, garlic, fresh italian parsley, worcestershire sauce, fresh dill, dried oregano, fresh ground black pepper, fresh basil, olive oil, soy sauce, salt, boneless skinless chicken breasts, barbecue sauce, iceberg lettuce, romaine lettuce leaf, basil leaves, jicama, monterey jack cheese, canned black beans, white corn kernels, fresh cilantro, tomatoes",working,2,"['oil,tortilla,t,c,s,p,in']"
121582,california pizza kitchens bbq chicken  salad,"vegetable oil, corn tortillas, dry mustard, cold water, mayonnaise, buttermilk, sour cream, apple cider vinegar, scallion top, garlic, fresh italian parsley, worcestershire sauce, fresh dill, dried oregano, fresh ground black pepper, fresh basil, olive oil, soy sauce, salt, boneless skinless chicken breasts, barbecue sauce, iceberg lettuce, romaine lettuce leaf, basil leaves, jicama, monterey jack cheese, canned black beans, white corn kernels, fresh cilantro, tomatoes",prevent,2,"['oil,tortilla,t,c,s,p,in']"
121582,california pizza kitchens bbq chicken  salad,"vegetable oil, corn tortillas, dry mustard, cold water, mayonnaise, buttermilk, sour cream, apple cider vinegar, scallion top, garlic, fresh italian parsley, worcestershire sauce, fresh dill, dried oregano, fresh ground black pepper, fresh basil, olive oil, soy sauce, salt, boneless skinless chicken breasts, barbecue sauce, iceberg lettuce, romaine lettuce leaf, basil leaves, jicama, monterey jack cheese, canned black beans, white corn kernels, fresh cilantro, tomatoes",add,2,"['oil,tortilla,t,c,s,p,in']"
121582,california pizza kitchens bbq chicken  salad,"vegetable oil, corn tortillas, dry mustard, cold water, mayonnaise, buttermilk, sour cream, apple cider vinegar, scallion top, garlic, fresh italian parsley, worcestershire sauce, fresh dill, dried oregano, fresh ground black pepper, fresh basil, olive oil, soy sauce, salt, boneless skinless chicken breasts, barbecue sauce, iceberg lettuce, romaine lettuce leaf, basil leaves, jicama, monterey jack cheese, canned black beans, white corn kernels, fresh cilantro, tomatoes",add,8,"['t,c,dressing,mix,blend,s,p,end,in']"
121582,california pizza kitchens bbq chicken  salad,"vegetable oil, corn tortillas, dry mustard, cold water, mayonnaise, buttermilk, sour cream, apple cider vinegar, scallion top, garlic, fresh italian parsley, worcestershire sauce, fresh dill, dried oregano, fresh ground black pepper, fresh basil, olive oil, soy sauce, salt, boneless skinless chicken breasts, barbecue sauce, iceberg lettuce, romaine lettuce leaf, basil leaves, jicama, monterey jack cheese, canned black beans, white corn kernels, fresh cilantro, tomatoes",submerging,2,"['oil,tortilla,t,c,s,p,in']"
121582,california pizza kitchens bbq chicken  salad,"vegetable oil, corn tortillas, dry mustard, cold water, mayonnaise, buttermilk, sour cream, apple cider vinegar, scallion top, garlic, fresh italian parsley, worcestershire sauce, fresh dill, dried oregano, fresh ground black pepper, fresh basil, olive oil, soy sauce, salt, boneless skinless chicken breasts, barbecue sauce, iceberg lettuce, romaine lettuce leaf, basil leaves, jicama, monterey jack cheese, canned black beans, white corn kernels, fresh cilantro, tomatoes",fry,3,"['tortilla,t,min,s,p,in']"
121582,california pizza kitchens bbq chicken  salad,"vegetable oil, corn tortillas, dry mustard, cold water, mayonnaise, buttermilk, sour cream, apple cider vinegar, scallion top, garlic, fresh italian parsley, worcestershire sauce, fresh dill, dried oregano, fresh ground black pepper, fresh basil, olive oil, soy sauce, salt, boneless skinless chicken breasts, barbecue sauce, iceberg lettuce, romaine lettuce leaf, basil leaves, jicama, monterey jack cheese, canned black beans, white corn kernels, fresh cilantro, tomatoes",lift,4,"['t,c,s,p,in,paper']"
121582,california pizza kitchens bbq chicken  salad,"vegetable oil, corn tortillas, dry mustard, cold water, mayonnaise, buttermilk, sour cream, apple cider vinegar, scallion top, garlic, fresh italian parsley, worcestershire sauce, fresh dill, dried oregano, fresh ground black pepper, fresh basil, olive oil, soy sauce, salt, boneless skinless chicken breasts, barbecue sauce, iceberg lettuce, romaine lettuce leaf, basil leaves, jicama, monterey jack cheese, canned black beans, white corn kernels, fresh cilantro, tomatoes",transfer,4,"['t,c,s,p,in,paper']"
121582,california pizza kitchens bbq chicken  salad,"vegetable oil, corn tortillas, dry mustard, cold water, mayonnaise, buttermilk, sour cream, apple cider vinegar, scallion top, garlic, fresh italian parsley, worcestershire sauce, fresh dill, dried oregano, fresh ground black pepper, fresh basil, olive oil, soy sauce, salt, boneless skinless chicken breasts, barbecue sauce, iceberg lettuce, romaine lettuce leaf, basil leaves, jicama, monterey jack cheese, canned black beans, white corn kernels, fresh cilantro, tomatoes",transfer,18,"['t,salad,c,s,p,in,vin']"
121582,california pizza kitchens bbq chicken  salad,"vegetable oil, corn tortillas, dry mustard, cold water, mayonnaise, buttermilk, sour cream, apple cider vinegar, scallion top, garlic, fresh italian parsley, worcestershire sauce, fresh dill, dried oregano, fresh ground black pepper, fresh basil, olive oil, soy sauce, salt, boneless skinless chicken breasts, barbecue sauce, iceberg lettuce, romaine lettuce leaf, basil leaves, jicama, monterey jack cheese, canned black beans, white corn kernels, fresh cilantro, tomatoes",paper,4,"['t,c,s,p,in,paper']"
121582,california pizza kitchens bbq chicken  salad,"vegetable oil, corn tortillas, dry mustard, cold water, mayonnaise, buttermilk, sour cream, apple cider vinegar, scallion top, garlic, fresh italian parsley, worcestershire sauce, fresh dill, dried oregano, fresh ground black pepper, fresh basil, olive oil, soy sauce, salt, boneless skinless chicken breasts, barbecue sauce, iceberg lettuce, romaine lettuce leaf, basil leaves, jicama, monterey jack cheese, canned black beans, white corn kernels, fresh cilantro, tomatoes",drain,4,"['t,c,s,p,in,paper']"
121582,california pizza kitchens bbq chicken  salad,"vegetable oil, corn tortillas, dry mustard, cold water, mayonnaise, buttermilk, sour cream, apple cider vinegar, scallion top, garlic, fresh italian parsley, worcestershire sauce, fresh dill, dried oregano, fresh ground black pepper, fresh basil, olive oil, soy sauce, salt, boneless skinless chicken breasts, barbecue sauce, iceberg lettuce, romaine lettuce leaf, basil leaves, jicama, monterey jack cheese, canned black beans, white corn kernels, fresh cilantro, tomatoes",set,5,"['t,c,s']"
121582,california pizza kitchens bbq chicken  salad,"vegetable oil, corn tortillas, dry mustard, cold water, mayonnaise, buttermilk, sour cream, apple cider vinegar, scallion top, garlic, fresh italian parsley, worcestershire sauce, fresh dill, dried oregano, fresh ground black pepper, fresh basil, olive oil, soy sauce, salt, boneless skinless chicken breasts, barbecue sauce, iceberg lettuce, romaine lettuce leaf, basil leaves, jicama, monterey jack cheese, canned black beans, white corn kernels, fresh cilantro, tomatoes",set,7,"['t,min,s,in']"
121582,california pizza kitchens bbq chicken  salad,"vegetable oil, corn tortillas, dry mustard, cold water, mayonnaise, buttermilk, sour cream, apple cider vinegar, scallion top, garlic, fresh italian parsley, worcestershire sauce, fresh dill, dried oregano, fresh ground black pepper, fresh basil, olive oil, soy sauce, salt, boneless skinless chicken breasts, barbecue sauce, iceberg lettuce, romaine lettuce leaf, basil leaves, jicama, monterey jack cheese, canned black beans, white corn kernels, fresh cilantro, tomatoes",uncovered,5,"['t,c,s']"
121582,california pizza kitchens bbq chicken  salad,"vegetable oil, corn tortillas, dry mustard, cold water, mayonnaise, buttermilk, sour cream, apple cider vinegar, scallion top, garlic, fresh italian parsley, worcestershire sauce, fresh dill, dried oregano, fresh ground black pepper, fresh basil, olive oil, soy sauce, salt, boneless skinless chicken breasts, barbecue sauce, iceberg lettuce, romaine lettuce leaf, basil leaves, jicama, monterey jack cheese, canned black beans, white corn kernels, fresh cilantro, tomatoes",dressing,6,"['water,mustard,paste,t,c,min,star,dressing,ranch,mix,s,p,must,in']"
121582,california pizza kitchens bbq chicken  salad,"vegetable oil, corn tortillas, dry mustard, cold water, mayonnaise, buttermilk, sour cream, apple cider vinegar, scallion top, garlic, fresh italian parsley, worcestershire sauce, fresh dill, dried oregano, fresh ground black pepper, fresh basil, olive oil, soy sauce, salt, boneless skinless chicken breasts, barbecue sauce, iceberg lettuce, romaine lettuce leaf, basil leaves, jicama, monterey jack cheese, canned black beans, white corn kernels, fresh cilantro, tomatoes",dressing,8,"['t,c,dressing,mix,blend,s,p,end,in']"
121582,california pizza kitchens bbq chicken  salad,"vegetable oil, corn tortillas, dry mustard, cold water, mayonnaise, buttermilk, sour cream, apple cider vinegar, scallion top, garlic, fresh italian parsley, worcestershire sauce, fresh dill, dried oregano, fresh ground black pepper, fresh basil, olive oil, soy sauce, salt, boneless skinless chicken breasts, barbecue sauce, iceberg lettuce, romaine lettuce leaf, basil leaves, jicama, monterey jack cheese, canned black beans, white corn kernels, fresh cilantro, tomatoes",mixing,6,"['water,mustard,paste,t,c,min,star,dressing,ranch,mix,s,p,must,in']"
121582,california pizza kitchens bbq chicken  salad,"vegetable oil, corn tortillas, dry mustard, cold water, mayonnaise, buttermilk, sour cream, apple cider vinegar, scallion top, garlic, fresh italian parsley, worcestershire sauce, fresh dill, dried oregano, fresh ground black pepper, fresh basil, olive oil, soy sauce, salt, boneless skinless chicken breasts, barbecue sauce, iceberg lettuce, romaine lettuce leaf, basil leaves, jicama, monterey jack cheese, canned black beans, white corn kernels, fresh cilantro, tomatoes",mixing,11,"['soy,sauce,garlic,salt,oil,olive,t,c,mix,s,in']"
121582,california pizza kitchens bbq chicken  salad,"vegetable oil, corn tortillas, dry mustard, cold water, mayonnaise, buttermilk, sour cream, apple cider vinegar, scallion top, garlic, fresh italian parsley, worcestershire sauce, fresh dill, dried oregano, fresh ground black pepper, fresh basil, olive oil, soy sauce, salt, boneless skinless chicken breasts, barbecue sauce, iceberg lettuce, romaine lettuce leaf, basil leaves, jicama, monterey jack cheese, canned black beans, white corn kernels, fresh cilantro, tomatoes",mixing,17,"['cilantro,cheese,beans,bean,corn,basil,tortilla,lettuce,t,salad,c,jicama,monterey,jack,dressing,mix,half,s,p,in']"
121582,california pizza kitchens bbq chicken  salad,"vegetable oil, corn tortillas, dry mustard, cold water, mayonnaise, buttermilk, sour cream, apple cider vinegar, scallion top, garlic, fresh italian parsley, worcestershire sauce, fresh dill, dried oregano, fresh ground black pepper, fresh basil, olive oil, soy sauce, salt, boneless skinless chicken breasts, barbecue sauce, iceberg lettuce, romaine lettuce leaf, basil leaves, jicama, monterey jack cheese, canned black beans, white corn kernels, fresh cilantro, tomatoes",use,6,"['water,mustard,paste,t,c,min,star,dressing,ranch,mix,s,p,must,in']"
121582,california pizza kitchens bbq chicken  salad,"vegetable oil, corn tortillas, dry mustard, cold water, mayonnaise, buttermilk, sour cream, apple cider vinegar, scallion top, garlic, fresh italian parsley, worcestershire sauce, fresh dill, dried oregano, fresh ground black pepper, fresh basil, olive oil, soy sauce, salt, boneless skinless chicken breasts, barbecue sauce, iceberg lettuce, romaine lettuce leaf, basil leaves, jicama, monterey jack cheese, canned black beans, white corn kernels, fresh cilantro, tomatoes",stir,6,"['water,mustard,paste,t,c,min,star,dressing,ranch,mix,s,p,must,in']"
121582,california pizza kitchens bbq chicken  salad,"vegetable oil, corn tortillas, dry mustard, cold water, mayonnaise, buttermilk, sour cream, apple cider vinegar, scallion top, garlic, fresh italian parsley, worcestershire sauce, fresh dill, dried oregano, fresh ground black pepper, fresh basil, olive oil, soy sauce, salt, boneless skinless chicken breasts, barbecue sauce, iceberg lettuce, romaine lettuce leaf, basil leaves, jicama, monterey jack cheese, canned black beans, white corn kernels, fresh cilantro, tomatoes",stir,11,"['soy,sauce,garlic,salt,oil,olive,t,c,mix,s,in']"
121582,california pizza kitchens bbq chicken  salad,"vegetable oil, corn tortillas, dry mustard, cold water, mayonnaise, buttermilk, sour cream, apple cider vinegar, scallion top, garlic, fresh italian parsley, worcestershire sauce, fresh dill, dried oregano, fresh ground black pepper, fresh basil, olive oil, soy sauce, salt, boneless skinless chicken breasts, barbecue sauce, iceberg lettuce, romaine lettuce leaf, basil leaves, jicama, monterey jack cheese, canned black beans, white corn kernels, fresh cilantro, tomatoes",forming,6,"['water,mustard,paste,t,c,min,star,dressing,ranch,mix,s,p,must,in']"
121582,california pizza kitchens bbq chicken  salad,"vegetable oil, corn tortillas, dry mustard, cold water, mayonnaise, buttermilk, sour cream, apple cider vinegar, scallion top, garlic, fresh italian parsley, worcestershire sauce, fresh dill, dried oregano, fresh ground black pepper, fresh basil, olive oil, soy sauce, salt, boneless skinless chicken breasts, barbecue sauce, iceberg lettuce, romaine lettuce leaf, basil leaves, jicama, monterey jack cheese, canned black beans, white corn kernels, fresh cilantro, tomatoes",remaining,8,"['t,c,dressing,mix,blend,s,p,end,in']"
121582,california pizza kitchens bbq chicken  salad,"vegetable oil, corn tortillas, dry mustard, cold water, mayonnaise, buttermilk, sour cream, apple cider vinegar, scallion top, garlic, fresh italian parsley, worcestershire sauce, fresh dill, dried oregano, fresh ground black pepper, fresh basil, olive oil, soy sauce, salt, boneless skinless chicken breasts, barbecue sauce, iceberg lettuce, romaine lettuce leaf, basil leaves, jicama, monterey jack cheese, canned black beans, white corn kernels, fresh cilantro, tomatoes",remaining,19,"['tomatoes,tomato,tortilla,t,salad,c,ice,s,p,in,round']"
121582,california pizza kitchens bbq chicken  salad,"vegetable oil, corn tortillas, dry mustard, cold water, mayonnaise, buttermilk, sour cream, apple cider vinegar, scallion top, garlic, fresh italian parsley, worcestershire sauce, fresh dill, dried oregano, fresh ground black pepper, fresh basil, olive oil, soy sauce, salt, boneless skinless chicken breasts, barbecue sauce, iceberg lettuce, romaine lettuce leaf, basil leaves, jicama, monterey jack cheese, canned black beans, white corn kernels, fresh cilantro, tomatoes",using,8,"['t,c,dressing,mix,blend,s,p,end,in']"
121582,california pizza kitchens bbq chicken  salad,"vegetable oil, corn tortillas, dry mustard, cold water, mayonnaise, buttermilk, sour cream, apple cider vinegar, scallion top, garlic, fresh italian parsley, worcestershire sauce, fresh dill, dried oregano, fresh ground black pepper, fresh basil, olive oil, soy sauce, salt, boneless skinless chicken breasts, barbecue sauce, iceberg lettuce, romaine lettuce leaf, basil leaves, jicama, monterey jack cheese, canned black beans, white corn kernels, fresh cilantro, tomatoes",blend,8,"['t,c,dressing,mix,blend,s,p,end,in']"
121582,california pizza kitchens bbq chicken  salad,"vegetable oil, corn tortillas, dry mustard, cold water, mayonnaise, buttermilk, sour cream, apple cider vinegar, scallion top, garlic, fresh italian parsley, worcestershire sauce, fresh dill, dried oregano, fresh ground black pepper, fresh basil, olive oil, soy sauce, salt, boneless skinless chicken breasts, barbecue sauce, iceberg lettuce, romaine lettuce leaf, basil leaves, jicama, monterey jack cheese, canned black beans, white corn kernels, fresh cilantro, tomatoes",taking,8,"['t,c,dressing,mix,blend,s,p,end,in']"
121582,california pizza kitchens bbq chicken  salad,"vegetable oil, corn tortillas, dry mustard, cold water, mayonnaise, buttermilk, sour cream, apple cider vinegar, scallion top, garlic, fresh italian parsley, worcestershire sauce, fresh dill, dried oregano, fresh ground black pepper, fresh basil, olive oil, soy sauce, salt, boneless skinless chicken breasts, barbecue sauce, iceberg lettuce, romaine lettuce leaf, basil leaves, jicama, monterey jack cheese, canned black beans, white corn kernels, fresh cilantro, tomatoes",incorporate,8,"['t,c,dressing,mix,blend,s,p,end,in']"
121582,california pizza kitchens bbq chicken  salad,"vegetable oil, corn tortillas, dry mustard, cold water, mayonnaise, buttermilk, sour cream, apple cider vinegar, scallion top, garlic, fresh italian parsley, worcestershire sauce, fresh dill, dried oregano, fresh ground black pepper, fresh basil, olive oil, soy sauce, salt, boneless skinless chicken breasts, barbecue sauce, iceberg lettuce, romaine lettuce leaf, basil leaves, jicama, monterey jack cheese, canned black beans, white corn kernels, fresh cilantro, tomatoes",cover,9,"['t,c,s,p']"
121582,california pizza kitchens bbq chicken  salad,"vegetable oil, corn tortillas, dry mustard, cold water, mayonnaise, buttermilk, sour cream, apple cider vinegar, scallion top, garlic, fresh italian parsley, worcestershire sauce, fresh dill, dried oregano, fresh ground black pepper, fresh basil, olive oil, soy sauce, salt, boneless skinless chicken breasts, barbecue sauce, iceberg lettuce, romaine lettuce leaf, basil leaves, jicama, monterey jack cheese, canned black beans, white corn kernels, fresh cilantro, tomatoes",cover,16,"['t,c,s,p']"
121582,california pizza kitchens bbq chicken  salad,"vegetable oil, corn tortillas, dry mustard, cold water, mayonnaise, buttermilk, sour cream, apple cider vinegar, scallion top, garlic, fresh italian parsley, worcestershire sauce, fresh dill, dried oregano, fresh ground black pepper, fresh basil, olive oil, soy sauce, salt, boneless skinless chicken breasts, barbecue sauce, iceberg lettuce, romaine lettuce leaf, basil leaves, jicama, monterey jack cheese, canned black beans, white corn kernels, fresh cilantro, tomatoes",refrigerate,9,"['t,c,s,p']"
121582,california pizza kitchens bbq chicken  salad,"vegetable oil, corn tortillas, dry mustard, cold water, mayonnaise, buttermilk, sour cream, apple cider vinegar, scallion top, garlic, fresh italian parsley, worcestershire sauce, fresh dill, dried oregano, fresh ground black pepper, fresh basil, olive oil, soy sauce, salt, boneless skinless chicken breasts, barbecue sauce, iceberg lettuce, romaine lettuce leaf, basil leaves, jicama, monterey jack cheese, canned black beans, white corn kernels, fresh cilantro, tomatoes",refrigerate,16,"['t,c,s,p']"
121582,california pizza kitchens bbq chicken  salad,"vegetable oil, corn tortillas, dry mustard, cold water, mayonnaise, buttermilk, sour cream, apple cider vinegar, scallion top, garlic, fresh italian parsley, worcestershire sauce, fresh dill, dried oregano, fresh ground black pepper, fresh basil, olive oil, soy sauce, salt, boneless skinless chicken breasts, barbecue sauce, iceberg lettuce, romaine lettuce leaf, basil leaves, jicama, monterey jack cheese, canned black beans, white corn kernels, fresh cilantro, tomatoes",grilled,10,"['garlic,oil,chicken,t,c,heat,s,p']"
121582,california pizza kitchens bbq chicken  salad,"vegetable oil, corn tortillas, dry mustard, cold water, mayonnaise, buttermilk, sour cream, apple cider vinegar, scallion top, garlic, fresh italian parsley, worcestershire sauce, fresh dill, dried oregano, fresh ground black pepper, fresh basil, olive oil, soy sauce, salt, boneless skinless chicken breasts, barbecue sauce, iceberg lettuce, romaine lettuce leaf, basil leaves, jicama, monterey jack cheese, canned black beans, white corn kernels, fresh cilantro, tomatoes",grilled,20,"['sauce,garlic,chicken,t,salad,c,s,p,chunks,barbecue']"
121582,california pizza kitchens bbq chicken  salad,"vegetable oil, corn tortillas, dry mustard, cold water, mayonnaise, buttermilk, sour cream, apple cider vinegar, scallion top, garlic, fresh italian parsley, worcestershire sauce, fresh dill, dried oregano, fresh ground black pepper, fresh basil, olive oil, soy sauce, salt, boneless skinless chicken breasts, barbecue sauce, iceberg lettuce, romaine lettuce leaf, basil leaves, jicama, monterey jack cheese, canned black beans, white corn kernels, fresh cilantro, tomatoes",preheat,10,"['garlic,oil,chicken,t,c,heat,s,p']"
121582,california pizza kitchens bbq chicken  salad,"vegetable oil, corn tortillas, dry mustard, cold water, mayonnaise, buttermilk, sour cream, apple cider vinegar, scallion top, garlic, fresh italian parsley, worcestershire sauce, fresh dill, dried oregano, fresh ground black pepper, fresh basil, olive oil, soy sauce, salt, boneless skinless chicken breasts, barbecue sauce, iceberg lettuce, romaine lettuce leaf, basil leaves, jicama, monterey jack cheese, canned black beans, white corn kernels, fresh cilantro, tomatoes",turn,12,"['chicken,breast,room,t,c,min,breasts,s,p,in']"
121582,california pizza kitchens bbq chicken  salad,"vegetable oil, corn tortillas, dry mustard, cold water, mayonnaise, buttermilk, sour cream, apple cider vinegar, scallion top, garlic, fresh italian parsley, worcestershire sauce, fresh dill, dried oregano, fresh ground black pepper, fresh basil, olive oil, soy sauce, salt, boneless skinless chicken breasts, barbecue sauce, iceberg lettuce, romaine lettuce leaf, basil leaves, jicama, monterey jack cheese, canned black beans, white corn kernels, fresh cilantro, tomatoes",leave,12,"['chicken,breast,room,t,c,min,breasts,s,p,in']"
121582,california pizza kitchens bbq chicken  salad,"vegetable oil, corn tortillas, dry mustard, cold water, mayonnaise, buttermilk, sour cream, apple cider vinegar, scallion top, garlic, fresh italian parsley, worcestershire sauce, fresh dill, dried oregano, fresh ground black pepper, fresh basil, olive oil, soy sauce, salt, boneless skinless chicken breasts, barbecue sauce, iceberg lettuce, romaine lettuce leaf, basil leaves, jicama, monterey jack cheese, canned black beans, white corn kernels, fresh cilantro, tomatoes",broil,13,"['oil,chicken,breast,cook,t,c,min,breasts,s,p,in']"
121582,california pizza kitchens bbq chicken  salad,"vegetable oil, corn tortillas, dry mustard, cold water, mayonnaise, buttermilk, sour cream, apple cider vinegar, scallion top, garlic, fresh italian parsley, worcestershire sauce, fresh dill, dried oregano, fresh ground black pepper, fresh basil, olive oil, soy sauce, salt, boneless skinless chicken breasts, barbecue sauce, iceberg lettuce, romaine lettuce leaf, basil leaves, jicama, monterey jack cheese, canned black beans, white corn kernels, fresh cilantro, tomatoes",cooked,13,"['oil,chicken,breast,cook,t,c,min,breasts,s,p,in']"
121582,california pizza kitchens bbq chicken  salad,"vegetable oil, corn tortillas, dry mustard, cold water, mayonnaise, buttermilk, sour cream, apple cider vinegar, scallion top, garlic, fresh italian parsley, worcestershire sauce, fresh dill, dried oregano, fresh ground black pepper, fresh basil, olive oil, soy sauce, salt, boneless skinless chicken breasts, barbecue sauce, iceberg lettuce, romaine lettuce leaf, basil leaves, jicama, monterey jack cheese, canned black beans, white corn kernels, fresh cilantro, tomatoes",chill,14,"['t,c,in']"
121582,california pizza kitchens bbq chicken  salad,"vegetable oil, corn tortillas, dry mustard, cold water, mayonnaise, buttermilk, sour cream, apple cider vinegar, scallion top, garlic, fresh italian parsley, worcestershire sauce, fresh dill, dried oregano, fresh ground black pepper, fresh basil, olive oil, soy sauce, salt, boneless skinless chicken breasts, barbecue sauce, iceberg lettuce, romaine lettuce leaf, basil leaves, jicama, monterey jack cheese, canned black beans, white corn kernels, fresh cilantro, tomatoes",cut,15,"['sauce,chicken,breast,cube,t,c,oat,breasts,cubes,s,in,barbecue']"
121582,california pizza kitchens bbq chicken  salad,"vegetable oil, corn tortillas, dry mustard, cold water, mayonnaise, buttermilk, sour cream, apple cider vinegar, scallion top, garlic, fresh italian parsley, worcestershire sauce, fresh dill, dried oregano, fresh ground black pepper, fresh basil, olive oil, soy sauce, salt, boneless skinless chicken breasts, barbecue sauce, iceberg lettuce, romaine lettuce leaf, basil leaves, jicama, monterey jack cheese, canned black beans, white corn kernels, fresh cilantro, tomatoes",toss,15,"['sauce,chicken,breast,cube,t,c,oat,breasts,cubes,s,in,barbecue']"
121582,california pizza kitchens bbq chicken  salad,"vegetable oil, corn tortillas, dry mustard, cold water, mayonnaise, buttermilk, sour cream, apple cider vinegar, scallion top, garlic, fresh italian parsley, worcestershire sauce, fresh dill, dried oregano, fresh ground black pepper, fresh basil, olive oil, soy sauce, salt, boneless skinless chicken breasts, barbecue sauce, iceberg lettuce, romaine lettuce leaf, basil leaves, jicama, monterey jack cheese, canned black beans, white corn kernels, fresh cilantro, tomatoes",toss,17,"['cilantro,cheese,beans,bean,corn,basil,tortilla,lettuce,t,salad,c,jicama,monterey,jack,dressing,mix,half,s,p,in']"
121582,california pizza kitchens bbq chicken  salad,"vegetable oil, corn tortillas, dry mustard, cold water, mayonnaise, buttermilk, sour cream, apple cider vinegar, scallion top, garlic, fresh italian parsley, worcestershire sauce, fresh dill, dried oregano, fresh ground black pepper, fresh basil, olive oil, soy sauce, salt, boneless skinless chicken breasts, barbecue sauce, iceberg lettuce, romaine lettuce leaf, basil leaves, jicama, monterey jack cheese, canned black beans, white corn kernels, fresh cilantro, tomatoes",chilled,18,"['t,salad,c,s,p,in,vin']"
121582,california pizza kitchens bbq chicken  salad,"vegetable oil, corn tortillas, dry mustard, cold water, mayonnaise, buttermilk, sour cream, apple cider vinegar, scallion top, garlic, fresh italian parsley, worcestershire sauce, fresh dill, dried oregano, fresh ground black pepper, fresh basil, olive oil, soy sauce, salt, boneless skinless chicken breasts, barbecue sauce, iceberg lettuce, romaine lettuce leaf, basil leaves, jicama, monterey jack cheese, canned black beans, white corn kernels, fresh cilantro, tomatoes",serving,18,"['t,salad,c,s,p,in,vin']"
121582,california pizza kitchens bbq chicken  salad,"vegetable oil, corn tortillas, dry mustard, cold water, mayonnaise, buttermilk, sour cream, apple cider vinegar, scallion top, garlic, fresh italian parsley, worcestershire sauce, fresh dill, dried oregano, fresh ground black pepper, fresh basil, olive oil, soy sauce, salt, boneless skinless chicken breasts, barbecue sauce, iceberg lettuce, romaine lettuce leaf, basil leaves, jicama, monterey jack cheese, canned black beans, white corn kernels, fresh cilantro, tomatoes",surround,19,"['tomatoes,tomato,tortilla,t,salad,c,ice,s,p,in,round']"
121582,california pizza kitchens bbq chicken  salad,"vegetable oil, corn tortillas, dry mustard, cold water, mayonnaise, buttermilk, sour cream, apple cider vinegar, scallion top, garlic, fresh italian parsley, worcestershire sauce, fresh dill, dried oregano, fresh ground black pepper, fresh basil, olive oil, soy sauce, salt, boneless skinless chicken breasts, barbecue sauce, iceberg lettuce, romaine lettuce leaf, basil leaves, jicama, monterey jack cheese, canned black beans, white corn kernels, fresh cilantro, tomatoes",top,20,"['sauce,garlic,chicken,t,salad,c,s,p,chunks,barbecue']"
121582,california pizza kitchens bbq chicken  salad,"vegetable oil, corn tortillas, dry mustard, cold water, mayonnaise, buttermilk, sour cream, apple cider vinegar, scallion top, garlic, fresh italian parsley, worcestershire sauce, fresh dill, dried oregano, fresh ground black pepper, fresh basil, olive oil, soy sauce, salt, boneless skinless chicken breasts, barbecue sauce, iceberg lettuce, romaine lettuce leaf, basil leaves, jicama, monterey jack cheese, canned black beans, white corn kernels, fresh cilantro, tomatoes",drizzle,20,"['sauce,garlic,chicken,t,salad,c,s,p,chunks,barbecue']"
121582,california pizza kitchens bbq chicken  salad,"vegetable oil, corn tortillas, dry mustard, cold water, mayonnaise, buttermilk, sour cream, apple cider vinegar, scallion top, garlic, fresh italian parsley, worcestershire sauce, fresh dill, dried oregano, fresh ground black pepper, fresh basil, olive oil, soy sauce, salt, boneless skinless chicken breasts, barbecue sauce, iceberg lettuce, romaine lettuce leaf, basil leaves, jicama, monterey jack cheese, canned black beans, white corn kernels, fresh cilantro, tomatoes",garnish,21,"['t,c,scallion,s']"
