Id,Name,AllIngredients,Verbs,Steps,Ingredient
123585,hamburger helping mix  in a jar,"nonfat dry milk powder, cornstarch, beef bouillon powder, onion flakes, dried basil, dried thyme, black pepper, dried parsley, garlic powder, ground beef, water, macaroni noodles, chopped tomatoes, chili powder, hamburger, egg noodles, sour cream, potatoes, frozen mixed vegetables, onion, tomato sauce, lasagna noodles, parmesan cheese, mozzarella cheese",mix,1,{}
123585,hamburger helping mix  in a jar,"nonfat dry milk powder, cornstarch, beef bouillon powder, onion flakes, dried basil, dried thyme, black pepper, dried parsley, garlic powder, ground beef, water, macaroni noodles, chopped tomatoes, chili powder, hamburger, egg noodles, sour cream, potatoes, frozen mixed vegetables, onion, tomato sauce, lasagna noodles, parmesan cheese, mozzarella cheese",store,1,"['t,mix,s,in,re,red,d,nt,e']"
123585,hamburger helping mix  in a jar,"nonfat dry milk powder, cornstarch, beef bouillon powder, onion flakes, dried basil, dried thyme, black pepper, dried parsley, garlic powder, ground beef, water, macaroni noodles, chopped tomatoes, chili powder, hamburger, egg noodles, sour cream, potatoes, frozen mixed vegetables, onion, tomato sauce, lasagna noodles, parmesan cheese, mozzarella cheese",attach,2,"['t,c,s,p,re,e']"
123585,hamburger helping mix  in a jar,"nonfat dry milk powder, cornstarch, beef bouillon powder, onion flakes, dried basil, dried thyme, black pepper, dried parsley, garlic powder, ground beef, water, macaroni noodles, chopped tomatoes, chili powder, hamburger, egg noodles, sour cream, potatoes, frozen mixed vegetables, onion, tomato sauce, lasagna noodles, parmesan cheese, mozzarella cheese",add,5,"['t,s,in,re,ad,red,d,nt,e']"
123585,hamburger helping mix  in a jar,"nonfat dry milk powder, cornstarch, beef bouillon powder, onion flakes, dried basil, dried thyme, black pepper, dried parsley, garlic powder, ground beef, water, macaroni noodles, chopped tomatoes, chili powder, hamburger, egg noodles, sour cream, potatoes, frozen mixed vegetables, onion, tomato sauce, lasagna noodles, parmesan cheese, mozzarella cheese",add,9,"['egg,water,noodles,cook,t,c,mix,s,noodle,ad,l,d,e']"
123585,hamburger helping mix  in a jar,"nonfat dry milk powder, cornstarch, beef bouillon powder, onion flakes, dried basil, dried thyme, black pepper, dried parsley, garlic powder, ground beef, water, macaroni noodles, chopped tomatoes, chili powder, hamburger, egg noodles, sour cream, potatoes, frozen mixed vegetables, onion, tomato sauce, lasagna noodles, parmesan cheese, mozzarella cheese",add,14,"['t,s,in,f,re,ad,red,d,nt,e']"
123585,hamburger helping mix  in a jar,"nonfat dry milk powder, cornstarch, beef bouillon powder, onion flakes, dried basil, dried thyme, black pepper, dried parsley, garlic powder, ground beef, water, macaroni noodles, chopped tomatoes, chili powder, hamburger, egg noodles, sour cream, potatoes, frozen mixed vegetables, onion, tomato sauce, lasagna noodles, parmesan cheese, mozzarella cheese",add,19,"['sauce,water,tomato,onion,cheese,lasagna,noodles,parmesan,t,c,mix,s,p,in,au,noodle,ad,l,d,e']"
123585,hamburger helping mix  in a jar,"nonfat dry milk powder, cornstarch, beef bouillon powder, onion flakes, dried basil, dried thyme, black pepper, dried parsley, garlic powder, ground beef, water, macaroni noodles, chopped tomatoes, chili powder, hamburger, egg noodles, sour cream, potatoes, frozen mixed vegetables, onion, tomato sauce, lasagna noodles, parmesan cheese, mozzarella cheese",combine,6,"['macaroni,cook,t,c,min,s,in,l,d,b,nt,e,mac']"
123585,hamburger helping mix  in a jar,"nonfat dry milk powder, cornstarch, beef bouillon powder, onion flakes, dried basil, dried thyme, black pepper, dried parsley, garlic powder, ground beef, water, macaroni noodles, chopped tomatoes, chili powder, hamburger, egg noodles, sour cream, potatoes, frozen mixed vegetables, onion, tomato sauce, lasagna noodles, parmesan cheese, mozzarella cheese",simmer,6,"['macaroni,cook,t,c,min,s,in,l,d,b,nt,e,mac']"
123585,hamburger helping mix  in a jar,"nonfat dry milk powder, cornstarch, beef bouillon powder, onion flakes, dried basil, dried thyme, black pepper, dried parsley, garlic powder, ground beef, water, macaroni noodles, chopped tomatoes, chili powder, hamburger, egg noodles, sour cream, potatoes, frozen mixed vegetables, onion, tomato sauce, lasagna noodles, parmesan cheese, mozzarella cheese",simmer,10,"['noodles,t,min,tender,s,end,in,de,noodle,re,l,d,nt,e']"
123585,hamburger helping mix  in a jar,"nonfat dry milk powder, cornstarch, beef bouillon powder, onion flakes, dried basil, dried thyme, black pepper, dried parsley, garlic powder, ground beef, water, macaroni noodles, chopped tomatoes, chili powder, hamburger, egg noodles, sour cream, potatoes, frozen mixed vegetables, onion, tomato sauce, lasagna noodles, parmesan cheese, mozzarella cheese",simmer,15,"['pot,potatoes,t,c,min,tender,potato,s,p,end,in,de,re,red,l,d,b,nt,e']"
123585,hamburger helping mix  in a jar,"nonfat dry milk powder, cornstarch, beef bouillon powder, onion flakes, dried basil, dried thyme, black pepper, dried parsley, garlic powder, ground beef, water, macaroni noodles, chopped tomatoes, chili powder, hamburger, egg noodles, sour cream, potatoes, frozen mixed vegetables, onion, tomato sauce, lasagna noodles, parmesan cheese, mozzarella cheese",simmer,21,"['t,c,heat,s,re,red,d,e']"
123585,hamburger helping mix  in a jar,"nonfat dry milk powder, cornstarch, beef bouillon powder, onion flakes, dried basil, dried thyme, black pepper, dried parsley, garlic powder, ground beef, water, macaroni noodles, chopped tomatoes, chili powder, hamburger, egg noodles, sour cream, potatoes, frozen mixed vegetables, onion, tomato sauce, lasagna noodles, parmesan cheese, mozzarella cheese",simmer,22,"['noodles,cook,t,c,min,s,in,f,noodle,re,l,d,nt,e']"
123585,hamburger helping mix  in a jar,"nonfat dry milk powder, cornstarch, beef bouillon powder, onion flakes, dried basil, dried thyme, black pepper, dried parsley, garlic powder, ground beef, water, macaroni noodles, chopped tomatoes, chili powder, hamburger, egg noodles, sour cream, potatoes, frozen mixed vegetables, onion, tomato sauce, lasagna noodles, parmesan cheese, mozzarella cheese",cooked,6,"['macaroni,cook,t,c,min,s,in,l,d,b,nt,e,mac']"
123585,hamburger helping mix  in a jar,"nonfat dry milk powder, cornstarch, beef bouillon powder, onion flakes, dried basil, dried thyme, black pepper, dried parsley, garlic powder, ground beef, water, macaroni noodles, chopped tomatoes, chili powder, hamburger, egg noodles, sour cream, potatoes, frozen mixed vegetables, onion, tomato sauce, lasagna noodles, parmesan cheese, mozzarella cheese",cooked,22,"['noodles,cook,t,c,min,s,in,f,noodle,re,l,d,nt,e']"
123585,hamburger helping mix  in a jar,"nonfat dry milk powder, cornstarch, beef bouillon powder, onion flakes, dried basil, dried thyme, black pepper, dried parsley, garlic powder, ground beef, water, macaroni noodles, chopped tomatoes, chili powder, hamburger, egg noodles, sour cream, potatoes, frozen mixed vegetables, onion, tomato sauce, lasagna noodles, parmesan cheese, mozzarella cheese",are,10,"['noodles,t,min,tender,s,end,in,de,noodle,re,l,d,nt,e']"
123585,hamburger helping mix  in a jar,"nonfat dry milk powder, cornstarch, beef bouillon powder, onion flakes, dried basil, dried thyme, black pepper, dried parsley, garlic powder, ground beef, water, macaroni noodles, chopped tomatoes, chili powder, hamburger, egg noodles, sour cream, potatoes, frozen mixed vegetables, onion, tomato sauce, lasagna noodles, parmesan cheese, mozzarella cheese",are,15,"['pot,potatoes,t,c,min,tender,potato,s,p,end,in,de,re,red,l,d,b,nt,e']"
123585,hamburger helping mix  in a jar,"nonfat dry milk powder, cornstarch, beef bouillon powder, onion flakes, dried basil, dried thyme, black pepper, dried parsley, garlic powder, ground beef, water, macaroni noodles, chopped tomatoes, chili powder, hamburger, egg noodles, sour cream, potatoes, frozen mixed vegetables, onion, tomato sauce, lasagna noodles, parmesan cheese, mozzarella cheese",stir,11,"['cream,t,c,s,in,re,d,e']"
123585,hamburger helping mix  in a jar,"nonfat dry milk powder, cornstarch, beef bouillon powder, onion flakes, dried basil, dried thyme, black pepper, dried parsley, garlic powder, ground beef, water, macaroni noodles, chopped tomatoes, chili powder, hamburger, egg noodles, sour cream, potatoes, frozen mixed vegetables, onion, tomato sauce, lasagna noodles, parmesan cheese, mozzarella cheese",serve,11,"['cream,t,c,s,in,re,d,e']"
123585,hamburger helping mix  in a jar,"nonfat dry milk powder, cornstarch, beef bouillon powder, onion flakes, dried basil, dried thyme, black pepper, dried parsley, garlic powder, ground beef, water, macaroni noodles, chopped tomatoes, chili powder, hamburger, egg noodles, sour cream, potatoes, frozen mixed vegetables, onion, tomato sauce, lasagna noodles, parmesan cheese, mozzarella cheese",covered,15,"['pot,potatoes,t,c,min,tender,potato,s,p,end,in,de,re,red,l,d,b,nt,e']"
123585,hamburger helping mix  in a jar,"nonfat dry milk powder, cornstarch, beef bouillon powder, onion flakes, dried basil, dried thyme, black pepper, dried parsley, garlic powder, ground beef, water, macaroni noodles, chopped tomatoes, chili powder, hamburger, egg noodles, sour cream, potatoes, frozen mixed vegetables, onion, tomato sauce, lasagna noodles, parmesan cheese, mozzarella cheese",stirring,15,"['pot,potatoes,t,c,min,tender,potato,s,p,end,in,de,re,red,l,d,b,nt,e']"
123585,hamburger helping mix  in a jar,"nonfat dry milk powder, cornstarch, beef bouillon powder, onion flakes, dried basil, dried thyme, black pepper, dried parsley, garlic powder, ground beef, water, macaroni noodles, chopped tomatoes, chili powder, hamburger, egg noodles, sour cream, potatoes, frozen mixed vegetables, onion, tomato sauce, lasagna noodles, parmesan cheese, mozzarella cheese",remove,16,"['water,cook,t,c,s,p,re,l,d,nt,e']"
123585,hamburger helping mix  in a jar,"nonfat dry milk powder, cornstarch, beef bouillon powder, onion flakes, dried basil, dried thyme, black pepper, dried parsley, garlic powder, ground beef, water, macaroni noodles, chopped tomatoes, chili powder, hamburger, egg noodles, sour cream, potatoes, frozen mixed vegetables, onion, tomato sauce, lasagna noodles, parmesan cheese, mozzarella cheese",cook,16,"['water,cook,t,c,s,p,re,l,d,nt,e']"
123585,hamburger helping mix  in a jar,"nonfat dry milk powder, cornstarch, beef bouillon powder, onion flakes, dried basil, dried thyme, black pepper, dried parsley, garlic powder, ground beef, water, macaroni noodles, chopped tomatoes, chili powder, hamburger, egg noodles, sour cream, potatoes, frozen mixed vegetables, onion, tomato sauce, lasagna noodles, parmesan cheese, mozzarella cheese",evaporated,16,"['water,cook,t,c,s,p,re,l,d,nt,e']"
123585,hamburger helping mix  in a jar,"nonfat dry milk powder, cornstarch, beef bouillon powder, onion flakes, dried basil, dried thyme, black pepper, dried parsley, garlic powder, ground beef, water, macaroni noodles, chopped tomatoes, chili powder, hamburger, egg noodles, sour cream, potatoes, frozen mixed vegetables, onion, tomato sauce, lasagna noodles, parmesan cheese, mozzarella cheese",bring,20,"['oil,t,boil,in,l,b']"
123585,hamburger helping mix  in a jar,"nonfat dry milk powder, cornstarch, beef bouillon powder, onion flakes, dried basil, dried thyme, black pepper, dried parsley, garlic powder, ground beef, water, macaroni noodles, chopped tomatoes, chili powder, hamburger, egg noodles, sour cream, potatoes, frozen mixed vegetables, onion, tomato sauce, lasagna noodles, parmesan cheese, mozzarella cheese",reduce,21,"['t,c,heat,s,re,red,d,e']"
123585,hamburger helping mix  in a jar,"nonfat dry milk powder, cornstarch, beef bouillon powder, onion flakes, dried basil, dried thyme, black pepper, dried parsley, garlic powder, ground beef, water, macaroni noodles, chopped tomatoes, chili powder, hamburger, egg noodles, sour cream, potatoes, frozen mixed vegetables, onion, tomato sauce, lasagna noodles, parmesan cheese, mozzarella cheese",turn,24,"['cheese,t,c,heat,s,f,l,d,e']"
123585,hamburger helping mix  in a jar,"nonfat dry milk powder, cornstarch, beef bouillon powder, onion flakes, dried basil, dried thyme, black pepper, dried parsley, garlic powder, ground beef, water, macaroni noodles, chopped tomatoes, chili powder, hamburger, egg noodles, sour cream, potatoes, frozen mixed vegetables, onion, tomato sauce, lasagna noodles, parmesan cheese, mozzarella cheese",let,24,"['cheese,t,c,heat,s,f,l,d,e']"
123585,hamburger helping mix  in a jar,"nonfat dry milk powder, cornstarch, beef bouillon powder, onion flakes, dried basil, dried thyme, black pepper, dried parsley, garlic powder, ground beef, water, macaroni noodles, chopped tomatoes, chili powder, hamburger, egg noodles, sour cream, potatoes, frozen mixed vegetables, onion, tomato sauce, lasagna noodles, parmesan cheese, mozzarella cheese",melt,24,"['cheese,t,c,heat,s,f,l,d,e']"
