Id,Name,AllIngredients,Verbs,Steps,Ingredient
124178,moroccan spiced pie,"coriander seeds, cumin seeds, paprika, ground cinnamon, olive oil, winter squash, shallots, gingerroot, blanched almonds, pistachios, craisins, clear honey, fresh spinach, chickpeas, garlic cloves, ground cumin, lemon juice, fresh cilantro, butter, phyllo pastry, lemon wedges, low-fat greek yogurt, milk, fresh mint leaves, harissa",make,1,"['sauce,t,c,s,yoghurt,f,au,harissa,e']"
124178,moroccan spiced pie,"coriander seeds, cumin seeds, paprika, ground cinnamon, olive oil, winter squash, shallots, gingerroot, blanched almonds, pistachios, craisins, clear honey, fresh spinach, chickpeas, garlic cloves, ground cumin, lemon juice, fresh cilantro, butter, phyllo pastry, lemon wedges, low-fat greek yogurt, milk, fresh mint leaves, harissa",make,2,"['sauce,milk,t,c,mix,s,in,yoghurt,au,l,d,e']"
124178,moroccan spiced pie,"coriander seeds, cumin seeds, paprika, ground cinnamon, olive oil, winter squash, shallots, gingerroot, blanched almonds, pistachios, craisins, clear honey, fresh spinach, chickpeas, garlic cloves, ground cumin, lemon juice, fresh cilantro, butter, phyllo pastry, lemon wedges, low-fat greek yogurt, milk, fresh mint leaves, harissa",mix,2,"['sauce,milk,t,c,mix,s,in,yoghurt,au,l,d,e']"
124178,moroccan spiced pie,"coriander seeds, cumin seeds, paprika, ground cinnamon, olive oil, winter squash, shallots, gingerroot, blanched almonds, pistachios, craisins, clear honey, fresh spinach, chickpeas, garlic cloves, ground cumin, lemon juice, fresh cilantro, butter, phyllo pastry, lemon wedges, low-fat greek yogurt, milk, fresh mint leaves, harissa",mix,8,"['salt,cinnamon,oil,olive,paprika,t,table,c,mix,s,p,in,f,l,d,b,e,tea']"
124178,moroccan spiced pie,"coriander seeds, cumin seeds, paprika, ground cinnamon, olive oil, winter squash, shallots, gingerroot, blanched almonds, pistachios, craisins, clear honey, fresh spinach, chickpeas, garlic cloves, ground cumin, lemon juice, fresh cilantro, butter, phyllo pastry, lemon wedges, low-fat greek yogurt, milk, fresh mint leaves, harissa",stir,3,"['pepper,salt,cilantro,season,mint,sea,t,c,min,s,p,in,l,d,nt,e']"
124178,moroccan spiced pie,"coriander seeds, cumin seeds, paprika, ground cinnamon, olive oil, winter squash, shallots, gingerroot, blanched almonds, pistachios, craisins, clear honey, fresh spinach, chickpeas, garlic cloves, ground cumin, lemon juice, fresh cilantro, butter, phyllo pastry, lemon wedges, low-fat greek yogurt, milk, fresh mint leaves, harissa",stir,4,"['sauce,paste,t,c,s,p,in,de,past,au,harissa,l,d,light,e']"
124178,moroccan spiced pie,"coriander seeds, cumin seeds, paprika, ground cinnamon, olive oil, winter squash, shallots, gingerroot, blanched almonds, pistachios, craisins, clear honey, fresh spinach, chickpeas, garlic cloves, ground cumin, lemon juice, fresh cilantro, butter, phyllo pastry, lemon wedges, low-fat greek yogurt, milk, fresh mint leaves, harissa",stir,12,"['ginger,chop,almonds,t,c,s,p,almond,in,vin,de,oz,f,re,l,pistachios,d,e,gin,pistachio']"
124178,moroccan spiced pie,"coriander seeds, cumin seeds, paprika, ground cinnamon, olive oil, winter squash, shallots, gingerroot, blanched almonds, pistachios, craisins, clear honey, fresh spinach, chickpeas, garlic cloves, ground cumin, lemon juice, fresh cilantro, butter, phyllo pastry, lemon wedges, low-fat greek yogurt, milk, fresh mint leaves, harissa",stir,14,"['squash,spinach,t,c,heat,roast,s,p,in,pin,f,re,l,d,ash,winter,nt,e']"
124178,moroccan spiced pie,"coriander seeds, cumin seeds, paprika, ground cinnamon, olive oil, winter squash, shallots, gingerroot, blanched almonds, pistachios, craisins, clear honey, fresh spinach, chickpeas, garlic cloves, ground cumin, lemon juice, fresh cilantro, butter, phyllo pastry, lemon wedges, low-fat greek yogurt, milk, fresh mint leaves, harissa",stir,17,"['cilantro,chop,t,c,s,p,in,l,d,nt,e']"
124178,moroccan spiced pie,"coriander seeds, cumin seeds, paprika, ground cinnamon, olive oil, winter squash, shallots, gingerroot, blanched almonds, pistachios, craisins, clear honey, fresh spinach, chickpeas, garlic cloves, ground cumin, lemon juice, fresh cilantro, butter, phyllo pastry, lemon wedges, low-fat greek yogurt, milk, fresh mint leaves, harissa",taste,3,"['pepper,salt,cilantro,season,mint,sea,t,c,min,s,p,in,l,d,nt,e']"
124178,moroccan spiced pie,"coriander seeds, cumin seeds, paprika, ground cinnamon, olive oil, winter squash, shallots, gingerroot, blanched almonds, pistachios, craisins, clear honey, fresh spinach, chickpeas, garlic cloves, ground cumin, lemon juice, fresh cilantro, butter, phyllo pastry, lemon wedges, low-fat greek yogurt, milk, fresh mint leaves, harissa",taste,16,"['garlic,pepper,salt,oil,juice,water,cumin,chickpeas,lemon,t,table,c,ice,min,peas,stick,blend,pea,s,p,end,in,de,f,chickpea,re,chick,l,d,b,e']"
124178,moroccan spiced pie,"coriander seeds, cumin seeds, paprika, ground cinnamon, olive oil, winter squash, shallots, gingerroot, blanched almonds, pistachios, craisins, clear honey, fresh spinach, chickpeas, garlic cloves, ground cumin, lemon juice, fresh cilantro, butter, phyllo pastry, lemon wedges, low-fat greek yogurt, milk, fresh mint leaves, harissa",set,4,"['sauce,paste,t,c,s,p,in,de,past,au,harissa,l,d,light,e']"
124178,moroccan spiced pie,"coriander seeds, cumin seeds, paprika, ground cinnamon, olive oil, winter squash, shallots, gingerroot, blanched almonds, pistachios, craisins, clear honey, fresh spinach, chickpeas, garlic cloves, ground cumin, lemon juice, fresh cilantro, butter, phyllo pastry, lemon wedges, low-fat greek yogurt, milk, fresh mint leaves, harissa",set,10,"['t,min,heat,roast,s,p,in,de,oven,f,-,re,d,e,nut']"
124178,moroccan spiced pie,"coriander seeds, cumin seeds, paprika, ground cinnamon, olive oil, winter squash, shallots, gingerroot, blanched almonds, pistachios, craisins, clear honey, fresh spinach, chickpeas, garlic cloves, ground cumin, lemon juice, fresh cilantro, butter, phyllo pastry, lemon wedges, low-fat greek yogurt, milk, fresh mint leaves, harissa",set,15,"['t,s,de,d,e']"
124178,moroccan spiced pie,"coriander seeds, cumin seeds, paprika, ground cinnamon, olive oil, winter squash, shallots, gingerroot, blanched almonds, pistachios, craisins, clear honey, fresh spinach, chickpeas, garlic cloves, ground cumin, lemon juice, fresh cilantro, butter, phyllo pastry, lemon wedges, low-fat greek yogurt, milk, fresh mint leaves, harissa",heat,6,"['cumin,coriander,seed,t,c,min,heat,seeds,roast,s,in,medium,de,-,re,l,d,b,e']"
124178,moroccan spiced pie,"coriander seeds, cumin seeds, paprika, ground cinnamon, olive oil, winter squash, shallots, gingerroot, blanched almonds, pistachios, craisins, clear honey, fresh spinach, chickpeas, garlic cloves, ground cumin, lemon juice, fresh cilantro, butter, phyllo pastry, lemon wedges, low-fat greek yogurt, milk, fresh mint leaves, harissa",roast,6,"['cumin,coriander,seed,t,c,min,heat,seeds,roast,s,in,medium,de,-,re,l,d,b,e']"
124178,moroccan spiced pie,"coriander seeds, cumin seeds, paprika, ground cinnamon, olive oil, winter squash, shallots, gingerroot, blanched almonds, pistachios, craisins, clear honey, fresh spinach, chickpeas, garlic cloves, ground cumin, lemon juice, fresh cilantro, butter, phyllo pastry, lemon wedges, low-fat greek yogurt, milk, fresh mint leaves, harissa",roast,10,"['t,min,heat,roast,s,p,in,de,oven,f,-,re,d,e,nut']"
124178,moroccan spiced pie,"coriander seeds, cumin seeds, paprika, ground cinnamon, olive oil, winter squash, shallots, gingerroot, blanched almonds, pistachios, craisins, clear honey, fresh spinach, chickpeas, garlic cloves, ground cumin, lemon juice, fresh cilantro, butter, phyllo pastry, lemon wedges, low-fat greek yogurt, milk, fresh mint leaves, harissa",taking,6,"['cumin,coriander,seed,t,c,min,heat,seeds,roast,s,in,medium,de,-,re,l,d,b,e']"
124178,moroccan spiced pie,"coriander seeds, cumin seeds, paprika, ground cinnamon, olive oil, winter squash, shallots, gingerroot, blanched almonds, pistachios, craisins, clear honey, fresh spinach, chickpeas, garlic cloves, ground cumin, lemon juice, fresh cilantro, butter, phyllo pastry, lemon wedges, low-fat greek yogurt, milk, fresh mint leaves, harissa",burn,6,"['cumin,coriander,seed,t,c,min,heat,seeds,roast,s,in,medium,de,-,re,l,d,b,e']"
124178,moroccan spiced pie,"coriander seeds, cumin seeds, paprika, ground cinnamon, olive oil, winter squash, shallots, gingerroot, blanched almonds, pistachios, craisins, clear honey, fresh spinach, chickpeas, garlic cloves, ground cumin, lemon juice, fresh cilantro, butter, phyllo pastry, lemon wedges, low-fat greek yogurt, milk, fresh mint leaves, harissa",grind,7,"['spice,t,c,ice,s,p,rind,in,de,tar,f,l,d,b,e']"
124178,moroccan spiced pie,"coriander seeds, cumin seeds, paprika, ground cinnamon, olive oil, winter squash, shallots, gingerroot, blanched almonds, pistachios, craisins, clear honey, fresh spinach, chickpeas, garlic cloves, ground cumin, lemon juice, fresh cilantro, butter, phyllo pastry, lemon wedges, low-fat greek yogurt, milk, fresh mint leaves, harissa",transfer,7,"['spice,t,c,ice,s,p,rind,in,de,tar,f,l,d,b,e']"
124178,moroccan spiced pie,"coriander seeds, cumin seeds, paprika, ground cinnamon, olive oil, winter squash, shallots, gingerroot, blanched almonds, pistachios, craisins, clear honey, fresh spinach, chickpeas, garlic cloves, ground cumin, lemon juice, fresh cilantro, butter, phyllo pastry, lemon wedges, low-fat greek yogurt, milk, fresh mint leaves, harissa",place,9,"['oil,squash,spice,t,c,ice,oat,roast,s,p,in,pie,f,re,l,d,ash,winter,nt,e']"
124178,moroccan spiced pie,"coriander seeds, cumin seeds, paprika, ground cinnamon, olive oil, winter squash, shallots, gingerroot, blanched almonds, pistachios, craisins, clear honey, fresh spinach, chickpeas, garlic cloves, ground cumin, lemon juice, fresh cilantro, butter, phyllo pastry, lemon wedges, low-fat greek yogurt, milk, fresh mint leaves, harissa",place,19,"['butter,t,c,baking,s,p,in,sheet,-,l,d,b,e,butt']"
124178,moroccan spiced pie,"coriander seeds, cumin seeds, paprika, ground cinnamon, olive oil, winter squash, shallots, gingerroot, blanched almonds, pistachios, craisins, clear honey, fresh spinach, chickpeas, garlic cloves, ground cumin, lemon juice, fresh cilantro, butter, phyllo pastry, lemon wedges, low-fat greek yogurt, milk, fresh mint leaves, harissa",pour,9,"['oil,squash,spice,t,c,ice,oat,roast,s,p,in,pie,f,re,l,d,ash,winter,nt,e']"
124178,moroccan spiced pie,"coriander seeds, cumin seeds, paprika, ground cinnamon, olive oil, winter squash, shallots, gingerroot, blanched almonds, pistachios, craisins, clear honey, fresh spinach, chickpeas, garlic cloves, ground cumin, lemon juice, fresh cilantro, butter, phyllo pastry, lemon wedges, low-fat greek yogurt, milk, fresh mint leaves, harissa",pour,32,"['honey,t,heat,s,p,in,de,pie,f,one,re,l,d,e']"
124178,moroccan spiced pie,"coriander seeds, cumin seeds, paprika, ground cinnamon, olive oil, winter squash, shallots, gingerroot, blanched almonds, pistachios, craisins, clear honey, fresh spinach, chickpeas, garlic cloves, ground cumin, lemon juice, fresh cilantro, butter, phyllo pastry, lemon wedges, low-fat greek yogurt, milk, fresh mint leaves, harissa",toss,9,"['oil,squash,spice,t,c,ice,oat,roast,s,p,in,pie,f,re,l,d,ash,winter,nt,e']"
124178,moroccan spiced pie,"coriander seeds, cumin seeds, paprika, ground cinnamon, olive oil, winter squash, shallots, gingerroot, blanched almonds, pistachios, craisins, clear honey, fresh spinach, chickpeas, garlic cloves, ground cumin, lemon juice, fresh cilantro, butter, phyllo pastry, lemon wedges, low-fat greek yogurt, milk, fresh mint leaves, harissa",ensure,9,"['oil,squash,spice,t,c,ice,oat,roast,s,p,in,pie,f,re,l,d,ash,winter,nt,e']"
124178,moroccan spiced pie,"coriander seeds, cumin seeds, paprika, ground cinnamon, olive oil, winter squash, shallots, gingerroot, blanched almonds, pistachios, craisins, clear honey, fresh spinach, chickpeas, garlic cloves, ground cumin, lemon juice, fresh cilantro, butter, phyllo pastry, lemon wedges, low-fat greek yogurt, milk, fresh mint leaves, harissa",coated,9,"['oil,squash,spice,t,c,ice,oat,roast,s,p,in,pie,f,re,l,d,ash,winter,nt,e']"
124178,moroccan spiced pie,"coriander seeds, cumin seeds, paprika, ground cinnamon, olive oil, winter squash, shallots, gingerroot, blanched almonds, pistachios, craisins, clear honey, fresh spinach, chickpeas, garlic cloves, ground cumin, lemon juice, fresh cilantro, butter, phyllo pastry, lemon wedges, low-fat greek yogurt, milk, fresh mint leaves, harissa",add,11,"['oil,brown,olive,cook,t,table,c,heat,shallots,star,shallot,s,p,in,tar,f,ad,l,d,b,nt,e,ring']"
124178,moroccan spiced pie,"coriander seeds, cumin seeds, paprika, ground cinnamon, olive oil, winter squash, shallots, gingerroot, blanched almonds, pistachios, craisins, clear honey, fresh spinach, chickpeas, garlic cloves, ground cumin, lemon juice, fresh cilantro, butter, phyllo pastry, lemon wedges, low-fat greek yogurt, milk, fresh mint leaves, harissa",add,13,"['honey,brown,spinach,raisins,raisin,nuts,t,table,c,s,p,in,pin,de,f,one,re,ad,l,d,b,e,gold,nut,craisins']"
124178,moroccan spiced pie,"coriander seeds, cumin seeds, paprika, ground cinnamon, olive oil, winter squash, shallots, gingerroot, blanched almonds, pistachios, craisins, clear honey, fresh spinach, chickpeas, garlic cloves, ground cumin, lemon juice, fresh cilantro, butter, phyllo pastry, lemon wedges, low-fat greek yogurt, milk, fresh mint leaves, harissa",add,31,"['butter,pan,read,nuts,t,heat,s,p,in,de,pie,f,au,re,ad,l,d,b,nt,e,gold,butt,nut']"
124178,moroccan spiced pie,"coriander seeds, cumin seeds, paprika, ground cinnamon, olive oil, winter squash, shallots, gingerroot, blanched almonds, pistachios, craisins, clear honey, fresh spinach, chickpeas, garlic cloves, ground cumin, lemon juice, fresh cilantro, butter, phyllo pastry, lemon wedges, low-fat greek yogurt, milk, fresh mint leaves, harissa",cook,11,"['oil,brown,olive,cook,t,table,c,heat,shallots,star,shallot,s,p,in,tar,f,ad,l,d,b,nt,e,ring']"
124178,moroccan spiced pie,"coriander seeds, cumin seeds, paprika, ground cinnamon, olive oil, winter squash, shallots, gingerroot, blanched almonds, pistachios, craisins, clear honey, fresh spinach, chickpeas, garlic cloves, ground cumin, lemon juice, fresh cilantro, butter, phyllo pastry, lemon wedges, low-fat greek yogurt, milk, fresh mint leaves, harissa",start,11,"['oil,brown,olive,cook,t,table,c,heat,shallots,star,shallot,s,p,in,tar,f,ad,l,d,b,nt,e,ring']"
124178,moroccan spiced pie,"coriander seeds, cumin seeds, paprika, ground cinnamon, olive oil, winter squash, shallots, gingerroot, blanched almonds, pistachios, craisins, clear honey, fresh spinach, chickpeas, garlic cloves, ground cumin, lemon juice, fresh cilantro, butter, phyllo pastry, lemon wedges, low-fat greek yogurt, milk, fresh mint leaves, harissa",chopped,12,"['ginger,chop,almonds,t,c,s,p,almond,in,vin,de,oz,f,re,l,pistachios,d,e,gin,pistachio']"
124178,moroccan spiced pie,"coriander seeds, cumin seeds, paprika, ground cinnamon, olive oil, winter squash, shallots, gingerroot, blanched almonds, pistachios, craisins, clear honey, fresh spinach, chickpeas, garlic cloves, ground cumin, lemon juice, fresh cilantro, butter, phyllo pastry, lemon wedges, low-fat greek yogurt, milk, fresh mint leaves, harissa",chopped,17,"['cilantro,chop,t,c,s,p,in,l,d,nt,e']"
124178,moroccan spiced pie,"coriander seeds, cumin seeds, paprika, ground cinnamon, olive oil, winter squash, shallots, gingerroot, blanched almonds, pistachios, craisins, clear honey, fresh spinach, chickpeas, garlic cloves, ground cumin, lemon juice, fresh cilantro, butter, phyllo pastry, lemon wedges, low-fat greek yogurt, milk, fresh mint leaves, harissa",reserving,12,"['ginger,chop,almonds,t,c,s,p,almond,in,vin,de,oz,f,re,l,pistachios,d,e,gin,pistachio']"
124178,moroccan spiced pie,"coriander seeds, cumin seeds, paprika, ground cinnamon, olive oil, winter squash, shallots, gingerroot, blanched almonds, pistachios, craisins, clear honey, fresh spinach, chickpeas, garlic cloves, ground cumin, lemon juice, fresh cilantro, butter, phyllo pastry, lemon wedges, low-fat greek yogurt, milk, fresh mint leaves, harissa",are,13,"['honey,brown,spinach,raisins,raisin,nuts,t,table,c,s,p,in,pin,de,f,one,re,ad,l,d,b,e,gold,nut,craisins']"
124178,moroccan spiced pie,"coriander seeds, cumin seeds, paprika, ground cinnamon, olive oil, winter squash, shallots, gingerroot, blanched almonds, pistachios, craisins, clear honey, fresh spinach, chickpeas, garlic cloves, ground cumin, lemon juice, fresh cilantro, butter, phyllo pastry, lemon wedges, low-fat greek yogurt, milk, fresh mint leaves, harissa",wilts,14,"['squash,spinach,t,c,heat,roast,s,p,in,pin,f,re,l,d,ash,winter,nt,e']"
124178,moroccan spiced pie,"coriander seeds, cumin seeds, paprika, ground cinnamon, olive oil, winter squash, shallots, gingerroot, blanched almonds, pistachios, craisins, clear honey, fresh spinach, chickpeas, garlic cloves, ground cumin, lemon juice, fresh cilantro, butter, phyllo pastry, lemon wedges, low-fat greek yogurt, milk, fresh mint leaves, harissa",remove,14,"['squash,spinach,t,c,heat,roast,s,p,in,pin,f,re,l,d,ash,winter,nt,e']"
124178,moroccan spiced pie,"coriander seeds, cumin seeds, paprika, ground cinnamon, olive oil, winter squash, shallots, gingerroot, blanched almonds, pistachios, craisins, clear honey, fresh spinach, chickpeas, garlic cloves, ground cumin, lemon juice, fresh cilantro, butter, phyllo pastry, lemon wedges, low-fat greek yogurt, milk, fresh mint leaves, harissa",remove,32,"['honey,t,heat,s,p,in,de,pie,f,one,re,l,d,e']"
124178,moroccan spiced pie,"coriander seeds, cumin seeds, paprika, ground cinnamon, olive oil, winter squash, shallots, gingerroot, blanched almonds, pistachios, craisins, clear honey, fresh spinach, chickpeas, garlic cloves, ground cumin, lemon juice, fresh cilantro, butter, phyllo pastry, lemon wedges, low-fat greek yogurt, milk, fresh mint leaves, harissa",process,16,"['garlic,pepper,salt,oil,juice,water,cumin,chickpeas,lemon,t,table,c,ice,min,peas,stick,blend,pea,s,p,end,in,de,f,chickpea,re,chick,l,d,b,e']"
124178,moroccan spiced pie,"coriander seeds, cumin seeds, paprika, ground cinnamon, olive oil, winter squash, shallots, gingerroot, blanched almonds, pistachios, craisins, clear honey, fresh spinach, chickpeas, garlic cloves, ground cumin, lemon juice, fresh cilantro, butter, phyllo pastry, lemon wedges, low-fat greek yogurt, milk, fresh mint leaves, harissa",remaining,16,"['garlic,pepper,salt,oil,juice,water,cumin,chickpeas,lemon,t,table,c,ice,min,peas,stick,blend,pea,s,p,end,in,de,f,chickpea,re,chick,l,d,b,e']"
124178,moroccan spiced pie,"coriander seeds, cumin seeds, paprika, ground cinnamon, olive oil, winter squash, shallots, gingerroot, blanched almonds, pistachios, craisins, clear honey, fresh spinach, chickpeas, garlic cloves, ground cumin, lemon juice, fresh cilantro, butter, phyllo pastry, lemon wedges, low-fat greek yogurt, milk, fresh mint leaves, harissa",remaining,31,"['butter,pan,read,nuts,t,heat,s,p,in,de,pie,f,au,re,ad,l,d,b,nt,e,gold,butt,nut']"
124178,moroccan spiced pie,"coriander seeds, cumin seeds, paprika, ground cinnamon, olive oil, winter squash, shallots, gingerroot, blanched almonds, pistachios, craisins, clear honey, fresh spinach, chickpeas, garlic cloves, ground cumin, lemon juice, fresh cilantro, butter, phyllo pastry, lemon wedges, low-fat greek yogurt, milk, fresh mint leaves, harissa",melt,18,"['butter,pan,t,s,p,in,l,b,e,butt']"
124178,moroccan spiced pie,"coriander seeds, cumin seeds, paprika, ground cinnamon, olive oil, winter squash, shallots, gingerroot, blanched almonds, pistachios, craisins, clear honey, fresh spinach, chickpeas, garlic cloves, ground cumin, lemon juice, fresh cilantro, butter, phyllo pastry, lemon wedges, low-fat greek yogurt, milk, fresh mint leaves, harissa",keeping,20,"['t,c,half,s,p,phyllo,in,sheet,pin,f,one,re,red,l,d,b,nt,e,edge']"
124178,moroccan spiced pie,"coriander seeds, cumin seeds, paprika, ground cinnamon, olive oil, winter squash, shallots, gingerroot, blanched almonds, pistachios, craisins, clear honey, fresh spinach, chickpeas, garlic cloves, ground cumin, lemon juice, fresh cilantro, butter, phyllo pastry, lemon wedges, low-fat greek yogurt, milk, fresh mint leaves, harissa",covered,20,"['t,c,half,s,p,phyllo,in,sheet,pin,f,one,re,red,l,d,b,nt,e,edge']"
124178,moroccan spiced pie,"coriander seeds, cumin seeds, paprika, ground cinnamon, olive oil, winter squash, shallots, gingerroot, blanched almonds, pistachios, craisins, clear honey, fresh spinach, chickpeas, garlic cloves, ground cumin, lemon juice, fresh cilantro, butter, phyllo pastry, lemon wedges, low-fat greek yogurt, milk, fresh mint leaves, harissa",dry,20,"['t,c,half,s,p,phyllo,in,sheet,pin,f,one,re,red,l,d,b,nt,e,edge']"
124178,moroccan spiced pie,"coriander seeds, cumin seeds, paprika, ground cinnamon, olive oil, winter squash, shallots, gingerroot, blanched almonds, pistachios, craisins, clear honey, fresh spinach, chickpeas, garlic cloves, ground cumin, lemon juice, fresh cilantro, butter, phyllo pastry, lemon wedges, low-fat greek yogurt, milk, fresh mint leaves, harissa",lay,20,"['t,c,half,s,p,phyllo,in,sheet,pin,f,one,re,red,l,d,b,nt,e,edge']"
124178,moroccan spiced pie,"coriander seeds, cumin seeds, paprika, ground cinnamon, olive oil, winter squash, shallots, gingerroot, blanched almonds, pistachios, craisins, clear honey, fresh spinach, chickpeas, garlic cloves, ground cumin, lemon juice, fresh cilantro, butter, phyllo pastry, lemon wedges, low-fat greek yogurt, milk, fresh mint leaves, harissa",lay,21,"['t,c,s,p,in,sheet,de,f,re,l,d,nt,e,edge']"
124178,moroccan spiced pie,"coriander seeds, cumin seeds, paprika, ground cinnamon, olive oil, winter squash, shallots, gingerroot, blanched almonds, pistachios, craisins, clear honey, fresh spinach, chickpeas, garlic cloves, ground cumin, lemon juice, fresh cilantro, butter, phyllo pastry, lemon wedges, low-fat greek yogurt, milk, fresh mint leaves, harissa",lay,23,"['butter,t,c,s,p,phyllo,in,sheet,sheets,re,l,d,b,e,butt']"
124178,moroccan spiced pie,"coriander seeds, cumin seeds, paprika, ground cinnamon, olive oil, winter squash, shallots, gingerroot, blanched almonds, pistachios, craisins, clear honey, fresh spinach, chickpeas, garlic cloves, ground cumin, lemon juice, fresh cilantro, butter, phyllo pastry, lemon wedges, low-fat greek yogurt, milk, fresh mint leaves, harissa",hangs,20,"['t,c,half,s,p,phyllo,in,sheet,pin,f,one,re,red,l,d,b,nt,e,edge']"
124178,moroccan spiced pie,"coriander seeds, cumin seeds, paprika, ground cinnamon, olive oil, winter squash, shallots, gingerroot, blanched almonds, pistachios, craisins, clear honey, fresh spinach, chickpeas, garlic cloves, ground cumin, lemon juice, fresh cilantro, butter, phyllo pastry, lemon wedges, low-fat greek yogurt, milk, fresh mint leaves, harissa",hangs,21,"['t,c,s,p,in,sheet,de,f,re,l,d,nt,e,edge']"
124178,moroccan spiced pie,"coriander seeds, cumin seeds, paprika, ground cinnamon, olive oil, winter squash, shallots, gingerroot, blanched almonds, pistachios, craisins, clear honey, fresh spinach, chickpeas, garlic cloves, ground cumin, lemon juice, fresh cilantro, butter, phyllo pastry, lemon wedges, low-fat greek yogurt, milk, fresh mint leaves, harissa",overlaps,21,"['t,c,s,p,in,sheet,de,f,re,l,d,nt,e,edge']"
124178,moroccan spiced pie,"coriander seeds, cumin seeds, paprika, ground cinnamon, olive oil, winter squash, shallots, gingerroot, blanched almonds, pistachios, craisins, clear honey, fresh spinach, chickpeas, garlic cloves, ground cumin, lemon juice, fresh cilantro, butter, phyllo pastry, lemon wedges, low-fat greek yogurt, milk, fresh mint leaves, harissa",brush,23,"['butter,t,c,s,p,phyllo,in,sheet,sheets,re,l,d,b,e,butt']"
124178,moroccan spiced pie,"coriander seeds, cumin seeds, paprika, ground cinnamon, olive oil, winter squash, shallots, gingerroot, blanched almonds, pistachios, craisins, clear honey, fresh spinach, chickpeas, garlic cloves, ground cumin, lemon juice, fresh cilantro, butter, phyllo pastry, lemon wedges, low-fat greek yogurt, milk, fresh mint leaves, harissa",brush,28,"['butter,t,c,s,f,re,l,b,e,butt']"
124178,moroccan spiced pie,"coriander seeds, cumin seeds, paprika, ground cinnamon, olive oil, winter squash, shallots, gingerroot, blanched almonds, pistachios, craisins, clear honey, fresh spinach, chickpeas, garlic cloves, ground cumin, lemon juice, fresh cilantro, butter, phyllo pastry, lemon wedges, low-fat greek yogurt, milk, fresh mint leaves, harissa",build,24,"['t,s,p,phyllo,in,sheet,sheets,f,re,l,d,b,e']"
124178,moroccan spiced pie,"coriander seeds, cumin seeds, paprika, ground cinnamon, olive oil, winter squash, shallots, gingerroot, blanched almonds, pistachios, craisins, clear honey, fresh spinach, chickpeas, garlic cloves, ground cumin, lemon juice, fresh cilantro, butter, phyllo pastry, lemon wedges, low-fat greek yogurt, milk, fresh mint leaves, harissa",is,24,"['t,s,p,phyllo,in,sheet,sheets,f,re,l,d,b,e']"
124178,moroccan spiced pie,"coriander seeds, cumin seeds, paprika, ground cinnamon, olive oil, winter squash, shallots, gingerroot, blanched almonds, pistachios, craisins, clear honey, fresh spinach, chickpeas, garlic cloves, ground cumin, lemon juice, fresh cilantro, butter, phyllo pastry, lemon wedges, low-fat greek yogurt, milk, fresh mint leaves, harissa",is,31,"['butter,pan,read,nuts,t,heat,s,p,in,de,pie,f,au,re,ad,l,d,b,nt,e,gold,butt,nut']"
124178,moroccan spiced pie,"coriander seeds, cumin seeds, paprika, ground cinnamon, olive oil, winter squash, shallots, gingerroot, blanched almonds, pistachios, craisins, clear honey, fresh spinach, chickpeas, garlic cloves, ground cumin, lemon juice, fresh cilantro, butter, phyllo pastry, lemon wedges, low-fat greek yogurt, milk, fresh mint leaves, harissa",pile,25,"['squash,t,c,mix,half,s,p,in,pastry,past,f,re,l,ash,nt,e']"
124178,moroccan spiced pie,"coriander seeds, cumin seeds, paprika, ground cinnamon, olive oil, winter squash, shallots, gingerroot, blanched almonds, pistachios, craisins, clear honey, fresh spinach, chickpeas, garlic cloves, ground cumin, lemon juice, fresh cilantro, butter, phyllo pastry, lemon wedges, low-fat greek yogurt, milk, fresh mint leaves, harissa",cover,26,"['squash,t,c,mix,pea,s,p,f,chickpea,top,re,chick,ash,e']"
124178,moroccan spiced pie,"coriander seeds, cumin seeds, paprika, ground cinnamon, olive oil, winter squash, shallots, gingerroot, blanched almonds, pistachios, craisins, clear honey, fresh spinach, chickpeas, garlic cloves, ground cumin, lemon juice, fresh cilantro, butter, phyllo pastry, lemon wedges, low-fat greek yogurt, milk, fresh mint leaves, harissa",cover,27,"['t,c,s,p,phyllo,in,sheet,f,one,re,l,d,b,nt,e,ring,edge']"
124178,moroccan spiced pie,"coriander seeds, cumin seeds, paprika, ground cinnamon, olive oil, winter squash, shallots, gingerroot, blanched almonds, pistachios, craisins, clear honey, fresh spinach, chickpeas, garlic cloves, ground cumin, lemon juice, fresh cilantro, butter, phyllo pastry, lemon wedges, low-fat greek yogurt, milk, fresh mint leaves, harissa",cover,30,"['oil,brown,cook,t,c,cooking,s,end,in,f,l,d,b,e,foil,browning']"
124178,moroccan spiced pie,"coriander seeds, cumin seeds, paprika, ground cinnamon, olive oil, winter squash, shallots, gingerroot, blanched almonds, pistachios, craisins, clear honey, fresh spinach, chickpeas, garlic cloves, ground cumin, lemon juice, fresh cilantro, butter, phyllo pastry, lemon wedges, low-fat greek yogurt, milk, fresh mint leaves, harissa",top,26,"['squash,t,c,mix,pea,s,p,f,chickpea,top,re,chick,ash,e']"
124178,moroccan spiced pie,"coriander seeds, cumin seeds, paprika, ground cinnamon, olive oil, winter squash, shallots, gingerroot, blanched almonds, pistachios, craisins, clear honey, fresh spinach, chickpeas, garlic cloves, ground cumin, lemon juice, fresh cilantro, butter, phyllo pastry, lemon wedges, low-fat greek yogurt, milk, fresh mint leaves, harissa",bring,27,"['t,c,s,p,phyllo,in,sheet,f,one,re,l,d,b,nt,e,ring,edge']"
124178,moroccan spiced pie,"coriander seeds, cumin seeds, paprika, ground cinnamon, olive oil, winter squash, shallots, gingerroot, blanched almonds, pistachios, craisins, clear honey, fresh spinach, chickpeas, garlic cloves, ground cumin, lemon juice, fresh cilantro, butter, phyllo pastry, lemon wedges, low-fat greek yogurt, milk, fresh mint leaves, harissa",creating,27,"['t,c,s,p,phyllo,in,sheet,f,one,re,l,d,b,nt,e,ring,edge']"
124178,moroccan spiced pie,"coriander seeds, cumin seeds, paprika, ground cinnamon, olive oil, winter squash, shallots, gingerroot, blanched almonds, pistachios, craisins, clear honey, fresh spinach, chickpeas, garlic cloves, ground cumin, lemon juice, fresh cilantro, butter, phyllo pastry, lemon wedges, low-fat greek yogurt, milk, fresh mint leaves, harissa",go,27,"['t,c,s,p,phyllo,in,sheet,f,one,re,l,d,b,nt,e,ring,edge']"
124178,moroccan spiced pie,"coriander seeds, cumin seeds, paprika, ground cinnamon, olive oil, winter squash, shallots, gingerroot, blanched almonds, pistachios, craisins, clear honey, fresh spinach, chickpeas, garlic cloves, ground cumin, lemon juice, fresh cilantro, butter, phyllo pastry, lemon wedges, low-fat greek yogurt, milk, fresh mint leaves, harissa",bake,29,"['t,c,min,s,p,in,de,pie,f,-,l,d,b,nt,e,gold,nut']"
124178,moroccan spiced pie,"coriander seeds, cumin seeds, paprika, ground cinnamon, olive oil, winter squash, shallots, gingerroot, blanched almonds, pistachios, craisins, clear honey, fresh spinach, chickpeas, garlic cloves, ground cumin, lemon juice, fresh cilantro, butter, phyllo pastry, lemon wedges, low-fat greek yogurt, milk, fresh mint leaves, harissa",reheat,31,"['butter,pan,read,nuts,t,heat,s,p,in,de,pie,f,au,re,ad,l,d,b,nt,e,gold,butt,nut']"
124178,moroccan spiced pie,"coriander seeds, cumin seeds, paprika, ground cinnamon, olive oil, winter squash, shallots, gingerroot, blanched almonds, pistachios, craisins, clear honey, fresh spinach, chickpeas, garlic cloves, ground cumin, lemon juice, fresh cilantro, butter, phyllo pastry, lemon wedges, low-fat greek yogurt, milk, fresh mint leaves, harissa",spoon,32,"['honey,t,heat,s,p,in,de,pie,f,one,re,l,d,e']"
124178,moroccan spiced pie,"coriander seeds, cumin seeds, paprika, ground cinnamon, olive oil, winter squash, shallots, gingerroot, blanched almonds, pistachios, craisins, clear honey, fresh spinach, chickpeas, garlic cloves, ground cumin, lemon juice, fresh cilantro, butter, phyllo pastry, lemon wedges, low-fat greek yogurt, milk, fresh mint leaves, harissa",melts,32,"['honey,t,heat,s,p,in,de,pie,f,one,re,l,d,e']"
124178,moroccan spiced pie,"coriander seeds, cumin seeds, paprika, ground cinnamon, olive oil, winter squash, shallots, gingerroot, blanched almonds, pistachios, craisins, clear honey, fresh spinach, chickpeas, garlic cloves, ground cumin, lemon juice, fresh cilantro, butter, phyllo pastry, lemon wedges, low-fat greek yogurt, milk, fresh mint leaves, harissa",serve,33,"['sauce,lemon,wedges,t,salad,c,s,wedge,yoghurt,au,re,ad,harissa,l,d,e,green,edge']"
