Id,Name,AllIngredients,Verbs,Steps,Ingredient
124320,thai red curry of beef,"vegetable oil, beef steak, garlic cloves, red curry paste, coconut cream, beef stock, thai fish sauce, brown sugar, red chilies, coconut, baby spinach leaves, fresh basil leaves, dried red chilies, salt, galangal, lemongrass, garlic, shallots, coriander seed, cumin seed, dried shrimp paste",pound,1,"['paste,curry,t,c,s,p,in,de,tar,past,f,one,re,ad,red,l,d,nt,e,o,y,g,ts']"
124320,thai red curry of beef,"vegetable oil, beef steak, garlic cloves, red curry paste, coconut cream, beef stock, thai fish sauce, brown sugar, red chilies, coconut, baby spinach leaves, fresh basil leaves, dried red chilies, salt, galangal, lemongrass, garlic, shallots, coriander seed, cumin seed, dried shrimp paste",listed,1,"['paste,curry,t,c,s,p,in,de,tar,past,f,one,re,ad,red,l,d,nt,e,o,y,g,ts']"
124320,thai red curry of beef,"vegetable oil, beef steak, garlic cloves, red curry paste, coconut cream, beef stock, thai fish sauce, brown sugar, red chilies, coconut, baby spinach leaves, fresh basil leaves, dried red chilies, salt, galangal, lemongrass, garlic, shallots, coriander seed, cumin seed, dried shrimp paste",adding,1,"['paste,curry,t,c,s,p,in,de,tar,past,f,one,re,ad,red,l,d,nt,e,o,y,g,ts']"
124320,thai red curry of beef,"vegetable oil, beef steak, garlic cloves, red curry paste, coconut cream, beef stock, thai fish sauce, brown sugar, red chilies, coconut, baby spinach leaves, fresh basil leaves, dried red chilies, salt, galangal, lemongrass, garlic, shallots, coriander seed, cumin seed, dried shrimp paste",use,2,"['t,c,stick,blend,s,end,de,-,mu,l,d,b,e,o,y,v']"
124320,thai red curry of beef,"vegetable oil, beef steak, garlic cloves, red curry paste, coconut cream, beef stock, thai fish sauce, brown sugar, red chilies, coconut, baby spinach leaves, fresh basil leaves, dried red chilies, salt, galangal, lemongrass, garlic, shallots, coriander seed, cumin seed, dried shrimp paste",blend,3,"['water,paste,t,blend,s,p,end,in,past,f,re,red,l,d,b,nt,e,o,y,g,ts']"
124320,thai red curry of beef,"vegetable oil, beef steak, garlic cloves, red curry paste, coconut cream, beef stock, thai fish sauce, brown sugar, red chilies, coconut, baby spinach leaves, fresh basil leaves, dried red chilies, salt, galangal, lemongrass, garlic, shallots, coriander seed, cumin seed, dried shrimp paste",form,3,"['water,paste,t,blend,s,p,end,in,past,f,re,red,l,d,b,nt,e,o,y,g,ts']"
124320,thai red curry of beef,"vegetable oil, beef steak, garlic cloves, red curry paste, coconut cream, beef stock, thai fish sauce, brown sugar, red chilies, coconut, baby spinach leaves, fresh basil leaves, dried red chilies, salt, galangal, lemongrass, garlic, shallots, coriander seed, cumin seed, dried shrimp paste",heat,4,"['oil,vegetable,curry,t,table,c,heat,veg,f,ad,l,d,b,e,o,y,g,v']"
124320,thai red curry of beef,"vegetable oil, beef steak, garlic cloves, red curry paste, coconut cream, beef stock, thai fish sauce, brown sugar, red chilies, coconut, baby spinach leaves, fresh basil leaves, dried red chilies, salt, galangal, lemongrass, garlic, shallots, coriander seed, cumin seed, dried shrimp paste",heat,11,"['t,heat,l,b,nt,e,o,y,g']"
124320,thai red curry of beef,"vegetable oil, beef steak, garlic cloves, red curry paste, coconut cream, beef stock, thai fish sauce, brown sugar, red chilies, coconut, baby spinach leaves, fresh basil leaves, dried red chilies, salt, galangal, lemongrass, garlic, shallots, coriander seed, cumin seed, dried shrimp paste",add,4,"['oil,vegetable,curry,t,table,c,heat,veg,f,ad,l,d,b,e,o,y,g,v']"
124320,thai red curry of beef,"vegetable oil, beef steak, garlic cloves, red curry paste, coconut cream, beef stock, thai fish sauce, brown sugar, red chilies, coconut, baby spinach leaves, fresh basil leaves, dried red chilies, salt, galangal, lemongrass, garlic, shallots, coriander seed, cumin seed, dried shrimp paste",add,8,"['oil,coconut,cream,t,c,boil,s,in,re,ad,l,d,b,e,ring,gin,nut,o,g']"
124320,thai red curry of beef,"vegetable oil, beef steak, garlic cloves, red curry paste, coconut cream, beef stock, thai fish sauce, brown sugar, red chilies, coconut, baby spinach leaves, fresh basil leaves, dried red chilies, salt, galangal, lemongrass, garlic, shallots, coriander seed, cumin seed, dried shrimp paste",add,9,"['oil,stock,beef,t,c,boil,s,in,f,re,ad,l,d,b,nt,e,ring,o,y,g']"
124320,thai red curry of beef,"vegetable oil, beef steak, garlic cloves, red curry paste, coconut cream, beef stock, thai fish sauce, brown sugar, red chilies, coconut, baby spinach leaves, fresh basil leaves, dried red chilies, salt, galangal, lemongrass, garlic, shallots, coriander seed, cumin seed, dried shrimp paste",stir,5,"['beef,cook,t,c,min,s,p,in,vin,f,-,re,d,b,e,nut,o,y,strips,g,v,hot']"
124320,thai red curry of beef,"vegetable oil, beef steak, garlic cloves, red curry paste, coconut cream, beef stock, thai fish sauce, brown sugar, red chilies, coconut, baby spinach leaves, fresh basil leaves, dried red chilies, salt, galangal, lemongrass, garlic, shallots, coriander seed, cumin seed, dried shrimp paste",stir,7,"['garlic,brown,paste,curry,t,table,c,s,p,in,de,past,f,au,l,d,b,nt,e,gold,o,y,g']"
124320,thai red curry of beef,"vegetable oil, beef steak, garlic cloves, red curry paste, coconut cream, beef stock, thai fish sauce, brown sugar, red chilies, coconut, baby spinach leaves, fresh basil leaves, dried red chilies, salt, galangal, lemongrass, garlic, shallots, coriander seed, cumin seed, dried shrimp paste",stir,8,"['oil,coconut,cream,t,c,boil,s,in,re,ad,l,d,b,e,ring,gin,nut,o,g']"
124320,thai red curry of beef,"vegetable oil, beef steak, garlic cloves, red curry paste, coconut cream, beef stock, thai fish sauce, brown sugar, red chilies, coconut, baby spinach leaves, fresh basil leaves, dried red chilies, salt, galangal, lemongrass, garlic, shallots, coriander seed, cumin seed, dried shrimp paste",stir,10,"['sauce,chili,sugar,coconut,brown,spinach,leaves,t,c,fish,chilies,s,p,in,vin,pin,f,baby,au,re,red,l,d,b,e,nut,o,y,g,v,chilie']"
124320,thai red curry of beef,"vegetable oil, beef steak, garlic cloves, red curry paste, coconut cream, beef stock, thai fish sauce, brown sugar, red chilies, coconut, baby spinach leaves, fresh basil leaves, dried red chilies, salt, galangal, lemongrass, garlic, shallots, coriander seed, cumin seed, dried shrimp paste",stir,12,"['basil,leaves,t,s,in,vin,f,re,l,b,e,o,g,v']"
124320,thai red curry of beef,"vegetable oil, beef steak, garlic cloves, red curry paste, coconut cream, beef stock, thai fish sauce, brown sugar, red chilies, coconut, baby spinach leaves, fresh basil leaves, dried red chilies, salt, galangal, lemongrass, garlic, shallots, coriander seed, cumin seed, dried shrimp paste",fry,5,"['beef,cook,t,c,min,s,p,in,vin,f,-,re,d,b,e,nut,o,y,strips,g,v,hot']"
124320,thai red curry of beef,"vegetable oil, beef steak, garlic cloves, red curry paste, coconut cream, beef stock, thai fish sauce, brown sugar, red chilies, coconut, baby spinach leaves, fresh basil leaves, dried red chilies, salt, galangal, lemongrass, garlic, shallots, coriander seed, cumin seed, dried shrimp paste",fry,7,"['garlic,brown,paste,curry,t,table,c,s,p,in,de,past,f,au,l,d,b,nt,e,gold,o,y,g']"
124320,thai red curry of beef,"vegetable oil, beef steak, garlic cloves, red curry paste, coconut cream, beef stock, thai fish sauce, brown sugar, red chilies, coconut, baby spinach leaves, fresh basil leaves, dried red chilies, salt, galangal, lemongrass, garlic, shallots, coriander seed, cumin seed, dried shrimp paste",removing,5,"['beef,cook,t,c,min,s,p,in,vin,f,-,re,d,b,e,nut,o,y,strips,g,v,hot']"
124320,thai red curry of beef,"vegetable oil, beef steak, garlic cloves, red curry paste, coconut cream, beef stock, thai fish sauce, brown sugar, red chilies, coconut, baby spinach leaves, fresh basil leaves, dried red chilies, salt, galangal, lemongrass, garlic, shallots, coriander seed, cumin seed, dried shrimp paste",cooked,5,"['beef,cook,t,c,min,s,p,in,vin,f,-,re,d,b,e,nut,o,y,strips,g,v,hot']"
124320,thai red curry of beef,"vegetable oil, beef steak, garlic cloves, red curry paste, coconut cream, beef stock, thai fish sauce, brown sugar, red chilies, coconut, baby spinach leaves, fresh basil leaves, dried red chilies, salt, galangal, lemongrass, garlic, shallots, coriander seed, cumin seed, dried shrimp paste",set,6,"['t,s,de,d,e']"
124320,thai red curry of beef,"vegetable oil, beef steak, garlic cloves, red curry paste, coconut cream, beef stock, thai fish sauce, brown sugar, red chilies, coconut, baby spinach leaves, fresh basil leaves, dried red chilies, salt, galangal, lemongrass, garlic, shallots, coriander seed, cumin seed, dried shrimp paste",saut,7,"['garlic,brown,paste,curry,t,table,c,s,p,in,de,past,f,au,l,d,b,nt,e,gold,o,y,g']"
124320,thai red curry of beef,"vegetable oil, beef steak, garlic cloves, red curry paste, coconut cream, beef stock, thai fish sauce, brown sugar, red chilies, coconut, baby spinach leaves, fresh basil leaves, dried red chilies, salt, galangal, lemongrass, garlic, shallots, coriander seed, cumin seed, dried shrimp paste",bringing,8,"['oil,coconut,cream,t,c,boil,s,in,re,ad,l,d,b,e,ring,gin,nut,o,g']"
124320,thai red curry of beef,"vegetable oil, beef steak, garlic cloves, red curry paste, coconut cream, beef stock, thai fish sauce, brown sugar, red chilies, coconut, baby spinach leaves, fresh basil leaves, dried red chilies, salt, galangal, lemongrass, garlic, shallots, coriander seed, cumin seed, dried shrimp paste",return,9,"['oil,stock,beef,t,c,boil,s,in,f,re,ad,l,d,b,nt,e,ring,o,y,g']"
124320,thai red curry of beef,"vegetable oil, beef steak, garlic cloves, red curry paste, coconut cream, beef stock, thai fish sauce, brown sugar, red chilies, coconut, baby spinach leaves, fresh basil leaves, dried red chilies, salt, galangal, lemongrass, garlic, shallots, coriander seed, cumin seed, dried shrimp paste",stirring,9,"['oil,stock,beef,t,c,boil,s,in,f,re,ad,l,d,b,nt,e,ring,o,y,g']"
124320,thai red curry of beef,"vegetable oil, beef steak, garlic cloves, red curry paste, coconut cream, beef stock, thai fish sauce, brown sugar, red chilies, coconut, baby spinach leaves, fresh basil leaves, dried red chilies, salt, galangal, lemongrass, garlic, shallots, coriander seed, cumin seed, dried shrimp paste",reduce,10,"['sauce,chili,sugar,coconut,brown,spinach,leaves,t,c,fish,chilies,s,p,in,vin,pin,f,baby,au,re,red,l,d,b,e,nut,o,y,g,v,chilie']"
124320,thai red curry of beef,"vegetable oil, beef steak, garlic cloves, red curry paste, coconut cream, beef stock, thai fish sauce, brown sugar, red chilies, coconut, baby spinach leaves, fresh basil leaves, dried red chilies, salt, galangal, lemongrass, garlic, shallots, coriander seed, cumin seed, dried shrimp paste",leaves,10,"['sauce,chili,sugar,coconut,brown,spinach,leaves,t,c,fish,chilies,s,p,in,vin,pin,f,baby,au,re,red,l,d,b,e,nut,o,y,g,v,chilie']"
124320,thai red curry of beef,"vegetable oil, beef steak, garlic cloves, red curry paste, coconut cream, beef stock, thai fish sauce, brown sugar, red chilies, coconut, baby spinach leaves, fresh basil leaves, dried red chilies, salt, galangal, lemongrass, garlic, shallots, coriander seed, cumin seed, dried shrimp paste",leaves,12,"['basil,leaves,t,s,in,vin,f,re,l,b,e,o,g,v']"
124320,thai red curry of beef,"vegetable oil, beef steak, garlic cloves, red curry paste, coconut cream, beef stock, thai fish sauce, brown sugar, red chilies, coconut, baby spinach leaves, fresh basil leaves, dried red chilies, salt, galangal, lemongrass, garlic, shallots, coriander seed, cumin seed, dried shrimp paste",serving,12,"['basil,leaves,t,s,in,vin,f,re,l,b,e,o,g,v']"
124320,thai red curry of beef,"vegetable oil, beef steak, garlic cloves, red curry paste, coconut cream, beef stock, thai fish sauce, brown sugar, red chilies, coconut, baby spinach leaves, fresh basil leaves, dried red chilies, salt, galangal, lemongrass, garlic, shallots, coriander seed, cumin seed, dried shrimp paste",serve,13,"['rice,t,c,ice,s,e,v']"
