Id,Name,AllIngredients,Verbs,Steps,Ingredient
127463,aubergine  eggplant  and chickpea curry in minted tomato cream,"aubergine, zucchini, ghee, onion, garlic cloves, fresh green chile, ground coriander, cumin seeds, ground turmeric, garam masala, chopped tomatoes, vegetable stock, salt and pepper, chickpeas, of fresh mint, heavy cream, vegetable oil, mustard seeds, urad dal, curry leaves",cut,1,{}
127463,aubergine  eggplant  and chickpea curry in minted tomato cream,"aubergine, zucchini, ghee, onion, garlic cloves, fresh green chile, ground coriander, cumin seeds, ground turmeric, garam masala, chopped tomatoes, vegetable stock, salt and pepper, chickpeas, of fresh mint, heavy cream, vegetable oil, mustard seeds, urad dal, curry leaves",trim,2,"['zucchini,peel,t,c,ice,slice']"
127463,aubergine  eggplant  and chickpea curry in minted tomato cream,"aubergine, zucchini, ghee, onion, garlic cloves, fresh green chile, ground coriander, cumin seeds, ground turmeric, garam masala, chopped tomatoes, vegetable stock, salt and pepper, chickpeas, of fresh mint, heavy cream, vegetable oil, mustard seeds, urad dal, curry leaves",slice,2,"['zucchini,peel,t,c,ice,slice']"
127463,aubergine  eggplant  and chickpea curry in minted tomato cream,"aubergine, zucchini, ghee, onion, garlic cloves, fresh green chile, ground coriander, cumin seeds, ground turmeric, garam masala, chopped tomatoes, vegetable stock, salt and pepper, chickpeas, of fresh mint, heavy cream, vegetable oil, mustard seeds, urad dal, curry leaves",heat,3,"['sauce,garlic,oil,egg,onion,zucchini,vegetable,pan,t,table,c,ghee,min,heat,eggplant']"
127463,aubergine  eggplant  and chickpea curry in minted tomato cream,"aubergine, zucchini, ghee, onion, garlic cloves, fresh green chile, ground coriander, cumin seeds, ground turmeric, garam masala, chopped tomatoes, vegetable stock, salt and pepper, chickpeas, of fresh mint, heavy cream, vegetable oil, mustard seeds, urad dal, curry leaves",heat,10,"['oil,t,table,heat']"
127463,aubergine  eggplant  and chickpea curry in minted tomato cream,"aubergine, zucchini, ghee, onion, garlic cloves, fresh green chile, ground coriander, cumin seeds, ground turmeric, garam masala, chopped tomatoes, vegetable stock, salt and pepper, chickpeas, of fresh mint, heavy cream, vegetable oil, mustard seeds, urad dal, curry leaves",stirring,3,"['sauce,garlic,oil,egg,onion,zucchini,vegetable,pan,t,table,c,ghee,min,heat,eggplant']"
127463,aubergine  eggplant  and chickpea curry in minted tomato cream,"aubergine, zucchini, ghee, onion, garlic cloves, fresh green chile, ground coriander, cumin seeds, ground turmeric, garam masala, chopped tomatoes, vegetable stock, salt and pepper, chickpeas, of fresh mint, heavy cream, vegetable oil, mustard seeds, urad dal, curry leaves",softened,3,"['sauce,garlic,oil,egg,onion,zucchini,vegetable,pan,t,table,c,ghee,min,heat,eggplant']"
127463,aubergine  eggplant  and chickpea curry in minted tomato cream,"aubergine, zucchini, ghee, onion, garlic cloves, fresh green chile, ground coriander, cumin seeds, ground turmeric, garam masala, chopped tomatoes, vegetable stock, salt and pepper, chickpeas, of fresh mint, heavy cream, vegetable oil, mustard seeds, urad dal, curry leaves",add,4,"['oil,water,t,c,ghee']"
127463,aubergine  eggplant  and chickpea curry in minted tomato cream,"aubergine, zucchini, ghee, onion, garlic cloves, fresh green chile, ground coriander, cumin seeds, ground turmeric, garam masala, chopped tomatoes, vegetable stock, salt and pepper, chickpeas, of fresh mint, heavy cream, vegetable oil, mustard seeds, urad dal, curry leaves",add,6,"['pepper,salt,tomatoes,tomato,stock,t,c']"
127463,aubergine  eggplant  and chickpea curry in minted tomato cream,"aubergine, zucchini, ghee, onion, garlic cloves, fresh green chile, ground coriander, cumin seeds, ground turmeric, garam masala, chopped tomatoes, vegetable stock, salt and pepper, chickpeas, of fresh mint, heavy cream, vegetable oil, mustard seeds, urad dal, curry leaves",add,8,"['pan,chickpeas,cook,t,c,min,peas']"
127463,aubergine  eggplant  and chickpea curry in minted tomato cream,"aubergine, zucchini, ghee, onion, garlic cloves, fresh green chile, ground coriander, cumin seeds, ground turmeric, garam masala, chopped tomatoes, vegetable stock, salt and pepper, chickpeas, of fresh mint, heavy cream, vegetable oil, mustard seeds, urad dal, curry leaves",add,11,"['mustard,leaves,seed,curry,t,c,seeds,star,urad']"
127463,aubergine  eggplant  and chickpea curry in minted tomato cream,"aubergine, zucchini, ghee, onion, garlic cloves, fresh green chile, ground coriander, cumin seeds, ground turmeric, garam masala, chopped tomatoes, vegetable stock, salt and pepper, chickpeas, of fresh mint, heavy cream, vegetable oil, mustard seeds, urad dal, curry leaves",do,4,"['oil,water,t,c,ghee']"
127463,aubergine  eggplant  and chickpea curry in minted tomato cream,"aubergine, zucchini, ghee, onion, garlic cloves, fresh green chile, ground coriander, cumin seeds, ground turmeric, garam masala, chopped tomatoes, vegetable stock, salt and pepper, chickpeas, of fresh mint, heavy cream, vegetable oil, mustard seeds, urad dal, curry leaves",help,4,"['oil,water,t,c,ghee']"
127463,aubergine  eggplant  and chickpea curry in minted tomato cream,"aubergine, zucchini, ghee, onion, garlic cloves, fresh green chile, ground coriander, cumin seeds, ground turmeric, garam masala, chopped tomatoes, vegetable stock, salt and pepper, chickpeas, of fresh mint, heavy cream, vegetable oil, mustard seeds, urad dal, curry leaves",stir,5,"['cook,spice,t,c,ice']"
127463,aubergine  eggplant  and chickpea curry in minted tomato cream,"aubergine, zucchini, ghee, onion, garlic cloves, fresh green chile, ground coriander, cumin seeds, ground turmeric, garam masala, chopped tomatoes, vegetable stock, salt and pepper, chickpeas, of fresh mint, heavy cream, vegetable oil, mustard seeds, urad dal, curry leaves",stir,9,"['cream,mint,t,c,min,heat']"
127463,aubergine  eggplant  and chickpea curry in minted tomato cream,"aubergine, zucchini, ghee, onion, garlic cloves, fresh green chile, ground coriander, cumin seeds, ground turmeric, garam masala, chopped tomatoes, vegetable stock, salt and pepper, chickpeas, of fresh mint, heavy cream, vegetable oil, mustard seeds, urad dal, curry leaves",stir,12,"['t,c']"
127463,aubergine  eggplant  and chickpea curry in minted tomato cream,"aubergine, zucchini, ghee, onion, garlic cloves, fresh green chile, ground coriander, cumin seeds, ground turmeric, garam masala, chopped tomatoes, vegetable stock, salt and pepper, chickpeas, of fresh mint, heavy cream, vegetable oil, mustard seeds, urad dal, curry leaves",taste,6,"['pepper,salt,tomatoes,tomato,stock,t,c']"
127463,aubergine  eggplant  and chickpea curry in minted tomato cream,"aubergine, zucchini, ghee, onion, garlic cloves, fresh green chile, ground coriander, cumin seeds, ground turmeric, garam masala, chopped tomatoes, vegetable stock, salt and pepper, chickpeas, of fresh mint, heavy cream, vegetable oil, mustard seeds, urad dal, curry leaves",cook,7,"['stock,cook,t,c,min,mix']"
127463,aubergine  eggplant  and chickpea curry in minted tomato cream,"aubergine, zucchini, ghee, onion, garlic cloves, fresh green chile, ground coriander, cumin seeds, ground turmeric, garam masala, chopped tomatoes, vegetable stock, salt and pepper, chickpeas, of fresh mint, heavy cream, vegetable oil, mustard seeds, urad dal, curry leaves",cook,8,"['pan,chickpeas,cook,t,c,min,peas']"
127463,aubergine  eggplant  and chickpea curry in minted tomato cream,"aubergine, zucchini, ghee, onion, garlic cloves, fresh green chile, ground coriander, cumin seeds, ground turmeric, garam masala, chopped tomatoes, vegetable stock, salt and pepper, chickpeas, of fresh mint, heavy cream, vegetable oil, mustard seeds, urad dal, curry leaves",adding,7,"['stock,cook,t,c,min,mix']"
127463,aubergine  eggplant  and chickpea curry in minted tomato cream,"aubergine, zucchini, ghee, onion, garlic cloves, fresh green chile, ground coriander, cumin seeds, ground turmeric, garam masala, chopped tomatoes, vegetable stock, salt and pepper, chickpeas, of fresh mint, heavy cream, vegetable oil, mustard seeds, urad dal, curry leaves",becoming,7,"['stock,cook,t,c,min,mix']"
127463,aubergine  eggplant  and chickpea curry in minted tomato cream,"aubergine, zucchini, ghee, onion, garlic cloves, fresh green chile, ground coriander, cumin seeds, ground turmeric, garam masala, chopped tomatoes, vegetable stock, salt and pepper, chickpeas, of fresh mint, heavy cream, vegetable oil, mustard seeds, urad dal, curry leaves",reheat,9,"['cream,mint,t,c,min,heat']"
127463,aubergine  eggplant  and chickpea curry in minted tomato cream,"aubergine, zucchini, ghee, onion, garlic cloves, fresh green chile, ground coriander, cumin seeds, ground turmeric, garam masala, chopped tomatoes, vegetable stock, salt and pepper, chickpeas, of fresh mint, heavy cream, vegetable oil, mustard seeds, urad dal, curry leaves",fry,12,"['t,c']"
127463,aubergine  eggplant  and chickpea curry in minted tomato cream,"aubergine, zucchini, ghee, onion, garlic cloves, fresh green chile, ground coriander, cumin seeds, ground turmeric, garam masala, chopped tomatoes, vegetable stock, salt and pepper, chickpeas, of fresh mint, heavy cream, vegetable oil, mustard seeds, urad dal, curry leaves",serve,13,"['rice,t,c,ice']"
127463,aubergine  eggplant  and chickpea curry in minted tomato cream,"aubergine, zucchini, ghee, onion, garlic cloves, fresh green chile, ground coriander, cumin seeds, ground turmeric, garam masala, chopped tomatoes, vegetable stock, salt and pepper, chickpeas, of fresh mint, heavy cream, vegetable oil, mustard seeds, urad dal, curry leaves",preferred,13,"['rice,t,c,ice']"
