Id,Name,AllIngredients,Verbs,Steps,Ingredient
129479,gingerbread cake with rum raisin sauce,"all-purpose flour, ground ginger, ground cinnamon, ground cloves, salt, baking powder, ground nutmeg, eggs, butter, lard, granulated sugar, dark molasses, buttermilk, baking soda, water, dark raisin, brown sugar, fresh lemon juice, nutmeg, cornstarch",preheat,1,{}
129479,gingerbread cake with rum raisin sauce,"all-purpose flour, ground ginger, ground cinnamon, ground cloves, salt, baking powder, ground nutmeg, eggs, butter, lard, granulated sugar, dark molasses, buttermilk, baking soda, water, dark raisin, brown sugar, fresh lemon juice, nutmeg, cornstarch",sift,2,"['ginger,powder,salt,flour,cinnamon,cloves,clove,nutmeg,t,c,baking,s,p,in,de,f,l,d,b,e']"
129479,gingerbread cake with rum raisin sauce,"all-purpose flour, ground ginger, ground cinnamon, ground cloves, salt, baking powder, ground nutmeg, eggs, butter, lard, granulated sugar, dark molasses, buttermilk, baking soda, water, dark raisin, brown sugar, fresh lemon juice, nutmeg, cornstarch",baking,2,"['ginger,powder,salt,flour,cinnamon,cloves,clove,nutmeg,t,c,baking,s,p,in,de,f,l,d,b,e']"
129479,gingerbread cake with rum raisin sauce,"all-purpose flour, ground ginger, ground cinnamon, ground cloves, salt, baking powder, ground nutmeg, eggs, butter, lard, granulated sugar, dark molasses, buttermilk, baking soda, water, dark raisin, brown sugar, fresh lemon juice, nutmeg, cornstarch",baking,9,"['soda,water,t,baking,blend,s,end,in,l,d,b,e']"
129479,gingerbread cake with rum raisin sauce,"all-purpose flour, ground ginger, ground cinnamon, ground cloves, salt, baking powder, ground nutmeg, eggs, butter, lard, granulated sugar, dark molasses, buttermilk, baking soda, water, dark raisin, brown sugar, fresh lemon juice, nutmeg, cornstarch",set,2,"['ginger,powder,salt,flour,cinnamon,cloves,clove,nutmeg,t,c,baking,s,p,in,de,f,l,d,b,e']"
129479,gingerbread cake with rum raisin sauce,"all-purpose flour, ground ginger, ground cinnamon, ground cloves, salt, baking powder, ground nutmeg, eggs, butter, lard, granulated sugar, dark molasses, buttermilk, baking soda, water, dark raisin, brown sugar, fresh lemon juice, nutmeg, cornstarch",set,3,"['eggs,egg,t,s,in,de,l,d,b,e']"
129479,gingerbread cake with rum raisin sauce,"all-purpose flour, ground ginger, ground cinnamon, ground cloves, salt, baking powder, ground nutmeg, eggs, butter, lard, granulated sugar, dark molasses, buttermilk, baking soda, water, dark raisin, brown sugar, fresh lemon juice, nutmeg, cornstarch",beat,3,"['eggs,egg,t,s,in,de,l,d,b,e']"
129479,gingerbread cake with rum raisin sauce,"all-purpose flour, ground ginger, ground cinnamon, ground cloves, salt, baking powder, ground nutmeg, eggs, butter, lard, granulated sugar, dark molasses, buttermilk, baking soda, water, dark raisin, brown sugar, fresh lemon juice, nutmeg, cornstarch",beat,4,"['butter,t,mix,in,lard,l,d,b,e']"
129479,gingerbread cake with rum raisin sauce,"all-purpose flour, ground ginger, ground cinnamon, ground cloves, salt, baking powder, ground nutmeg, eggs, butter, lard, granulated sugar, dark molasses, buttermilk, baking soda, water, dark raisin, brown sugar, fresh lemon juice, nutmeg, cornstarch",add,5,"['sugar,t,min,blend,s,end,in,ad,l,d,b,e']"
129479,gingerbread cake with rum raisin sauce,"all-purpose flour, ground ginger, ground cinnamon, ground cloves, salt, baking powder, ground nutmeg, eggs, butter, lard, granulated sugar, dark molasses, buttermilk, baking soda, water, dark raisin, brown sugar, fresh lemon juice, nutmeg, cornstarch",add,6,"['eggs,egg,molasses,t,blend,s,end,ad,l,d,b,e']"
129479,gingerbread cake with rum raisin sauce,"all-purpose flour, ground ginger, ground cinnamon, ground cloves, salt, baking powder, ground nutmeg, eggs, butter, lard, granulated sugar, dark molasses, buttermilk, baking soda, water, dark raisin, brown sugar, fresh lemon juice, nutmeg, cornstarch",add,7,"['flour,butter,buttermilk,milk,t,mix,end,in,f,tel,re,ad,l,d,b,e']"
129479,gingerbread cake with rum raisin sauce,"all-purpose flour, ground ginger, ground cinnamon, ground cloves, salt, baking powder, ground nutmeg, eggs, butter, lard, granulated sugar, dark molasses, buttermilk, baking soda, water, dark raisin, brown sugar, fresh lemon juice, nutmeg, cornstarch",add,14,"['butter,t,s,ad,l,d,b,nt,e']"
129479,gingerbread cake with rum raisin sauce,"all-purpose flour, ground ginger, ground cinnamon, ground cloves, salt, baking powder, ground nutmeg, eggs, butter, lard, granulated sugar, dark molasses, buttermilk, baking soda, water, dark raisin, brown sugar, fresh lemon juice, nutmeg, cornstarch",add,16,"['sauce,cook,t,c,s,in,au,ad,l,d,b,nt,e']"
129479,gingerbread cake with rum raisin sauce,"all-purpose flour, ground ginger, ground cinnamon, ground cloves, salt, baking powder, ground nutmeg, eggs, butter, lard, granulated sugar, dark molasses, buttermilk, baking soda, water, dark raisin, brown sugar, fresh lemon juice, nutmeg, cornstarch",blend,5,"['sugar,t,min,blend,s,end,in,ad,l,d,b,e']"
129479,gingerbread cake with rum raisin sauce,"all-purpose flour, ground ginger, ground cinnamon, ground cloves, salt, baking powder, ground nutmeg, eggs, butter, lard, granulated sugar, dark molasses, buttermilk, baking soda, water, dark raisin, brown sugar, fresh lemon juice, nutmeg, cornstarch",blend,6,"['eggs,egg,molasses,t,blend,s,end,ad,l,d,b,e']"
129479,gingerbread cake with rum raisin sauce,"all-purpose flour, ground ginger, ground cinnamon, ground cloves, salt, baking powder, ground nutmeg, eggs, butter, lard, granulated sugar, dark molasses, buttermilk, baking soda, water, dark raisin, brown sugar, fresh lemon juice, nutmeg, cornstarch",blend,9,"['soda,water,t,baking,blend,s,end,in,l,d,b,e']"
129479,gingerbread cake with rum raisin sauce,"all-purpose flour, ground ginger, ground cinnamon, ground cloves, salt, baking powder, ground nutmeg, eggs, butter, lard, granulated sugar, dark molasses, buttermilk, baking soda, water, dark raisin, brown sugar, fresh lemon juice, nutmeg, cornstarch",beaten,6,"['eggs,egg,molasses,t,blend,s,end,ad,l,d,b,e']"
129479,gingerbread cake with rum raisin sauce,"all-purpose flour, ground ginger, ground cinnamon, ground cloves, salt, baking powder, ground nutmeg, eggs, butter, lard, granulated sugar, dark molasses, buttermilk, baking soda, water, dark raisin, brown sugar, fresh lemon juice, nutmeg, cornstarch",beginning,7,"['flour,butter,buttermilk,milk,t,mix,end,in,f,tel,re,ad,l,d,b,e']"
129479,gingerbread cake with rum raisin sauce,"all-purpose flour, ground ginger, ground cinnamon, ground cloves, salt, baking powder, ground nutmeg, eggs, butter, lard, granulated sugar, dark molasses, buttermilk, baking soda, water, dark raisin, brown sugar, fresh lemon juice, nutmeg, cornstarch",ending,7,"['flour,butter,buttermilk,milk,t,mix,end,in,f,tel,re,ad,l,d,b,e']"
129479,gingerbread cake with rum raisin sauce,"all-purpose flour, ground ginger, ground cinnamon, ground cloves, salt, baking powder, ground nutmeg, eggs, butter, lard, granulated sugar, dark molasses, buttermilk, baking soda, water, dark raisin, brown sugar, fresh lemon juice, nutmeg, cornstarch",overmix,8,"['t,mix,d,e']"
129479,gingerbread cake with rum raisin sauce,"all-purpose flour, ground ginger, ground cinnamon, ground cloves, salt, baking powder, ground nutmeg, eggs, butter, lard, granulated sugar, dark molasses, buttermilk, baking soda, water, dark raisin, brown sugar, fresh lemon juice, nutmeg, cornstarch",pour,10,"['pan,read,t,grease,s,p,in,batter,re,ad,l,d,b,nt,e']"
129479,gingerbread cake with rum raisin sauce,"all-purpose flour, ground ginger, ground cinnamon, ground cloves, salt, baking powder, ground nutmeg, eggs, butter, lard, granulated sugar, dark molasses, buttermilk, baking soda, water, dark raisin, brown sugar, fresh lemon juice, nutmeg, cornstarch",spread,10,"['pan,read,t,grease,s,p,in,batter,re,ad,l,d,b,nt,e']"
129479,gingerbread cake with rum raisin sauce,"all-purpose flour, ground ginger, ground cinnamon, ground cloves, salt, baking powder, ground nutmeg, eggs, butter, lard, granulated sugar, dark molasses, buttermilk, baking soda, water, dark raisin, brown sugar, fresh lemon juice, nutmeg, cornstarch",bake,11,"['t,c,min,s,p,in,cake,spring,f,top,l,d,light,b,nt,e']"
129479,gingerbread cake with rum raisin sauce,"all-purpose flour, ground ginger, ground cinnamon, ground cloves, salt, baking powder, ground nutmeg, eggs, butter, lard, granulated sugar, dark molasses, buttermilk, baking soda, water, dark raisin, brown sugar, fresh lemon juice, nutmeg, cornstarch",touched,11,"['t,c,min,s,p,in,cake,spring,f,top,l,d,light,b,nt,e']"
129479,gingerbread cake with rum raisin sauce,"all-purpose flour, ground ginger, ground cinnamon, ground cloves, salt, baking powder, ground nutmeg, eggs, butter, lard, granulated sugar, dark molasses, buttermilk, baking soda, water, dark raisin, brown sugar, fresh lemon juice, nutmeg, cornstarch",bakes,12,"['sauce,salt,sugar,juice,water,pan,nutmeg,lemon,raisins,raisin,t,c,ice,s,p,in,medium,cake,f,au,l,d,b,e']"
129479,gingerbread cake with rum raisin sauce,"all-purpose flour, ground ginger, ground cinnamon, ground cloves, salt, baking powder, ground nutmeg, eggs, butter, lard, granulated sugar, dark molasses, buttermilk, baking soda, water, dark raisin, brown sugar, fresh lemon juice, nutmeg, cornstarch",combine,12,"['sauce,salt,sugar,juice,water,pan,nutmeg,lemon,raisins,raisin,t,c,ice,s,p,in,medium,cake,f,au,l,d,b,e']"
129479,gingerbread cake with rum raisin sauce,"all-purpose flour, ground ginger, ground cinnamon, ground cloves, salt, baking powder, ground nutmeg, eggs, butter, lard, granulated sugar, dark molasses, buttermilk, baking soda, water, dark raisin, brown sugar, fresh lemon juice, nutmeg, cornstarch",combine,15,"['water,corn,starch,t,c,cornstarch,star,s,p,in,tar,re,l,d,b,e']"
129479,gingerbread cake with rum raisin sauce,"all-purpose flour, ground ginger, ground cinnamon, ground cloves, salt, baking powder, ground nutmeg, eggs, butter, lard, granulated sugar, dark molasses, buttermilk, baking soda, water, dark raisin, brown sugar, fresh lemon juice, nutmeg, cornstarch",simmer,13,"['t,c,min,s,in,f,re,red,d,e']"
129479,gingerbread cake with rum raisin sauce,"all-purpose flour, ground ginger, ground cinnamon, ground cloves, salt, baking powder, ground nutmeg, eggs, butter, lard, granulated sugar, dark molasses, buttermilk, baking soda, water, dark raisin, brown sugar, fresh lemon juice, nutmeg, cornstarch",uncovered,13,"['t,c,min,s,in,f,re,red,d,e']"
129479,gingerbread cake with rum raisin sauce,"all-purpose flour, ground ginger, ground cinnamon, ground cloves, salt, baking powder, ground nutmeg, eggs, butter, lard, granulated sugar, dark molasses, buttermilk, baking soda, water, dark raisin, brown sugar, fresh lemon juice, nutmeg, cornstarch",stir,14,"['butter,t,s,ad,l,d,b,nt,e']"
129479,gingerbread cake with rum raisin sauce,"all-purpose flour, ground ginger, ground cinnamon, ground cloves, salt, baking powder, ground nutmeg, eggs, butter, lard, granulated sugar, dark molasses, buttermilk, baking soda, water, dark raisin, brown sugar, fresh lemon juice, nutmeg, cornstarch",melts,14,"['butter,t,s,ad,l,d,b,nt,e']"
129479,gingerbread cake with rum raisin sauce,"all-purpose flour, ground ginger, ground cinnamon, ground cloves, salt, baking powder, ground nutmeg, eggs, butter, lard, granulated sugar, dark molasses, buttermilk, baking soda, water, dark raisin, brown sugar, fresh lemon juice, nutmeg, cornstarch",remaining,15,"['water,corn,starch,t,c,cornstarch,star,s,p,in,tar,re,l,d,b,e']"
129479,gingerbread cake with rum raisin sauce,"all-purpose flour, ground ginger, ground cinnamon, ground cloves, salt, baking powder, ground nutmeg, eggs, butter, lard, granulated sugar, dark molasses, buttermilk, baking soda, water, dark raisin, brown sugar, fresh lemon juice, nutmeg, cornstarch",bubbling,16,"['sauce,cook,t,c,s,in,au,ad,l,d,b,nt,e']"
129479,gingerbread cake with rum raisin sauce,"all-purpose flour, ground ginger, ground cinnamon, ground cloves, salt, baking powder, ground nutmeg, eggs, butter, lard, granulated sugar, dark molasses, buttermilk, baking soda, water, dark raisin, brown sugar, fresh lemon juice, nutmeg, cornstarch",cook,16,"['sauce,cook,t,c,s,in,au,ad,l,d,b,nt,e']"
129479,gingerbread cake with rum raisin sauce,"all-purpose flour, ground ginger, ground cinnamon, ground cloves, salt, baking powder, ground nutmeg, eggs, butter, lard, granulated sugar, dark molasses, buttermilk, baking soda, water, dark raisin, brown sugar, fresh lemon juice, nutmeg, cornstarch",thickens,16,"['sauce,cook,t,c,s,in,au,ad,l,d,b,nt,e']"
129479,gingerbread cake with rum raisin sauce,"all-purpose flour, ground ginger, ground cinnamon, ground cloves, salt, baking powder, ground nutmeg, eggs, butter, lard, granulated sugar, dark molasses, buttermilk, baking soda, water, dark raisin, brown sugar, fresh lemon juice, nutmeg, cornstarch",serve,17,"['ginger,read,bread,t,s,in,f,re,ad,warm,d,b,e']"
