Id,Name,AllIngredients,Verbs,Steps,Ingredient
130884,spicy vegetable egg noodles,"oil, egg noodles, garlic cloves, leek, green chili pepper, ginger, baby corn, vegetable stock, carrots, white pepper, black pepper, salt, celery heart, green bell pepper, spinach, green onions, red chili pepper flakes, cornstarch, rice wine vinegar, sesame oil, bean sprouts",start,1,{}
130884,spicy vegetable egg noodles,"oil, egg noodles, garlic cloves, leek, green chili pepper, ginger, baby corn, vegetable stock, carrots, white pepper, black pepper, salt, celery heart, green bell pepper, spinach, green onions, red chili pepper flakes, cornstarch, rice wine vinegar, sesame oil, bean sprouts",start,3,"['oil,water,noodles,cook,t,c,boil,cooking,boiling,star,s,p,in,tar,noodle,re,red,l,d,b,e,o,y,tart,g,v']"
130884,spicy vegetable egg noodles,"oil, egg noodles, garlic cloves, leek, green chili pepper, ginger, baby corn, vegetable stock, carrots, white pepper, black pepper, salt, celery heart, green bell pepper, spinach, green onions, red chili pepper flakes, cornstarch, rice wine vinegar, sesame oil, bean sprouts",boiling,1,"['oil,water,noodles,pot,cook,t,c,boil,boiling,star,s,p,in,tar,noodle,l,d,b,e,o,y,tart,g']"
130884,spicy vegetable egg noodles,"oil, egg noodles, garlic cloves, leek, green chili pepper, ginger, baby corn, vegetable stock, carrots, white pepper, black pepper, salt, celery heart, green bell pepper, spinach, green onions, red chili pepper flakes, cornstarch, rice wine vinegar, sesame oil, bean sprouts",boiling,3,"['oil,water,noodles,cook,t,c,boil,cooking,boiling,star,s,p,in,tar,noodle,re,red,l,d,b,e,o,y,tart,g,v']"
130884,spicy vegetable egg noodles,"oil, egg noodles, garlic cloves, leek, green chili pepper, ginger, baby corn, vegetable stock, carrots, white pepper, black pepper, salt, celery heart, green bell pepper, spinach, green onions, red chili pepper flakes, cornstarch, rice wine vinegar, sesame oil, bean sprouts",cook,1,"['oil,water,noodles,pot,cook,t,c,boil,boiling,star,s,p,in,tar,noodle,l,d,b,e,o,y,tart,g']"
130884,spicy vegetable egg noodles,"oil, egg noodles, garlic cloves, leek, green chili pepper, ginger, baby corn, vegetable stock, carrots, white pepper, black pepper, salt, celery heart, green bell pepper, spinach, green onions, red chili pepper flakes, cornstarch, rice wine vinegar, sesame oil, bean sprouts",cooking,3,"['oil,water,noodles,cook,t,c,boil,cooking,boiling,star,s,p,in,tar,noodle,re,red,l,d,b,e,o,y,tart,g,v']"
130884,spicy vegetable egg noodles,"oil, egg noodles, garlic cloves, leek, green chili pepper, ginger, baby corn, vegetable stock, carrots, white pepper, black pepper, salt, celery heart, green bell pepper, spinach, green onions, red chili pepper flakes, cornstarch, rice wine vinegar, sesame oil, bean sprouts",prepared,3,"['oil,water,noodles,cook,t,c,boil,cooking,boiling,star,s,p,in,tar,noodle,re,red,l,d,b,e,o,y,tart,g,v']"
130884,spicy vegetable egg noodles,"oil, egg noodles, garlic cloves, leek, green chili pepper, ginger, baby corn, vegetable stock, carrots, white pepper, black pepper, salt, celery heart, green bell pepper, spinach, green onions, red chili pepper flakes, cornstarch, rice wine vinegar, sesame oil, bean sprouts",strain,3,"['oil,water,noodles,cook,t,c,boil,cooking,boiling,star,s,p,in,tar,noodle,re,red,l,d,b,e,o,y,tart,g,v']"
130884,spicy vegetable egg noodles,"oil, egg noodles, garlic cloves, leek, green chili pepper, ginger, baby corn, vegetable stock, carrots, white pepper, black pepper, salt, celery heart, green bell pepper, spinach, green onions, red chili pepper flakes, cornstarch, rice wine vinegar, sesame oil, bean sprouts",are,3,"['oil,water,noodles,cook,t,c,boil,cooking,boiling,star,s,p,in,tar,noodle,re,red,l,d,b,e,o,y,tart,g,v']"
130884,spicy vegetable egg noodles,"oil, egg noodles, garlic cloves, leek, green chili pepper, ginger, baby corn, vegetable stock, carrots, white pepper, black pepper, salt, celery heart, green bell pepper, spinach, green onions, red chili pepper flakes, cornstarch, rice wine vinegar, sesame oil, bean sprouts",cooked,3,"['oil,water,noodles,cook,t,c,boil,cooking,boiling,star,s,p,in,tar,noodle,re,red,l,d,b,e,o,y,tart,g,v']"
130884,spicy vegetable egg noodles,"oil, egg noodles, garlic cloves, leek, green chili pepper, ginger, baby corn, vegetable stock, carrots, white pepper, black pepper, salt, celery heart, green bell pepper, spinach, green onions, red chili pepper flakes, cornstarch, rice wine vinegar, sesame oil, bean sprouts",cooked,6,"['pasta,cook,t,c,s,p,de,past,ad,l,d,nt,e,o,y']"
130884,spicy vegetable egg noodles,"oil, egg noodles, garlic cloves, leek, green chili pepper, ginger, baby corn, vegetable stock, carrots, white pepper, black pepper, salt, celery heart, green bell pepper, spinach, green onions, red chili pepper flakes, cornstarch, rice wine vinegar, sesame oil, bean sprouts",add,4,"['vegetable,stock,corn,t,table,c,s,veg,f,ad,l,d,b,e,o,y,g,v']"
130884,spicy vegetable egg noodles,"oil, egg noodles, garlic cloves, leek, green chili pepper, ginger, baby corn, vegetable stock, carrots, white pepper, black pepper, salt, celery heart, green bell pepper, spinach, green onions, red chili pepper flakes, cornstarch, rice wine vinegar, sesame oil, bean sprouts",add,5,"['pepper,salt,oil,carrots,stock,carrot,t,c,boil,s,p,in,white,ad,l,d,b,e,ring,o,g,ts']"
130884,spicy vegetable egg noodles,"oil, egg noodles, garlic cloves, leek, green chili pepper, ginger, baby corn, vegetable stock, carrots, white pepper, black pepper, salt, celery heart, green bell pepper, spinach, green onions, red chili pepper flakes, cornstarch, rice wine vinegar, sesame oil, bean sprouts",add,6,"['pasta,cook,t,c,s,p,de,past,ad,l,d,nt,e,o,y']"
130884,spicy vegetable egg noodles,"oil, egg noodles, garlic cloves, leek, green chili pepper, ginger, baby corn, vegetable stock, carrots, white pepper, black pepper, salt, celery heart, green bell pepper, spinach, green onions, red chili pepper flakes, cornstarch, rice wine vinegar, sesame oil, bean sprouts",add,7,"['pepper,celery,bell,t,c,s,p,in,re,ad,l,d,b,e,green,y,g']"
130884,spicy vegetable egg noodles,"oil, egg noodles, garlic cloves, leek, green chili pepper, ginger, baby corn, vegetable stock, carrots, white pepper, black pepper, salt, celery heart, green bell pepper, spinach, green onions, red chili pepper flakes, cornstarch, rice wine vinegar, sesame oil, bean sprouts",add,8,"['water,paste,corn,starch,t,c,cornstarch,star,s,p,in,tar,past,ad,l,d,b,e,corns,o,y,g']"
130884,spicy vegetable egg noodles,"oil, egg noodles, garlic cloves, leek, green chili pepper, ginger, baby corn, vegetable stock, carrots, white pepper, black pepper, salt, celery heart, green bell pepper, spinach, green onions, red chili pepper flakes, cornstarch, rice wine vinegar, sesame oil, bean sprouts",add,9,"['stock,paste,t,c,mix,s,p,in,past,tel,re,ad,l,d,e,o,y']"
130884,spicy vegetable egg noodles,"oil, egg noodles, garlic cloves, leek, green chili pepper, ginger, baby corn, vegetable stock, carrots, white pepper, black pepper, salt, celery heart, green bell pepper, spinach, green onions, red chili pepper flakes, cornstarch, rice wine vinegar, sesame oil, bean sprouts",followed,4,"['vegetable,stock,corn,t,table,c,s,veg,f,ad,l,d,b,e,o,y,g,v']"
130884,spicy vegetable egg noodles,"oil, egg noodles, garlic cloves, leek, green chili pepper, ginger, baby corn, vegetable stock, carrots, white pepper, black pepper, salt, celery heart, green bell pepper, spinach, green onions, red chili pepper flakes, cornstarch, rice wine vinegar, sesame oil, bean sprouts",bring,5,"['pepper,salt,oil,carrots,stock,carrot,t,c,boil,s,p,in,white,ad,l,d,b,e,ring,o,g,ts']"
130884,spicy vegetable egg noodles,"oil, egg noodles, garlic cloves, leek, green chili pepper, ginger, baby corn, vegetable stock, carrots, white pepper, black pepper, salt, celery heart, green bell pepper, spinach, green onions, red chili pepper flakes, cornstarch, rice wine vinegar, sesame oil, bean sprouts",stir,5,"['pepper,salt,oil,carrots,stock,carrot,t,c,boil,s,p,in,white,ad,l,d,b,e,ring,o,g,ts']"
130884,spicy vegetable egg noodles,"oil, egg noodles, garlic cloves, leek, green chili pepper, ginger, baby corn, vegetable stock, carrots, white pepper, black pepper, salt, celery heart, green bell pepper, spinach, green onions, red chili pepper flakes, cornstarch, rice wine vinegar, sesame oil, bean sprouts",stir,7,"['pepper,celery,bell,t,c,s,p,in,re,ad,l,d,b,e,green,y,g']"
130884,spicy vegetable egg noodles,"oil, egg noodles, garlic cloves, leek, green chili pepper, ginger, baby corn, vegetable stock, carrots, white pepper, black pepper, salt, celery heart, green bell pepper, spinach, green onions, red chili pepper flakes, cornstarch, rice wine vinegar, sesame oil, bean sprouts",stir,9,"['stock,paste,t,c,mix,s,p,in,past,tel,re,ad,l,d,e,o,y']"
130884,spicy vegetable egg noodles,"oil, egg noodles, garlic cloves, leek, green chili pepper, ginger, baby corn, vegetable stock, carrots, white pepper, black pepper, salt, celery heart, green bell pepper, spinach, green onions, red chili pepper flakes, cornstarch, rice wine vinegar, sesame oil, bean sprouts",stir,10,"['onion,vinegar,onions,t,heat,s,in,vin,f,re,d,e,green,vine,o,g,v']"
130884,spicy vegetable egg noodles,"oil, egg noodles, garlic cloves, leek, green chili pepper, ginger, baby corn, vegetable stock, carrots, white pepper, black pepper, salt, celery heart, green bell pepper, spinach, green onions, red chili pepper flakes, cornstarch, rice wine vinegar, sesame oil, bean sprouts",is,6,"['pasta,cook,t,c,s,p,de,past,ad,l,d,nt,e,o,y']"
130884,spicy vegetable egg noodles,"oil, egg noodles, garlic cloves, leek, green chili pepper, ginger, baby corn, vegetable stock, carrots, white pepper, black pepper, salt, celery heart, green bell pepper, spinach, green onions, red chili pepper flakes, cornstarch, rice wine vinegar, sesame oil, bean sprouts",take,8,"['water,paste,corn,starch,t,c,cornstarch,star,s,p,in,tar,past,ad,l,d,b,e,corns,o,y,g']"
130884,spicy vegetable egg noodles,"oil, egg noodles, garlic cloves, leek, green chili pepper, ginger, baby corn, vegetable stock, carrots, white pepper, black pepper, salt, celery heart, green bell pepper, spinach, green onions, red chili pepper flakes, cornstarch, rice wine vinegar, sesame oil, bean sprouts",make,8,"['water,paste,corn,starch,t,c,cornstarch,star,s,p,in,tar,past,ad,l,d,b,e,corns,o,y,g']"
130884,spicy vegetable egg noodles,"oil, egg noodles, garlic cloves, leek, green chili pepper, ginger, baby corn, vegetable stock, carrots, white pepper, black pepper, salt, celery heart, green bell pepper, spinach, green onions, red chili pepper flakes, cornstarch, rice wine vinegar, sesame oil, bean sprouts",turn,10,"['onion,vinegar,onions,t,heat,s,in,vin,f,re,d,e,green,vine,o,g,v']"
130884,spicy vegetable egg noodles,"oil, egg noodles, garlic cloves, leek, green chili pepper, ginger, baby corn, vegetable stock, carrots, white pepper, black pepper, salt, celery heart, green bell pepper, spinach, green onions, red chili pepper flakes, cornstarch, rice wine vinegar, sesame oil, bean sprouts",garnish,11,"['pepper,bean,sprouts,flakes,t,s,p,f,re,red,l,flake,d,b,e,o,g,ts,sprout']"
130884,spicy vegetable egg noodles,"oil, egg noodles, garlic cloves, leek, green chili pepper, ginger, baby corn, vegetable stock, carrots, white pepper, black pepper, salt, celery heart, green bell pepper, spinach, green onions, red chili pepper flakes, cornstarch, rice wine vinegar, sesame oil, bean sprouts",drizzle,12,"['oil,sesame,t,s,f,l,d,b,e,o,bit,sesam']"
130884,spicy vegetable egg noodles,"oil, egg noodles, garlic cloves, leek, green chili pepper, ginger, baby corn, vegetable stock, carrots, white pepper, black pepper, salt, celery heart, green bell pepper, spinach, green onions, red chili pepper flakes, cornstarch, rice wine vinegar, sesame oil, bean sprouts",serve,13,"['s,e,o,y,v']"
130884,spicy vegetable egg noodles,"oil, egg noodles, garlic cloves, leek, green chili pepper, ginger, baby corn, vegetable stock, carrots, white pepper, black pepper, salt, celery heart, green bell pepper, spinach, green onions, red chili pepper flakes, cornstarch, rice wine vinegar, sesame oil, bean sprouts",enjoy,13,"['s,e,o,y,v']"
