Id,Name,AllIngredients,Verbs,Steps,Ingredient
131149,rice with julienned potatoes,"potatoes, yoghurt, parsley, chili peppers, fresh ginger, coconut, cumin seeds, cloves, cinnamon, bay leaf, oil, long-grain rice, turmeric, hot water, salt, brown sugar, lime juice, frozen peas, butter, lime",start,1,{}
131149,rice with julienned potatoes,"potatoes, yoghurt, parsley, chili peppers, fresh ginger, coconut, cumin seeds, cloves, cinnamon, bay leaf, oil, long-grain rice, turmeric, hot water, salt, brown sugar, lime juice, frozen peas, butter, lime",defrosting,1,"['t,peas,star,pea,s,p,in,de,tar,f,frost,frosting,d,e,o,tart']"
131149,rice with julienned potatoes,"potatoes, yoghurt, parsley, chili peppers, fresh ginger, coconut, cumin seeds, cloves, cinnamon, bay leaf, oil, long-grain rice, turmeric, hot water, salt, brown sugar, lime juice, frozen peas, butter, lime",cut,2,"['pot,potatoes,t,c,sticks,potato,stick,s,p,in,nt,e,o']"
131149,rice with julienned potatoes,"potatoes, yoghurt, parsley, chili peppers, fresh ginger, coconut, cumin seeds, cloves, cinnamon, bay leaf, oil, long-grain rice, turmeric, hot water, salt, brown sugar, lime juice, frozen peas, butter, lime",stir,3,"['ginger,chili,coconut,parsley,pot,t,c,oat,sticks,mix,potato,stick,s,p,in,medium,yoghurt,l,d,b,e,gin,nut,o,y']"
131149,rice with julienned potatoes,"potatoes, yoghurt, parsley, chili peppers, fresh ginger, coconut, cumin seeds, cloves, cinnamon, bay leaf, oil, long-grain rice, turmeric, hot water, salt, brown sugar, lime juice, frozen peas, butter, lime",stir,9,"['oil,t,c,boil,heat,s,in,tel,re,red,l,d,b,e,ring,o,y']"
131149,rice with julienned potatoes,"potatoes, yoghurt, parsley, chili peppers, fresh ginger, coconut, cumin seeds, cloves, cinnamon, bay leaf, oil, long-grain rice, turmeric, hot water, salt, brown sugar, lime juice, frozen peas, butter, lime",drop,3,"['ginger,chili,coconut,parsley,pot,t,c,oat,sticks,mix,potato,stick,s,p,in,medium,yoghurt,l,d,b,e,gin,nut,o,y']"
131149,rice with julienned potatoes,"potatoes, yoghurt, parsley, chili peppers, fresh ginger, coconut, cumin seeds, cloves, cinnamon, bay leaf, oil, long-grain rice, turmeric, hot water, salt, brown sugar, lime juice, frozen peas, butter, lime",mix,3,"['ginger,chili,coconut,parsley,pot,t,c,oat,sticks,mix,potato,stick,s,p,in,medium,yoghurt,l,d,b,e,gin,nut,o,y']"
131149,rice with julienned potatoes,"potatoes, yoghurt, parsley, chili peppers, fresh ginger, coconut, cumin seeds, cloves, cinnamon, bay leaf, oil, long-grain rice, turmeric, hot water, salt, brown sugar, lime juice, frozen peas, butter, lime",coat,3,"['ginger,chili,coconut,parsley,pot,t,c,oat,sticks,mix,potato,stick,s,p,in,medium,yoghurt,l,d,b,e,gin,nut,o,y']"
131149,rice with julienned potatoes,"potatoes, yoghurt, parsley, chili peppers, fresh ginger, coconut, cumin seeds, cloves, cinnamon, bay leaf, oil, long-grain rice, turmeric, hot water, salt, brown sugar, lime juice, frozen peas, butter, lime",let,4,"['t,s,in,re,red,l,d,b,nt,e,o']"
131149,rice with julienned potatoes,"potatoes, yoghurt, parsley, chili peppers, fresh ginger, coconut, cumin seeds, cloves, cinnamon, bay leaf, oil, long-grain rice, turmeric, hot water, salt, brown sugar, lime juice, frozen peas, butter, lime",let,10,"['cook,t,c,min,s,in,f,l,d,b,e,nut,o']"
131149,rice with julienned potatoes,"potatoes, yoghurt, parsley, chili peppers, fresh ginger, coconut, cumin seeds, cloves, cinnamon, bay leaf, oil, long-grain rice, turmeric, hot water, salt, brown sugar, lime juice, frozen peas, butter, lime",let,13,"['rice,t,c,ice,min,s,p,in,grain,f,re,l,e,nut,o']"
131149,rice with julienned potatoes,"potatoes, yoghurt, parsley, chili peppers, fresh ginger, coconut, cumin seeds, cloves, cinnamon, bay leaf, oil, long-grain rice, turmeric, hot water, salt, brown sugar, lime juice, frozen peas, butter, lime",assembling,4,"['t,s,in,re,red,l,d,b,nt,e,o']"
131149,rice with julienned potatoes,"potatoes, yoghurt, parsley, chili peppers, fresh ginger, coconut, cumin seeds, cloves, cinnamon, bay leaf, oil, long-grain rice, turmeric, hot water, salt, brown sugar, lime juice, frozen peas, butter, lime",add,6,"['cinnamon,cloves,cumin,brown,bay,leaf,clove,cook,seed,t,c,min,seeds,s,in,color,dish,de,f,re,ad,red,l,d,b,nt,e,love,nut,o,y']"
131149,rice with julienned potatoes,"potatoes, yoghurt, parsley, chili peppers, fresh ginger, coconut, cumin seeds, cloves, cinnamon, bay leaf, oil, long-grain rice, turmeric, hot water, salt, brown sugar, lime juice, frozen peas, butter, lime",add,7,"['brown,pot,cook,potatoes,t,c,min,potato,s,p,in,de,yoghurt,-,ad,l,d,b,nt,e,gold,ring,nut,o,y']"
131149,rice with julienned potatoes,"potatoes, yoghurt, parsley, chili peppers, fresh ginger, coconut, cumin seeds, cloves, cinnamon, bay leaf, oil, long-grain rice, turmeric, hot water, salt, brown sugar, lime juice, frozen peas, butter, lime",add,8,"['salt,sugar,oil,juice,water,rice,lime,turmeric,t,c,ice,min,oat,s,in,f,ad,l,d,nt,e,nut,o,y']"
131149,rice with julienned potatoes,"potatoes, yoghurt, parsley, chili peppers, fresh ginger, coconut, cumin seeds, cloves, cinnamon, bay leaf, oil, long-grain rice, turmeric, hot water, salt, brown sugar, lime juice, frozen peas, butter, lime",add,11,"['cook,t,c,min,peas,pea,s,p,in,ad,l,d,e,ring,nut,o']"
131149,rice with julienned potatoes,"potatoes, yoghurt, parsley, chili peppers, fresh ginger, coconut, cumin seeds, cloves, cinnamon, bay leaf, oil, long-grain rice, turmeric, hot water, salt, brown sugar, lime juice, frozen peas, butter, lime",add,14,"['butter,t,mix,s,in,f,hr,ad,l,d,b,nt,e,butt,o']"
131149,rice with julienned potatoes,"potatoes, yoghurt, parsley, chili peppers, fresh ginger, coconut, cumin seeds, cloves, cinnamon, bay leaf, oil, long-grain rice, turmeric, hot water, salt, brown sugar, lime juice, frozen peas, butter, lime",turned,6,"['cinnamon,cloves,cumin,brown,bay,leaf,clove,cook,seed,t,c,min,seeds,s,in,color,dish,de,f,re,ad,red,l,d,b,nt,e,love,nut,o,y']"
131149,rice with julienned potatoes,"potatoes, yoghurt, parsley, chili peppers, fresh ginger, coconut, cumin seeds, cloves, cinnamon, bay leaf, oil, long-grain rice, turmeric, hot water, salt, brown sugar, lime juice, frozen peas, butter, lime",stirring,7,"['brown,pot,cook,potatoes,t,c,min,potato,s,p,in,de,yoghurt,-,ad,l,d,b,nt,e,gold,ring,nut,o,y']"
131149,rice with julienned potatoes,"potatoes, yoghurt, parsley, chili peppers, fresh ginger, coconut, cumin seeds, cloves, cinnamon, bay leaf, oil, long-grain rice, turmeric, hot water, salt, brown sugar, lime juice, frozen peas, butter, lime",stirring,11,"['cook,t,c,min,peas,pea,s,p,in,ad,l,d,e,ring,nut,o']"
131149,rice with julienned potatoes,"potatoes, yoghurt, parsley, chili peppers, fresh ginger, coconut, cumin seeds, cloves, cinnamon, bay leaf, oil, long-grain rice, turmeric, hot water, salt, brown sugar, lime juice, frozen peas, butter, lime",fry,8,"['salt,sugar,oil,juice,water,rice,lime,turmeric,t,c,ice,min,oat,s,in,f,ad,l,d,nt,e,nut,o,y']"
131149,rice with julienned potatoes,"potatoes, yoghurt, parsley, chili peppers, fresh ginger, coconut, cumin seeds, cloves, cinnamon, bay leaf, oil, long-grain rice, turmeric, hot water, salt, brown sugar, lime juice, frozen peas, butter, lime",coated,8,"['salt,sugar,oil,juice,water,rice,lime,turmeric,t,c,ice,min,oat,s,in,f,ad,l,d,nt,e,nut,o,y']"
131149,rice with julienned potatoes,"potatoes, yoghurt, parsley, chili peppers, fresh ginger, coconut, cumin seeds, cloves, cinnamon, bay leaf, oil, long-grain rice, turmeric, hot water, salt, brown sugar, lime juice, frozen peas, butter, lime",bring,9,"['oil,t,c,boil,heat,s,in,tel,re,red,l,d,b,e,ring,o,y']"
131149,rice with julienned potatoes,"potatoes, yoghurt, parsley, chili peppers, fresh ginger, coconut, cumin seeds, cloves, cinnamon, bay leaf, oil, long-grain rice, turmeric, hot water, salt, brown sugar, lime juice, frozen peas, butter, lime",cover,9,"['oil,t,c,boil,heat,s,in,tel,re,red,l,d,b,e,ring,o,y']"
131149,rice with julienned potatoes,"potatoes, yoghurt, parsley, chili peppers, fresh ginger, coconut, cumin seeds, cloves, cinnamon, bay leaf, oil, long-grain rice, turmeric, hot water, salt, brown sugar, lime juice, frozen peas, butter, lime",cover,11,"['cook,t,c,min,peas,pea,s,p,in,ad,l,d,e,ring,nut,o']"
131149,rice with julienned potatoes,"potatoes, yoghurt, parsley, chili peppers, fresh ginger, coconut, cumin seeds, cloves, cinnamon, bay leaf, oil, long-grain rice, turmeric, hot water, salt, brown sugar, lime juice, frozen peas, butter, lime",cover,12,"['t,c,heat,peas,mix,pea,s,p,in,f,-,re,l,e,o']"
131149,rice with julienned potatoes,"potatoes, yoghurt, parsley, chili peppers, fresh ginger, coconut, cumin seeds, cloves, cinnamon, bay leaf, oil, long-grain rice, turmeric, hot water, salt, brown sugar, lime juice, frozen peas, butter, lime",reduce,9,"['oil,t,c,boil,heat,s,in,tel,re,red,l,d,b,e,ring,o,y']"
131149,rice with julienned potatoes,"potatoes, yoghurt, parsley, chili peppers, fresh ginger, coconut, cumin seeds, cloves, cinnamon, bay leaf, oil, long-grain rice, turmeric, hot water, salt, brown sugar, lime juice, frozen peas, butter, lime",cook,11,"['cook,t,c,min,peas,pea,s,p,in,ad,l,d,e,ring,nut,o']"
131149,rice with julienned potatoes,"potatoes, yoghurt, parsley, chili peppers, fresh ginger, coconut, cumin seeds, cloves, cinnamon, bay leaf, oil, long-grain rice, turmeric, hot water, salt, brown sugar, lime juice, frozen peas, butter, lime",remove,12,"['t,c,heat,peas,mix,pea,s,p,in,f,-,re,l,e,o']"
131149,rice with julienned potatoes,"potatoes, yoghurt, parsley, chili peppers, fresh ginger, coconut, cumin seeds, cloves, cinnamon, bay leaf, oil, long-grain rice, turmeric, hot water, salt, brown sugar, lime juice, frozen peas, butter, lime",mixing,12,"['t,c,heat,peas,mix,pea,s,p,in,f,-,re,l,e,o']"
131149,rice with julienned potatoes,"potatoes, yoghurt, parsley, chili peppers, fresh ginger, coconut, cumin seeds, cloves, cinnamon, bay leaf, oil, long-grain rice, turmeric, hot water, salt, brown sugar, lime juice, frozen peas, butter, lime",re,12,"['t,c,heat,peas,mix,pea,s,p,in,f,-,re,l,e,o']"
131149,rice with julienned potatoes,"potatoes, yoghurt, parsley, chili peppers, fresh ginger, coconut, cumin seeds, cloves, cinnamon, bay leaf, oil, long-grain rice, turmeric, hot water, salt, brown sugar, lime juice, frozen peas, butter, lime",rest,13,"['rice,t,c,ice,min,s,p,in,grain,f,re,l,e,nut,o']"
131149,rice with julienned potatoes,"potatoes, yoghurt, parsley, chili peppers, fresh ginger, coconut, cumin seeds, cloves, cinnamon, bay leaf, oil, long-grain rice, turmeric, hot water, salt, brown sugar, lime juice, frozen peas, butter, lime",firm,13,"['rice,t,c,ice,min,s,p,in,grain,f,re,l,e,nut,o']"
131149,rice with julienned potatoes,"potatoes, yoghurt, parsley, chili peppers, fresh ginger, coconut, cumin seeds, cloves, cinnamon, bay leaf, oil, long-grain rice, turmeric, hot water, salt, brown sugar, lime juice, frozen peas, butter, lime",mixed,14,"['butter,t,mix,s,in,f,hr,ad,l,d,b,nt,e,butt,o']"
131149,rice with julienned potatoes,"potatoes, yoghurt, parsley, chili peppers, fresh ginger, coconut, cumin seeds, cloves, cinnamon, bay leaf, oil, long-grain rice, turmeric, hot water, salt, brown sugar, lime juice, frozen peas, butter, lime",serve,15,"['lime,wedges,t,s,wedge,l,d,e,edge']"
131149,rice with julienned potatoes,"potatoes, yoghurt, parsley, chili peppers, fresh ginger, coconut, cumin seeds, cloves, cinnamon, bay leaf, oil, long-grain rice, turmeric, hot water, salt, brown sugar, lime juice, frozen peas, butter, lime",garnished,15,"['lime,wedges,t,s,wedge,l,d,e,edge']"
