Id,Name,AllIngredients,Verbs,Steps,Ingredient
131294,zesty chicken soup,"boneless skinless chicken breasts, water, canola oil, onion, celery ribs, garlic cloves, mexican-style tomatoes, diced tomatoes, tomato sauce, salsa, zucchini, carrots, white corn, green chilies, ground cumin, chili powder, dried basil, cheddar cheese, sour cream, tortilla chips",put,1,{}
131294,zesty chicken soup,"boneless skinless chicken breasts, water, canola oil, onion, celery ribs, garlic cloves, mexican-style tomatoes, diced tomatoes, tomato sauce, salsa, zucchini, carrots, white corn, green chilies, ground cumin, chili powder, dried basil, cheddar cheese, sour cream, tortilla chips",add,1,"['water,chicken,pot,t,c,soup,s,p,in,oven,chick,ad,d,b,e,o,g,v,r,n']"
131294,zesty chicken soup,"boneless skinless chicken breasts, water, canola oil, onion, celery ribs, garlic cloves, mexican-style tomatoes, diced tomatoes, tomato sauce, salsa, zucchini, carrots, white corn, green chilies, ground cumin, chili powder, dried basil, cheddar cheese, sour cream, tortilla chips",add,7,"['water,chicken,t,c,chick,ad,d,e,o,r,n']"
131294,zesty chicken soup,"boneless skinless chicken breasts, water, canola oil, onion, celery ribs, garlic cloves, mexican-style tomatoes, diced tomatoes, tomato sauce, salsa, zucchini, carrots, white corn, green chilies, ground cumin, chili powder, dried basil, cheddar cheese, sour cream, tortilla chips",add,8,"['oil,vegetable,chicken,t,table,c,boil,s,in,veg,au,re,chick,ad,red,l,d,b,vegetables,nt,e,ring,o,g,ts,v,r,n']"
131294,zesty chicken soup,"boneless skinless chicken breasts, water, canola oil, onion, celery ribs, garlic cloves, mexican-style tomatoes, diced tomatoes, tomato sauce, salsa, zucchini, carrots, white corn, green chilies, ground cumin, chili powder, dried basil, cheddar cheese, sour cream, tortilla chips",bring,2,"['oil,water,t,boil,in,l,b,e,ring,o,g,r,n']"
131294,zesty chicken soup,"boneless skinless chicken breasts, water, canola oil, onion, celery ribs, garlic cloves, mexican-style tomatoes, diced tomatoes, tomato sauce, salsa, zucchini, carrots, white corn, green chilies, ground cumin, chili powder, dried basil, cheddar cheese, sour cream, tortilla chips",bring,3,"['juice,chicken,t,c,ice,min,s,in,f,-,re,chick,l,d,b,nt,e,ring,nut,o,juices,g,v,r,n']"
131294,zesty chicken soup,"boneless skinless chicken breasts, water, canola oil, onion, celery ribs, garlic cloves, mexican-style tomatoes, diced tomatoes, tomato sauce, salsa, zucchini, carrots, white corn, green chilies, ground cumin, chili powder, dried basil, cheddar cheese, sour cream, tortilla chips",bring,8,"['oil,vegetable,chicken,t,table,c,boil,s,in,veg,au,re,chick,ad,red,l,d,b,vegetables,nt,e,ring,o,g,ts,v,r,n']"
131294,zesty chicken soup,"boneless skinless chicken breasts, water, canola oil, onion, celery ribs, garlic cloves, mexican-style tomatoes, diced tomatoes, tomato sauce, salsa, zucchini, carrots, white corn, green chilies, ground cumin, chili powder, dried basil, cheddar cheese, sour cream, tortilla chips",cover,3,"['juice,chicken,t,c,ice,min,s,in,f,-,re,chick,l,d,b,nt,e,ring,nut,o,juices,g,v,r,n']"
131294,zesty chicken soup,"boneless skinless chicken breasts, water, canola oil, onion, celery ribs, garlic cloves, mexican-style tomatoes, diced tomatoes, tomato sauce, salsa, zucchini, carrots, white corn, green chilies, ground cumin, chili powder, dried basil, cheddar cheese, sour cream, tortilla chips",cover,9,"['carrots,zucchini,carrot,t,c,min,heat,tender,s,end,in,de,f,-,re,red,l,d,b,nt,e,ring,nut,o,g,ts,v,r,n']"
131294,zesty chicken soup,"boneless skinless chicken breasts, water, canola oil, onion, celery ribs, garlic cloves, mexican-style tomatoes, diced tomatoes, tomato sauce, salsa, zucchini, carrots, white corn, green chilies, ground cumin, chili powder, dried basil, cheddar cheese, sour cream, tortilla chips",are,3,"['juice,chicken,t,c,ice,min,s,in,f,-,re,chick,l,d,b,nt,e,ring,nut,o,juices,g,v,r,n']"
131294,zesty chicken soup,"boneless skinless chicken breasts, water, canola oil, onion, celery ribs, garlic cloves, mexican-style tomatoes, diced tomatoes, tomato sauce, salsa, zucchini, carrots, white corn, green chilies, ground cumin, chili powder, dried basil, cheddar cheese, sour cream, tortilla chips",are,9,"['carrots,zucchini,carrot,t,c,min,heat,tender,s,end,in,de,f,-,re,red,l,d,b,nt,e,ring,nut,o,g,ts,v,r,n']"
131294,zesty chicken soup,"boneless skinless chicken breasts, water, canola oil, onion, celery ribs, garlic cloves, mexican-style tomatoes, diced tomatoes, tomato sauce, salsa, zucchini, carrots, white corn, green chilies, ground cumin, chili powder, dried basil, cheddar cheese, sour cream, tortilla chips",take,4,"['water,chicken,cube,t,c,s,p,in,pie,f,chick,pieces,d,b,nt,e,o,r,n']"
131294,zesty chicken soup,"boneless skinless chicken breasts, water, canola oil, onion, celery ribs, garlic cloves, mexican-style tomatoes, diced tomatoes, tomato sauce, salsa, zucchini, carrots, white corn, green chilies, ground cumin, chili powder, dried basil, cheddar cheese, sour cream, tortilla chips",place,5,"['water,chicken,t,c,heat,p,in,chick,l,d,b,nt,e,o,v,r,n']"
131294,zesty chicken soup,"boneless skinless chicken breasts, water, canola oil, onion, celery ribs, garlic cloves, mexican-style tomatoes, diced tomatoes, tomato sauce, salsa, zucchini, carrots, white corn, green chilies, ground cumin, chili powder, dried basil, cheddar cheese, sour cream, tortilla chips",have,5,"['water,chicken,t,c,heat,p,in,chick,l,d,b,nt,e,o,v,r,n']"
131294,zesty chicken soup,"boneless skinless chicken breasts, water, canola oil, onion, celery ribs, garlic cloves, mexican-style tomatoes, diced tomatoes, tomato sauce, salsa, zucchini, carrots, white corn, green chilies, ground cumin, chili powder, dried basil, cheddar cheese, sour cream, tortilla chips",cook,6,"['garlic,oil,onion,celery,cook,t,c,heat,tender,s,end,in,medium,de,l,d,nt,e,o,y,g,v,r,n']"
131294,zesty chicken soup,"boneless skinless chicken breasts, water, canola oil, onion, celery ribs, garlic cloves, mexican-style tomatoes, diced tomatoes, tomato sauce, salsa, zucchini, carrots, white corn, green chilies, ground cumin, chili powder, dried basil, cheddar cheese, sour cream, tortilla chips",sauted,8,"['oil,vegetable,chicken,t,table,c,boil,s,in,veg,au,re,chick,ad,red,l,d,b,vegetables,nt,e,ring,o,g,ts,v,r,n']"
131294,zesty chicken soup,"boneless skinless chicken breasts, water, canola oil, onion, celery ribs, garlic cloves, mexican-style tomatoes, diced tomatoes, tomato sauce, salsa, zucchini, carrots, white corn, green chilies, ground cumin, chili powder, dried basil, cheddar cheese, sour cream, tortilla chips",reduce,9,"['carrots,zucchini,carrot,t,c,min,heat,tender,s,end,in,de,f,-,re,red,l,d,b,nt,e,ring,nut,o,g,ts,v,r,n']"
131294,zesty chicken soup,"boneless skinless chicken breasts, water, canola oil, onion, celery ribs, garlic cloves, mexican-style tomatoes, diced tomatoes, tomato sauce, salsa, zucchini, carrots, white corn, green chilies, ground cumin, chili powder, dried basil, cheddar cheese, sour cream, tortilla chips",simmering,9,"['carrots,zucchini,carrot,t,c,min,heat,tender,s,end,in,de,f,-,re,red,l,d,b,nt,e,ring,nut,o,g,ts,v,r,n']"
131294,zesty chicken soup,"boneless skinless chicken breasts, water, canola oil, onion, celery ribs, garlic cloves, mexican-style tomatoes, diced tomatoes, tomato sauce, salsa, zucchini, carrots, white corn, green chilies, ground cumin, chili powder, dried basil, cheddar cheese, sour cream, tortilla chips",serve,10,"['cheese,cream,tortilla,chips,t,c,s,p,de,chip,f,top,re,red,l,d,e,o,v,r,chees,n']"
131294,zesty chicken soup,"boneless skinless chicken breasts, water, canola oil, onion, celery ribs, garlic cloves, mexican-style tomatoes, diced tomatoes, tomato sauce, salsa, zucchini, carrots, white corn, green chilies, ground cumin, chili powder, dried basil, cheddar cheese, sour cream, tortilla chips",desired,10,"['cheese,cream,tortilla,chips,t,c,s,p,de,chip,f,top,re,red,l,d,e,o,v,r,chees,n']"
131294,zesty chicken soup,"boneless skinless chicken breasts, water, canola oil, onion, celery ribs, garlic cloves, mexican-style tomatoes, diced tomatoes, tomato sauce, salsa, zucchini, carrots, white corn, green chilies, ground cumin, chili powder, dried basil, cheddar cheese, sour cream, tortilla chips",freeze,11,"['t,c,soup,s,p,can,f,re,nt,e,o,r,n']"
