Id,Name,AllIngredients,Verbs,Steps,Ingredient
131982,mediterranean summer breeze tuna entre,"couscous, vegetable stock, butter, salt, olive oil, turmeric, pistachio nut, bell pepper, spring onions, kalamata olive, fresh tarragon, tuna steaks, lime juice, marsala wine, flour, tarragon, capers, pepper, valencia oranges, orange zest, kalamata olives, feta cheese",add,1,"['salt,butter,oil,vegetable,stock,olive,couscous,pot,turmeric,cook,t,table,c,s,p,in,cous,veg,f,-,one,ad,l,d,b,nt,e,tea,butt']"
131982,mediterranean summer breeze tuna entre,"couscous, vegetable stock, butter, salt, olive oil, turmeric, pistachio nut, bell pepper, spring onions, kalamata olive, fresh tarragon, tuna steaks, lime juice, marsala wine, flour, tarragon, capers, pepper, valencia oranges, orange zest, kalamata olives, feta cheese",add,2,"['water,t,s,de,ad,d,e']"
131982,mediterranean summer breeze tuna entre,"couscous, vegetable stock, butter, salt, olive oil, turmeric, pistachio nut, bell pepper, spring onions, kalamata olive, fresh tarragon, tuna steaks, lime juice, marsala wine, flour, tarragon, capers, pepper, valencia oranges, orange zest, kalamata olives, feta cheese",add,4,"['pepper,orange,onion,peppers,olive,couscous,zest,bell,chop,nuts,onions,cook,olives,t,table,c,tarragon,mix,s,p,in,cous,tar,spring,ad,l,warm,d,b,nt,e,ring,nut,pistachio,kalamata']"
131982,mediterranean summer breeze tuna entre,"couscous, vegetable stock, butter, salt, olive oil, turmeric, pistachio nut, bell pepper, spring onions, kalamata olive, fresh tarragon, tuna steaks, lime juice, marsala wine, flour, tarragon, capers, pepper, valencia oranges, orange zest, kalamata olives, feta cheese",add,6,"['flour,t,c,s,f,ad,l,d,nt,e']"
131982,mediterranean summer breeze tuna entre,"couscous, vegetable stock, butter, salt, olive oil, turmeric, pistachio nut, bell pepper, spring onions, kalamata olive, fresh tarragon, tuna steaks, lime juice, marsala wine, flour, tarragon, capers, pepper, valencia oranges, orange zest, kalamata olives, feta cheese",add,7,"['vegetable,stock,wine,t,table,c,s,p,in,veg,re,ad,roux,l,d,b,e,marsala']"
131982,mediterranean summer breeze tuna entre,"couscous, vegetable stock, butter, salt, olive oil, turmeric, pistachio nut, bell pepper, spring onions, kalamata olive, fresh tarragon, tuna steaks, lime juice, marsala wine, flour, tarragon, capers, pepper, valencia oranges, orange zest, kalamata olives, feta cheese",add,8,"['salt,season,sea,t,tarragon,sprigs,s,p,tar,-,ad,l,d,e,tea,sprig']"
131982,mediterranean summer breeze tuna entre,"couscous, vegetable stock, butter, salt, olive oil, turmeric, pistachio nut, bell pepper, spring onions, kalamata olive, fresh tarragon, tuna steaks, lime juice, marsala wine, flour, tarragon, capers, pepper, valencia oranges, orange zest, kalamata olives, feta cheese",add,10,"['t,table,c,capers,s,p,caper,ad,l,d,b,e']"
131982,mediterranean summer breeze tuna entre,"couscous, vegetable stock, butter, salt, olive oil, turmeric, pistachio nut, bell pepper, spring onions, kalamata olive, fresh tarragon, tuna steaks, lime juice, marsala wine, flour, tarragon, capers, pepper, valencia oranges, orange zest, kalamata olives, feta cheese",add,17,"['couscous,cook,t,c,s,p,in,cous,f,-,re,ad,l,d,b,nt,e']"
131982,mediterranean summer breeze tuna entre,"couscous, vegetable stock, butter, salt, olive oil, turmeric, pistachio nut, bell pepper, spring onions, kalamata olive, fresh tarragon, tuna steaks, lime juice, marsala wine, flour, tarragon, capers, pepper, valencia oranges, orange zest, kalamata olives, feta cheese",add,18,"['sauce,orange,cheese,olive,olives,t,rum,c,ice,oranges,slice,hole,feta,s,round,de,crumb,f,au,ad,l,d,b,e,kalamata']"
131982,mediterranean summer breeze tuna entre,"couscous, vegetable stock, butter, salt, olive oil, turmeric, pistachio nut, bell pepper, spring onions, kalamata olive, fresh tarragon, tuna steaks, lime juice, marsala wine, flour, tarragon, capers, pepper, valencia oranges, orange zest, kalamata olives, feta cheese",done,1,"['salt,butter,oil,vegetable,stock,olive,couscous,pot,turmeric,cook,t,table,c,s,p,in,cous,veg,f,-,one,ad,l,d,b,nt,e,tea,butt']"
131982,mediterranean summer breeze tuna entre,"couscous, vegetable stock, butter, salt, olive oil, turmeric, pistachio nut, bell pepper, spring onions, kalamata olive, fresh tarragon, tuna steaks, lime juice, marsala wine, flour, tarragon, capers, pepper, valencia oranges, orange zest, kalamata olives, feta cheese",stir,2,"['water,t,s,de,ad,d,e']"
131982,mediterranean summer breeze tuna entre,"couscous, vegetable stock, butter, salt, olive oil, turmeric, pistachio nut, bell pepper, spring onions, kalamata olive, fresh tarragon, tuna steaks, lime juice, marsala wine, flour, tarragon, capers, pepper, valencia oranges, orange zest, kalamata olives, feta cheese",stir,6,"['flour,t,c,s,f,ad,l,d,nt,e']"
131982,mediterranean summer breeze tuna entre,"couscous, vegetable stock, butter, salt, olive oil, turmeric, pistachio nut, bell pepper, spring onions, kalamata olive, fresh tarragon, tuna steaks, lime juice, marsala wine, flour, tarragon, capers, pepper, valencia oranges, orange zest, kalamata olives, feta cheese",stir,7,"['vegetable,stock,wine,t,table,c,s,p,in,veg,re,ad,roux,l,d,b,e,marsala']"
131982,mediterranean summer breeze tuna entre,"couscous, vegetable stock, butter, salt, olive oil, turmeric, pistachio nut, bell pepper, spring onions, kalamata olive, fresh tarragon, tuna steaks, lime juice, marsala wine, flour, tarragon, capers, pepper, valencia oranges, orange zest, kalamata olives, feta cheese",stir,9,"['sauce,t,c,s,p,in,f,au,l,d,nt,e']"
131982,mediterranean summer breeze tuna entre,"couscous, vegetable stock, butter, salt, olive oil, turmeric, pistachio nut, bell pepper, spring onions, kalamata olive, fresh tarragon, tuna steaks, lime juice, marsala wine, flour, tarragon, capers, pepper, valencia oranges, orange zest, kalamata olives, feta cheese",needed,2,"['water,t,s,de,ad,d,e']"
131982,mediterranean summer breeze tuna entre,"couscous, vegetable stock, butter, salt, olive oil, turmeric, pistachio nut, bell pepper, spring onions, kalamata olive, fresh tarragon, tuna steaks, lime juice, marsala wine, flour, tarragon, capers, pepper, valencia oranges, orange zest, kalamata olives, feta cheese",remove,3,"['t,heat,f,re,e']"
131982,mediterranean summer breeze tuna entre,"couscous, vegetable stock, butter, salt, olive oil, turmeric, pistachio nut, bell pepper, spring onions, kalamata olive, fresh tarragon, tuna steaks, lime juice, marsala wine, flour, tarragon, capers, pepper, valencia oranges, orange zest, kalamata olives, feta cheese",remove,16,"['re,e']"
131982,mediterranean summer breeze tuna entre,"couscous, vegetable stock, butter, salt, olive oil, turmeric, pistachio nut, bell pepper, spring onions, kalamata olive, fresh tarragon, tuna steaks, lime juice, marsala wine, flour, tarragon, capers, pepper, valencia oranges, orange zest, kalamata olives, feta cheese",remove,23,"['t,c,s,in,de,re,l,shells,d,light,e,tail']"
131982,mediterranean summer breeze tuna entre,"couscous, vegetable stock, butter, salt, olive oil, turmeric, pistachio nut, bell pepper, spring onions, kalamata olive, fresh tarragon, tuna steaks, lime juice, marsala wine, flour, tarragon, capers, pepper, valencia oranges, orange zest, kalamata olives, feta cheese",mix,4,"['pepper,orange,onion,peppers,olive,couscous,zest,bell,chop,nuts,onions,cook,olives,t,table,c,tarragon,mix,s,p,in,cous,tar,spring,ad,l,warm,d,b,nt,e,ring,nut,pistachio,kalamata']"
131982,mediterranean summer breeze tuna entre,"couscous, vegetable stock, butter, salt, olive oil, turmeric, pistachio nut, bell pepper, spring onions, kalamata olive, fresh tarragon, tuna steaks, lime juice, marsala wine, flour, tarragon, capers, pepper, valencia oranges, orange zest, kalamata olives, feta cheese",chopped,4,"['pepper,orange,onion,peppers,olive,couscous,zest,bell,chop,nuts,onions,cook,olives,t,table,c,tarragon,mix,s,p,in,cous,tar,spring,ad,l,warm,d,b,nt,e,ring,nut,pistachio,kalamata']"
131982,mediterranean summer breeze tuna entre,"couscous, vegetable stock, butter, salt, olive oil, turmeric, pistachio nut, bell pepper, spring onions, kalamata olive, fresh tarragon, tuna steaks, lime juice, marsala wine, flour, tarragon, capers, pepper, valencia oranges, orange zest, kalamata olives, feta cheese",keep,4,"['pepper,orange,onion,peppers,olive,couscous,zest,bell,chop,nuts,onions,cook,olives,t,table,c,tarragon,mix,s,p,in,cous,tar,spring,ad,l,warm,d,b,nt,e,ring,nut,pistachio,kalamata']"
131982,mediterranean summer breeze tuna entre,"couscous, vegetable stock, butter, salt, olive oil, turmeric, pistachio nut, bell pepper, spring onions, kalamata olive, fresh tarragon, tuna steaks, lime juice, marsala wine, flour, tarragon, capers, pepper, valencia oranges, orange zest, kalamata olives, feta cheese",keep,11,"['t,s,p,de,warm,d,e']"
131982,mediterranean summer breeze tuna entre,"couscous, vegetable stock, butter, salt, olive oil, turmeric, pistachio nut, bell pepper, spring onions, kalamata olive, fresh tarragon, tuna steaks, lime juice, marsala wine, flour, tarragon, capers, pepper, valencia oranges, orange zest, kalamata olives, feta cheese",make,5,"['sauce,butter,pan,t,table,c,s,p,in,f,au,-,roux,l,b,e,butt']"
131982,mediterranean summer breeze tuna entre,"couscous, vegetable stock, butter, salt, olive oil, turmeric, pistachio nut, bell pepper, spring onions, kalamata olive, fresh tarragon, tuna steaks, lime juice, marsala wine, flour, tarragon, capers, pepper, valencia oranges, orange zest, kalamata olives, feta cheese",make,7,"['vegetable,stock,wine,t,table,c,s,p,in,veg,re,ad,roux,l,d,b,e,marsala']"
131982,mediterranean summer breeze tuna entre,"couscous, vegetable stock, butter, salt, olive oil, turmeric, pistachio nut, bell pepper, spring onions, kalamata olive, fresh tarragon, tuna steaks, lime juice, marsala wine, flour, tarragon, capers, pepper, valencia oranges, orange zest, kalamata olives, feta cheese",melting,5,"['sauce,butter,pan,t,table,c,s,p,in,f,au,-,roux,l,b,e,butt']"
131982,mediterranean summer breeze tuna entre,"couscous, vegetable stock, butter, salt, olive oil, turmeric, pistachio nut, bell pepper, spring onions, kalamata olive, fresh tarragon, tuna steaks, lime juice, marsala wine, flour, tarragon, capers, pepper, valencia oranges, orange zest, kalamata olives, feta cheese",smooth,6,"['flour,t,c,s,f,ad,l,d,nt,e']"
131982,mediterranean summer breeze tuna entre,"couscous, vegetable stock, butter, salt, olive oil, turmeric, pistachio nut, bell pepper, spring onions, kalamata olive, fresh tarragon, tuna steaks, lime juice, marsala wine, flour, tarragon, capers, pepper, valencia oranges, orange zest, kalamata olives, feta cheese",taste,8,"['salt,season,sea,t,tarragon,sprigs,s,p,tar,-,ad,l,d,e,tea,sprig']"
131982,mediterranean summer breeze tuna entre,"couscous, vegetable stock, butter, salt, olive oil, turmeric, pistachio nut, bell pepper, spring onions, kalamata olive, fresh tarragon, tuna steaks, lime juice, marsala wine, flour, tarragon, capers, pepper, valencia oranges, orange zest, kalamata olives, feta cheese",taste,13,"['pepper,salt,butter,oil,olive,season,sea,tuna,t,c,steak,s,p,steaks,grill,l,d,b,e,tea,butt']"
131982,mediterranean summer breeze tuna entre,"couscous, vegetable stock, butter, salt, olive oil, turmeric, pistachio nut, bell pepper, spring onions, kalamata olive, fresh tarragon, tuna steaks, lime juice, marsala wine, flour, tarragon, capers, pepper, valencia oranges, orange zest, kalamata olives, feta cheese",taste,14,"['season,sea,t,c,s,in,grill,l,d,e']"
131982,mediterranean summer breeze tuna entre,"couscous, vegetable stock, butter, salt, olive oil, turmeric, pistachio nut, bell pepper, spring onions, kalamata olive, fresh tarragon, tuna steaks, lime juice, marsala wine, flour, tarragon, capers, pepper, valencia oranges, orange zest, kalamata olives, feta cheese",taste,21,"['butter,oil,olive,pan,season,sea,t,c,steak,s,p,can,in,steaks,f,grill,ad,l,d,b,e,tea,butt']"
131982,mediterranean summer breeze tuna entre,"couscous, vegetable stock, butter, salt, olive oil, turmeric, pistachio nut, bell pepper, spring onions, kalamata olive, fresh tarragon, tuna steaks, lime juice, marsala wine, flour, tarragon, capers, pepper, valencia oranges, orange zest, kalamata olives, feta cheese",continue,9,"['sauce,t,c,s,p,in,f,au,l,d,nt,e']"
131982,mediterranean summer breeze tuna entre,"couscous, vegetable stock, butter, salt, olive oil, turmeric, pistachio nut, bell pepper, spring onions, kalamata olive, fresh tarragon, tuna steaks, lime juice, marsala wine, flour, tarragon, capers, pepper, valencia oranges, orange zest, kalamata olives, feta cheese",achieved,9,"['sauce,t,c,s,p,in,f,au,l,d,nt,e']"
131982,mediterranean summer breeze tuna entre,"couscous, vegetable stock, butter, salt, olive oil, turmeric, pistachio nut, bell pepper, spring onions, kalamata olive, fresh tarragon, tuna steaks, lime juice, marsala wine, flour, tarragon, capers, pepper, valencia oranges, orange zest, kalamata olives, feta cheese",set,11,"['t,s,p,de,warm,d,e']"
131982,mediterranean summer breeze tuna entre,"couscous, vegetable stock, butter, salt, olive oil, turmeric, pistachio nut, bell pepper, spring onions, kalamata olive, fresh tarragon, tuna steaks, lime juice, marsala wine, flour, tarragon, capers, pepper, valencia oranges, orange zest, kalamata olives, feta cheese",adding,12,"['juice,lime,lemon,t,table,c,ice,fish,s,p,in,f,-,ad,l,d,b,e']"
131982,mediterranean summer breeze tuna entre,"couscous, vegetable stock, butter, salt, olive oil, turmeric, pistachio nut, bell pepper, spring onions, kalamata olive, fresh tarragon, tuna steaks, lime juice, marsala wine, flour, tarragon, capers, pepper, valencia oranges, orange zest, kalamata olives, feta cheese",adding,21,"['butter,oil,olive,pan,season,sea,t,c,steak,s,p,can,in,steaks,f,grill,ad,l,d,b,e,tea,butt']"
131982,mediterranean summer breeze tuna entre,"couscous, vegetable stock, butter, salt, olive oil, turmeric, pistachio nut, bell pepper, spring onions, kalamata olive, fresh tarragon, tuna steaks, lime juice, marsala wine, flour, tarragon, capers, pepper, valencia oranges, orange zest, kalamata olives, feta cheese",toss,12,"['juice,lime,lemon,t,table,c,ice,fish,s,p,in,f,-,ad,l,d,b,e']"
131982,mediterranean summer breeze tuna entre,"couscous, vegetable stock, butter, salt, olive oil, turmeric, pistachio nut, bell pepper, spring onions, kalamata olive, fresh tarragon, tuna steaks, lime juice, marsala wine, flour, tarragon, capers, pepper, valencia oranges, orange zest, kalamata olives, feta cheese",leave,12,"['juice,lime,lemon,t,table,c,ice,fish,s,p,in,f,-,ad,l,d,b,e']"
131982,mediterranean summer breeze tuna entre,"couscous, vegetable stock, butter, salt, olive oil, turmeric, pistachio nut, bell pepper, spring onions, kalamata olive, fresh tarragon, tuna steaks, lime juice, marsala wine, flour, tarragon, capers, pepper, valencia oranges, orange zest, kalamata olives, feta cheese",place,13,"['pepper,salt,butter,oil,olive,season,sea,tuna,t,c,steak,s,p,steaks,grill,l,d,b,e,tea,butt']"
131982,mediterranean summer breeze tuna entre,"couscous, vegetable stock, butter, salt, olive oil, turmeric, pistachio nut, bell pepper, spring onions, kalamata olive, fresh tarragon, tuna steaks, lime juice, marsala wine, flour, tarragon, capers, pepper, valencia oranges, orange zest, kalamata olives, feta cheese",steaks,13,"['pepper,salt,butter,oil,olive,season,sea,tuna,t,c,steak,s,p,steaks,grill,l,d,b,e,tea,butt']"
131982,mediterranean summer breeze tuna entre,"couscous, vegetable stock, butter, salt, olive oil, turmeric, pistachio nut, bell pepper, spring onions, kalamata olive, fresh tarragon, tuna steaks, lime juice, marsala wine, flour, tarragon, capers, pepper, valencia oranges, orange zest, kalamata olives, feta cheese",baste,13,"['pepper,salt,butter,oil,olive,season,sea,tuna,t,c,steak,s,p,steaks,grill,l,d,b,e,tea,butt']"
131982,mediterranean summer breeze tuna entre,"couscous, vegetable stock, butter, salt, olive oil, turmeric, pistachio nut, bell pepper, spring onions, kalamata olive, fresh tarragon, tuna steaks, lime juice, marsala wine, flour, tarragon, capers, pepper, valencia oranges, orange zest, kalamata olives, feta cheese",turn,14,"['season,sea,t,c,s,in,grill,l,d,e']"
131982,mediterranean summer breeze tuna entre,"couscous, vegetable stock, butter, salt, olive oil, turmeric, pistachio nut, bell pepper, spring onions, kalamata olive, fresh tarragon, tuna steaks, lime juice, marsala wine, flour, tarragon, capers, pepper, valencia oranges, orange zest, kalamata olives, feta cheese",overcook,15,"['cook,tuna,t,c,steak,s,p,in,steaks,pin,de,re,l,d,light,e,tea']"
131982,mediterranean summer breeze tuna entre,"couscous, vegetable stock, butter, salt, olive oil, turmeric, pistachio nut, bell pepper, spring onions, kalamata olive, fresh tarragon, tuna steaks, lime juice, marsala wine, flour, tarragon, capers, pepper, valencia oranges, orange zest, kalamata olives, feta cheese",making,15,"['cook,tuna,t,c,steak,s,p,in,steaks,pin,de,re,l,d,light,e,tea']"
131982,mediterranean summer breeze tuna entre,"couscous, vegetable stock, butter, salt, olive oil, turmeric, pistachio nut, bell pepper, spring onions, kalamata olive, fresh tarragon, tuna steaks, lime juice, marsala wine, flour, tarragon, capers, pepper, valencia oranges, orange zest, kalamata olives, feta cheese",form,17,"['couscous,cook,t,c,s,p,in,cous,f,-,re,ad,l,d,b,nt,e']"
131982,mediterranean summer breeze tuna entre,"couscous, vegetable stock, butter, salt, olive oil, turmeric, pistachio nut, bell pepper, spring onions, kalamata olive, fresh tarragon, tuna steaks, lime juice, marsala wine, flour, tarragon, capers, pepper, valencia oranges, orange zest, kalamata olives, feta cheese",crumbled,18,"['sauce,orange,cheese,olive,olives,t,rum,c,ice,oranges,slice,hole,feta,s,round,de,crumb,f,au,ad,l,d,b,e,kalamata']"
131982,mediterranean summer breeze tuna entre,"couscous, vegetable stock, butter, salt, olive oil, turmeric, pistachio nut, bell pepper, spring onions, kalamata olive, fresh tarragon, tuna steaks, lime juice, marsala wine, flour, tarragon, capers, pepper, valencia oranges, orange zest, kalamata olives, feta cheese",sliced,18,"['sauce,orange,cheese,olive,olives,t,rum,c,ice,oranges,slice,hole,feta,s,round,de,crumb,f,au,ad,l,d,b,e,kalamata']"
131982,mediterranean summer breeze tuna entre,"couscous, vegetable stock, butter, salt, olive oil, turmeric, pistachio nut, bell pepper, spring onions, kalamata olive, fresh tarragon, tuna steaks, lime juice, marsala wine, flour, tarragon, capers, pepper, valencia oranges, orange zest, kalamata olives, feta cheese",sprinkle,19,"['sauce,orange,couscous,zest,cook,tuna,t,c,steak,s,p,in,cous,f,au,one,top,l,d,e,tea']"
131982,mediterranean summer breeze tuna entre,"couscous, vegetable stock, butter, salt, olive oil, turmeric, pistachio nut, bell pepper, spring onions, kalamata olive, fresh tarragon, tuna steaks, lime juice, marsala wine, flour, tarragon, capers, pepper, valencia oranges, orange zest, kalamata olives, feta cheese",serve,20,"['wine,t,s,in,white,d,e']"
131982,mediterranean summer breeze tuna entre,"couscous, vegetable stock, butter, salt, olive oil, turmeric, pistachio nut, bell pepper, spring onions, kalamata olive, fresh tarragon, tuna steaks, lime juice, marsala wine, flour, tarragon, capers, pepper, valencia oranges, orange zest, kalamata olives, feta cheese",enjoy,20,"['wine,t,s,in,white,d,e']"
131982,mediterranean summer breeze tuna entre,"couscous, vegetable stock, butter, salt, olive oil, turmeric, pistachio nut, bell pepper, spring onions, kalamata olive, fresh tarragon, tuna steaks, lime juice, marsala wine, flour, tarragon, capers, pepper, valencia oranges, orange zest, kalamata olives, feta cheese",grilling,21,"['butter,oil,olive,pan,season,sea,t,c,steak,s,p,can,in,steaks,f,grill,ad,l,d,b,e,tea,butt']"
131982,mediterranean summer breeze tuna entre,"couscous, vegetable stock, butter, salt, olive oil, turmeric, pistachio nut, bell pepper, spring onions, kalamata olive, fresh tarragon, tuna steaks, lime juice, marsala wine, flour, tarragon, capers, pepper, valencia oranges, orange zest, kalamata olives, feta cheese",pan,21,"['butter,oil,olive,pan,season,sea,t,c,steak,s,p,can,in,steaks,f,grill,ad,l,d,b,e,tea,butt']"
131982,mediterranean summer breeze tuna entre,"couscous, vegetable stock, butter, salt, olive oil, turmeric, pistachio nut, bell pepper, spring onions, kalamata olive, fresh tarragon, tuna steaks, lime juice, marsala wine, flour, tarragon, capers, pepper, valencia oranges, orange zest, kalamata olives, feta cheese",broil,21,"['butter,oil,olive,pan,season,sea,t,c,steak,s,p,can,in,steaks,f,grill,ad,l,d,b,e,tea,butt']"
131982,mediterranean summer breeze tuna entre,"couscous, vegetable stock, butter, salt, olive oil, turmeric, pistachio nut, bell pepper, spring onions, kalamata olive, fresh tarragon, tuna steaks, lime juice, marsala wine, flour, tarragon, capers, pepper, valencia oranges, orange zest, kalamata olives, feta cheese",prefer,22,"['shrimp,tuna,t,c,steak,s,p,can,in,steaks,f,hr,re,ad,l,d,b,e,tea,substitute']"
131982,mediterranean summer breeze tuna entre,"couscous, vegetable stock, butter, salt, olive oil, turmeric, pistachio nut, bell pepper, spring onions, kalamata olive, fresh tarragon, tuna steaks, lime juice, marsala wine, flour, tarragon, capers, pepper, valencia oranges, orange zest, kalamata olives, feta cheese",substitute,22,"['shrimp,tuna,t,c,steak,s,p,can,in,steaks,f,hr,re,ad,l,d,b,e,tea,substitute']"
131982,mediterranean summer breeze tuna entre,"couscous, vegetable stock, butter, salt, olive oil, turmeric, pistachio nut, bell pepper, spring onions, kalamata olive, fresh tarragon, tuna steaks, lime juice, marsala wine, flour, tarragon, capers, pepper, valencia oranges, orange zest, kalamata olives, feta cheese",cut,23,"['t,c,s,in,de,re,l,shells,d,light,e,tail']"
