Id,Name,AllIngredients,Verbs,Steps,Ingredient
132555,southern comfort jambalaya,"smoked sausage, safflower oil, boneless chicken, green bell pepper, red bell pepper, yellow bell pepper, scallions, red onions, celery, garlic cloves, no-salt-added whole tomatoes, thyme, oregano, salt, black pepper, hot pepper sauce, converted rice, fat-free low-sodium chicken broth, southern comfort, worcestershire sauce, shrimp",remove,2,"['chicken,sausage,pot,cook,t,c,sage,s,p,age,f,au,re,chick,l,d,nt,e,o,g,v']"
132555,southern comfort jambalaya,"smoked sausage, safflower oil, boneless chicken, green bell pepper, red bell pepper, yellow bell pepper, scallions, red onions, celery, garlic cloves, no-salt-added whole tomatoes, thyme, oregano, salt, black pepper, hot pepper sauce, converted rice, fat-free low-sodium chicken broth, southern comfort, worcestershire sauce, shrimp",remove,3,"['garlic,pepper,chicken,peppers,bell,t,c,tender,s,p,end,de,au,hr,re,chick,l,d,b,nt,e,o,g,v']"
132555,southern comfort jambalaya,"smoked sausage, safflower oil, boneless chicken, green bell pepper, red bell pepper, yellow bell pepper, scallions, red onions, celery, garlic cloves, no-salt-added whole tomatoes, thyme, oregano, salt, black pepper, hot pepper sauce, converted rice, fat-free low-sodium chicken broth, southern comfort, worcestershire sauce, shrimp",cooked,2,"['chicken,sausage,pot,cook,t,c,sage,s,p,age,f,au,re,chick,l,d,nt,e,o,g,v']"
132555,southern comfort jambalaya,"smoked sausage, safflower oil, boneless chicken, green bell pepper, red bell pepper, yellow bell pepper, scallions, red onions, celery, garlic cloves, no-salt-added whole tomatoes, thyme, oregano, salt, black pepper, hot pepper sauce, converted rice, fat-free low-sodium chicken broth, southern comfort, worcestershire sauce, shrimp",cooked,8,"['rice,shrimp,cook,t,c,ice,min,s,p,in,-,one,hr,re,red,l,d,nt,e,ring,o,y,g,v']"
132555,southern comfort jambalaya,"smoked sausage, safflower oil, boneless chicken, green bell pepper, red bell pepper, yellow bell pepper, scallions, red onions, celery, garlic cloves, no-salt-added whole tomatoes, thyme, oregano, salt, black pepper, hot pepper sauce, converted rice, fat-free low-sodium chicken broth, southern comfort, worcestershire sauce, shrimp",add,4,"['sauce,pepper,tomatoes,tomato,cook,t,c,min,s,p,in,au,hr,ad,d,e,nut,o,tomatoe,g,hot']"
132555,southern comfort jambalaya,"smoked sausage, safflower oil, boneless chicken, green bell pepper, red bell pepper, yellow bell pepper, scallions, red onions, celery, garlic cloves, no-salt-added whole tomatoes, thyme, oregano, salt, black pepper, hot pepper sauce, converted rice, fat-free low-sodium chicken broth, southern comfort, worcestershire sauce, shrimp",add,6,"['sauce,stock,chicken,worcestershire,t,c,s,au,worcester,hr,re,chick,ad,d,e,o,g']"
132555,southern comfort jambalaya,"smoked sausage, safflower oil, boneless chicken, green bell pepper, red bell pepper, yellow bell pepper, scallions, red onions, celery, garlic cloves, no-salt-added whole tomatoes, thyme, oregano, salt, black pepper, hot pepper sauce, converted rice, fat-free low-sodium chicken broth, southern comfort, worcestershire sauce, shrimp",add,7,"['oil,chicken,sausage,shrimp,t,c,boil,sage,s,p,in,age,au,hr,re,chick,ad,red,l,d,b,e,ring,o,g']"
132555,southern comfort jambalaya,"smoked sausage, safflower oil, boneless chicken, green bell pepper, red bell pepper, yellow bell pepper, scallions, red onions, celery, garlic cloves, no-salt-added whole tomatoes, thyme, oregano, salt, black pepper, hot pepper sauce, converted rice, fat-free low-sodium chicken broth, southern comfort, worcestershire sauce, shrimp",cook,4,"['sauce,pepper,tomatoes,tomato,cook,t,c,min,s,p,in,au,hr,ad,d,e,nut,o,tomatoe,g,hot']"
132555,southern comfort jambalaya,"smoked sausage, safflower oil, boneless chicken, green bell pepper, red bell pepper, yellow bell pepper, scallions, red onions, celery, garlic cloves, no-salt-added whole tomatoes, thyme, oregano, salt, black pepper, hot pepper sauce, converted rice, fat-free low-sodium chicken broth, southern comfort, worcestershire sauce, shrimp",stir,5,"['rice,t,c,ice,s,in,e']"
132555,southern comfort jambalaya,"smoked sausage, safflower oil, boneless chicken, green bell pepper, red bell pepper, yellow bell pepper, scallions, red onions, celery, garlic cloves, no-salt-added whole tomatoes, thyme, oregano, salt, black pepper, hot pepper sauce, converted rice, fat-free low-sodium chicken broth, southern comfort, worcestershire sauce, shrimp",bring,7,"['oil,chicken,sausage,shrimp,t,c,boil,sage,s,p,in,age,au,hr,re,chick,ad,red,l,d,b,e,ring,o,g']"
132555,southern comfort jambalaya,"smoked sausage, safflower oil, boneless chicken, green bell pepper, red bell pepper, yellow bell pepper, scallions, red onions, celery, garlic cloves, no-salt-added whole tomatoes, thyme, oregano, salt, black pepper, hot pepper sauce, converted rice, fat-free low-sodium chicken broth, southern comfort, worcestershire sauce, shrimp",reduce,7,"['oil,chicken,sausage,shrimp,t,c,boil,sage,s,p,in,age,au,hr,re,chick,ad,red,l,d,b,e,ring,o,g']"
132555,southern comfort jambalaya,"smoked sausage, safflower oil, boneless chicken, green bell pepper, red bell pepper, yellow bell pepper, scallions, red onions, celery, garlic cloves, no-salt-added whole tomatoes, thyme, oregano, salt, black pepper, hot pepper sauce, converted rice, fat-free low-sodium chicken broth, southern comfort, worcestershire sauce, shrimp",uncovered,8,"['rice,shrimp,cook,t,c,ice,min,s,p,in,-,one,hr,re,red,l,d,nt,e,ring,o,y,g,v']"
132555,southern comfort jambalaya,"smoked sausage, safflower oil, boneless chicken, green bell pepper, red bell pepper, yellow bell pepper, scallions, red onions, celery, garlic cloves, no-salt-added whole tomatoes, thyme, oregano, salt, black pepper, hot pepper sauce, converted rice, fat-free low-sodium chicken broth, southern comfort, worcestershire sauce, shrimp",stirring,8,"['rice,shrimp,cook,t,c,ice,min,s,p,in,-,one,hr,re,red,l,d,nt,e,ring,o,y,g,v']"
132555,southern comfort jambalaya,"smoked sausage, safflower oil, boneless chicken, green bell pepper, red bell pepper, yellow bell pepper, scallions, red onions, celery, garlic cloves, no-salt-added whole tomatoes, thyme, oregano, salt, black pepper, hot pepper sauce, converted rice, fat-free low-sodium chicken broth, southern comfort, worcestershire sauce, shrimp",done,8,"['rice,shrimp,cook,t,c,ice,min,s,p,in,-,one,hr,re,red,l,d,nt,e,ring,o,y,g,v']"
