Id,Name,AllIngredients,Verbs,Steps,Ingredient
132881,grilled pork tenderloin from disney s california grill,"butter, dijon mustard, whole grain mustard, lemon juice, worcestershire sauce, kosher salt, fresh ground black pepper, white onion, garlic, water, milk, heavy cream, polenta, asiago cheese, goat cheese, fresh herb, kosher salt & freshly ground black pepper, shallot, dry red wine, balsamic vinegar, chicken stock, mushrooms, fresh thyme",need,2,"['t,tender,half,s,p,tenderloin,end,in,de,oz,f,-,one,re,l,d,e']"
132881,grilled pork tenderloin from disney s california grill,"butter, dijon mustard, whole grain mustard, lemon juice, worcestershire sauce, kosher salt, fresh ground black pepper, white onion, garlic, water, milk, heavy cream, polenta, asiago cheese, goat cheese, fresh herb, kosher salt & freshly ground black pepper, shallot, dry red wine, balsamic vinegar, chicken stock, mushrooms, fresh thyme",frozen,2,"['t,tender,half,s,p,tenderloin,end,in,de,oz,f,-,one,re,l,d,e']"
132881,grilled pork tenderloin from disney s california grill,"butter, dijon mustard, whole grain mustard, lemon juice, worcestershire sauce, kosher salt, fresh ground black pepper, white onion, garlic, water, milk, heavy cream, polenta, asiago cheese, goat cheese, fresh herb, kosher salt & freshly ground black pepper, shallot, dry red wine, balsamic vinegar, chicken stock, mushrooms, fresh thyme",coat,3,"['pepper,salt,oil,olive,season,sea,t,c,oat,tender,s,p,tenderloin,end,in,de,l,d,e']"
132881,grilled pork tenderloin from disney s california grill,"butter, dijon mustard, whole grain mustard, lemon juice, worcestershire sauce, kosher salt, fresh ground black pepper, white onion, garlic, water, milk, heavy cream, polenta, asiago cheese, goat cheese, fresh herb, kosher salt & freshly ground black pepper, shallot, dry red wine, balsamic vinegar, chicken stock, mushrooms, fresh thyme",coat,9,"['pork,t,c,oat,tender,s,p,tenderloin,end,in,de,f,l,d,e']"
132881,grilled pork tenderloin from disney s california grill,"butter, dijon mustard, whole grain mustard, lemon juice, worcestershire sauce, kosher salt, fresh ground black pepper, white onion, garlic, water, milk, heavy cream, polenta, asiago cheese, goat cheese, fresh herb, kosher salt & freshly ground black pepper, shallot, dry red wine, balsamic vinegar, chicken stock, mushrooms, fresh thyme",sear,4,"['brown,sea,t,c,s,in,de,-,l,d,b,e']"
132881,grilled pork tenderloin from disney s california grill,"butter, dijon mustard, whole grain mustard, lemon juice, worcestershire sauce, kosher salt, fresh ground black pepper, white onion, garlic, water, milk, heavy cream, polenta, asiago cheese, goat cheese, fresh herb, kosher salt & freshly ground black pepper, shallot, dry red wine, balsamic vinegar, chicken stock, mushrooms, fresh thyme",browning,4,"['brown,sea,t,c,s,in,de,-,l,d,b,e']"
132881,grilled pork tenderloin from disney s california grill,"butter, dijon mustard, whole grain mustard, lemon juice, worcestershire sauce, kosher salt, fresh ground black pepper, white onion, garlic, water, milk, heavy cream, polenta, asiago cheese, goat cheese, fresh herb, kosher salt & freshly ground black pepper, shallot, dry red wine, balsamic vinegar, chicken stock, mushrooms, fresh thyme",set,5,"['juice,pan,t,c,ice,s,p,in,vin,de,f,grill,re,l,d,e']"
132881,grilled pork tenderloin from disney s california grill,"butter, dijon mustard, whole grain mustard, lemon juice, worcestershire sauce, kosher salt, fresh ground black pepper, white onion, garlic, water, milk, heavy cream, polenta, asiago cheese, goat cheese, fresh herb, kosher salt & freshly ground black pepper, shallot, dry red wine, balsamic vinegar, chicken stock, mushrooms, fresh thyme",set,8,"['t,s,de,d,e']"
132881,grilled pork tenderloin from disney s california grill,"butter, dijon mustard, whole grain mustard, lemon juice, worcestershire sauce, kosher salt, fresh ground black pepper, white onion, garlic, water, milk, heavy cream, polenta, asiago cheese, goat cheese, fresh herb, kosher salt & freshly ground black pepper, shallot, dry red wine, balsamic vinegar, chicken stock, mushrooms, fresh thyme",set,26,"['mushrooms,mushroom,room,t,c,s,in,shrooms,de,mu,hr,re,red,liquid,l,d,b,e']"
132881,grilled pork tenderloin from disney s california grill,"butter, dijon mustard, whole grain mustard, lemon juice, worcestershire sauce, kosher salt, fresh ground black pepper, white onion, garlic, water, milk, heavy cream, polenta, asiago cheese, goat cheese, fresh herb, kosher salt & freshly ground black pepper, shallot, dry red wine, balsamic vinegar, chicken stock, mushrooms, fresh thyme",reserving,5,"['juice,pan,t,c,ice,s,p,in,vin,de,f,grill,re,l,d,e']"
132881,grilled pork tenderloin from disney s california grill,"butter, dijon mustard, whole grain mustard, lemon juice, worcestershire sauce, kosher salt, fresh ground black pepper, white onion, garlic, water, milk, heavy cream, polenta, asiago cheese, goat cheese, fresh herb, kosher salt & freshly ground black pepper, shallot, dry red wine, balsamic vinegar, chicken stock, mushrooms, fresh thyme",combine,7,"['sauce,pepper,salt,butter,juice,worcestershire,mustard,dijon,lemon,t,c,ice,star,hole,blend,s,p,must,end,in,grain,de,tar,au,worcester,mu,re,l,d,b,nt,e']"
132881,grilled pork tenderloin from disney s california grill,"butter, dijon mustard, whole grain mustard, lemon juice, worcestershire sauce, kosher salt, fresh ground black pepper, white onion, garlic, water, milk, heavy cream, polenta, asiago cheese, goat cheese, fresh herb, kosher salt & freshly ground black pepper, shallot, dry red wine, balsamic vinegar, chicken stock, mushrooms, fresh thyme",combine,26,"['mushrooms,mushroom,room,t,c,s,in,shrooms,de,mu,hr,re,red,liquid,l,d,b,e']"
132881,grilled pork tenderloin from disney s california grill,"butter, dijon mustard, whole grain mustard, lemon juice, worcestershire sauce, kosher salt, fresh ground black pepper, white onion, garlic, water, milk, heavy cream, polenta, asiago cheese, goat cheese, fresh herb, kosher salt & freshly ground black pepper, shallot, dry red wine, balsamic vinegar, chicken stock, mushrooms, fresh thyme",makes,9,"['pork,t,c,oat,tender,s,p,tenderloin,end,in,de,f,l,d,e']"
132881,grilled pork tenderloin from disney s california grill,"butter, dijon mustard, whole grain mustard, lemon juice, worcestershire sauce, kosher salt, fresh ground black pepper, white onion, garlic, water, milk, heavy cream, polenta, asiago cheese, goat cheese, fresh herb, kosher salt & freshly ground black pepper, shallot, dry red wine, balsamic vinegar, chicken stock, mushrooms, fresh thyme",polenta,10,"['t,p,polenta,l,nt,e']"
132881,grilled pork tenderloin from disney s california grill,"butter, dijon mustard, whole grain mustard, lemon juice, worcestershire sauce, kosher salt, fresh ground black pepper, white onion, garlic, water, milk, heavy cream, polenta, asiago cheese, goat cheese, fresh herb, kosher salt & freshly ground black pepper, shallot, dry red wine, balsamic vinegar, chicken stock, mushrooms, fresh thyme",stir,12,"['garlic,oil,water,milk,cream,t,c,boil,s,in,re,ad,l,d,b,e']"
132881,grilled pork tenderloin from disney s california grill,"butter, dijon mustard, whole grain mustard, lemon juice, worcestershire sauce, kosher salt, fresh ground black pepper, white onion, garlic, water, milk, heavy cream, polenta, asiago cheese, goat cheese, fresh herb, kosher salt & freshly ground black pepper, shallot, dry red wine, balsamic vinegar, chicken stock, mushrooms, fresh thyme",stir,14,"['cook,t,c,min,s,in,f,d,nt,e']"
132881,grilled pork tenderloin from disney s california grill,"butter, dijon mustard, whole grain mustard, lemon juice, worcestershire sauce, kosher salt, fresh ground black pepper, white onion, garlic, water, milk, heavy cream, polenta, asiago cheese, goat cheese, fresh herb, kosher salt & freshly ground black pepper, shallot, dry red wine, balsamic vinegar, chicken stock, mushrooms, fresh thyme",add,12,"['garlic,oil,water,milk,cream,t,c,boil,s,in,re,ad,l,d,b,e']"
132881,grilled pork tenderloin from disney s california grill,"butter, dijon mustard, whole grain mustard, lemon juice, worcestershire sauce, kosher salt, fresh ground black pepper, white onion, garlic, water, milk, heavy cream, polenta, asiago cheese, goat cheese, fresh herb, kosher salt & freshly ground black pepper, shallot, dry red wine, balsamic vinegar, chicken stock, mushrooms, fresh thyme",add,18,"['pepper,salt,t,c,s,p,in,ad,l,d,nt,e']"
132881,grilled pork tenderloin from disney s california grill,"butter, dijon mustard, whole grain mustard, lemon juice, worcestershire sauce, kosher salt, fresh ground black pepper, white onion, garlic, water, milk, heavy cream, polenta, asiago cheese, goat cheese, fresh herb, kosher salt & freshly ground black pepper, shallot, dry red wine, balsamic vinegar, chicken stock, mushrooms, fresh thyme",add,22,"['stock,cook,t,c,cooking,glaze,half,s,in,f,re,ad,red,liquid,l,d,light,b,nt,e']"
132881,grilled pork tenderloin from disney s california grill,"butter, dijon mustard, whole grain mustard, lemon juice, worcestershire sauce, kosher salt, fresh ground black pepper, white onion, garlic, water, milk, heavy cream, polenta, asiago cheese, goat cheese, fresh herb, kosher salt & freshly ground black pepper, shallot, dry red wine, balsamic vinegar, chicken stock, mushrooms, fresh thyme",bring,12,"['garlic,oil,water,milk,cream,t,c,boil,s,in,re,ad,l,d,b,e']"
132881,grilled pork tenderloin from disney s california grill,"butter, dijon mustard, whole grain mustard, lemon juice, worcestershire sauce, kosher salt, fresh ground black pepper, white onion, garlic, water, milk, heavy cream, polenta, asiago cheese, goat cheese, fresh herb, kosher salt & freshly ground black pepper, shallot, dry red wine, balsamic vinegar, chicken stock, mushrooms, fresh thyme",whisk,13,"['t,c,s,p,in,polenta,l,d,b,nt,e']"
132881,grilled pork tenderloin from disney s california grill,"butter, dijon mustard, whole grain mustard, lemon juice, worcestershire sauce, kosher salt, fresh ground black pepper, white onion, garlic, water, milk, heavy cream, polenta, asiago cheese, goat cheese, fresh herb, kosher salt & freshly ground black pepper, shallot, dry red wine, balsamic vinegar, chicken stock, mushrooms, fresh thyme",stirring,13,"['t,c,s,p,in,polenta,l,d,b,nt,e']"
132881,grilled pork tenderloin from disney s california grill,"butter, dijon mustard, whole grain mustard, lemon juice, worcestershire sauce, kosher salt, fresh ground black pepper, white onion, garlic, water, milk, heavy cream, polenta, asiago cheese, goat cheese, fresh herb, kosher salt & freshly ground black pepper, shallot, dry red wine, balsamic vinegar, chicken stock, mushrooms, fresh thyme",bubbling,13,"['t,c,s,p,in,polenta,l,d,b,nt,e']"
132881,grilled pork tenderloin from disney s california grill,"butter, dijon mustard, whole grain mustard, lemon juice, worcestershire sauce, kosher salt, fresh ground black pepper, white onion, garlic, water, milk, heavy cream, polenta, asiago cheese, goat cheese, fresh herb, kosher salt & freshly ground black pepper, shallot, dry red wine, balsamic vinegar, chicken stock, mushrooms, fresh thyme",continue,14,"['cook,t,c,min,s,in,f,d,nt,e']"
132881,grilled pork tenderloin from disney s california grill,"butter, dijon mustard, whole grain mustard, lemon juice, worcestershire sauce, kosher salt, fresh ground black pepper, white onion, garlic, water, milk, heavy cream, polenta, asiago cheese, goat cheese, fresh herb, kosher salt & freshly ground black pepper, shallot, dry red wine, balsamic vinegar, chicken stock, mushrooms, fresh thyme",continue,22,"['stock,cook,t,c,cooking,glaze,half,s,in,f,re,ad,red,liquid,l,d,light,b,nt,e']"
132881,grilled pork tenderloin from disney s california grill,"butter, dijon mustard, whole grain mustard, lemon juice, worcestershire sauce, kosher salt, fresh ground black pepper, white onion, garlic, water, milk, heavy cream, polenta, asiago cheese, goat cheese, fresh herb, kosher salt & freshly ground black pepper, shallot, dry red wine, balsamic vinegar, chicken stock, mushrooms, fresh thyme",continue,28,"['butter,mustard,t,c,star,tender,s,must,tenderloin,end,in,de,tar,one,mu,grill,re,red,l,d,b,nt,e']"
132881,grilled pork tenderloin from disney s california grill,"butter, dijon mustard, whole grain mustard, lemon juice, worcestershire sauce, kosher salt, fresh ground black pepper, white onion, garlic, water, milk, heavy cream, polenta, asiago cheese, goat cheese, fresh herb, kosher salt & freshly ground black pepper, shallot, dry red wine, balsamic vinegar, chicken stock, mushrooms, fresh thyme",cook,14,"['cook,t,c,min,s,in,f,d,nt,e']"
132881,grilled pork tenderloin from disney s california grill,"butter, dijon mustard, whole grain mustard, lemon juice, worcestershire sauce, kosher salt, fresh ground black pepper, white onion, garlic, water, milk, heavy cream, polenta, asiago cheese, goat cheese, fresh herb, kosher salt & freshly ground black pepper, shallot, dry red wine, balsamic vinegar, chicken stock, mushrooms, fresh thyme",remove,15,"['t,c,min,heat,s,in,f,re,l,d,e']"
132881,grilled pork tenderloin from disney s california grill,"butter, dijon mustard, whole grain mustard, lemon juice, worcestershire sauce, kosher salt, fresh ground black pepper, white onion, garlic, water, milk, heavy cream, polenta, asiago cheese, goat cheese, fresh herb, kosher salt & freshly ground black pepper, shallot, dry red wine, balsamic vinegar, chicken stock, mushrooms, fresh thyme",remove,17,"['cheese,c,herbs,s,in,oven,f,re,l,d,b,e']"
132881,grilled pork tenderloin from disney s california grill,"butter, dijon mustard, whole grain mustard, lemon juice, worcestershire sauce, kosher salt, fresh ground black pepper, white onion, garlic, water, milk, heavy cream, polenta, asiago cheese, goat cheese, fresh herb, kosher salt & freshly ground black pepper, shallot, dry red wine, balsamic vinegar, chicken stock, mushrooms, fresh thyme",let,15,"['t,c,min,heat,s,in,f,re,l,d,e']"
132881,grilled pork tenderloin from disney s california grill,"butter, dijon mustard, whole grain mustard, lemon juice, worcestershire sauce, kosher salt, fresh ground black pepper, white onion, garlic, water, milk, heavy cream, polenta, asiago cheese, goat cheese, fresh herb, kosher salt & freshly ground black pepper, shallot, dry red wine, balsamic vinegar, chicken stock, mushrooms, fresh thyme",thicken,15,"['t,c,min,heat,s,in,f,re,l,d,e']"
132881,grilled pork tenderloin from disney s california grill,"butter, dijon mustard, whole grain mustard, lemon juice, worcestershire sauce, kosher salt, fresh ground black pepper, white onion, garlic, water, milk, heavy cream, polenta, asiago cheese, goat cheese, fresh herb, kosher salt & freshly ground black pepper, shallot, dry red wine, balsamic vinegar, chicken stock, mushrooms, fresh thyme",pour,16,"['pan,t,min,mix,s,p,in,de,f,re,d,b,nt,e']"
132881,grilled pork tenderloin from disney s california grill,"butter, dijon mustard, whole grain mustard, lemon juice, worcestershire sauce, kosher salt, fresh ground black pepper, white onion, garlic, water, milk, heavy cream, polenta, asiago cheese, goat cheese, fresh herb, kosher salt & freshly ground black pepper, shallot, dry red wine, balsamic vinegar, chicken stock, mushrooms, fresh thyme",pour,18,"['pepper,salt,t,c,s,p,in,ad,l,d,nt,e']"
132881,grilled pork tenderloin from disney s california grill,"butter, dijon mustard, whole grain mustard, lemon juice, worcestershire sauce, kosher salt, fresh ground black pepper, white onion, garlic, water, milk, heavy cream, polenta, asiago cheese, goat cheese, fresh herb, kosher salt & freshly ground black pepper, shallot, dry red wine, balsamic vinegar, chicken stock, mushrooms, fresh thyme",bake,16,"['pan,t,min,mix,s,p,in,de,f,re,d,b,nt,e']"
132881,grilled pork tenderloin from disney s california grill,"butter, dijon mustard, whole grain mustard, lemon juice, worcestershire sauce, kosher salt, fresh ground black pepper, white onion, garlic, water, milk, heavy cream, polenta, asiago cheese, goat cheese, fresh herb, kosher salt & freshly ground black pepper, shallot, dry red wine, balsamic vinegar, chicken stock, mushrooms, fresh thyme",fold,17,"['cheese,c,herbs,s,in,oven,f,re,l,d,b,e']"
132881,grilled pork tenderloin from disney s california grill,"butter, dijon mustard, whole grain mustard, lemon juice, worcestershire sauce, kosher salt, fresh ground black pepper, white onion, garlic, water, milk, heavy cream, polenta, asiago cheese, goat cheese, fresh herb, kosher salt & freshly ground black pepper, shallot, dry red wine, balsamic vinegar, chicken stock, mushrooms, fresh thyme",serve,18,"['pepper,salt,t,c,s,p,in,ad,l,d,nt,e']"
132881,grilled pork tenderloin from disney s california grill,"butter, dijon mustard, whole grain mustard, lemon juice, worcestershire sauce, kosher salt, fresh ground black pepper, white onion, garlic, water, milk, heavy cream, polenta, asiago cheese, goat cheese, fresh herb, kosher salt & freshly ground black pepper, shallot, dry red wine, balsamic vinegar, chicken stock, mushrooms, fresh thyme",serve,29,"['t,c,s,p,polenta,f,l,nt,e']"
132881,grilled pork tenderloin from disney s california grill,"butter, dijon mustard, whole grain mustard, lemon juice, worcestershire sauce, kosher salt, fresh ground black pepper, white onion, garlic, water, milk, heavy cream, polenta, asiago cheese, goat cheese, fresh herb, kosher salt & freshly ground black pepper, shallot, dry red wine, balsamic vinegar, chicken stock, mushrooms, fresh thyme",deglaze,21,"['pan,vinegar,wine,t,glaze,s,p,in,vin,de,au,l,d,e']"
132881,grilled pork tenderloin from disney s california grill,"butter, dijon mustard, whole grain mustard, lemon juice, worcestershire sauce, kosher salt, fresh ground black pepper, white onion, garlic, water, milk, heavy cream, polenta, asiago cheese, goat cheese, fresh herb, kosher salt & freshly ground black pepper, shallot, dry red wine, balsamic vinegar, chicken stock, mushrooms, fresh thyme",reduce,22,"['stock,cook,t,c,cooking,glaze,half,s,in,f,re,ad,red,liquid,l,d,light,b,nt,e']"
132881,grilled pork tenderloin from disney s california grill,"butter, dijon mustard, whole grain mustard, lemon juice, worcestershire sauce, kosher salt, fresh ground black pepper, white onion, garlic, water, milk, heavy cream, polenta, asiago cheese, goat cheese, fresh herb, kosher salt & freshly ground black pepper, shallot, dry red wine, balsamic vinegar, chicken stock, mushrooms, fresh thyme",cooking,22,"['stock,cook,t,c,cooking,glaze,half,s,in,f,re,ad,red,liquid,l,d,light,b,nt,e']"
132881,grilled pork tenderloin from disney s california grill,"butter, dijon mustard, whole grain mustard, lemon juice, worcestershire sauce, kosher salt, fresh ground black pepper, white onion, garlic, water, milk, heavy cream, polenta, asiago cheese, goat cheese, fresh herb, kosher salt & freshly ground black pepper, shallot, dry red wine, balsamic vinegar, chicken stock, mushrooms, fresh thyme",reached,22,"['stock,cook,t,c,cooking,glaze,half,s,in,f,re,ad,red,liquid,l,d,light,b,nt,e']"
132881,grilled pork tenderloin from disney s california grill,"butter, dijon mustard, whole grain mustard, lemon juice, worcestershire sauce, kosher salt, fresh ground black pepper, white onion, garlic, water, milk, heavy cream, polenta, asiago cheese, goat cheese, fresh herb, kosher salt & freshly ground black pepper, shallot, dry red wine, balsamic vinegar, chicken stock, mushrooms, fresh thyme",wash,23,"['oil,mushrooms,olive,mushroom,room,season,sea,t,c,ice,slice,s,shrooms,mu,hr,l,d,ash,e']"
132881,grilled pork tenderloin from disney s california grill,"butter, dijon mustard, whole grain mustard, lemon juice, worcestershire sauce, kosher salt, fresh ground black pepper, white onion, garlic, water, milk, heavy cream, polenta, asiago cheese, goat cheese, fresh herb, kosher salt & freshly ground black pepper, shallot, dry red wine, balsamic vinegar, chicken stock, mushrooms, fresh thyme",slice,23,"['oil,mushrooms,olive,mushroom,room,season,sea,t,c,ice,slice,s,shrooms,mu,hr,l,d,ash,e']"
132881,grilled pork tenderloin from disney s california grill,"butter, dijon mustard, whole grain mustard, lemon juice, worcestershire sauce, kosher salt, fresh ground black pepper, white onion, garlic, water, milk, heavy cream, polenta, asiago cheese, goat cheese, fresh herb, kosher salt & freshly ground black pepper, shallot, dry red wine, balsamic vinegar, chicken stock, mushrooms, fresh thyme",slice,30,"['t,c,ice,slice,tender,s,p,tenderloin,end,in,de,polenta,f,l,d,nt,e']"
132881,grilled pork tenderloin from disney s california grill,"butter, dijon mustard, whole grain mustard, lemon juice, worcestershire sauce, kosher salt, fresh ground black pepper, white onion, garlic, water, milk, heavy cream, polenta, asiago cheese, goat cheese, fresh herb, kosher salt & freshly ground black pepper, shallot, dry red wine, balsamic vinegar, chicken stock, mushrooms, fresh thyme",season,23,"['oil,mushrooms,olive,mushroom,room,season,sea,t,c,ice,slice,s,shrooms,mu,hr,l,d,ash,e']"
132881,grilled pork tenderloin from disney s california grill,"butter, dijon mustard, whole grain mustard, lemon juice, worcestershire sauce, kosher salt, fresh ground black pepper, white onion, garlic, water, milk, heavy cream, polenta, asiago cheese, goat cheese, fresh herb, kosher salt & freshly ground black pepper, shallot, dry red wine, balsamic vinegar, chicken stock, mushrooms, fresh thyme",spread,24,"['mushrooms,read,mushroom,room,t,c,rack,heat,s,p,shrooms,mu,grill,hr,re,ad,l,d,e']"
132881,grilled pork tenderloin from disney s california grill,"butter, dijon mustard, whole grain mustard, lemon juice, worcestershire sauce, kosher salt, fresh ground black pepper, white onion, garlic, water, milk, heavy cream, polenta, asiago cheese, goat cheese, fresh herb, kosher salt & freshly ground black pepper, shallot, dry red wine, balsamic vinegar, chicken stock, mushrooms, fresh thyme",cover,25,"['mushrooms,mushroom,room,t,c,min,s,in,shrooms,smoke,f,mu,hr,l,light,e']"
132881,grilled pork tenderloin from disney s california grill,"butter, dijon mustard, whole grain mustard, lemon juice, worcestershire sauce, kosher salt, fresh ground black pepper, white onion, garlic, water, milk, heavy cream, polenta, asiago cheese, goat cheese, fresh herb, kosher salt & freshly ground black pepper, shallot, dry red wine, balsamic vinegar, chicken stock, mushrooms, fresh thyme",smoke,25,"['mushrooms,mushroom,room,t,c,min,s,in,shrooms,smoke,f,mu,hr,l,light,e']"
132881,grilled pork tenderloin from disney s california grill,"butter, dijon mustard, whole grain mustard, lemon juice, worcestershire sauce, kosher salt, fresh ground black pepper, white onion, garlic, water, milk, heavy cream, polenta, asiago cheese, goat cheese, fresh herb, kosher salt & freshly ground black pepper, shallot, dry red wine, balsamic vinegar, chicken stock, mushrooms, fresh thyme",reduced,26,"['mushrooms,mushroom,room,t,c,s,in,shrooms,de,mu,hr,re,red,liquid,l,d,b,e']"
132881,grilled pork tenderloin from disney s california grill,"butter, dijon mustard, whole grain mustard, lemon juice, worcestershire sauce, kosher salt, fresh ground black pepper, white onion, garlic, water, milk, heavy cream, polenta, asiago cheese, goat cheese, fresh herb, kosher salt & freshly ground black pepper, shallot, dry red wine, balsamic vinegar, chicken stock, mushrooms, fresh thyme",grill,27,"['brown,t,tender,s,tenderloin,end,in,medium,de,f,grill,re,l,d,light,b,nt,e']"
132881,grilled pork tenderloin from disney s california grill,"butter, dijon mustard, whole grain mustard, lemon juice, worcestershire sauce, kosher salt, fresh ground black pepper, white onion, garlic, water, milk, heavy cream, polenta, asiago cheese, goat cheese, fresh herb, kosher salt & freshly ground black pepper, shallot, dry red wine, balsamic vinegar, chicken stock, mushrooms, fresh thyme",grill,28,"['butter,mustard,t,c,star,tender,s,must,tenderloin,end,in,de,tar,one,mu,grill,re,red,l,d,b,nt,e']"
132881,grilled pork tenderloin from disney s california grill,"butter, dijon mustard, whole grain mustard, lemon juice, worcestershire sauce, kosher salt, fresh ground black pepper, white onion, garlic, water, milk, heavy cream, polenta, asiago cheese, goat cheese, fresh herb, kosher salt & freshly ground black pepper, shallot, dry red wine, balsamic vinegar, chicken stock, mushrooms, fresh thyme",turning,27,"['brown,t,tender,s,tenderloin,end,in,medium,de,f,grill,re,l,d,light,b,nt,e']"
132881,grilled pork tenderloin from disney s california grill,"butter, dijon mustard, whole grain mustard, lemon juice, worcestershire sauce, kosher salt, fresh ground black pepper, white onion, garlic, water, milk, heavy cream, polenta, asiago cheese, goat cheese, fresh herb, kosher salt & freshly ground black pepper, shallot, dry red wine, balsamic vinegar, chicken stock, mushrooms, fresh thyme",baste,28,"['butter,mustard,t,c,star,tender,s,must,tenderloin,end,in,de,tar,one,mu,grill,re,red,l,d,b,nt,e']"
132881,grilled pork tenderloin from disney s california grill,"butter, dijon mustard, whole grain mustard, lemon juice, worcestershire sauce, kosher salt, fresh ground black pepper, white onion, garlic, water, milk, heavy cream, polenta, asiago cheese, goat cheese, fresh herb, kosher salt & freshly ground black pepper, shallot, dry red wine, balsamic vinegar, chicken stock, mushrooms, fresh thyme",reach,28,"['butter,mustard,t,c,star,tender,s,must,tenderloin,end,in,de,tar,one,mu,grill,re,red,l,d,b,nt,e']"
132881,grilled pork tenderloin from disney s california grill,"butter, dijon mustard, whole grain mustard, lemon juice, worcestershire sauce, kosher salt, fresh ground black pepper, white onion, garlic, water, milk, heavy cream, polenta, asiago cheese, goat cheese, fresh herb, kosher salt & freshly ground black pepper, shallot, dry red wine, balsamic vinegar, chicken stock, mushrooms, fresh thyme",desired,28,"['butter,mustard,t,c,star,tender,s,must,tenderloin,end,in,de,tar,one,mu,grill,re,red,l,d,b,nt,e']"
132881,grilled pork tenderloin from disney s california grill,"butter, dijon mustard, whole grain mustard, lemon juice, worcestershire sauce, kosher salt, fresh ground black pepper, white onion, garlic, water, milk, heavy cream, polenta, asiago cheese, goat cheese, fresh herb, kosher salt & freshly ground black pepper, shallot, dry red wine, balsamic vinegar, chicken stock, mushrooms, fresh thyme",place,29,"['t,c,s,p,polenta,f,l,nt,e']"
132881,grilled pork tenderloin from disney s california grill,"butter, dijon mustard, whole grain mustard, lemon juice, worcestershire sauce, kosher salt, fresh ground black pepper, white onion, garlic, water, milk, heavy cream, polenta, asiago cheese, goat cheese, fresh herb, kosher salt & freshly ground black pepper, shallot, dry red wine, balsamic vinegar, chicken stock, mushrooms, fresh thyme",place,30,"['t,c,ice,slice,tender,s,p,tenderloin,end,in,de,polenta,f,l,d,nt,e']"
132881,grilled pork tenderloin from disney s california grill,"butter, dijon mustard, whole grain mustard, lemon juice, worcestershire sauce, kosher salt, fresh ground black pepper, white onion, garlic, water, milk, heavy cream, polenta, asiago cheese, goat cheese, fresh herb, kosher salt & freshly ground black pepper, shallot, dry red wine, balsamic vinegar, chicken stock, mushrooms, fresh thyme",ladle,31,"['sauce,parsley,mushroom,room,balsamic,leaves,t,c,sage,s,p,in,age,f,au,top,mu,hr,ad,l,d,b,e']"
132881,grilled pork tenderloin from disney s california grill,"butter, dijon mustard, whole grain mustard, lemon juice, worcestershire sauce, kosher salt, fresh ground black pepper, white onion, garlic, water, milk, heavy cream, polenta, asiago cheese, goat cheese, fresh herb, kosher salt & freshly ground black pepper, shallot, dry red wine, balsamic vinegar, chicken stock, mushrooms, fresh thyme",top,31,"['sauce,parsley,mushroom,room,balsamic,leaves,t,c,sage,s,p,in,age,f,au,top,mu,hr,ad,l,d,b,e']"
