Id,Name,AllIngredients,Verbs,Steps,Ingredient
133737,thai tuna burgers with ginger lemon mayonnaise,"kirby cucumbers, red onion, rice vinegar, sugar, kosher salt, fresh ground pepper, fresh ginger, garlic clove, thai chiles, fish sauce, cilantro, basil, tuna, vegetable oil, sesame oil, hamburger buns, dry roasted peanuts, mayonnaise, soy sauce, scallion tops, black sesame seeds, lemon, zest of, fresh lemon juice",toss,1,"['salt,sugar,onion,vinegar,cucumber,t,table,c,s,p,in,medium,cucumbers,vin,f,l,d,b,e,tea,vine,o,g,v']"
133737,thai tuna burgers with ginger lemon mayonnaise,"kirby cucumbers, red onion, rice vinegar, sugar, kosher salt, fresh ground pepper, fresh ginger, garlic clove, thai chiles, fish sauce, cilantro, basil, tuna, vegetable oil, sesame oil, hamburger buns, dry roasted peanuts, mayonnaise, soy sauce, scallion tops, black sesame seeds, lemon, zest of, fresh lemon juice",let,2,"['pepper,room,season,sea,t,s,p,f,re,l,d,e,o']"
133737,thai tuna burgers with ginger lemon mayonnaise,"kirby cucumbers, red onion, rice vinegar, sugar, kosher salt, fresh ground pepper, fresh ginger, garlic clove, thai chiles, fish sauce, cilantro, basil, tuna, vegetable oil, sesame oil, hamburger buns, dry roasted peanuts, mayonnaise, soy sauce, scallion tops, black sesame seeds, lemon, zest of, fresh lemon juice",stand,2,"['pepper,room,season,sea,t,s,p,f,re,l,d,e,o']"
133737,thai tuna burgers with ginger lemon mayonnaise,"kirby cucumbers, red onion, rice vinegar, sugar, kosher salt, fresh ground pepper, fresh ginger, garlic clove, thai chiles, fish sauce, cilantro, basil, tuna, vegetable oil, sesame oil, hamburger buns, dry roasted peanuts, mayonnaise, soy sauce, scallion tops, black sesame seeds, lemon, zest of, fresh lemon juice",using,3,"['garlic,ginger,sugar,paste,t,c,s,p,chile,in,medium,tar,past,f,re,l,d,ash,b,e,tea,gin,o,g,mash']"
133737,thai tuna burgers with ginger lemon mayonnaise,"kirby cucumbers, red onion, rice vinegar, sugar, kosher salt, fresh ground pepper, fresh ginger, garlic clove, thai chiles, fish sauce, cilantro, basil, tuna, vegetable oil, sesame oil, hamburger buns, dry roasted peanuts, mayonnaise, soy sauce, scallion tops, black sesame seeds, lemon, zest of, fresh lemon juice",using,9,"['tuna,t,c,mix,s,p,in,re,l,patties,d,light,b,nt,e,o,y,g']"
133737,thai tuna burgers with ginger lemon mayonnaise,"kirby cucumbers, red onion, rice vinegar, sugar, kosher salt, fresh ground pepper, fresh ginger, garlic clove, thai chiles, fish sauce, cilantro, basil, tuna, vegetable oil, sesame oil, hamburger buns, dry roasted peanuts, mayonnaise, soy sauce, scallion tops, black sesame seeds, lemon, zest of, fresh lemon juice",mash,3,"['garlic,ginger,sugar,paste,t,c,s,p,chile,in,medium,tar,past,f,re,l,d,ash,b,e,tea,gin,o,g,mash']"
133737,thai tuna burgers with ginger lemon mayonnaise,"kirby cucumbers, red onion, rice vinegar, sugar, kosher salt, fresh ground pepper, fresh ginger, garlic clove, thai chiles, fish sauce, cilantro, basil, tuna, vegetable oil, sesame oil, hamburger buns, dry roasted peanuts, mayonnaise, soy sauce, scallion tops, black sesame seeds, lemon, zest of, fresh lemon juice",remaining,3,"['garlic,ginger,sugar,paste,t,c,s,p,chile,in,medium,tar,past,f,re,l,d,ash,b,e,tea,gin,o,g,mash']"
133737,thai tuna burgers with ginger lemon mayonnaise,"kirby cucumbers, red onion, rice vinegar, sugar, kosher salt, fresh ground pepper, fresh ginger, garlic clove, thai chiles, fish sauce, cilantro, basil, tuna, vegetable oil, sesame oil, hamburger buns, dry roasted peanuts, mayonnaise, soy sauce, scallion tops, black sesame seeds, lemon, zest of, fresh lemon juice",stir,4,"['sauce,cilantro,basil,t,c,fish,s,in,f,au,l,d,b,nt,e,o']"
133737,thai tuna burgers with ginger lemon mayonnaise,"kirby cucumbers, red onion, rice vinegar, sugar, kosher salt, fresh ground pepper, fresh ginger, garlic clove, thai chiles, fish sauce, cilantro, basil, tuna, vegetable oil, sesame oil, hamburger buns, dry roasted peanuts, mayonnaise, soy sauce, scallion tops, black sesame seeds, lemon, zest of, fresh lemon juice",stir,8,"['ginger,paste,tuna,t,c,s,p,in,past,ad,l,d,b,nt,e,gin,o,y,g,v']"
133737,thai tuna burgers with ginger lemon mayonnaise,"kirby cucumbers, red onion, rice vinegar, sugar, kosher salt, fresh ground pepper, fresh ginger, garlic clove, thai chiles, fish sauce, cilantro, basil, tuna, vegetable oil, sesame oil, hamburger buns, dry roasted peanuts, mayonnaise, soy sauce, scallion tops, black sesame seeds, lemon, zest of, fresh lemon juice",slice,5,"['tuna,t,c,ice,slice,s,in,l,d,b,e,o,y,g']"
133737,thai tuna burgers with ginger lemon mayonnaise,"kirby cucumbers, red onion, rice vinegar, sugar, kosher salt, fresh ground pepper, fresh ginger, garlic clove, thai chiles, fish sauce, cilantro, basil, tuna, vegetable oil, sesame oil, hamburger buns, dry roasted peanuts, mayonnaise, soy sauce, scallion tops, black sesame seeds, lemon, zest of, fresh lemon juice",stack,6,"['t,c,ice,sticks,slice,stick,s,in,slices,l,d,nt,e,o']"
133737,thai tuna burgers with ginger lemon mayonnaise,"kirby cucumbers, red onion, rice vinegar, sugar, kosher salt, fresh ground pepper, fresh ginger, garlic clove, thai chiles, fish sauce, cilantro, basil, tuna, vegetable oil, sesame oil, hamburger buns, dry roasted peanuts, mayonnaise, soy sauce, scallion tops, black sesame seeds, lemon, zest of, fresh lemon juice",cut,6,"['t,c,ice,sticks,slice,stick,s,in,slices,l,d,nt,e,o']"
133737,thai tuna burgers with ginger lemon mayonnaise,"kirby cucumbers, red onion, rice vinegar, sugar, kosher salt, fresh ground pepper, fresh ginger, garlic clove, thai chiles, fish sauce, cilantro, basil, tuna, vegetable oil, sesame oil, hamburger buns, dry roasted peanuts, mayonnaise, soy sauce, scallion tops, black sesame seeds, lemon, zest of, fresh lemon juice",cut,7,"['chop,cube,t,c,sticks,cubes,stick,s,p,in,pie,re,l,pieces,b,nt,e,o,y,g']"
133737,thai tuna burgers with ginger lemon mayonnaise,"kirby cucumbers, red onion, rice vinegar, sugar, kosher salt, fresh ground pepper, fresh ginger, garlic clove, thai chiles, fish sauce, cilantro, basil, tuna, vegetable oil, sesame oil, hamburger buns, dry roasted peanuts, mayonnaise, soy sauce, scallion tops, black sesame seeds, lemon, zest of, fresh lemon juice",chop,7,"['chop,cube,t,c,sticks,cubes,stick,s,p,in,pie,re,l,pieces,b,nt,e,o,y,g']"
133737,thai tuna burgers with ginger lemon mayonnaise,"kirby cucumbers, red onion, rice vinegar, sugar, kosher salt, fresh ground pepper, fresh ginger, garlic clove, thai chiles, fish sauce, cilantro, basil, tuna, vegetable oil, sesame oil, hamburger buns, dry roasted peanuts, mayonnaise, soy sauce, scallion tops, black sesame seeds, lemon, zest of, fresh lemon juice",are,7,"['chop,cube,t,c,sticks,cubes,stick,s,p,in,pie,re,l,pieces,b,nt,e,o,y,g']"
133737,thai tuna burgers with ginger lemon mayonnaise,"kirby cucumbers, red onion, rice vinegar, sugar, kosher salt, fresh ground pepper, fresh ginger, garlic clove, thai chiles, fish sauce, cilantro, basil, tuna, vegetable oil, sesame oil, hamburger buns, dry roasted peanuts, mayonnaise, soy sauce, scallion tops, black sesame seeds, lemon, zest of, fresh lemon juice",add,8,"['ginger,paste,tuna,t,c,s,p,in,past,ad,l,d,b,nt,e,gin,o,y,g,v']"
133737,thai tuna burgers with ginger lemon mayonnaise,"kirby cucumbers, red onion, rice vinegar, sugar, kosher salt, fresh ground pepper, fresh ginger, garlic clove, thai chiles, fish sauce, cilantro, basil, tuna, vegetable oil, sesame oil, hamburger buns, dry roasted peanuts, mayonnaise, soy sauce, scallion tops, black sesame seeds, lemon, zest of, fresh lemon juice",combined,8,"['ginger,paste,tuna,t,c,s,p,in,past,ad,l,d,b,nt,e,gin,o,y,g,v']"
133737,thai tuna burgers with ginger lemon mayonnaise,"kirby cucumbers, red onion, rice vinegar, sugar, kosher salt, fresh ground pepper, fresh ginger, garlic clove, thai chiles, fish sauce, cilantro, basil, tuna, vegetable oil, sesame oil, hamburger buns, dry roasted peanuts, mayonnaise, soy sauce, scallion tops, black sesame seeds, lemon, zest of, fresh lemon juice",moistened,9,"['tuna,t,c,mix,s,p,in,re,l,patties,d,light,b,nt,e,o,y,g']"
133737,thai tuna burgers with ginger lemon mayonnaise,"kirby cucumbers, red onion, rice vinegar, sugar, kosher salt, fresh ground pepper, fresh ginger, garlic clove, thai chiles, fish sauce, cilantro, basil, tuna, vegetable oil, sesame oil, hamburger buns, dry roasted peanuts, mayonnaise, soy sauce, scallion tops, black sesame seeds, lemon, zest of, fresh lemon juice",shape,9,"['tuna,t,c,mix,s,p,in,re,l,patties,d,light,b,nt,e,o,y,g']"
133737,thai tuna burgers with ginger lemon mayonnaise,"kirby cucumbers, red onion, rice vinegar, sugar, kosher salt, fresh ground pepper, fresh ginger, garlic clove, thai chiles, fish sauce, cilantro, basil, tuna, vegetable oil, sesame oil, hamburger buns, dry roasted peanuts, mayonnaise, soy sauce, scallion tops, black sesame seeds, lemon, zest of, fresh lemon juice",set,10,"['t,c,s,p,in,l,d,e,wrap,o,g']"
133737,thai tuna burgers with ginger lemon mayonnaise,"kirby cucumbers, red onion, rice vinegar, sugar, kosher salt, fresh ground pepper, fresh ginger, garlic clove, thai chiles, fish sauce, cilantro, basil, tuna, vegetable oil, sesame oil, hamburger buns, dry roasted peanuts, mayonnaise, soy sauce, scallion tops, black sesame seeds, lemon, zest of, fresh lemon juice",set,20,"['ginger,read,mayonnaise,lemon,tuna,t,c,buns,bun,burger,mayo,s,p,in,de,f,-,re,ad,l,d,b,e,gin,o,y,g,burgers']"
133737,thai tuna burgers with ginger lemon mayonnaise,"kirby cucumbers, red onion, rice vinegar, sugar, kosher salt, fresh ground pepper, fresh ginger, garlic clove, thai chiles, fish sauce, cilantro, basil, tuna, vegetable oil, sesame oil, hamburger buns, dry roasted peanuts, mayonnaise, soy sauce, scallion tops, black sesame seeds, lemon, zest of, fresh lemon juice",lined,10,"['t,c,s,p,in,l,d,e,wrap,o,g']"
133737,thai tuna burgers with ginger lemon mayonnaise,"kirby cucumbers, red onion, rice vinegar, sugar, kosher salt, fresh ground pepper, fresh ginger, garlic clove, thai chiles, fish sauce, cilantro, basil, tuna, vegetable oil, sesame oil, hamburger buns, dry roasted peanuts, mayonnaise, soy sauce, scallion tops, black sesame seeds, lemon, zest of, fresh lemon juice",refrigerate,11,"['tuna,t,min,burger,s,in,f,re,b,e,nut,o,g,burgers']"
133737,thai tuna burgers with ginger lemon mayonnaise,"kirby cucumbers, red onion, rice vinegar, sugar, kosher salt, fresh ground pepper, fresh ginger, garlic clove, thai chiles, fish sauce, cilantro, basil, tuna, vegetable oil, sesame oil, hamburger buns, dry roasted peanuts, mayonnaise, soy sauce, scallion tops, black sesame seeds, lemon, zest of, fresh lemon juice",light,12,"['t,grill,l,light,g']"
133737,thai tuna burgers with ginger lemon mayonnaise,"kirby cucumbers, red onion, rice vinegar, sugar, kosher salt, fresh ground pepper, fresh ginger, garlic clove, thai chiles, fish sauce, cilantro, basil, tuna, vegetable oil, sesame oil, hamburger buns, dry roasted peanuts, mayonnaise, soy sauce, scallion tops, black sesame seeds, lemon, zest of, fresh lemon juice",combine,13,"['oil,vegetable,sesame,t,table,c,s,in,veg,l,b,e,o,g,v,sesam']"
133737,thai tuna burgers with ginger lemon mayonnaise,"kirby cucumbers, red onion, rice vinegar, sugar, kosher salt, fresh ground pepper, fresh ginger, garlic clove, thai chiles, fish sauce, cilantro, basil, tuna, vegetable oil, sesame oil, hamburger buns, dry roasted peanuts, mayonnaise, soy sauce, scallion tops, black sesame seeds, lemon, zest of, fresh lemon juice",combine,18,"['ginger,mayonnaise,lemon,t,c,mayo,s,in,-,re,red,l,d,b,nt,e,gin,o,y,g,ts']"
133737,thai tuna burgers with ginger lemon mayonnaise,"kirby cucumbers, red onion, rice vinegar, sugar, kosher salt, fresh ground pepper, fresh ginger, garlic clove, thai chiles, fish sauce, cilantro, basil, tuna, vegetable oil, sesame oil, hamburger buns, dry roasted peanuts, mayonnaise, soy sauce, scallion tops, black sesame seeds, lemon, zest of, fresh lemon juice",brush,14,"['oil,t,c,buns,bun,burger,s,de,f,l,d,light,b,e,o,y,g,burgers']"
133737,thai tuna burgers with ginger lemon mayonnaise,"kirby cucumbers, red onion, rice vinegar, sugar, kosher salt, fresh ground pepper, fresh ginger, garlic clove, thai chiles, fish sauce, cilantro, basil, tuna, vegetable oil, sesame oil, hamburger buns, dry roasted peanuts, mayonnaise, soy sauce, scallion tops, black sesame seeds, lemon, zest of, fresh lemon juice",brush,15,"['oil,t,s,medium,f,re,l,d,b,e,o,fire,g,hot']"
133737,thai tuna burgers with ginger lemon mayonnaise,"kirby cucumbers, red onion, rice vinegar, sugar, kosher salt, fresh ground pepper, fresh ginger, garlic clove, thai chiles, fish sauce, cilantro, basil, tuna, vegetable oil, sesame oil, hamburger buns, dry roasted peanuts, mayonnaise, soy sauce, scallion tops, black sesame seeds, lemon, zest of, fresh lemon juice",grill,16,"['t,c,min,burger,s,in,medium,f,grill,re,l,d,b,e,nut,o,g,burgers']"
133737,thai tuna burgers with ginger lemon mayonnaise,"kirby cucumbers, red onion, rice vinegar, sugar, kosher salt, fresh ground pepper, fresh ginger, garlic clove, thai chiles, fish sauce, cilantro, basil, tuna, vegetable oil, sesame oil, hamburger buns, dry roasted peanuts, mayonnaise, soy sauce, scallion tops, black sesame seeds, lemon, zest of, fresh lemon juice",grill,17,"['t,c,min,heat,buns,bun,burger,s,in,de,f,grill,l,d,b,nt,e,nut,o,y,g,v,burgers']"
133737,thai tuna burgers with ginger lemon mayonnaise,"kirby cucumbers, red onion, rice vinegar, sugar, kosher salt, fresh ground pepper, fresh ginger, garlic clove, thai chiles, fish sauce, cilantro, basil, tuna, vegetable oil, sesame oil, hamburger buns, dry roasted peanuts, mayonnaise, soy sauce, scallion tops, black sesame seeds, lemon, zest of, fresh lemon juice",turning,16,"['t,c,min,burger,s,in,medium,f,grill,re,l,d,b,e,nut,o,g,burgers']"
133737,thai tuna burgers with ginger lemon mayonnaise,"kirby cucumbers, red onion, rice vinegar, sugar, kosher salt, fresh ground pepper, fresh ginger, garlic clove, thai chiles, fish sauce, cilantro, basil, tuna, vegetable oil, sesame oil, hamburger buns, dry roasted peanuts, mayonnaise, soy sauce, scallion tops, black sesame seeds, lemon, zest of, fresh lemon juice",move,17,"['t,c,min,heat,buns,bun,burger,s,in,de,f,grill,l,d,b,nt,e,nut,o,y,g,v,burgers']"
133737,thai tuna burgers with ginger lemon mayonnaise,"kirby cucumbers, red onion, rice vinegar, sugar, kosher salt, fresh ground pepper, fresh ginger, garlic clove, thai chiles, fish sauce, cilantro, basil, tuna, vegetable oil, sesame oil, hamburger buns, dry roasted peanuts, mayonnaise, soy sauce, scallion tops, black sesame seeds, lemon, zest of, fresh lemon juice",toasted,17,"['t,c,min,heat,buns,bun,burger,s,in,de,f,grill,l,d,b,nt,e,nut,o,y,g,v,burgers']"
133737,thai tuna burgers with ginger lemon mayonnaise,"kirby cucumbers, red onion, rice vinegar, sugar, kosher salt, fresh ground pepper, fresh ginger, garlic clove, thai chiles, fish sauce, cilantro, basil, tuna, vegetable oil, sesame oil, hamburger buns, dry roasted peanuts, mayonnaise, soy sauce, scallion tops, black sesame seeds, lemon, zest of, fresh lemon juice",drain,19,"['cucumber,t,salad,c,s,in,ad,l,d,b,e']"
133737,thai tuna burgers with ginger lemon mayonnaise,"kirby cucumbers, red onion, rice vinegar, sugar, kosher salt, fresh ground pepper, fresh ginger, garlic clove, thai chiles, fish sauce, cilantro, basil, tuna, vegetable oil, sesame oil, hamburger buns, dry roasted peanuts, mayonnaise, soy sauce, scallion tops, black sesame seeds, lemon, zest of, fresh lemon juice",spread,20,"['ginger,read,mayonnaise,lemon,tuna,t,c,buns,bun,burger,mayo,s,p,in,de,f,-,re,ad,l,d,b,e,gin,o,y,g,burgers']"
133737,thai tuna burgers with ginger lemon mayonnaise,"kirby cucumbers, red onion, rice vinegar, sugar, kosher salt, fresh ground pepper, fresh ginger, garlic clove, thai chiles, fish sauce, cilantro, basil, tuna, vegetable oil, sesame oil, hamburger buns, dry roasted peanuts, mayonnaise, soy sauce, scallion tops, black sesame seeds, lemon, zest of, fresh lemon juice",cover,22,"['t,c,buns,bun,burger,s,d,b,e,o,g,v,burgers']"
133737,thai tuna burgers with ginger lemon mayonnaise,"kirby cucumbers, red onion, rice vinegar, sugar, kosher salt, fresh ground pepper, fresh ginger, garlic clove, thai chiles, fish sauce, cilantro, basil, tuna, vegetable oil, sesame oil, hamburger buns, dry roasted peanuts, mayonnaise, soy sauce, scallion tops, black sesame seeds, lemon, zest of, fresh lemon juice",serve,22,"['t,c,buns,bun,burger,s,d,b,e,o,g,v,burgers']"
