Id,Name,AllIngredients,Verbs,Steps,Ingredient
134748,meatballs stroganoff,"ground beef, breadcrumbs, milk, egg, white onion, parsley flakes, parmesan cheese, thyme, salt, pepper, butter, mushroom, onion, garlic clove, beef consomme, red wine, flour, parsley, catsup, dijon mustard, sour cream, nutmeg",combine,1,"['crumbs,milk,read,bread,t,rum,c,breadcrumbs,breadcrumb,min,s,in,crumb,f,re,ad,l,d,b,e,nut']"
134748,meatballs stroganoff,"ground beef, breadcrumbs, milk, egg, white onion, parsley flakes, parmesan cheese, thyme, salt, pepper, butter, mushroom, onion, garlic clove, beef consomme, red wine, flour, parsley, catsup, dijon mustard, sour cream, nutmeg",combine,2,"['pepper,salt,egg,onion,parsley,read,bread,beef,thyme,sea,t,rum,c,breadcrumb,mix,s,p,in,crumb,f,re,ad,l,d,b,e']"
134748,meatballs stroganoff,"ground beef, breadcrumbs, milk, egg, white onion, parsley flakes, parmesan cheese, thyme, salt, pepper, butter, mushroom, onion, garlic clove, beef consomme, red wine, flour, parsley, catsup, dijon mustard, sour cream, nutmeg",combine,12,"['flour,wine,c,p,in,f,l,d,b,e']"
134748,meatballs stroganoff,"ground beef, breadcrumbs, milk, egg, white onion, parsley flakes, parmesan cheese, thyme, salt, pepper, butter, mushroom, onion, garlic clove, beef consomme, red wine, flour, parsley, catsup, dijon mustard, sour cream, nutmeg",let,1,"['crumbs,milk,read,bread,t,rum,c,breadcrumbs,breadcrumb,min,s,in,crumb,f,re,ad,l,d,b,e,nut']"
134748,meatballs stroganoff,"ground beef, breadcrumbs, milk, egg, white onion, parsley flakes, parmesan cheese, thyme, salt, pepper, butter, mushroom, onion, garlic clove, beef consomme, red wine, flour, parsley, catsup, dijon mustard, sour cream, nutmeg",let,7,"['t,c,re,l,d,e']"
134748,meatballs stroganoff,"ground beef, breadcrumbs, milk, egg, white onion, parsley flakes, parmesan cheese, thyme, salt, pepper, butter, mushroom, onion, garlic clove, beef consomme, red wine, flour, parsley, catsup, dijon mustard, sour cream, nutmeg",let,11,"['t,c,min,meatballs,ball,s,in,meat,f,re,ad,red,l,d,b,e,nut,balls']"
134748,meatballs stroganoff,"ground beef, breadcrumbs, milk, egg, white onion, parsley flakes, parmesan cheese, thyme, salt, pepper, butter, mushroom, onion, garlic clove, beef consomme, red wine, flour, parsley, catsup, dijon mustard, sour cream, nutmeg",let,17,"['oil,t,boil,l,d,b,e']"
134748,meatballs stroganoff,"ground beef, breadcrumbs, milk, egg, white onion, parsley flakes, parmesan cheese, thyme, salt, pepper, butter, mushroom, onion, garlic clove, beef consomme, red wine, flour, parsley, catsup, dijon mustard, sour cream, nutmeg",set,1,"['crumbs,milk,read,bread,t,rum,c,breadcrumbs,breadcrumb,min,s,in,crumb,f,re,ad,l,d,b,e,nut']"
134748,meatballs stroganoff,"ground beef, breadcrumbs, milk, egg, white onion, parsley flakes, parmesan cheese, thyme, salt, pepper, butter, mushroom, onion, garlic clove, beef consomme, red wine, flour, parsley, catsup, dijon mustard, sour cream, nutmeg",mix,3,"['mix,l,e']"
134748,meatballs stroganoff,"ground beef, breadcrumbs, milk, egg, white onion, parsley flakes, parmesan cheese, thyme, salt, pepper, butter, mushroom, onion, garlic clove, beef consomme, red wine, flour, parsley, catsup, dijon mustard, sour cream, nutmeg",form,4,"['t,c,grease,baking,ball,s,p,in,sheet,f,re,l,d,b,e,balls']"
134748,meatballs stroganoff,"ground beef, breadcrumbs, milk, egg, white onion, parsley flakes, parmesan cheese, thyme, salt, pepper, butter, mushroom, onion, garlic clove, beef consomme, red wine, flour, parsley, catsup, dijon mustard, sour cream, nutmeg",greased,4,"['t,c,grease,baking,ball,s,p,in,sheet,f,re,l,d,b,e,balls']"
134748,meatballs stroganoff,"ground beef, breadcrumbs, milk, egg, white onion, parsley flakes, parmesan cheese, thyme, salt, pepper, butter, mushroom, onion, garlic clove, beef consomme, red wine, flour, parsley, catsup, dijon mustard, sour cream, nutmeg",keep,5,"['t,c,s,p,in,d,b,e']"
134748,meatballs stroganoff,"ground beef, breadcrumbs, milk, egg, white onion, parsley flakes, parmesan cheese, thyme, salt, pepper, butter, mushroom, onion, garlic clove, beef consomme, red wine, flour, parsley, catsup, dijon mustard, sour cream, nutmeg",spaced,5,"['t,c,s,p,in,d,b,e']"
134748,meatballs stroganoff,"ground beef, breadcrumbs, milk, egg, white onion, parsley flakes, parmesan cheese, thyme, salt, pepper, butter, mushroom, onion, garlic clove, beef consomme, red wine, flour, parsley, catsup, dijon mustard, sour cream, nutmeg",bake,6,"['t,min,heat,s,p,in,de,oven,f,re,d,b,e,nut']"
134748,meatballs stroganoff,"ground beef, breadcrumbs, milk, egg, white onion, parsley flakes, parmesan cheese, thyme, salt, pepper, butter, mushroom, onion, garlic clove, beef consomme, red wine, flour, parsley, catsup, dijon mustard, sour cream, nutmeg",preheated,6,"['t,min,heat,s,p,in,de,oven,f,re,d,b,e,nut']"
134748,meatballs stroganoff,"ground beef, breadcrumbs, milk, egg, white onion, parsley flakes, parmesan cheese, thyme, salt, pepper, butter, mushroom, onion, garlic clove, beef consomme, red wine, flour, parsley, catsup, dijon mustard, sour cream, nutmeg",remove,7,"['t,c,re,l,d,e']"
134748,meatballs stroganoff,"ground beef, breadcrumbs, milk, egg, white onion, parsley flakes, parmesan cheese, thyme, salt, pepper, butter, mushroom, onion, garlic clove, beef consomme, red wine, flour, parsley, catsup, dijon mustard, sour cream, nutmeg",melt,8,"['butter,t,s,in,l,b,e,butt']"
134748,meatballs stroganoff,"ground beef, breadcrumbs, milk, egg, white onion, parsley flakes, parmesan cheese, thyme, salt, pepper, butter, mushroom, onion, garlic clove, beef consomme, red wine, flour, parsley, catsup, dijon mustard, sour cream, nutmeg",add,9,"['garlic,egg,onion,mushrooms,mushroom,room,t,c,s,shrooms,veg,f,au,mu,hr,re,ad,l,d,e']"
134748,meatballs stroganoff,"ground beef, breadcrumbs, milk, egg, white onion, parsley flakes, parmesan cheese, thyme, salt, pepper, butter, mushroom, onion, garlic clove, beef consomme, red wine, flour, parsley, catsup, dijon mustard, sour cream, nutmeg",add,10,"['oil,t,c,boil,s,in,ad,l,d,b,e,ring,consomme']"
134748,meatballs stroganoff,"ground beef, breadcrumbs, milk, egg, white onion, parsley flakes, parmesan cheese, thyme, salt, pepper, butter, mushroom, onion, garlic clove, beef consomme, red wine, flour, parsley, catsup, dijon mustard, sour cream, nutmeg",add,11,"['t,c,min,meatballs,ball,s,in,meat,f,re,ad,red,l,d,b,e,nut,balls']"
134748,meatballs stroganoff,"ground beef, breadcrumbs, milk, egg, white onion, parsley flakes, parmesan cheese, thyme, salt, pepper, butter, mushroom, onion, garlic clove, beef consomme, red wine, flour, parsley, catsup, dijon mustard, sour cream, nutmeg",add,13,"['oil,t,c,boil,heat,boiling,mix,s,in,re,ad,l,d,b,nt,e,ring']"
134748,meatballs stroganoff,"ground beef, breadcrumbs, milk, egg, white onion, parsley flakes, parmesan cheese, thyme, salt, pepper, butter, mushroom, onion, garlic clove, beef consomme, red wine, flour, parsley, catsup, dijon mustard, sour cream, nutmeg",soften,9,"['garlic,egg,onion,mushrooms,mushroom,room,t,c,s,shrooms,veg,f,au,mu,hr,re,ad,l,d,e']"
134748,meatballs stroganoff,"ground beef, breadcrumbs, milk, egg, white onion, parsley flakes, parmesan cheese, thyme, salt, pepper, butter, mushroom, onion, garlic clove, beef consomme, red wine, flour, parsley, catsup, dijon mustard, sour cream, nutmeg",bring,10,"['oil,t,c,boil,s,in,ad,l,d,b,e,ring,consomme']"
134748,meatballs stroganoff,"ground beef, breadcrumbs, milk, egg, white onion, parsley flakes, parmesan cheese, thyme, salt, pepper, butter, mushroom, onion, garlic clove, beef consomme, red wine, flour, parsley, catsup, dijon mustard, sour cream, nutmeg",skillet,11,"['t,c,min,meatballs,ball,s,in,meat,f,re,ad,red,l,d,b,e,nut,balls']"
134748,meatballs stroganoff,"ground beef, breadcrumbs, milk, egg, white onion, parsley flakes, parmesan cheese, thyme, salt, pepper, butter, mushroom, onion, garlic clove, beef consomme, red wine, flour, parsley, catsup, dijon mustard, sour cream, nutmeg",skillet,13,"['oil,t,c,boil,heat,boiling,mix,s,in,re,ad,l,d,b,nt,e,ring']"
134748,meatballs stroganoff,"ground beef, breadcrumbs, milk, egg, white onion, parsley flakes, parmesan cheese, thyme, salt, pepper, butter, mushroom, onion, garlic clove, beef consomme, red wine, flour, parsley, catsup, dijon mustard, sour cream, nutmeg",covered,11,"['t,c,min,meatballs,ball,s,in,meat,f,re,ad,red,l,d,b,e,nut,balls']"
134748,meatballs stroganoff,"ground beef, breadcrumbs, milk, egg, white onion, parsley flakes, parmesan cheese, thyme, salt, pepper, butter, mushroom, onion, garlic clove, beef consomme, red wine, flour, parsley, catsup, dijon mustard, sour cream, nutmeg",boiling,13,"['oil,t,c,boil,heat,boiling,mix,s,in,re,ad,l,d,b,nt,e,ring']"
134748,meatballs stroganoff,"ground beef, breadcrumbs, milk, egg, white onion, parsley flakes, parmesan cheese, thyme, salt, pepper, butter, mushroom, onion, garlic clove, beef consomme, red wine, flour, parsley, catsup, dijon mustard, sour cream, nutmeg",stirring,13,"['oil,t,c,boil,heat,boiling,mix,s,in,re,ad,l,d,b,nt,e,ring']"
134748,meatballs stroganoff,"ground beef, breadcrumbs, milk, egg, white onion, parsley flakes, parmesan cheese, thyme, salt, pepper, butter, mushroom, onion, garlic clove, beef consomme, red wine, flour, parsley, catsup, dijon mustard, sour cream, nutmeg",boil,14,"['oil,t,boil,min,in,f,l,b,e,nut']"
134748,meatballs stroganoff,"ground beef, breadcrumbs, milk, egg, white onion, parsley flakes, parmesan cheese, thyme, salt, pepper, butter, mushroom, onion, garlic clove, beef consomme, red wine, flour, parsley, catsup, dijon mustard, sour cream, nutmeg",stir,15,"['parsley,cream,nutmeg,dijon,t,c,s,p,in,catsup,re,l,d,e,nut']"
134748,meatballs stroganoff,"ground beef, breadcrumbs, milk, egg, white onion, parsley flakes, parmesan cheese, thyme, salt, pepper, butter, mushroom, onion, garlic clove, beef consomme, red wine, flour, parsley, catsup, dijon mustard, sour cream, nutmeg",stir,16,"['t,c,s,in,l,d,b,nt,e']"
134748,meatballs stroganoff,"ground beef, breadcrumbs, milk, egg, white onion, parsley flakes, parmesan cheese, thyme, salt, pepper, butter, mushroom, onion, garlic clove, beef consomme, red wine, flour, parsley, catsup, dijon mustard, sour cream, nutmeg",combined,16,"['t,c,s,in,l,d,b,nt,e']"
134748,meatballs stroganoff,"ground beef, breadcrumbs, milk, egg, white onion, parsley flakes, parmesan cheese, thyme, salt, pepper, butter, mushroom, onion, garlic clove, beef consomme, red wine, flour, parsley, catsup, dijon mustard, sour cream, nutmeg",simmer,18,"['t,heat,s,hr,l,d,nt,e']"
134748,meatballs stroganoff,"ground beef, breadcrumbs, milk, egg, white onion, parsley flakes, parmesan cheese, thyme, salt, pepper, butter, mushroom, onion, garlic clove, beef consomme, red wine, flour, parsley, catsup, dijon mustard, sour cream, nutmeg",heated,18,"['t,heat,s,hr,l,d,nt,e']"
134748,meatballs stroganoff,"ground beef, breadcrumbs, milk, egg, white onion, parsley flakes, parmesan cheese, thyme, salt, pepper, butter, mushroom, onion, garlic clove, beef consomme, red wine, flour, parsley, catsup, dijon mustard, sour cream, nutmeg",serve,19,"['egg,noodles,s,noodle,l,d,e']"
