Id,Name,AllIngredients,Verbs,Steps,Ingredient
13605,beef stew and dumplings,"boneless beef chuck, olive oil, salt, pepper, red wine, water, tomato paste, thyme, carrots, turnips, parsley, baking powder, egg, garlic, white onions, celery ribs, mushroom, all-purpose flour, sugar, milk",add,3,"['garlic,water,tomato,paste,thyme,wine,t,c,s,p,in']"
13605,beef stew and dumplings,"boneless beef chuck, olive oil, salt, pepper, red wine, water, tomato paste, thyme, carrots, turnips, parsley, baking powder, egg, garlic, white onions, celery ribs, mushroom, all-purpose flour, sugar, milk",add,7,"['carrots,onion,mushrooms,celery,parsley,mushroom,carrot,room,t,c,s,p,turnips']"
13605,beef stew and dumplings,"boneless beef chuck, olive oil, salt, pepper, red wine, water, tomato paste, thyme, carrots, turnips, parsley, baking powder, egg, garlic, white onions, celery ribs, mushroom, all-purpose flour, sugar, milk",add,11,"['oil,egg,milk,in']"
13605,beef stew and dumplings,"boneless beef chuck, olive oil, salt, pepper, red wine, water, tomato paste, thyme, carrots, turnips, parsley, baking powder, egg, garlic, white onions, celery ribs, mushroom, all-purpose flour, sugar, milk",bring,4,"['oil,t,boil,heat,in']"
13605,beef stew and dumplings,"boneless beef chuck, olive oil, salt, pepper, red wine, water, tomato paste, thyme, carrots, turnips, parsley, baking powder, egg, garlic, white onions, celery ribs, mushroom, all-purpose flour, sugar, milk",reduce,5,"['t,c,heat,s']"
13605,beef stew and dumplings,"boneless beef chuck, olive oil, salt, pepper, red wine, water, tomato paste, thyme, carrots, turnips, parsley, baking powder, egg, garlic, white onions, celery ribs, mushroom, all-purpose flour, sugar, milk",cover,5,"['t,c,heat,s']"
13605,beef stew and dumplings,"boneless beef chuck, olive oil, salt, pepper, red wine, water, tomato paste, thyme, carrots, turnips, parsley, baking powder, egg, garlic, white onions, celery ribs, mushroom, all-purpose flour, sugar, milk",simmer,5,"['t,c,heat,s']"
13605,beef stew and dumplings,"boneless beef chuck, olive oil, salt, pepper, red wine, water, tomato paste, thyme, carrots, turnips, parsley, baking powder, egg, garlic, white onions, celery ribs, mushroom, all-purpose flour, sugar, milk",simmer,8,"['t,c,min,s,in']"
13605,beef stew and dumplings,"boneless beef chuck, olive oil, salt, pepper, red wine, water, tomato paste, thyme, carrots, turnips, parsley, baking powder, egg, garlic, white onions, celery ribs, mushroom, all-purpose flour, sugar, milk",stir,6,"['t,c,s']"
13605,beef stew and dumplings,"boneless beef chuck, olive oil, salt, pepper, red wine, water, tomato paste, thyme, carrots, turnips, parsley, baking powder, egg, garlic, white onions, celery ribs, mushroom, all-purpose flour, sugar, milk",stir,12,"['t,blend,s,end']"
13605,beef stew and dumplings,"boneless beef chuck, olive oil, salt, pepper, red wine, water, tomato paste, thyme, carrots, turnips, parsley, baking powder, egg, garlic, white onions, celery ribs, mushroom, all-purpose flour, sugar, milk",covered,8,"['t,c,min,s,in']"
13605,beef stew and dumplings,"boneless beef chuck, olive oil, salt, pepper, red wine, water, tomato paste, thyme, carrots, turnips, parsley, baking powder, egg, garlic, white onions, celery ribs, mushroom, all-purpose flour, sugar, milk",combine,10,"['powder,salt,sugar,flour,t,c,baking,s,p,in']"
13605,beef stew and dumplings,"boneless beef chuck, olive oil, salt, pepper, red wine, water, tomato paste, thyme, carrots, turnips, parsley, baking powder, egg, garlic, white onions, celery ribs, mushroom, all-purpose flour, sugar, milk",baking,10,"['powder,salt,sugar,flour,t,c,baking,s,p,in']"
13605,beef stew and dumplings,"boneless beef chuck, olive oil, salt, pepper, red wine, water, tomato paste, thyme, carrots, turnips, parsley, baking powder, egg, garlic, white onions, celery ribs, mushroom, all-purpose flour, sugar, milk",remaining,10,"['powder,salt,sugar,flour,t,c,baking,s,p,in']"
13605,beef stew and dumplings,"boneless beef chuck, olive oil, salt, pepper, red wine, water, tomato paste, thyme, carrots, turnips, parsley, baking powder, egg, garlic, white onions, celery ribs, mushroom, all-purpose flour, sugar, milk",remaining,11,"['oil,egg,milk,in']"
13605,beef stew and dumplings,"boneless beef chuck, olive oil, salt, pepper, red wine, water, tomato paste, thyme, carrots, turnips, parsley, baking powder, egg, garlic, white onions, celery ribs, mushroom, all-purpose flour, sugar, milk",blend,12,"['t,blend,s,end']"
13605,beef stew and dumplings,"boneless beef chuck, olive oil, salt, pepper, red wine, water, tomato paste, thyme, carrots, turnips, parsley, baking powder, egg, garlic, white onions, celery ribs, mushroom, all-purpose flour, sugar, milk",drop,13,"['t,table,s,p,in']"
13605,beef stew and dumplings,"boneless beef chuck, olive oil, salt, pepper, red wine, water, tomato paste, thyme, carrots, turnips, parsley, baking powder, egg, garlic, white onions, celery ribs, mushroom, all-purpose flour, sugar, milk",cook,14,"['cook,t,c,min,s,in']"
13605,beef stew and dumplings,"boneless beef chuck, olive oil, salt, pepper, red wine, water, tomato paste, thyme, carrots, turnips, parsley, baking powder, egg, garlic, white onions, celery ribs, mushroom, all-purpose flour, sugar, milk",uncovered,14,"['cook,t,c,min,s,in']"
