Id,Name,AllIngredients,Verbs,Steps,Ingredient
136201,jambalaya with shrimp and andouille sausage,"olive oil, onion, red bell pepper, garlic, andouille sausages, long-grain white rice, paprika, fresh ground black pepper, dried oregano, onion powder, dried thyme, garlic salt, bay leaf, fat-free chicken broth, water, tomato paste, hot pepper sauce, diced tomatoes, medium shrimp, fresh parsley",add,2,"['garlic,pepper,onion,sausage,bell,chop,c,min,sage,s,p,in,age,au,ad,l,d,b,mince,e']"
136201,jambalaya with shrimp and andouille sausage,"olive oil, onion, red bell pepper, garlic, andouille sausages, long-grain white rice, paprika, fresh ground black pepper, dried oregano, onion powder, dried thyme, garlic salt, bay leaf, fat-free chicken broth, water, tomato paste, hot pepper sauce, diced tomatoes, medium shrimp, fresh parsley",add,3,"['vegetable,rice,t,table,c,ice,min,tender,s,end,in,de,veg,au,re,ad,red,l,d,b,vegetables,nt,e']"
136201,jambalaya with shrimp and andouille sausage,"olive oil, onion, red bell pepper, garlic, andouille sausages, long-grain white rice, paprika, fresh ground black pepper, dried oregano, onion powder, dried thyme, garlic salt, bay leaf, fat-free chicken broth, water, tomato paste, hot pepper sauce, diced tomatoes, medium shrimp, fresh parsley",add,5,"['sauce,pepper,water,tomatoes,tomato,paste,broth,t,c,ice,s,p,dice,past,au,ad,d,b,e']"
136201,jambalaya with shrimp and andouille sausage,"olive oil, onion, red bell pepper, garlic, andouille sausages, long-grain white rice, paprika, fresh ground black pepper, dried oregano, onion powder, dried thyme, garlic salt, bay leaf, fat-free chicken broth, water, tomato paste, hot pepper sauce, diced tomatoes, medium shrimp, fresh parsley",add,8,"['shrimp,s,p,hr,ad,d']"
136201,jambalaya with shrimp and andouille sausage,"olive oil, onion, red bell pepper, garlic, andouille sausages, long-grain white rice, paprika, fresh ground black pepper, dried oregano, onion powder, dried thyme, garlic salt, bay leaf, fat-free chicken broth, water, tomato paste, hot pepper sauce, diced tomatoes, medium shrimp, fresh parsley",chopped,2,"['garlic,pepper,onion,sausage,bell,chop,c,min,sage,s,p,in,age,au,ad,l,d,b,mince,e']"
136201,jambalaya with shrimp and andouille sausage,"olive oil, onion, red bell pepper, garlic, andouille sausages, long-grain white rice, paprika, fresh ground black pepper, dried oregano, onion powder, dried thyme, garlic salt, bay leaf, fat-free chicken broth, water, tomato paste, hot pepper sauce, diced tomatoes, medium shrimp, fresh parsley",minced,2,"['garlic,pepper,onion,sausage,bell,chop,c,min,sage,s,p,in,age,au,ad,l,d,b,mince,e']"
136201,jambalaya with shrimp and andouille sausage,"olive oil, onion, red bell pepper, garlic, andouille sausages, long-grain white rice, paprika, fresh ground black pepper, dried oregano, onion powder, dried thyme, garlic salt, bay leaf, fat-free chicken broth, water, tomato paste, hot pepper sauce, diced tomatoes, medium shrimp, fresh parsley",are,3,"['vegetable,rice,t,table,c,ice,min,tender,s,end,in,de,veg,au,re,ad,red,l,d,b,vegetables,nt,e']"
136201,jambalaya with shrimp and andouille sausage,"olive oil, onion, red bell pepper, garlic, andouille sausages, long-grain white rice, paprika, fresh ground black pepper, dried oregano, onion powder, dried thyme, garlic salt, bay leaf, fat-free chicken broth, water, tomato paste, hot pepper sauce, diced tomatoes, medium shrimp, fresh parsley",cook,4,"['cook,t,c,min,s,in,e']"
136201,jambalaya with shrimp and andouille sausage,"olive oil, onion, red bell pepper, garlic, andouille sausages, long-grain white rice, paprika, fresh ground black pepper, dried oregano, onion powder, dried thyme, garlic salt, bay leaf, fat-free chicken broth, water, tomato paste, hot pepper sauce, diced tomatoes, medium shrimp, fresh parsley",cook,9,"['cook,t,c,min,s,in,e']"
136201,jambalaya with shrimp and andouille sausage,"olive oil, onion, red bell pepper, garlic, andouille sausages, long-grain white rice, paprika, fresh ground black pepper, dried oregano, onion powder, dried thyme, garlic salt, bay leaf, fat-free chicken broth, water, tomato paste, hot pepper sauce, diced tomatoes, medium shrimp, fresh parsley",diced,5,"['sauce,pepper,water,tomatoes,tomato,paste,broth,t,c,ice,s,p,dice,past,au,ad,d,b,e']"
136201,jambalaya with shrimp and andouille sausage,"olive oil, onion, red bell pepper, garlic, andouille sausages, long-grain white rice, paprika, fresh ground black pepper, dried oregano, onion powder, dried thyme, garlic salt, bay leaf, fat-free chicken broth, water, tomato paste, hot pepper sauce, diced tomatoes, medium shrimp, fresh parsley",bring,6,"['oil,t,boil,in,l,b,ring']"
136201,jambalaya with shrimp and andouille sausage,"olive oil, onion, red bell pepper, garlic, andouille sausages, long-grain white rice, paprika, fresh ground black pepper, dried oregano, onion powder, dried thyme, garlic salt, bay leaf, fat-free chicken broth, water, tomato paste, hot pepper sauce, diced tomatoes, medium shrimp, fresh parsley",cover,7,"['t,c,min,heat,s,in,re,red,d,e']"
136201,jambalaya with shrimp and andouille sausage,"olive oil, onion, red bell pepper, garlic, andouille sausages, long-grain white rice, paprika, fresh ground black pepper, dried oregano, onion powder, dried thyme, garlic salt, bay leaf, fat-free chicken broth, water, tomato paste, hot pepper sauce, diced tomatoes, medium shrimp, fresh parsley",reduce,7,"['t,c,min,heat,s,in,re,red,d,e']"
136201,jambalaya with shrimp and andouille sausage,"olive oil, onion, red bell pepper, garlic, andouille sausages, long-grain white rice, paprika, fresh ground black pepper, dried oregano, onion powder, dried thyme, garlic salt, bay leaf, fat-free chicken broth, water, tomato paste, hot pepper sauce, diced tomatoes, medium shrimp, fresh parsley",simmer,7,"['t,c,min,heat,s,in,re,red,d,e']"
136201,jambalaya with shrimp and andouille sausage,"olive oil, onion, red bell pepper, garlic, andouille sausages, long-grain white rice, paprika, fresh ground black pepper, dried oregano, onion powder, dried thyme, garlic salt, bay leaf, fat-free chicken broth, water, tomato paste, hot pepper sauce, diced tomatoes, medium shrimp, fresh parsley",let,10,"['t,min,s,in,l,d,e']"
136201,jambalaya with shrimp and andouille sausage,"olive oil, onion, red bell pepper, garlic, andouille sausages, long-grain white rice, paprika, fresh ground black pepper, dried oregano, onion powder, dried thyme, garlic salt, bay leaf, fat-free chicken broth, water, tomato paste, hot pepper sauce, diced tomatoes, medium shrimp, fresh parsley",stand,10,"['t,min,s,in,l,d,e']"
136201,jambalaya with shrimp and andouille sausage,"olive oil, onion, red bell pepper, garlic, andouille sausages, long-grain white rice, paprika, fresh ground black pepper, dried oregano, onion powder, dried thyme, garlic salt, bay leaf, fat-free chicken broth, water, tomato paste, hot pepper sauce, diced tomatoes, medium shrimp, fresh parsley",discard,11,"['bay,leaf,c,s,f,l,d,b,e']"
136201,jambalaya with shrimp and andouille sausage,"olive oil, onion, red bell pepper, garlic, andouille sausages, long-grain white rice, paprika, fresh ground black pepper, dried oregano, onion powder, dried thyme, garlic salt, bay leaf, fat-free chicken broth, water, tomato paste, hot pepper sauce, diced tomatoes, medium shrimp, fresh parsley",stir,12,"['parsley,t,s,p,in,l,e']"
