Id,Name,AllIngredients,Verbs,Steps,Ingredient
136247,vietnamese grilled pork meatball sandwiches,"vegetable oil, garlic cloves, thai chiles, shallot, rice wine, tomato sauce, fish sauce, ground pork, onion, water chestnuts, cornstarch, cilantro leaves, cabbage kimchi, soy sauce, fresh ground pepper, sesame oil, egg, french rolls, hot sauce, sugar, salt, distilled white vinegar, carrots",pickled,1,"['salt,sugar,carrots,vinegar,carrot,t,c,s,p,in,vin,-,tel,pickle,l,d,b,nt,e,vine,o,y,g,ts,v,r']"
136247,vietnamese grilled pork meatball sandwiches,"vegetable oil, garlic cloves, thai chiles, shallot, rice wine, tomato sauce, fish sauce, ground pork, onion, water chestnuts, cornstarch, cilantro leaves, cabbage kimchi, soy sauce, fresh ground pepper, sesame oil, egg, french rolls, hot sauce, sugar, salt, distilled white vinegar, carrots",pickled,18,"['sauce,cilantro,carrots,carrot,t,c,sprigs,s,p,au,top,pickle,l,d,nt,e,sprig,o,g,ts,v,hot,r']"
136247,vietnamese grilled pork meatball sandwiches,"vegetable oil, garlic cloves, thai chiles, shallot, rice wine, tomato sauce, fish sauce, ground pork, onion, water chestnuts, cornstarch, cilantro leaves, cabbage kimchi, soy sauce, fresh ground pepper, sesame oil, egg, french rolls, hot sauce, sugar, salt, distilled white vinegar, carrots",stir,1,"['salt,sugar,carrots,vinegar,carrot,t,c,s,p,in,vin,-,tel,pickle,l,d,b,nt,e,vine,o,y,g,ts,v,r']"
136247,vietnamese grilled pork meatball sandwiches,"vegetable oil, garlic cloves, thai chiles, shallot, rice wine, tomato sauce, fish sauce, ground pork, onion, water chestnuts, cornstarch, cilantro leaves, cabbage kimchi, soy sauce, fresh ground pepper, sesame oil, egg, french rolls, hot sauce, sugar, salt, distilled white vinegar, carrots",stir,9,"['sauce,tomato,t,c,min,s,in,au,l,d,b,nt,e,ring,nut,o,y,g,r']"
136247,vietnamese grilled pork meatball sandwiches,"vegetable oil, garlic cloves, thai chiles, shallot, rice wine, tomato sauce, fish sauce, ground pork, onion, water chestnuts, cornstarch, cilantro leaves, cabbage kimchi, soy sauce, fresh ground pepper, sesame oil, egg, french rolls, hot sauce, sugar, salt, distilled white vinegar, carrots",stir,10,"['sauce,t,table,c,fish,s,p,in,f,au,l,b,e,o,r']"
136247,vietnamese grilled pork meatball sandwiches,"vegetable oil, garlic cloves, thai chiles, shallot, rice wine, tomato sauce, fish sauce, ground pork, onion, water chestnuts, cornstarch, cilantro leaves, cabbage kimchi, soy sauce, fresh ground pepper, sesame oil, egg, french rolls, hot sauce, sugar, salt, distilled white vinegar, carrots",dissolved,1,"['salt,sugar,carrots,vinegar,carrot,t,c,s,p,in,vin,-,tel,pickle,l,d,b,nt,e,vine,o,y,g,ts,v,r']"
136247,vietnamese grilled pork meatball sandwiches,"vegetable oil, garlic cloves, thai chiles, shallot, rice wine, tomato sauce, fish sauce, ground pork, onion, water chestnuts, cornstarch, cilantro leaves, cabbage kimchi, soy sauce, fresh ground pepper, sesame oil, egg, french rolls, hot sauce, sugar, salt, distilled white vinegar, carrots",add,2,"['carrots,carrot,t,c,s,p,ad,l,d,e,wrap,o,y,g,ts,v,r']"
136247,vietnamese grilled pork meatball sandwiches,"vegetable oil, garlic cloves, thai chiles, shallot, rice wine, tomato sauce, fish sauce, ground pork, onion, water chestnuts, cornstarch, cilantro leaves, cabbage kimchi, soy sauce, fresh ground pepper, sesame oil, egg, french rolls, hot sauce, sugar, salt, distilled white vinegar, carrots",add,7,"['garlic,cook,t,c,min,heat,shallot,s,chile,in,chiles,de,f,ad,l,d,b,nt,e,nut,o,g,v,r']"
136247,vietnamese grilled pork meatball sandwiches,"vegetable oil, garlic cloves, thai chiles, shallot, rice wine, tomato sauce, fish sauce, ground pork, onion, water chestnuts, cornstarch, cilantro leaves, cabbage kimchi, soy sauce, fresh ground pepper, sesame oil, egg, french rolls, hot sauce, sugar, salt, distilled white vinegar, carrots",add,8,"['oil,rice,wine,t,c,ice,boil,in,ad,l,d,b,e,ring,o,g,r']"
136247,vietnamese grilled pork meatball sandwiches,"vegetable oil, garlic cloves, thai chiles, shallot, rice wine, tomato sauce, fish sauce, ground pork, onion, water chestnuts, cornstarch, cilantro leaves, cabbage kimchi, soy sauce, fresh ground pepper, sesame oil, egg, french rolls, hot sauce, sugar, salt, distilled white vinegar, carrots",cover,2,"['carrots,carrot,t,c,s,p,ad,l,d,e,wrap,o,y,g,ts,v,r']"
136247,vietnamese grilled pork meatball sandwiches,"vegetable oil, garlic cloves, thai chiles, shallot, rice wine, tomato sauce, fish sauce, ground pork, onion, water chestnuts, cornstarch, cilantro leaves, cabbage kimchi, soy sauce, fresh ground pepper, sesame oil, egg, french rolls, hot sauce, sugar, salt, distilled white vinegar, carrots",let,3,"['carrots,carrot,room,t,c,min,s,p,in,f,re,l,e,nut,o,g,ts,v,r']"
136247,vietnamese grilled pork meatball sandwiches,"vegetable oil, garlic cloves, thai chiles, shallot, rice wine, tomato sauce, fish sauce, ground pork, onion, water chestnuts, cornstarch, cilantro leaves, cabbage kimchi, soy sauce, fresh ground pepper, sesame oil, egg, french rolls, hot sauce, sugar, salt, distilled white vinegar, carrots",marinate,3,"['carrots,carrot,room,t,c,min,s,p,in,f,re,l,e,nut,o,g,ts,v,r']"
136247,vietnamese grilled pork meatball sandwiches,"vegetable oil, garlic cloves, thai chiles, shallot, rice wine, tomato sauce, fish sauce, ground pork, onion, water chestnuts, cornstarch, cilantro leaves, cabbage kimchi, soy sauce, fresh ground pepper, sesame oil, egg, french rolls, hot sauce, sugar, salt, distilled white vinegar, carrots",refrigerate,3,"['carrots,carrot,room,t,c,min,s,p,in,f,re,l,e,nut,o,g,ts,v,r']"
136247,vietnamese grilled pork meatball sandwiches,"vegetable oil, garlic cloves, thai chiles, shallot, rice wine, tomato sauce, fish sauce, ground pork, onion, water chestnuts, cornstarch, cilantro leaves, cabbage kimchi, soy sauce, fresh ground pepper, sesame oil, egg, french rolls, hot sauce, sugar, salt, distilled white vinegar, carrots",soak,4,"['water,t,c,min,bamboo,s,in,skewers,f,-,b,e,nut,skewer,o,r']"
136247,vietnamese grilled pork meatball sandwiches,"vegetable oil, garlic cloves, thai chiles, shallot, rice wine, tomato sauce, fish sauce, ground pork, onion, water chestnuts, cornstarch, cilantro leaves, cabbage kimchi, soy sauce, fresh ground pepper, sesame oil, egg, french rolls, hot sauce, sugar, salt, distilled white vinegar, carrots",drain,5,"['in,d,r']"
136247,vietnamese grilled pork meatball sandwiches,"vegetable oil, garlic cloves, thai chiles, shallot, rice wine, tomato sauce, fish sauce, ground pork, onion, water chestnuts, cornstarch, cilantro leaves, cabbage kimchi, soy sauce, fresh ground pepper, sesame oil, egg, french rolls, hot sauce, sugar, salt, distilled white vinegar, carrots",cook,7,"['garlic,cook,t,c,min,heat,shallot,s,chile,in,chiles,de,f,ad,l,d,b,nt,e,nut,o,g,v,r']"
136247,vietnamese grilled pork meatball sandwiches,"vegetable oil, garlic cloves, thai chiles, shallot, rice wine, tomato sauce, fish sauce, ground pork, onion, water chestnuts, cornstarch, cilantro leaves, cabbage kimchi, soy sauce, fresh ground pepper, sesame oil, egg, french rolls, hot sauce, sugar, salt, distilled white vinegar, carrots",softened,7,"['garlic,cook,t,c,min,heat,shallot,s,chile,in,chiles,de,f,ad,l,d,b,nt,e,nut,o,g,v,r']"
136247,vietnamese grilled pork meatball sandwiches,"vegetable oil, garlic cloves, thai chiles, shallot, rice wine, tomato sauce, fish sauce, ground pork, onion, water chestnuts, cornstarch, cilantro leaves, cabbage kimchi, soy sauce, fresh ground pepper, sesame oil, egg, french rolls, hot sauce, sugar, salt, distilled white vinegar, carrots",bring,8,"['oil,rice,wine,t,c,ice,boil,in,ad,l,d,b,e,ring,o,g,r']"
136247,vietnamese grilled pork meatball sandwiches,"vegetable oil, garlic cloves, thai chiles, shallot, rice wine, tomato sauce, fish sauce, ground pork, onion, water chestnuts, cornstarch, cilantro leaves, cabbage kimchi, soy sauce, fresh ground pepper, sesame oil, egg, french rolls, hot sauce, sugar, salt, distilled white vinegar, carrots",simmer,9,"['sauce,tomato,t,c,min,s,in,au,l,d,b,nt,e,ring,nut,o,y,g,r']"
136247,vietnamese grilled pork meatball sandwiches,"vegetable oil, garlic cloves, thai chiles, shallot, rice wine, tomato sauce, fish sauce, ground pork, onion, water chestnuts, cornstarch, cilantro leaves, cabbage kimchi, soy sauce, fresh ground pepper, sesame oil, egg, french rolls, hot sauce, sugar, salt, distilled white vinegar, carrots",stirring,9,"['sauce,tomato,t,c,min,s,in,au,l,d,b,nt,e,ring,nut,o,y,g,r']"
136247,vietnamese grilled pork meatball sandwiches,"vegetable oil, garlic cloves, thai chiles, shallot, rice wine, tomato sauce, fish sauce, ground pork, onion, water chestnuts, cornstarch, cilantro leaves, cabbage kimchi, soy sauce, fresh ground pepper, sesame oil, egg, french rolls, hot sauce, sugar, salt, distilled white vinegar, carrots",thickened,9,"['sauce,tomato,t,c,min,s,in,au,l,d,b,nt,e,ring,nut,o,y,g,r']"
136247,vietnamese grilled pork meatball sandwiches,"vegetable oil, garlic cloves, thai chiles, shallot, rice wine, tomato sauce, fish sauce, ground pork, onion, water chestnuts, cornstarch, cilantro leaves, cabbage kimchi, soy sauce, fresh ground pepper, sesame oil, egg, french rolls, hot sauce, sugar, salt, distilled white vinegar, carrots",mix,11,"['soy,sauce,pepper,cilantro,oil,egg,water,onion,vegetable,ground,corn,sesame,pork,chop,starch,nuts,t,table,c,fish,cornstarch,star,chestnuts,mix,s,p,in,round,tar,veg,f,au,re,l,d,b,nt,e,tea,chestnut,nut,corns,o,y,g,ts,v,sesam,r,kimchi']"
136247,vietnamese grilled pork meatball sandwiches,"vegetable oil, garlic cloves, thai chiles, shallot, rice wine, tomato sauce, fish sauce, ground pork, onion, water chestnuts, cornstarch, cilantro leaves, cabbage kimchi, soy sauce, fresh ground pepper, sesame oil, egg, french rolls, hot sauce, sugar, salt, distilled white vinegar, carrots",chopped,11,"['soy,sauce,pepper,cilantro,oil,egg,water,onion,vegetable,ground,corn,sesame,pork,chop,starch,nuts,t,table,c,fish,cornstarch,star,chestnuts,mix,s,p,in,round,tar,veg,f,au,re,l,d,b,nt,e,tea,chestnut,nut,corns,o,y,g,ts,v,sesam,r,kimchi']"
136247,vietnamese grilled pork meatball sandwiches,"vegetable oil, garlic cloves, thai chiles, shallot, rice wine, tomato sauce, fish sauce, ground pork, onion, water chestnuts, cornstarch, cilantro leaves, cabbage kimchi, soy sauce, fresh ground pepper, sesame oil, egg, french rolls, hot sauce, sugar, salt, distilled white vinegar, carrots",beaten,11,"['soy,sauce,pepper,cilantro,oil,egg,water,onion,vegetable,ground,corn,sesame,pork,chop,starch,nuts,t,table,c,fish,cornstarch,star,chestnuts,mix,s,p,in,round,tar,veg,f,au,re,l,d,b,nt,e,tea,chestnut,nut,corns,o,y,g,ts,v,sesam,r,kimchi']"
136247,vietnamese grilled pork meatball sandwiches,"vegetable oil, garlic cloves, thai chiles, shallot, rice wine, tomato sauce, fish sauce, ground pork, onion, water chestnuts, cornstarch, cilantro leaves, cabbage kimchi, soy sauce, fresh ground pepper, sesame oil, egg, french rolls, hot sauce, sugar, salt, distilled white vinegar, carrots",remaining,11,"['soy,sauce,pepper,cilantro,oil,egg,water,onion,vegetable,ground,corn,sesame,pork,chop,starch,nuts,t,table,c,fish,cornstarch,star,chestnuts,mix,s,p,in,round,tar,veg,f,au,re,l,d,b,nt,e,tea,chestnut,nut,corns,o,y,g,ts,v,sesam,r,kimchi']"
136247,vietnamese grilled pork meatball sandwiches,"vegetable oil, garlic cloves, thai chiles, shallot, rice wine, tomato sauce, fish sauce, ground pork, onion, water chestnuts, cornstarch, cilantro leaves, cabbage kimchi, soy sauce, fresh ground pepper, sesame oil, egg, french rolls, hot sauce, sugar, salt, distilled white vinegar, carrots",using,12,"['t,meatballs,ball,mix,s,in,meat,roll,re,l,d,b,nt,e,balls,o,g,r']"
136247,vietnamese grilled pork meatball sandwiches,"vegetable oil, garlic cloves, thai chiles, shallot, rice wine, tomato sauce, fish sauce, ground pork, onion, water chestnuts, cornstarch, cilantro leaves, cabbage kimchi, soy sauce, fresh ground pepper, sesame oil, egg, french rolls, hot sauce, sugar, salt, distilled white vinegar, carrots",moistened,12,"['t,meatballs,ball,mix,s,in,meat,roll,re,l,d,b,nt,e,balls,o,g,r']"
136247,vietnamese grilled pork meatball sandwiches,"vegetable oil, garlic cloves, thai chiles, shallot, rice wine, tomato sauce, fish sauce, ground pork, onion, water chestnuts, cornstarch, cilantro leaves, cabbage kimchi, soy sauce, fresh ground pepper, sesame oil, egg, french rolls, hot sauce, sugar, salt, distilled white vinegar, carrots",roll,12,"['t,meatballs,ball,mix,s,in,meat,roll,re,l,d,b,nt,e,balls,o,g,r']"
136247,vietnamese grilled pork meatball sandwiches,"vegetable oil, garlic cloves, thai chiles, shallot, rice wine, tomato sauce, fish sauce, ground pork, onion, water chestnuts, cornstarch, cilantro leaves, cabbage kimchi, soy sauce, fresh ground pepper, sesame oil, egg, french rolls, hot sauce, sugar, salt, distilled white vinegar, carrots",thread,13,"['read,t,c,meatballs,ball,s,meat,skewers,f,hr,re,ad,l,d,b,nt,e,balls,skewer,o,g,r']"
136247,vietnamese grilled pork meatball sandwiches,"vegetable oil, garlic cloves, thai chiles, shallot, rice wine, tomato sauce, fish sauce, ground pork, onion, water chestnuts, cornstarch, cilantro leaves, cabbage kimchi, soy sauce, fresh ground pepper, sesame oil, egg, french rolls, hot sauce, sugar, salt, distilled white vinegar, carrots",chilled,13,"['read,t,c,meatballs,ball,s,meat,skewers,f,hr,re,ad,l,d,b,nt,e,balls,skewer,o,g,r']"
136247,vietnamese grilled pork meatball sandwiches,"vegetable oil, garlic cloves, thai chiles, shallot, rice wine, tomato sauce, fish sauce, ground pork, onion, water chestnuts, cornstarch, cilantro leaves, cabbage kimchi, soy sauce, fresh ground pepper, sesame oil, egg, french rolls, hot sauce, sugar, salt, distilled white vinegar, carrots",light,14,"['t,grill,l,light,g,r']"
136247,vietnamese grilled pork meatball sandwiches,"vegetable oil, garlic cloves, thai chiles, shallot, rice wine, tomato sauce, fish sauce, ground pork, onion, water chestnuts, cornstarch, cilantro leaves, cabbage kimchi, soy sauce, fresh ground pepper, sesame oil, egg, french rolls, hot sauce, sugar, salt, distilled white vinegar, carrots",brush,15,"['oil,vegetable,brown,cook,t,table,c,min,meatballs,ball,s,in,meat,veg,f,grill,hr,re,l,d,light,b,nt,e,nut,balls,o,y,fire,g,v,hot,r,row']"
136247,vietnamese grilled pork meatball sandwiches,"vegetable oil, garlic cloves, thai chiles, shallot, rice wine, tomato sauce, fish sauce, ground pork, onion, water chestnuts, cornstarch, cilantro leaves, cabbage kimchi, soy sauce, fresh ground pepper, sesame oil, egg, french rolls, hot sauce, sugar, salt, distilled white vinegar, carrots",cooked,15,"['oil,vegetable,brown,cook,t,table,c,min,meatballs,ball,s,in,meat,veg,f,grill,hr,re,l,d,light,b,nt,e,nut,balls,o,y,fire,g,v,hot,r,row']"
136247,vietnamese grilled pork meatball sandwiches,"vegetable oil, garlic cloves, thai chiles, shallot, rice wine, tomato sauce, fish sauce, ground pork, onion, water chestnuts, cornstarch, cilantro leaves, cabbage kimchi, soy sauce, fresh ground pepper, sesame oil, egg, french rolls, hot sauce, sugar, salt, distilled white vinegar, carrots",halve,16,"['t,c,s,in,roll,rolls,hr,l,e,o,y,g,v,r']"
136247,vietnamese grilled pork meatball sandwiches,"vegetable oil, garlic cloves, thai chiles, shallot, rice wine, tomato sauce, fish sauce, ground pork, onion, water chestnuts, cornstarch, cilantro leaves, cabbage kimchi, soy sauce, fresh ground pepper, sesame oil, egg, french rolls, hot sauce, sugar, salt, distilled white vinegar, carrots",halve,17,"['sauce,tomato,t,c,meatballs,ball,s,p,in,meat,roll,rolls,f,au,l,d,b,nt,e,balls,o,stuff,v,r']"
136247,vietnamese grilled pork meatball sandwiches,"vegetable oil, garlic cloves, thai chiles, shallot, rice wine, tomato sauce, fish sauce, ground pork, onion, water chestnuts, cornstarch, cilantro leaves, cabbage kimchi, soy sauce, fresh ground pepper, sesame oil, egg, french rolls, hot sauce, sugar, salt, distilled white vinegar, carrots",cutting,16,"['t,c,s,in,roll,rolls,hr,l,e,o,y,g,v,r']"
136247,vietnamese grilled pork meatball sandwiches,"vegetable oil, garlic cloves, thai chiles, shallot, rice wine, tomato sauce, fish sauce, ground pork, onion, water chestnuts, cornstarch, cilantro leaves, cabbage kimchi, soy sauce, fresh ground pepper, sesame oil, egg, french rolls, hot sauce, sugar, salt, distilled white vinegar, carrots",stuff,17,"['sauce,tomato,t,c,meatballs,ball,s,p,in,meat,roll,rolls,f,au,l,d,b,nt,e,balls,o,stuff,v,r']"
136247,vietnamese grilled pork meatball sandwiches,"vegetable oil, garlic cloves, thai chiles, shallot, rice wine, tomato sauce, fish sauce, ground pork, onion, water chestnuts, cornstarch, cilantro leaves, cabbage kimchi, soy sauce, fresh ground pepper, sesame oil, egg, french rolls, hot sauce, sugar, salt, distilled white vinegar, carrots",spoon,17,"['sauce,tomato,t,c,meatballs,ball,s,p,in,meat,roll,rolls,f,au,l,d,b,nt,e,balls,o,stuff,v,r']"
136247,vietnamese grilled pork meatball sandwiches,"vegetable oil, garlic cloves, thai chiles, shallot, rice wine, tomato sauce, fish sauce, ground pork, onion, water chestnuts, cornstarch, cilantro leaves, cabbage kimchi, soy sauce, fresh ground pepper, sesame oil, egg, french rolls, hot sauce, sugar, salt, distilled white vinegar, carrots",serve,18,"['sauce,cilantro,carrots,carrot,t,c,sprigs,s,p,au,top,pickle,l,d,nt,e,sprig,o,g,ts,v,hot,r']"
