Id,Name,AllIngredients,Verbs,Steps,Ingredient
138542,lamb and lentil curry,"vegetable oil, cardamom pods, whole coriander seed, cinnamon stick, flour, lamb chops, garlic cloves, onions, dried chili, fresh ginger, turmeric, mild curry powder, bay leaves, tomatoes, potatoes, brown lentils, stock, salt, lemon juice, garam masala, fresh coriander",floured,2,"['flour,oil,sea,t,s,in,meat,f,re,red,l,d,e']"
138542,lamb and lentil curry,"vegetable oil, cardamom pods, whole coriander seed, cinnamon stick, flour, lamb chops, garlic cloves, onions, dried chili, fresh ginger, turmeric, mild curry powder, bay leaves, tomatoes, potatoes, brown lentils, stock, salt, lemon juice, garam masala, fresh coriander",remove,3,"['re,e']"
138542,lamb and lentil curry,"vegetable oil, cardamom pods, whole coriander seed, cinnamon stick, flour, lamb chops, garlic cloves, onions, dried chili, fresh ginger, turmeric, mild curry powder, bay leaves, tomatoes, potatoes, brown lentils, stock, salt, lemon juice, garam masala, fresh coriander",crush,4,"['pot,spice,t,c,ice,hole,s,p,f,ad,l,spices,d,light,b,e']"
138542,lamb and lentil curry,"vegetable oil, cardamom pods, whole coriander seed, cinnamon stick, flour, lamb chops, garlic cloves, onions, dried chili, fresh ginger, turmeric, mild curry powder, bay leaves, tomatoes, potatoes, brown lentils, stock, salt, lemon juice, garam masala, fresh coriander",add,4,"['pot,spice,t,c,ice,hole,s,p,f,ad,l,spices,d,light,b,e']"
138542,lamb and lentil curry,"vegetable oil, cardamom pods, whole coriander seed, cinnamon stick, flour, lamb chops, garlic cloves, onions, dried chili, fresh ginger, turmeric, mild curry powder, bay leaves, tomatoes, potatoes, brown lentils, stock, salt, lemon juice, garam masala, fresh coriander",add,6,"['garlic,ginger,onion,onions,t,c,min,s,in,f,au,ad,l,d,b,nt,e']"
138542,lamb and lentil curry,"vegetable oil, cardamom pods, whole coriander seed, cinnamon stick, flour, lamb chops, garlic cloves, onions, dried chili, fresh ginger, turmeric, mild curry powder, bay leaves, tomatoes, potatoes, brown lentils, stock, salt, lemon juice, garam masala, fresh coriander",add,7,"['spice,c,ice,mix,s,p,in,re,ad,l,spices,d,e']"
138542,lamb and lentil curry,"vegetable oil, cardamom pods, whole coriander seed, cinnamon stick, flour, lamb chops, garlic cloves, onions, dried chili, fresh ginger, turmeric, mild curry powder, bay leaves, tomatoes, potatoes, brown lentils, stock, salt, lemon juice, garam masala, fresh coriander",add,8,"['oil,t,heat,re,ad,l,d,e']"
138542,lamb and lentil curry,"vegetable oil, cardamom pods, whole coriander seed, cinnamon stick, flour, lamb chops, garlic cloves, onions, dried chili, fresh ginger, turmeric, mild curry powder, bay leaves, tomatoes, potatoes, brown lentils, stock, salt, lemon juice, garam masala, fresh coriander",add,10,"['tomatoes,tomato,pot,lentils,potatoes,t,potato,lentil,s,p,ad,l,d,nt,e']"
138542,lamb and lentil curry,"vegetable oil, cardamom pods, whole coriander seed, cinnamon stick, flour, lamb chops, garlic cloves, onions, dried chili, fresh ginger, turmeric, mild curry powder, bay leaves, tomatoes, potatoes, brown lentils, stock, salt, lemon juice, garam masala, fresh coriander",add,11,"['salt,stock,t,c,tender,s,p,end,de,-,re,ad,red,l,d,b,nt,e']"
138542,lamb and lentil curry,"vegetable oil, cardamom pods, whole coriander seed, cinnamon stick, flour, lamb chops, garlic cloves, onions, dried chili, fresh ginger, turmeric, mild curry powder, bay leaves, tomatoes, potatoes, brown lentils, stock, salt, lemon juice, garam masala, fresh coriander",add,12,"['juice,coriander,chop,lemon,garam,masala,t,c,ice,s,p,in,de,masa,f,ad,l,d,e']"
138542,lamb and lentil curry,"vegetable oil, cardamom pods, whole coriander seed, cinnamon stick, flour, lamb chops, garlic cloves, onions, dried chili, fresh ginger, turmeric, mild curry powder, bay leaves, tomatoes, potatoes, brown lentils, stock, salt, lemon juice, garam masala, fresh coriander",saute,5,"['t,min,s,in,f,au,l,nt,e']"
138542,lamb and lentil curry,"vegetable oil, cardamom pods, whole coriander seed, cinnamon stick, flour, lamb chops, garlic cloves, onions, dried chili, fresh ginger, turmeric, mild curry powder, bay leaves, tomatoes, potatoes, brown lentils, stock, salt, lemon juice, garam masala, fresh coriander",softened,6,"['garlic,ginger,onion,onions,t,c,min,s,in,f,au,ad,l,d,b,nt,e']"
138542,lamb and lentil curry,"vegetable oil, cardamom pods, whole coriander seed, cinnamon stick, flour, lamb chops, garlic cloves, onions, dried chili, fresh ginger, turmeric, mild curry powder, bay leaves, tomatoes, potatoes, brown lentils, stock, salt, lemon juice, garam masala, fresh coriander",remaining,7,"['spice,c,ice,mix,s,p,in,re,ad,l,spices,d,e']"
138542,lamb and lentil curry,"vegetable oil, cardamom pods, whole coriander seed, cinnamon stick, flour, lamb chops, garlic cloves, onions, dried chili, fresh ginger, turmeric, mild curry powder, bay leaves, tomatoes, potatoes, brown lentils, stock, salt, lemon juice, garam masala, fresh coriander",mix,7,"['spice,c,ice,mix,s,p,in,re,ad,l,spices,d,e']"
138542,lamb and lentil curry,"vegetable oil, cardamom pods, whole coriander seed, cinnamon stick, flour, lamb chops, garlic cloves, onions, dried chili, fresh ginger, turmeric, mild curry powder, bay leaves, tomatoes, potatoes, brown lentils, stock, salt, lemon juice, garam masala, fresh coriander",return,9,"['pan,chops,chop,t,c,s,p,re,e']"
138542,lamb and lentil curry,"vegetable oil, cardamom pods, whole coriander seed, cinnamon stick, flour, lamb chops, garlic cloves, onions, dried chili, fresh ginger, turmeric, mild curry powder, bay leaves, tomatoes, potatoes, brown lentils, stock, salt, lemon juice, garam masala, fresh coriander",pan,9,"['pan,chops,chop,t,c,s,p,re,e']"
138542,lamb and lentil curry,"vegetable oil, cardamom pods, whole coriander seed, cinnamon stick, flour, lamb chops, garlic cloves, onions, dried chili, fresh ginger, turmeric, mild curry powder, bay leaves, tomatoes, potatoes, brown lentils, stock, salt, lemon juice, garam masala, fresh coriander",pour,11,"['salt,stock,t,c,tender,s,p,end,de,-,re,ad,red,l,d,b,nt,e']"
138542,lamb and lentil curry,"vegetable oil, cardamom pods, whole coriander seed, cinnamon stick, flour, lamb chops, garlic cloves, onions, dried chili, fresh ginger, turmeric, mild curry powder, bay leaves, tomatoes, potatoes, brown lentils, stock, salt, lemon juice, garam masala, fresh coriander",taste,11,"['salt,stock,t,c,tender,s,p,end,de,-,re,ad,red,l,d,b,nt,e']"
138542,lamb and lentil curry,"vegetable oil, cardamom pods, whole coriander seed, cinnamon stick, flour, lamb chops, garlic cloves, onions, dried chili, fresh ginger, turmeric, mild curry powder, bay leaves, tomatoes, potatoes, brown lentils, stock, salt, lemon juice, garam masala, fresh coriander",reduce,11,"['salt,stock,t,c,tender,s,p,end,de,-,re,ad,red,l,d,b,nt,e']"
138542,lamb and lentil curry,"vegetable oil, cardamom pods, whole coriander seed, cinnamon stick, flour, lamb chops, garlic cloves, onions, dried chili, fresh ginger, turmeric, mild curry powder, bay leaves, tomatoes, potatoes, brown lentils, stock, salt, lemon juice, garam masala, fresh coriander",simmer,11,"['salt,stock,t,c,tender,s,p,end,de,-,re,ad,red,l,d,b,nt,e']"
138542,lamb and lentil curry,"vegetable oil, cardamom pods, whole coriander seed, cinnamon stick, flour, lamb chops, garlic cloves, onions, dried chili, fresh ginger, turmeric, mild curry powder, bay leaves, tomatoes, potatoes, brown lentils, stock, salt, lemon juice, garam masala, fresh coriander",chopped,12,"['juice,coriander,chop,lemon,garam,masala,t,c,ice,s,p,in,de,masa,f,ad,l,d,e']"
138542,lamb and lentil curry,"vegetable oil, cardamom pods, whole coriander seed, cinnamon stick, flour, lamb chops, garlic cloves, onions, dried chili, fresh ginger, turmeric, mild curry powder, bay leaves, tomatoes, potatoes, brown lentils, stock, salt, lemon juice, garam masala, fresh coriander",finish,12,"['juice,coriander,chop,lemon,garam,masala,t,c,ice,s,p,in,de,masa,f,ad,l,d,e']"
