Id,Name,AllIngredients,Verbs,Steps,Ingredient
138696,lamb and spinach curry,"lamb, ground cumin, ground coriander, garlic powder, garam masala, chili powder, ground turmeric, white vinegar, vegetable oil, onion, fresh ginger, red chile, garlic, tomato paste, stock, tomatoes, fresh coriander, lemon, salt, pepper, baby spinach, natural yoghurt, of fresh mint",place,1,{}
138696,lamb and spinach curry,"lamb, ground cumin, ground coriander, garlic powder, garam masala, chili powder, ground turmeric, white vinegar, vegetable oil, onion, fresh ginger, red chile, garlic, tomato paste, stock, tomatoes, fresh coriander, lemon, salt, pepper, baby spinach, natural yoghurt, of fresh mint",add,2,"['vinegar,spice,t,c,ice,s,p,in,vin,white,hr,ad,l,spices,d,e']"
138696,lamb and spinach curry,"lamb, ground cumin, ground coriander, garlic powder, garam masala, chili powder, ground turmeric, white vinegar, vegetable oil, onion, fresh ginger, red chile, garlic, tomato paste, stock, tomatoes, fresh coriander, lemon, salt, pepper, baby spinach, natural yoghurt, of fresh mint",add,4,"['brown,t,lamb,s,in,f,ad,l,d,light,b,nt,e']"
138696,lamb and spinach curry,"lamb, ground cumin, ground coriander, garlic powder, garam masala, chili powder, ground turmeric, white vinegar, vegetable oil, onion, fresh ginger, red chile, garlic, tomato paste, stock, tomatoes, fresh coriander, lemon, salt, pepper, baby spinach, natural yoghurt, of fresh mint",add,5,"['pepper,salt,juice,tomatoes,tomato,stock,paste,season,lemon,sea,t,c,ice,s,p,dice,past,f,ad,l,d,e']"
138696,lamb and spinach curry,"lamb, ground cumin, ground coriander, garlic powder, garam masala, chili powder, ground turmeric, white vinegar, vegetable oil, onion, fresh ginger, red chile, garlic, tomato paste, stock, tomatoes, fresh coriander, lemon, salt, pepper, baby spinach, natural yoghurt, of fresh mint",add,7,"['coriander,chop,curry,t,c,s,p,de,ad,d,stems,e']"
138696,lamb and spinach curry,"lamb, ground cumin, ground coriander, garlic powder, garam masala, chili powder, ground turmeric, white vinegar, vegetable oil, onion, fresh ginger, red chile, garlic, tomato paste, stock, tomatoes, fresh coriander, lemon, salt, pepper, baby spinach, natural yoghurt, of fresh mint",add,9,"['spinach,curry,t,c,s,p,in,pin,yoghurt,hr,ad,liquid,l,d,e']"
138696,lamb and spinach curry,"lamb, ground cumin, ground coriander, garlic powder, garam masala, chili powder, ground turmeric, white vinegar, vegetable oil, onion, fresh ginger, red chile, garlic, tomato paste, stock, tomatoes, fresh coriander, lemon, salt, pepper, baby spinach, natural yoghurt, of fresh mint",dried,2,"['vinegar,spice,t,c,ice,s,p,in,vin,white,hr,ad,l,spices,d,e']"
138696,lamb and spinach curry,"lamb, ground cumin, ground coriander, garlic powder, garam masala, chili powder, ground turmeric, white vinegar, vegetable oil, onion, fresh ginger, red chile, garlic, tomato paste, stock, tomatoes, fresh coriander, lemon, salt, pepper, baby spinach, natural yoghurt, of fresh mint",toss,2,"['vinegar,spice,t,c,ice,s,p,in,vin,white,hr,ad,l,spices,d,e']"
138696,lamb and spinach curry,"lamb, ground cumin, ground coriander, garlic powder, garam masala, chili powder, ground turmeric, white vinegar, vegetable oil, onion, fresh ginger, red chile, garlic, tomato paste, stock, tomatoes, fresh coriander, lemon, salt, pepper, baby spinach, natural yoghurt, of fresh mint",heat,3,"['sauce,garlic,ginger,oil,onion,pan,t,c,heat,s,p,in,f,au,re,l,d,e']"
138696,lamb and spinach curry,"lamb, ground cumin, ground coriander, garlic powder, garam masala, chili powder, ground turmeric, white vinegar, vegetable oil, onion, fresh ginger, red chile, garlic, tomato paste, stock, tomatoes, fresh coriander, lemon, salt, pepper, baby spinach, natural yoghurt, of fresh mint",fry,3,"['sauce,garlic,ginger,oil,onion,pan,t,c,heat,s,p,in,f,au,re,l,d,e']"
138696,lamb and spinach curry,"lamb, ground cumin, ground coriander, garlic powder, garam masala, chili powder, ground turmeric, white vinegar, vegetable oil, onion, fresh ginger, red chile, garlic, tomato paste, stock, tomatoes, fresh coriander, lemon, salt, pepper, baby spinach, natural yoghurt, of fresh mint",fry,4,"['brown,t,lamb,s,in,f,ad,l,d,light,b,nt,e']"
138696,lamb and spinach curry,"lamb, ground cumin, ground coriander, garlic powder, garam masala, chili powder, ground turmeric, white vinegar, vegetable oil, onion, fresh ginger, red chile, garlic, tomato paste, stock, tomatoes, fresh coriander, lemon, salt, pepper, baby spinach, natural yoghurt, of fresh mint",crushed,3,"['sauce,garlic,ginger,oil,onion,pan,t,c,heat,s,p,in,f,au,re,l,d,e']"
138696,lamb and spinach curry,"lamb, ground cumin, ground coriander, garlic powder, garam masala, chili powder, ground turmeric, white vinegar, vegetable oil, onion, fresh ginger, red chile, garlic, tomato paste, stock, tomatoes, fresh coriander, lemon, salt, pepper, baby spinach, natural yoghurt, of fresh mint",stir,4,"['brown,t,lamb,s,in,f,ad,l,d,light,b,nt,e']"
138696,lamb and spinach curry,"lamb, ground cumin, ground coriander, garlic powder, garam masala, chili powder, ground turmeric, white vinegar, vegetable oil, onion, fresh ginger, red chile, garlic, tomato paste, stock, tomatoes, fresh coriander, lemon, salt, pepper, baby spinach, natural yoghurt, of fresh mint",stir,8,"['t,c,min,stick,s,p,in,f,tel,re,l,nt,e']"
138696,lamb and spinach curry,"lamb, ground cumin, ground coriander, garlic powder, garam masala, chili powder, ground turmeric, white vinegar, vegetable oil, onion, fresh ginger, red chile, garlic, tomato paste, stock, tomatoes, fresh coriander, lemon, salt, pepper, baby spinach, natural yoghurt, of fresh mint",stir,9,"['spinach,curry,t,c,s,p,in,pin,yoghurt,hr,ad,liquid,l,d,e']"
138696,lamb and spinach curry,"lamb, ground cumin, ground coriander, garlic powder, garam masala, chili powder, ground turmeric, white vinegar, vegetable oil, onion, fresh ginger, red chile, garlic, tomato paste, stock, tomatoes, fresh coriander, lemon, salt, pepper, baby spinach, natural yoghurt, of fresh mint",begun,4,"['brown,t,lamb,s,in,f,ad,l,d,light,b,nt,e']"
138696,lamb and spinach curry,"lamb, ground cumin, ground coriander, garlic powder, garam masala, chili powder, ground turmeric, white vinegar, vegetable oil, onion, fresh ginger, red chile, garlic, tomato paste, stock, tomatoes, fresh coriander, lemon, salt, pepper, baby spinach, natural yoghurt, of fresh mint",diced,5,"['pepper,salt,juice,tomatoes,tomato,stock,paste,season,lemon,sea,t,c,ice,s,p,dice,past,f,ad,l,d,e']"
138696,lamb and spinach curry,"lamb, ground cumin, ground coriander, garlic powder, garam masala, chili powder, ground turmeric, white vinegar, vegetable oil, onion, fresh ginger, red chile, garlic, tomato paste, stock, tomatoes, fresh coriander, lemon, salt, pepper, baby spinach, natural yoghurt, of fresh mint",bring,6,"['oil,t,c,boil,s,in,re,red,l,d,b,nt,e,ring']"
138696,lamb and spinach curry,"lamb, ground cumin, ground coriander, garlic powder, garam masala, chili powder, ground turmeric, white vinegar, vegetable oil, onion, fresh ginger, red chile, garlic, tomato paste, stock, tomatoes, fresh coriander, lemon, salt, pepper, baby spinach, natural yoghurt, of fresh mint",stirring,6,"['oil,t,c,boil,s,in,re,red,l,d,b,nt,e,ring']"
138696,lamb and spinach curry,"lamb, ground cumin, ground coriander, garlic powder, garam masala, chili powder, ground turmeric, white vinegar, vegetable oil, onion, fresh ginger, red chile, garlic, tomato paste, stock, tomatoes, fresh coriander, lemon, salt, pepper, baby spinach, natural yoghurt, of fresh mint",reduce,6,"['oil,t,c,boil,s,in,re,red,l,d,b,nt,e,ring']"
138696,lamb and spinach curry,"lamb, ground cumin, ground coriander, garlic powder, garam masala, chili powder, ground turmeric, white vinegar, vegetable oil, onion, fresh ginger, red chile, garlic, tomato paste, stock, tomatoes, fresh coriander, lemon, salt, pepper, baby spinach, natural yoghurt, of fresh mint",chop,7,"['coriander,chop,curry,t,c,s,p,de,ad,d,stems,e']"
138696,lamb and spinach curry,"lamb, ground cumin, ground coriander, garlic powder, garam masala, chili powder, ground turmeric, white vinegar, vegetable oil, onion, fresh ginger, red chile, garlic, tomato paste, stock, tomatoes, fresh coriander, lemon, salt, pepper, baby spinach, natural yoghurt, of fresh mint",stems,7,"['coriander,chop,curry,t,c,s,p,de,ad,d,stems,e']"
138696,lamb and spinach curry,"lamb, ground cumin, ground coriander, garlic powder, garam masala, chili powder, ground turmeric, white vinegar, vegetable oil, onion, fresh ginger, red chile, garlic, tomato paste, stock, tomatoes, fresh coriander, lemon, salt, pepper, baby spinach, natural yoghurt, of fresh mint",simmer,8,"['t,c,min,stick,s,p,in,f,tel,re,l,nt,e']"
138696,lamb and spinach curry,"lamb, ground cumin, ground coriander, garlic powder, garam masala, chili powder, ground turmeric, white vinegar, vegetable oil, onion, fresh ginger, red chile, garlic, tomato paste, stock, tomatoes, fresh coriander, lemon, salt, pepper, baby spinach, natural yoghurt, of fresh mint",taking,8,"['t,c,min,stick,s,p,in,f,tel,re,l,nt,e']"
138696,lamb and spinach curry,"lamb, ground cumin, ground coriander, garlic powder, garam masala, chili powder, ground turmeric, white vinegar, vegetable oil, onion, fresh ginger, red chile, garlic, tomato paste, stock, tomatoes, fresh coriander, lemon, salt, pepper, baby spinach, natural yoghurt, of fresh mint",prevent,8,"['t,c,min,stick,s,p,in,f,tel,re,l,nt,e']"
138696,lamb and spinach curry,"lamb, ground cumin, ground coriander, garlic powder, garam masala, chili powder, ground turmeric, white vinegar, vegetable oil, onion, fresh ginger, red chile, garlic, tomato paste, stock, tomatoes, fresh coriander, lemon, salt, pepper, baby spinach, natural yoghurt, of fresh mint",sticking,8,"['t,c,min,stick,s,p,in,f,tel,re,l,nt,e']"
138696,lamb and spinach curry,"lamb, ground cumin, ground coriander, garlic powder, garam masala, chili powder, ground turmeric, white vinegar, vegetable oil, onion, fresh ginger, red chile, garlic, tomato paste, stock, tomatoes, fresh coriander, lemon, salt, pepper, baby spinach, natural yoghurt, of fresh mint",evaporated,9,"['spinach,curry,t,c,s,p,in,pin,yoghurt,hr,ad,liquid,l,d,e']"
138696,lamb and spinach curry,"lamb, ground cumin, ground coriander, garlic powder, garam masala, chili powder, ground turmeric, white vinegar, vegetable oil, onion, fresh ginger, red chile, garlic, tomato paste, stock, tomatoes, fresh coriander, lemon, salt, pepper, baby spinach, natural yoghurt, of fresh mint",thickened,9,"['spinach,curry,t,c,s,p,in,pin,yoghurt,hr,ad,liquid,l,d,e']"
138696,lamb and spinach curry,"lamb, ground cumin, ground coriander, garlic powder, garam masala, chili powder, ground turmeric, white vinegar, vegetable oil, onion, fresh ginger, red chile, garlic, tomato paste, stock, tomatoes, fresh coriander, lemon, salt, pepper, baby spinach, natural yoghurt, of fresh mint",sprinkle,10,"['coriander,rice,chop,leaves,mint,t,c,ice,min,s,p,in,de,basmati,l,d,b,nt,e']"
138696,lamb and spinach curry,"lamb, ground cumin, ground coriander, garlic powder, garam masala, chili powder, ground turmeric, white vinegar, vegetable oil, onion, fresh ginger, red chile, garlic, tomato paste, stock, tomatoes, fresh coriander, lemon, salt, pepper, baby spinach, natural yoghurt, of fresh mint",chopped,10,"['coriander,rice,chop,leaves,mint,t,c,ice,min,s,p,in,de,basmati,l,d,b,nt,e']"
138696,lamb and spinach curry,"lamb, ground cumin, ground coriander, garlic powder, garam masala, chili powder, ground turmeric, white vinegar, vegetable oil, onion, fresh ginger, red chile, garlic, tomato paste, stock, tomatoes, fresh coriander, lemon, salt, pepper, baby spinach, natural yoghurt, of fresh mint",serve,10,"['coriander,rice,chop,leaves,mint,t,c,ice,min,s,p,in,de,basmati,l,d,b,nt,e']"
