Id,Name,AllIngredients,Verbs,Steps,Ingredient
17001,indian tacos  and fry bread,"hamburger, diced tomatoes, green pepper, onion, cooked rice, red kidney beans, mild green chilies, chili powder, ground cumin, tabasco sauce, refried beans, shredded cheddar cheese, lettuce, diced tomato, sour cream, guacamole, black olives, salsa, flour, baking powder, salt, milk, oil",mix,1,{}
17001,indian tacos  and fry bread,"hamburger, diced tomatoes, green pepper, onion, cooked rice, red kidney beans, mild green chilies, chili powder, ground cumin, tabasco sauce, refried beans, shredded cheddar cheese, lettuce, diced tomato, sour cream, guacamole, black olives, salsa, flour, baking powder, salt, milk, oil",skillet,1,"['sauce,pan,t,c,mix,s,p,in,f,au,re,red,l,d,nt,e']"
17001,indian tacos  and fry bread,"hamburger, diced tomatoes, green pepper, onion, cooked rice, red kidney beans, mild green chilies, chili powder, ground cumin, tabasco sauce, refried beans, shredded cheddar cheese, lettuce, diced tomato, sour cream, guacamole, black olives, salsa, flour, baking powder, salt, milk, oil",simmer,2,"['read,bread,t,min,heat,s,in,f,one,re,ad,l,d,b,nt,e']"
17001,indian tacos  and fry bread,"hamburger, diced tomatoes, green pepper, onion, cooked rice, red kidney beans, mild green chilies, chili powder, ground cumin, tabasco sauce, refried beans, shredded cheddar cheese, lettuce, diced tomato, sour cream, guacamole, black olives, salsa, flour, baking powder, salt, milk, oil",done,2,"['read,bread,t,min,heat,s,in,f,one,re,ad,l,d,b,nt,e']"
17001,indian tacos  and fry bread,"hamburger, diced tomatoes, green pepper, onion, cooked rice, red kidney beans, mild green chilies, chili powder, ground cumin, tabasco sauce, refried beans, shredded cheddar cheese, lettuce, diced tomato, sour cream, guacamole, black olives, salsa, flour, baking powder, salt, milk, oil",done,10,"['t,min,s,in,fat,de,f,one,l,d,b,nt,e,gold']"
17001,indian tacos  and fry bread,"hamburger, diced tomatoes, green pepper, onion, cooked rice, red kidney beans, mild green chilies, chili powder, ground cumin, tabasco sauce, refried beans, shredded cheddar cheese, lettuce, diced tomato, sour cream, guacamole, black olives, salsa, flour, baking powder, salt, milk, oil",simmering,3,"['read,bread,t,s,in,f,re,ad,l,d,b,e,ring']"
17001,indian tacos  and fry bread,"hamburger, diced tomatoes, green pepper, onion, cooked rice, red kidney beans, mild green chilies, chili powder, ground cumin, tabasco sauce, refried beans, shredded cheddar cheese, lettuce, diced tomato, sour cream, guacamole, black olives, salsa, flour, baking powder, salt, milk, oil",make,3,"['read,bread,t,s,in,f,re,ad,l,d,b,e,ring']"
17001,indian tacos  and fry bread,"hamburger, diced tomatoes, green pepper, onion, cooked rice, red kidney beans, mild green chilies, chili powder, ground cumin, tabasco sauce, refried beans, shredded cheddar cheese, lettuce, diced tomato, sour cream, guacamole, black olives, salsa, flour, baking powder, salt, milk, oil",make,7,"['flour,t,c,s,can,dough,f,re,ad,l,d,e']"
17001,indian tacos  and fry bread,"hamburger, diced tomatoes, green pepper, onion, cooked rice, red kidney beans, mild green chilies, chili powder, ground cumin, tabasco sauce, refried beans, shredded cheddar cheese, lettuce, diced tomato, sour cream, guacamole, black olives, salsa, flour, baking powder, salt, milk, oil",sift,5,"['t,s,in,f,re,red,d,nt,e']"
17001,indian tacos  and fry bread,"hamburger, diced tomatoes, green pepper, onion, cooked rice, red kidney beans, mild green chilies, chili powder, ground cumin, tabasco sauce, refried beans, shredded cheddar cheese, lettuce, diced tomato, sour cream, guacamole, black olives, salsa, flour, baking powder, salt, milk, oil",stir,6,"['milk,t,s,in,l,light']"
17001,indian tacos  and fry bread,"hamburger, diced tomatoes, green pepper, onion, cooked rice, red kidney beans, mild green chilies, chili powder, ground cumin, tabasco sauce, refried beans, shredded cheddar cheese, lettuce, diced tomato, sour cream, guacamole, black olives, salsa, flour, baking powder, salt, milk, oil",add,7,"['flour,t,c,s,can,dough,f,re,ad,l,d,e']"
17001,indian tacos  and fry bread,"hamburger, diced tomatoes, green pepper, onion, cooked rice, red kidney beans, mild green chilies, chili powder, ground cumin, tabasco sauce, refried beans, shredded cheddar cheese, lettuce, diced tomato, sour cream, guacamole, black olives, salsa, flour, baking powder, salt, milk, oil",add,15,"['tomatoes,tomato,lettuce,t,c,salsa,s,ad,l,d,e']"
17001,indian tacos  and fry bread,"hamburger, diced tomatoes, green pepper, onion, cooked rice, red kidney beans, mild green chilies, chili powder, ground cumin, tabasco sauce, refried beans, shredded cheddar cheese, lettuce, diced tomato, sour cream, guacamole, black olives, salsa, flour, baking powder, salt, milk, oil",handle,7,"['flour,t,c,s,can,dough,f,re,ad,l,d,e']"
17001,indian tacos  and fry bread,"hamburger, diced tomatoes, green pepper, onion, cooked rice, red kidney beans, mild green chilies, chili powder, ground cumin, tabasco sauce, refried beans, shredded cheddar cheese, lettuce, diced tomato, sour cream, guacamole, black olives, salsa, flour, baking powder, salt, milk, oil",knead,8,"['flour,t,s,dough,f,re,ad,red,l,d,b,nt,e']"
17001,indian tacos  and fry bread,"hamburger, diced tomatoes, green pepper, onion, cooked rice, red kidney beans, mild green chilies, chili powder, ground cumin, tabasco sauce, refried beans, shredded cheddar cheese, lettuce, diced tomato, sour cream, guacamole, black olives, salsa, flour, baking powder, salt, milk, oil",work,8,"['flour,t,s,dough,f,re,ad,red,l,d,b,nt,e']"
17001,indian tacos  and fry bread,"hamburger, diced tomatoes, green pepper, onion, cooked rice, red kidney beans, mild green chilies, chili powder, ground cumin, tabasco sauce, refried beans, shredded cheddar cheese, lettuce, diced tomato, sour cream, guacamole, black olives, salsa, flour, baking powder, salt, milk, oil",floured,8,"['flour,t,s,dough,f,re,ad,red,l,d,b,nt,e']"
17001,indian tacos  and fry bread,"hamburger, diced tomatoes, green pepper, onion, cooked rice, red kidney beans, mild green chilies, chili powder, ground cumin, tabasco sauce, refried beans, shredded cheddar cheese, lettuce, diced tomato, sour cream, guacamole, black olives, salsa, flour, baking powder, salt, milk, oil",smooth,8,"['flour,t,s,dough,f,re,ad,red,l,d,b,nt,e']"
17001,indian tacos  and fry bread,"hamburger, diced tomatoes, green pepper, onion, cooked rice, red kidney beans, mild green chilies, chili powder, ground cumin, tabasco sauce, refried beans, shredded cheddar cheese, lettuce, diced tomato, sour cream, guacamole, black olives, salsa, flour, baking powder, salt, milk, oil",pinch,9,"['t,c,s,p,in,pin,flat,f,-,l,d,nt,e']"
17001,indian tacos  and fry bread,"hamburger, diced tomatoes, green pepper, onion, cooked rice, red kidney beans, mild green chilies, chili powder, ground cumin, tabasco sauce, refried beans, shredded cheddar cheese, lettuce, diced tomato, sour cream, guacamole, black olives, salsa, flour, baking powder, salt, milk, oil",shape,9,"['t,c,s,p,in,pin,flat,f,-,l,d,nt,e']"
17001,indian tacos  and fry bread,"hamburger, diced tomatoes, green pepper, onion, cooked rice, red kidney beans, mild green chilies, chili powder, ground cumin, tabasco sauce, refried beans, shredded cheddar cheese, lettuce, diced tomato, sour cream, guacamole, black olives, salsa, flour, baking powder, salt, milk, oil",fry,10,"['t,min,s,in,fat,de,f,one,l,d,b,nt,e,gold']"
17001,indian tacos  and fry bread,"hamburger, diced tomatoes, green pepper, onion, cooked rice, red kidney beans, mild green chilies, chili powder, ground cumin, tabasco sauce, refried beans, shredded cheddar cheese, lettuce, diced tomato, sour cream, guacamole, black olives, salsa, flour, baking powder, salt, milk, oil",drain,11,"['t,s,p,in,paper,l,d,e']"
17001,indian tacos  and fry bread,"hamburger, diced tomatoes, green pepper, onion, cooked rice, red kidney beans, mild green chilies, chili powder, ground cumin, tabasco sauce, refried beans, shredded cheddar cheese, lettuce, diced tomato, sour cream, guacamole, black olives, salsa, flour, baking powder, salt, milk, oil",place,12,"['read,bread,t,c,p,f,re,ad,l,d,b,e']"
17001,indian tacos  and fry bread,"hamburger, diced tomatoes, green pepper, onion, cooked rice, red kidney beans, mild green chilies, chili powder, ground cumin, tabasco sauce, refried beans, shredded cheddar cheese, lettuce, diced tomato, sour cream, guacamole, black olives, salsa, flour, baking powder, salt, milk, oil",spread,13,"['beans,bean,read,s,p,f,re,ad,l,d,b,e']"
17001,indian tacos  and fry bread,"hamburger, diced tomatoes, green pepper, onion, cooked rice, red kidney beans, mild green chilies, chili powder, ground cumin, tabasco sauce, refried beans, shredded cheddar cheese, lettuce, diced tomato, sour cream, guacamole, black olives, salsa, flour, baking powder, salt, milk, oil",desired,16,"['s,de,f,re,red,d,e']"
