Id,Name,AllIngredients,Verbs,Steps,Ingredient
18065,planet hollywood captain crunch chicken,"""capn crunch cereal"", corn flakes, egg, milk, all-purpose flour, onion powder, garlic powder, black pepper, chicken breasts, vegetable oil, mayonnaise, creole mustard, yellow mustard, horseradish, cider vinegar, worcestershire sauce, red wine vinegar, water, cayenne pepper, salt, green onion, garlic, green pepper, celery, onion",grind,1,"['t,c,s,rind,in,cereal,de,re,l,d,e,o,y']"
18065,planet hollywood captain crunch chicken,"""capn crunch cereal"", corn flakes, egg, milk, all-purpose flour, onion powder, garlic powder, black pepper, chicken breasts, vegetable oil, mayonnaise, creole mustard, yellow mustard, horseradish, cider vinegar, worcestershire sauce, red wine vinegar, water, cayenne pepper, salt, green onion, garlic, green pepper, celery, onion",crush,1,"['t,c,s,rind,in,cereal,de,re,l,d,e,o,y']"
18065,planet hollywood captain crunch chicken,"""capn crunch cereal"", corn flakes, egg, milk, all-purpose flour, onion powder, garlic powder, black pepper, chicken breasts, vegetable oil, mayonnaise, creole mustard, yellow mustard, horseradish, cider vinegar, worcestershire sauce, red wine vinegar, water, cayenne pepper, salt, green onion, garlic, green pepper, celery, onion",set,1,"['t,c,s,rind,in,cereal,de,re,l,d,e,o,y']"
18065,planet hollywood captain crunch chicken,"""capn crunch cereal"", corn flakes, egg, milk, all-purpose flour, onion powder, garlic powder, black pepper, chicken breasts, vegetable oil, mayonnaise, creole mustard, yellow mustard, horseradish, cider vinegar, worcestershire sauce, red wine vinegar, water, cayenne pepper, salt, green onion, garlic, green pepper, celery, onion",set,2,"['egg,milk,t,s,de,l,d,b,e']"
18065,planet hollywood captain crunch chicken,"""capn crunch cereal"", corn flakes, egg, milk, all-purpose flour, onion powder, garlic powder, black pepper, chicken breasts, vegetable oil, mayonnaise, creole mustard, yellow mustard, horseradish, cider vinegar, worcestershire sauce, red wine vinegar, water, cayenne pepper, salt, green onion, garlic, green pepper, celery, onion",set,4,"['t,s,de,d,e']"
18065,planet hollywood captain crunch chicken,"""capn crunch cereal"", corn flakes, egg, milk, all-purpose flour, onion powder, garlic powder, black pepper, chicken breasts, vegetable oil, mayonnaise, creole mustard, yellow mustard, horseradish, cider vinegar, worcestershire sauce, red wine vinegar, water, cayenne pepper, salt, green onion, garlic, green pepper, celery, onion",beat,2,"['egg,milk,t,s,de,l,d,b,e']"
18065,planet hollywood captain crunch chicken,"""capn crunch cereal"", corn flakes, egg, milk, all-purpose flour, onion powder, garlic powder, black pepper, chicken breasts, vegetable oil, mayonnaise, creole mustard, yellow mustard, horseradish, cider vinegar, worcestershire sauce, red wine vinegar, water, cayenne pepper, salt, green onion, garlic, green pepper, celery, onion",stir,3,"['garlic,powder,pepper,flour,onion,t,c,s,p,de,f,l,d,b,e,o']"
18065,planet hollywood captain crunch chicken,"""capn crunch cereal"", corn flakes, egg, milk, all-purpose flour, onion powder, garlic powder, black pepper, chicken breasts, vegetable oil, mayonnaise, creole mustard, yellow mustard, horseradish, cider vinegar, worcestershire sauce, red wine vinegar, water, cayenne pepper, salt, green onion, garlic, green pepper, celery, onion",dip,5,"['flour,chicken,season,sea,t,c,s,p,in,pie,dip,f,one,chick,l,pieces,d,e,o']"
18065,planet hollywood captain crunch chicken,"""capn crunch cereal"", corn flakes, egg, milk, all-purpose flour, onion powder, garlic powder, black pepper, chicken breasts, vegetable oil, mayonnaise, creole mustard, yellow mustard, horseradish, cider vinegar, worcestershire sauce, red wine vinegar, water, cayenne pepper, salt, green onion, garlic, green pepper, celery, onion",dip,7,"['egg,t,c,oat,mix,s,p,in,cereal,dip,re,l,d,ash,e,wash,o']"
18065,planet hollywood captain crunch chicken,"""capn crunch cereal"", corn flakes, egg, milk, all-purpose flour, onion powder, garlic powder, black pepper, chicken breasts, vegetable oil, mayonnaise, creole mustard, yellow mustard, horseradish, cider vinegar, worcestershire sauce, red wine vinegar, water, cayenne pepper, salt, green onion, garlic, green pepper, celery, onion",seasoned,5,"['flour,chicken,season,sea,t,c,s,p,in,pie,dip,f,one,chick,l,pieces,d,e,o']"
18065,planet hollywood captain crunch chicken,"""capn crunch cereal"", corn flakes, egg, milk, all-purpose flour, onion powder, garlic powder, black pepper, chicken breasts, vegetable oil, mayonnaise, creole mustard, yellow mustard, horseradish, cider vinegar, worcestershire sauce, red wine vinegar, water, cayenne pepper, salt, green onion, garlic, green pepper, celery, onion",move,6,"['flour,t,c,oat,s,round,f,l,d,e,o']"
18065,planet hollywood captain crunch chicken,"""capn crunch cereal"", corn flakes, egg, milk, all-purpose flour, onion powder, garlic powder, black pepper, chicken breasts, vegetable oil, mayonnaise, creole mustard, yellow mustard, horseradish, cider vinegar, worcestershire sauce, red wine vinegar, water, cayenne pepper, salt, green onion, garlic, green pepper, celery, onion",coat,6,"['flour,t,c,oat,s,round,f,l,d,e,o']"
18065,planet hollywood captain crunch chicken,"""capn crunch cereal"", corn flakes, egg, milk, all-purpose flour, onion powder, garlic powder, black pepper, chicken breasts, vegetable oil, mayonnaise, creole mustard, yellow mustard, horseradish, cider vinegar, worcestershire sauce, red wine vinegar, water, cayenne pepper, salt, green onion, garlic, green pepper, celery, onion",shake,6,"['flour,t,c,oat,s,round,f,l,d,e,o']"
18065,planet hollywood captain crunch chicken,"""capn crunch cereal"", corn flakes, egg, milk, all-purpose flour, onion powder, garlic powder, black pepper, chicken breasts, vegetable oil, mayonnaise, creole mustard, yellow mustard, horseradish, cider vinegar, worcestershire sauce, red wine vinegar, water, cayenne pepper, salt, green onion, garlic, green pepper, celery, onion",coating,7,"['egg,t,c,oat,mix,s,p,in,cereal,dip,re,l,d,ash,e,wash,o']"
18065,planet hollywood captain crunch chicken,"""capn crunch cereal"", corn flakes, egg, milk, all-purpose flour, onion powder, garlic powder, black pepper, chicken breasts, vegetable oil, mayonnaise, creole mustard, yellow mustard, horseradish, cider vinegar, worcestershire sauce, red wine vinegar, water, cayenne pepper, salt, green onion, garlic, green pepper, celery, onion",drop,9,"['oil,brown,chicken,cook,t,c,min,oat,tender,s,p,end,in,de,f,re,chick,l,d,b,nt,e,gold,tenders,nut,size,o,y']"
18065,planet hollywood captain crunch chicken,"""capn crunch cereal"", corn flakes, egg, milk, all-purpose flour, onion powder, garlic powder, black pepper, chicken breasts, vegetable oil, mayonnaise, creole mustard, yellow mustard, horseradish, cider vinegar, worcestershire sauce, red wine vinegar, water, cayenne pepper, salt, green onion, garlic, green pepper, celery, onion",cooked,9,"['oil,brown,chicken,cook,t,c,min,oat,tender,s,p,end,in,de,f,re,chick,l,d,b,nt,e,gold,tenders,nut,size,o,y']"
18065,planet hollywood captain crunch chicken,"""capn crunch cereal"", corn flakes, egg, milk, all-purpose flour, onion powder, garlic powder, black pepper, chicken breasts, vegetable oil, mayonnaise, creole mustard, yellow mustard, horseradish, cider vinegar, worcestershire sauce, red wine vinegar, water, cayenne pepper, salt, green onion, garlic, green pepper, celery, onion",depending,9,"['oil,brown,chicken,cook,t,c,min,oat,tender,s,p,end,in,de,f,re,chick,l,d,b,nt,e,gold,tenders,nut,size,o,y']"
18065,planet hollywood captain crunch chicken,"""capn crunch cereal"", corn flakes, egg, milk, all-purpose flour, onion powder, garlic powder, black pepper, chicken breasts, vegetable oil, mayonnaise, creole mustard, yellow mustard, horseradish, cider vinegar, worcestershire sauce, red wine vinegar, water, cayenne pepper, salt, green onion, garlic, green pepper, celery, onion",drain,10,"['sauce,mustard,t,c,creole,star,s,must,in,tar,au,tel,mu,re,l,d,e,o,y']"
18065,planet hollywood captain crunch chicken,"""capn crunch cereal"", corn flakes, egg, milk, all-purpose flour, onion powder, garlic powder, black pepper, chicken breasts, vegetable oil, mayonnaise, creole mustard, yellow mustard, horseradish, cider vinegar, worcestershire sauce, red wine vinegar, water, cayenne pepper, salt, green onion, garlic, green pepper, celery, onion",serve,10,"['sauce,mustard,t,c,creole,star,s,must,in,tar,au,tel,mu,re,l,d,e,o,y']"
18065,planet hollywood captain crunch chicken,"""capn crunch cereal"", corn flakes, egg, milk, all-purpose flour, onion powder, garlic powder, black pepper, chicken breasts, vegetable oil, mayonnaise, creole mustard, yellow mustard, horseradish, cider vinegar, worcestershire sauce, red wine vinegar, water, cayenne pepper, salt, green onion, garlic, green pepper, celery, onion",mix,11,"['sauce,t,c,mix,s,in,f,au,re,red,l,d,nt,e,o']"
