Id,Name,AllIngredients,Verbs,Steps,Ingredient
18102,quick white chili,"olive oil, skinless chicken breast half, shallots, garlic cloves, tomatillos, tomatoes, chicken broth, mild green chilies, dried oregano, coriander seed, ground cumin, white kidney beans, lime, juice of, salt, fresh ground pepper, red onion, fresh cilantro, jalapeno, avocado, sour cream, monterey jack cheese, lime wedge",add,2,"['brown,chicken,cook,t,c,s,in,f,chick,ad,l,d,b,nt,e,ring,gin,o']"
18102,quick white chili,"olive oil, skinless chicken breast half, shallots, garlic cloves, tomatillos, tomatoes, chicken broth, mild green chilies, dried oregano, coriander seed, ground cumin, white kidney beans, lime, juice of, salt, fresh ground pepper, red onion, fresh cilantro, jalapeno, avocado, sour cream, monterey jack cheese, lime wedge",add,4,"['garlic,pan,t,c,shallots,shallot,s,p,f,au,ad,l,d,nt,e,o']"
18102,quick white chili,"olive oil, skinless chicken breast half, shallots, garlic cloves, tomatillos, tomatoes, chicken broth, mild green chilies, dried oregano, coriander seed, ground cumin, white kidney beans, lime, juice of, salt, fresh ground pepper, red onion, fresh cilantro, jalapeno, avocado, sour cream, monterey jack cheese, lime wedge",add,8,"['pepper,salt,juice,lime,season,sea,t,c,ice,s,p,ad,l,d,e,o']"
18102,quick white chili,"olive oil, skinless chicken breast half, shallots, garlic cloves, tomatillos, tomatoes, chicken broth, mild green chilies, dried oregano, coriander seed, ground cumin, white kidney beans, lime, juice of, salt, fresh ground pepper, red onion, fresh cilantro, jalapeno, avocado, sour cream, monterey jack cheese, lime wedge",cook,2,"['brown,chicken,cook,t,c,s,in,f,chick,ad,l,d,b,nt,e,ring,gin,o']"
18102,quick white chili,"olive oil, skinless chicken breast half, shallots, garlic cloves, tomatillos, tomatoes, chicken broth, mild green chilies, dried oregano, coriander seed, ground cumin, white kidney beans, lime, juice of, salt, fresh ground pepper, red onion, fresh cilantro, jalapeno, avocado, sour cream, monterey jack cheese, lime wedge",cook,7,"['beans,bean,chicken,pan,cook,t,c,min,s,p,in,hr,re,chick,l,d,b,nt,e,nut,o']"
18102,quick white chili,"olive oil, skinless chicken breast half, shallots, garlic cloves, tomatillos, tomatoes, chicken broth, mild green chilies, dried oregano, coriander seed, ground cumin, white kidney beans, lime, juice of, salt, fresh ground pepper, red onion, fresh cilantro, jalapeno, avocado, sour cream, monterey jack cheese, lime wedge",stirring,2,"['brown,chicken,cook,t,c,s,in,f,chick,ad,l,d,b,nt,e,ring,gin,o']"
18102,quick white chili,"olive oil, skinless chicken breast half, shallots, garlic cloves, tomatillos, tomatoes, chicken broth, mild green chilies, dried oregano, coriander seed, ground cumin, white kidney beans, lime, juice of, salt, fresh ground pepper, red onion, fresh cilantro, jalapeno, avocado, sour cream, monterey jack cheese, lime wedge",beginning,2,"['brown,chicken,cook,t,c,s,in,f,chick,ad,l,d,b,nt,e,ring,gin,o']"
18102,quick white chili,"olive oil, skinless chicken breast half, shallots, garlic cloves, tomatillos, tomatoes, chicken broth, mild green chilies, dried oregano, coriander seed, ground cumin, white kidney beans, lime, juice of, salt, fresh ground pepper, red onion, fresh cilantro, jalapeno, avocado, sour cream, monterey jack cheese, lime wedge",remove,3,"['t,s,p,de,re,l,d,e,o']"
18102,quick white chili,"olive oil, skinless chicken breast half, shallots, garlic cloves, tomatillos, tomatoes, chicken broth, mild green chilies, dried oregano, coriander seed, ground cumin, white kidney beans, lime, juice of, salt, fresh ground pepper, red onion, fresh cilantro, jalapeno, avocado, sour cream, monterey jack cheese, lime wedge",set,3,"['t,s,p,de,re,l,d,e,o']"
18102,quick white chili,"olive oil, skinless chicken breast half, shallots, garlic cloves, tomatillos, tomatoes, chicken broth, mild green chilies, dried oregano, coriander seed, ground cumin, white kidney beans, lime, juice of, salt, fresh ground pepper, red onion, fresh cilantro, jalapeno, avocado, sour cream, monterey jack cheese, lime wedge",pan,4,"['garlic,pan,t,c,shallots,shallot,s,p,f,au,ad,l,d,nt,e,o']"
18102,quick white chili,"olive oil, skinless chicken breast half, shallots, garlic cloves, tomatillos, tomatoes, chicken broth, mild green chilies, dried oregano, coriander seed, ground cumin, white kidney beans, lime, juice of, salt, fresh ground pepper, red onion, fresh cilantro, jalapeno, avocado, sour cream, monterey jack cheese, lime wedge",pan,7,"['beans,bean,chicken,pan,cook,t,c,min,s,p,in,hr,re,chick,l,d,b,nt,e,nut,o']"
18102,quick white chili,"olive oil, skinless chicken breast half, shallots, garlic cloves, tomatillos, tomatoes, chicken broth, mild green chilies, dried oregano, coriander seed, ground cumin, white kidney beans, lime, juice of, salt, fresh ground pepper, red onion, fresh cilantro, jalapeno, avocado, sour cream, monterey jack cheese, lime wedge",softened,4,"['garlic,pan,t,c,shallots,shallot,s,p,f,au,ad,l,d,nt,e,o']"
18102,quick white chili,"olive oil, skinless chicken breast half, shallots, garlic cloves, tomatillos, tomatoes, chicken broth, mild green chilies, dried oregano, coriander seed, ground cumin, white kidney beans, lime, juice of, salt, fresh ground pepper, red onion, fresh cilantro, jalapeno, avocado, sour cream, monterey jack cheese, lime wedge",stir,5,"['chili,tomatoes,cumin,oregano,tomato,coriander,chicken,broth,t,c,min,chilies,s,in,de,tomatillos,re,tomatillo,chick,liquid,l,d,b,e,green,o,tomatoe']"
18102,quick white chili,"olive oil, skinless chicken breast half, shallots, garlic cloves, tomatillos, tomatoes, chicken broth, mild green chilies, dried oregano, coriander seed, ground cumin, white kidney beans, lime, juice of, salt, fresh ground pepper, red onion, fresh cilantro, jalapeno, avocado, sour cream, monterey jack cheese, lime wedge",bring,6,"['oil,t,c,boil,min,heat,s,in,tel,re,red,l,d,b,e,ring,nut,o,y']"
18102,quick white chili,"olive oil, skinless chicken breast half, shallots, garlic cloves, tomatillos, tomatoes, chicken broth, mild green chilies, dried oregano, coriander seed, ground cumin, white kidney beans, lime, juice of, salt, fresh ground pepper, red onion, fresh cilantro, jalapeno, avocado, sour cream, monterey jack cheese, lime wedge",boil,6,"['oil,t,c,boil,min,heat,s,in,tel,re,red,l,d,b,e,ring,nut,o,y']"
18102,quick white chili,"olive oil, skinless chicken breast half, shallots, garlic cloves, tomatillos, tomatoes, chicken broth, mild green chilies, dried oregano, coriander seed, ground cumin, white kidney beans, lime, juice of, salt, fresh ground pepper, red onion, fresh cilantro, jalapeno, avocado, sour cream, monterey jack cheese, lime wedge",reduce,6,"['oil,t,c,boil,min,heat,s,in,tel,re,red,l,d,b,e,ring,nut,o,y']"
18102,quick white chili,"olive oil, skinless chicken breast half, shallots, garlic cloves, tomatillos, tomatoes, chicken broth, mild green chilies, dried oregano, coriander seed, ground cumin, white kidney beans, lime, juice of, salt, fresh ground pepper, red onion, fresh cilantro, jalapeno, avocado, sour cream, monterey jack cheese, lime wedge",simmer,6,"['oil,t,c,boil,min,heat,s,in,tel,re,red,l,d,b,e,ring,nut,o,y']"
18102,quick white chili,"olive oil, skinless chicken breast half, shallots, garlic cloves, tomatillos, tomatoes, chicken broth, mild green chilies, dried oregano, coriander seed, ground cumin, white kidney beans, lime, juice of, salt, fresh ground pepper, red onion, fresh cilantro, jalapeno, avocado, sour cream, monterey jack cheese, lime wedge",return,7,"['beans,bean,chicken,pan,cook,t,c,min,s,p,in,hr,re,chick,l,d,b,nt,e,nut,o']"
18102,quick white chili,"olive oil, skinless chicken breast half, shallots, garlic cloves, tomatillos, tomatoes, chicken broth, mild green chilies, dried oregano, coriander seed, ground cumin, white kidney beans, lime, juice of, salt, fresh ground pepper, red onion, fresh cilantro, jalapeno, avocado, sour cream, monterey jack cheese, lime wedge",drained,7,"['beans,bean,chicken,pan,cook,t,c,min,s,p,in,hr,re,chick,l,d,b,nt,e,nut,o']"
18102,quick white chili,"olive oil, skinless chicken breast half, shallots, garlic cloves, tomatillos, tomatoes, chicken broth, mild green chilies, dried oregano, coriander seed, ground cumin, white kidney beans, lime, juice of, salt, fresh ground pepper, red onion, fresh cilantro, jalapeno, avocado, sour cream, monterey jack cheese, lime wedge",cooked,7,"['beans,bean,chicken,pan,cook,t,c,min,s,p,in,hr,re,chick,l,d,b,nt,e,nut,o']"
18102,quick white chili,"olive oil, skinless chicken breast half, shallots, garlic cloves, tomatillos, tomatoes, chicken broth, mild green chilies, dried oregano, coriander seed, ground cumin, white kidney beans, lime, juice of, salt, fresh ground pepper, red onion, fresh cilantro, jalapeno, avocado, sour cream, monterey jack cheese, lime wedge",are,7,"['beans,bean,chicken,pan,cook,t,c,min,s,p,in,hr,re,chick,l,d,b,nt,e,nut,o']"
18102,quick white chili,"olive oil, skinless chicken breast half, shallots, garlic cloves, tomatillos, tomatoes, chicken broth, mild green chilies, dried oregano, coriander seed, ground cumin, white kidney beans, lime, juice of, salt, fresh ground pepper, red onion, fresh cilantro, jalapeno, avocado, sour cream, monterey jack cheese, lime wedge",taste,8,"['pepper,salt,juice,lime,season,sea,t,c,ice,s,p,ad,l,d,e,o']"
