Id,Name,AllIngredients,Verbs,Steps,Ingredient
19253,tsr version of applebee s oriental chicken salad by todd wilbur,"honey, rice wine vinegar, mayonnaise, grey poupon dijon mustard, sesame oil, egg, milk, flour, corn flake crumbs, salt, pepper, skinless chicken breast half, vegetable oil, romaine lettuce, red cabbage, napa cabbage, carrot, green onion, sliced almonds, chow mein noodles",want,2,"['oil,t,s,p,round,de,f,re,l,d,b,nt,e,o,y,g']"
19253,tsr version of applebee s oriental chicken salad by todd wilbur,"honey, rice wine vinegar, mayonnaise, grey poupon dijon mustard, sesame oil, egg, milk, flour, corn flake crumbs, salt, pepper, skinless chicken breast half, vegetable oil, romaine lettuce, red cabbage, napa cabbage, carrot, green onion, sliced almonds, chow mein noodles",be,2,"['oil,t,s,p,round,de,f,re,l,d,b,nt,e,o,y,g']"
19253,tsr version of applebee s oriental chicken salad by todd wilbur,"honey, rice wine vinegar, mayonnaise, grey poupon dijon mustard, sesame oil, egg, milk, flour, corn flake crumbs, salt, pepper, skinless chicken breast half, vegetable oil, romaine lettuce, red cabbage, napa cabbage, carrot, green onion, sliced almonds, chow mein noodles",blend,3,"['t,c,dressing,mix,blend,s,end,in,f,re,red,l,d,b,nt,e,o,g,ts']"
19253,tsr version of applebee s oriental chicken salad by todd wilbur,"honey, rice wine vinegar, mayonnaise, grey poupon dijon mustard, sesame oil, egg, milk, flour, corn flake crumbs, salt, pepper, skinless chicken breast half, vegetable oil, romaine lettuce, red cabbage, napa cabbage, carrot, green onion, sliced almonds, chow mein noodles",dressing,3,"['t,c,dressing,mix,blend,s,end,in,f,re,red,l,d,b,nt,e,o,g,ts']"
19253,tsr version of applebee s oriental chicken salad by todd wilbur,"honey, rice wine vinegar, mayonnaise, grey poupon dijon mustard, sesame oil, egg, milk, flour, corn flake crumbs, salt, pepper, skinless chicken breast half, vegetable oil, romaine lettuce, red cabbage, napa cabbage, carrot, green onion, sliced almonds, chow mein noodles",dressing,4,"['t,salad,c,dressing,s,p,in,f,re,ad,l,d,e,o,y,g']"
19253,tsr version of applebee s oriental chicken salad by todd wilbur,"honey, rice wine vinegar, mayonnaise, grey poupon dijon mustard, sesame oil, egg, milk, flour, corn flake crumbs, salt, pepper, skinless chicken breast half, vegetable oil, romaine lettuce, red cabbage, napa cabbage, carrot, green onion, sliced almonds, chow mein noodles",put,4,"['t,salad,c,dressing,s,p,in,f,re,ad,l,d,e,o,y,g']"
19253,tsr version of applebee s oriental chicken salad by todd wilbur,"honey, rice wine vinegar, mayonnaise, grey poupon dijon mustard, sesame oil, egg, milk, flour, corn flake crumbs, salt, pepper, skinless chicken breast half, vegetable oil, romaine lettuce, red cabbage, napa cabbage, carrot, green onion, sliced almonds, chow mein noodles",chill,4,"['t,salad,c,dressing,s,p,in,f,re,ad,l,d,e,o,y,g']"
19253,tsr version of applebee s oriental chicken salad by todd wilbur,"honey, rice wine vinegar, mayonnaise, grey poupon dijon mustard, sesame oil, egg, milk, flour, corn flake crumbs, salt, pepper, skinless chicken breast half, vegetable oil, romaine lettuce, red cabbage, napa cabbage, carrot, green onion, sliced almonds, chow mein noodles",prepare,4,"['t,salad,c,dressing,s,p,in,f,re,ad,l,d,e,o,y,g']"
19253,tsr version of applebee s oriental chicken salad by todd wilbur,"honey, rice wine vinegar, mayonnaise, grey poupon dijon mustard, sesame oil, egg, milk, flour, corn flake crumbs, salt, pepper, skinless chicken breast half, vegetable oil, romaine lettuce, red cabbage, napa cabbage, carrot, green onion, sliced almonds, chow mein noodles",prepare,10,"['carrots,cabbage,carrot,chop,t,salad,c,cab,s,p,romaine,in,age,roma,bag,re,ad,red,l,d,b,e,o,y,g,ts']"
19253,tsr version of applebee s oriental chicken salad by todd wilbur,"honey, rice wine vinegar, mayonnaise, grey poupon dijon mustard, sesame oil, egg, milk, flour, corn flake crumbs, salt, pepper, skinless chicken breast half, vegetable oil, romaine lettuce, red cabbage, napa cabbage, carrot, green onion, sliced almonds, chow mein noodles",add,5,"['egg,milk,t,mix,s,in,ad,l,d,b,e,o,g']"
19253,tsr version of applebee s oriental chicken salad by todd wilbur,"honey, rice wine vinegar, mayonnaise, grey poupon dijon mustard, sesame oil, egg, milk, flour, corn flake crumbs, salt, pepper, skinless chicken breast half, vegetable oil, romaine lettuce, red cabbage, napa cabbage, carrot, green onion, sliced almonds, chow mein noodles",mix,5,"['egg,milk,t,mix,s,in,ad,l,d,b,e,o,g']"
19253,tsr version of applebee s oriental chicken salad by todd wilbur,"honey, rice wine vinegar, mayonnaise, grey poupon dijon mustard, sesame oil, egg, milk, flour, corn flake crumbs, salt, pepper, skinless chicken breast half, vegetable oil, romaine lettuce, red cabbage, napa cabbage, carrot, green onion, sliced almonds, chow mein noodles",combine,6,"['pepper,salt,flour,crumbs,corn,t,rum,c,s,p,in,crumb,f,l,flake,d,b,e,o']"
19253,tsr version of applebee s oriental chicken salad by todd wilbur,"honey, rice wine vinegar, mayonnaise, grey poupon dijon mustard, sesame oil, egg, milk, flour, corn flake crumbs, salt, pepper, skinless chicken breast half, vegetable oil, romaine lettuce, red cabbage, napa cabbage, carrot, green onion, sliced almonds, chow mein noodles",cut,7,"['chicken,breast,t,c,s,p,in,re,chick,l,b,nt,e,o,strips,g']"
19253,tsr version of applebee s oriental chicken salad by todd wilbur,"honey, rice wine vinegar, mayonnaise, grey poupon dijon mustard, sesame oil, egg, milk, flour, corn flake crumbs, salt, pepper, skinless chicken breast half, vegetable oil, romaine lettuce, red cabbage, napa cabbage, carrot, green onion, sliced almonds, chow mein noodles",cut,13,"['chicken,t,c,s,in,chunks,-,chick,l,b,nt,e,size,o,bit']"
19253,tsr version of applebee s oriental chicken salad by todd wilbur,"honey, rice wine vinegar, mayonnaise, grey poupon dijon mustard, sesame oil, egg, milk, flour, corn flake crumbs, salt, pepper, skinless chicken breast half, vegetable oil, romaine lettuce, red cabbage, napa cabbage, carrot, green onion, sliced almonds, chow mein noodles",dip,8,"['flour,egg,chicken,t,c,oat,mix,s,p,in,pie,dip,f,tel,re,chick,l,d,nt,e,o,y,g']"
19253,tsr version of applebee s oriental chicken salad by todd wilbur,"honey, rice wine vinegar, mayonnaise, grey poupon dijon mustard, sesame oil, egg, milk, flour, corn flake crumbs, salt, pepper, skinless chicken breast half, vegetable oil, romaine lettuce, red cabbage, napa cabbage, carrot, green onion, sliced almonds, chow mein noodles",coating,8,"['flour,egg,chicken,t,c,oat,mix,s,p,in,pie,dip,f,tel,re,chick,l,d,nt,e,o,y,g']"
19253,tsr version of applebee s oriental chicken salad by todd wilbur,"honey, rice wine vinegar, mayonnaise, grey poupon dijon mustard, sesame oil, egg, milk, flour, corn flake crumbs, salt, pepper, skinless chicken breast half, vegetable oil, romaine lettuce, red cabbage, napa cabbage, carrot, green onion, sliced almonds, chow mein noodles",fry,9,"['brown,chicken,t,c,min,oat,s,in,f,chick,l,d,b,nt,e,nut,o,y,g']"
19253,tsr version of applebee s oriental chicken salad by todd wilbur,"honey, rice wine vinegar, mayonnaise, grey poupon dijon mustard, sesame oil, egg, milk, flour, corn flake crumbs, salt, pepper, skinless chicken breast half, vegetable oil, romaine lettuce, red cabbage, napa cabbage, carrot, green onion, sliced almonds, chow mein noodles",darkened,9,"['brown,chicken,t,c,min,oat,s,in,f,chick,l,d,b,nt,e,nut,o,y,g']"
19253,tsr version of applebee s oriental chicken salad by todd wilbur,"honey, rice wine vinegar, mayonnaise, grey poupon dijon mustard, sesame oil, egg, milk, flour, corn flake crumbs, salt, pepper, skinless chicken breast half, vegetable oil, romaine lettuce, red cabbage, napa cabbage, carrot, green onion, sliced almonds, chow mein noodles",tossing,10,"['carrots,cabbage,carrot,chop,t,salad,c,cab,s,p,romaine,in,age,roma,bag,re,ad,red,l,d,b,e,o,y,g,ts']"
19253,tsr version of applebee s oriental chicken salad by todd wilbur,"honey, rice wine vinegar, mayonnaise, grey poupon dijon mustard, sesame oil, egg, milk, flour, corn flake crumbs, salt, pepper, skinless chicken breast half, vegetable oil, romaine lettuce, red cabbage, napa cabbage, carrot, green onion, sliced almonds, chow mein noodles",chopped,10,"['carrots,cabbage,carrot,chop,t,salad,c,cab,s,p,romaine,in,age,roma,bag,re,ad,red,l,d,b,e,o,y,g,ts']"
19253,tsr version of applebee s oriental chicken salad by todd wilbur,"honey, rice wine vinegar, mayonnaise, grey poupon dijon mustard, sesame oil, egg, milk, flour, corn flake crumbs, salt, pepper, skinless chicken breast half, vegetable oil, romaine lettuce, red cabbage, napa cabbage, carrot, green onion, sliced almonds, chow mein noodles",sprinkle,11,"['onion,lettuce,t,c,ice,slice,s,p,in,f,top,re,l,d,e,green,o,g']"
19253,tsr version of applebee s oriental chicken salad by todd wilbur,"honey, rice wine vinegar, mayonnaise, grey poupon dijon mustard, sesame oil, egg, milk, flour, corn flake crumbs, salt, pepper, skinless chicken breast half, vegetable oil, romaine lettuce, red cabbage, napa cabbage, carrot, green onion, sliced almonds, chow mein noodles",sprinkle,12,"['noodles,almonds,t,salad,c,s,p,almond,in,noodle,ad,l,d,e,o,chow,mein,v']"
19253,tsr version of applebee s oriental chicken salad by todd wilbur,"honey, rice wine vinegar, mayonnaise, grey poupon dijon mustard, sesame oil, egg, milk, flour, corn flake crumbs, salt, pepper, skinless chicken breast half, vegetable oil, romaine lettuce, red cabbage, napa cabbage, carrot, green onion, sliced almonds, chow mein noodles",sliced,11,"['onion,lettuce,t,c,ice,slice,s,p,in,f,top,re,l,d,e,green,o,g']"
19253,tsr version of applebee s oriental chicken salad by todd wilbur,"honey, rice wine vinegar, mayonnaise, grey poupon dijon mustard, sesame oil, egg, milk, flour, corn flake crumbs, salt, pepper, skinless chicken breast half, vegetable oil, romaine lettuce, red cabbage, napa cabbage, carrot, green onion, sliced almonds, chow mein noodles",place,14,"['chicken,t,salad,c,min,s,p,in,f,chick,ad,l,d,nt,e,o,g']"
19253,tsr version of applebee s oriental chicken salad by todd wilbur,"honey, rice wine vinegar, mayonnaise, grey poupon dijon mustard, sesame oil, egg, milk, flour, corn flake crumbs, salt, pepper, skinless chicken breast half, vegetable oil, romaine lettuce, red cabbage, napa cabbage, carrot, green onion, sliced almonds, chow mein noodles",forming,14,"['chicken,t,salad,c,min,s,p,in,f,chick,ad,l,d,nt,e,o,g']"
19253,tsr version of applebee s oriental chicken salad by todd wilbur,"honey, rice wine vinegar, mayonnaise, grey poupon dijon mustard, sesame oil, egg, milk, flour, corn flake crumbs, salt, pepper, skinless chicken breast half, vegetable oil, romaine lettuce, red cabbage, napa cabbage, carrot, green onion, sliced almonds, chow mein noodles",serve,15,"['t,salad,dressing,s,in,de,re,ad,l,d,e,o,g,v']"
19253,tsr version of applebee s oriental chicken salad by todd wilbur,"honey, rice wine vinegar, mayonnaise, grey poupon dijon mustard, sesame oil, egg, milk, flour, corn flake crumbs, salt, pepper, skinless chicken breast half, vegetable oil, romaine lettuce, red cabbage, napa cabbage, carrot, green onion, sliced almonds, chow mein noodles",drizzled,15,"['t,salad,dressing,s,in,de,re,ad,l,d,e,o,g,v']"
