Id,Name,AllIngredients,Verbs,Steps,Ingredient
19266,chicken strips with sweet and sour sauce,"boneless skinless chicken breasts, eggs, buttermilk, fine dry breadcrumbs, parmigiano-reggiano cheese, garlic powder, salt, black pepper, dried dill weed, margarine, white vinegar, granulated sugar, pineapple juice concentrate, accent seasoning, ketchup, soy sauce, seasoning salt, red food coloring, water, tapioca starch",remove,1,{}
19266,chicken strips with sweet and sour sauce,"boneless skinless chicken breasts, eggs, buttermilk, fine dry breadcrumbs, parmigiano-reggiano cheese, garlic powder, salt, black pepper, dried dill weed, margarine, white vinegar, granulated sugar, pineapple juice concentrate, accent seasoning, ketchup, soy sauce, seasoning salt, red food coloring, water, tapioca starch",discard,1,"['chicken,breast,t,c,breasts,s,fat']"
19266,chicken strips with sweet and sour sauce,"boneless skinless chicken breasts, eggs, buttermilk, fine dry breadcrumbs, parmigiano-reggiano cheese, garlic powder, salt, black pepper, dried dill weed, margarine, white vinegar, granulated sugar, pineapple juice concentrate, accent seasoning, ketchup, soy sauce, seasoning salt, red food coloring, water, tapioca starch",place,2,"['chicken,breast,ham,t,c,s,p,in,roll,sheet,sheets,paper,pin,flat']"
19266,chicken strips with sweet and sour sauce,"boneless skinless chicken breasts, eggs, buttermilk, fine dry breadcrumbs, parmigiano-reggiano cheese, garlic powder, salt, black pepper, dried dill weed, margarine, white vinegar, granulated sugar, pineapple juice concentrate, accent seasoning, ketchup, soy sauce, seasoning salt, red food coloring, water, tapioca starch",place,8,"['chicken,cook,t,c,baking,s,p,in,sheet']"
19266,chicken strips with sweet and sour sauce,"boneless skinless chicken breasts, eggs, buttermilk, fine dry breadcrumbs, parmigiano-reggiano cheese, garlic powder, salt, black pepper, dried dill weed, margarine, white vinegar, granulated sugar, pineapple juice concentrate, accent seasoning, ketchup, soy sauce, seasoning salt, red food coloring, water, tapioca starch",rolling,2,"['chicken,breast,ham,t,c,s,p,in,roll,sheet,sheets,paper,pin,flat']"
19266,chicken strips with sweet and sour sauce,"boneless skinless chicken breasts, eggs, buttermilk, fine dry breadcrumbs, parmigiano-reggiano cheese, garlic powder, salt, black pepper, dried dill weed, margarine, white vinegar, granulated sugar, pineapple juice concentrate, accent seasoning, ketchup, soy sauce, seasoning salt, red food coloring, water, tapioca starch",cut,3,"['chicken,t,c,s,p,in']"
19266,chicken strips with sweet and sour sauce,"boneless skinless chicken breasts, eggs, buttermilk, fine dry breadcrumbs, parmigiano-reggiano cheese, garlic powder, salt, black pepper, dried dill weed, margarine, white vinegar, granulated sugar, pineapple juice concentrate, accent seasoning, ketchup, soy sauce, seasoning salt, red food coloring, water, tapioca starch",whisk,4,"['butter,eggs,egg,buttermilk,milk,t,mix,s,in']"
19266,chicken strips with sweet and sour sauce,"boneless skinless chicken breasts, eggs, buttermilk, fine dry breadcrumbs, parmigiano-reggiano cheese, garlic powder, salt, black pepper, dried dill weed, margarine, white vinegar, granulated sugar, pineapple juice concentrate, accent seasoning, ketchup, soy sauce, seasoning salt, red food coloring, water, tapioca starch",mix,5,"['garlic,powder,pepper,salt,cheese,crumbs,read,bread,parmesan,t,rum,c,mix,dill,s,p,in,de,crumb,weed']"
19266,chicken strips with sweet and sour sauce,"boneless skinless chicken breasts, eggs, buttermilk, fine dry breadcrumbs, parmigiano-reggiano cheese, garlic powder, salt, black pepper, dried dill weed, margarine, white vinegar, granulated sugar, pineapple juice concentrate, accent seasoning, ketchup, soy sauce, seasoning salt, red food coloring, water, tapioca starch",mix,18,"['water,starch,t,c,star,mix,s,p,in,tar,tapioca']"
19266,chicken strips with sweet and sour sauce,"boneless skinless chicken breasts, eggs, buttermilk, fine dry breadcrumbs, parmigiano-reggiano cheese, garlic powder, salt, black pepper, dried dill weed, margarine, white vinegar, granulated sugar, pineapple juice concentrate, accent seasoning, ketchup, soy sauce, seasoning salt, red food coloring, water, tapioca starch",granulated,5,"['garlic,powder,pepper,salt,cheese,crumbs,read,bread,parmesan,t,rum,c,mix,dill,s,p,in,de,crumb,weed']"
19266,chicken strips with sweet and sour sauce,"boneless skinless chicken breasts, eggs, buttermilk, fine dry breadcrumbs, parmigiano-reggiano cheese, garlic powder, salt, black pepper, dried dill weed, margarine, white vinegar, granulated sugar, pineapple juice concentrate, accent seasoning, ketchup, soy sauce, seasoning salt, red food coloring, water, tapioca starch",granulated,15,"['soy,sauce,garlic,powder,salt,oil,juice,ketchup,apple,season,seasoning,sea,t,c,ice,boil,pineapple,pine,s,p,in,pin,de,accent']"
19266,chicken strips with sweet and sour sauce,"boneless skinless chicken breasts, eggs, buttermilk, fine dry breadcrumbs, parmigiano-reggiano cheese, garlic powder, salt, black pepper, dried dill weed, margarine, white vinegar, granulated sugar, pineapple juice concentrate, accent seasoning, ketchup, soy sauce, seasoning salt, red food coloring, water, tapioca starch",dip,7,"['butter,buttermilk,chicken,milk,t,rum,c,oat,mix,s,p,in,pie,dip,crumb']"
19266,chicken strips with sweet and sour sauce,"boneless skinless chicken breasts, eggs, buttermilk, fine dry breadcrumbs, parmigiano-reggiano cheese, garlic powder, salt, black pepper, dried dill weed, margarine, white vinegar, granulated sugar, pineapple juice concentrate, accent seasoning, ketchup, soy sauce, seasoning salt, red food coloring, water, tapioca starch",coated,7,"['butter,buttermilk,chicken,milk,t,rum,c,oat,mix,s,p,in,pie,dip,crumb']"
19266,chicken strips with sweet and sour sauce,"boneless skinless chicken breasts, eggs, buttermilk, fine dry breadcrumbs, parmigiano-reggiano cheese, garlic powder, salt, black pepper, dried dill weed, margarine, white vinegar, granulated sugar, pineapple juice concentrate, accent seasoning, ketchup, soy sauce, seasoning salt, red food coloring, water, tapioca starch",drizzle,9,"['butter,t,margarine,in']"
19266,chicken strips with sweet and sour sauce,"boneless skinless chicken breasts, eggs, buttermilk, fine dry breadcrumbs, parmigiano-reggiano cheese, garlic powder, salt, black pepper, dried dill weed, margarine, white vinegar, granulated sugar, pineapple juice concentrate, accent seasoning, ketchup, soy sauce, seasoning salt, red food coloring, water, tapioca starch",melted,9,"['butter,t,margarine,in']"
19266,chicken strips with sweet and sour sauce,"boneless skinless chicken breasts, eggs, buttermilk, fine dry breadcrumbs, parmigiano-reggiano cheese, garlic powder, salt, black pepper, dried dill weed, margarine, white vinegar, granulated sugar, pineapple juice concentrate, accent seasoning, ketchup, soy sauce, seasoning salt, red food coloring, water, tapioca starch",bake,10,"['t,min,heat,s,p,in,oven,f']"
19266,chicken strips with sweet and sour sauce,"boneless skinless chicken breasts, eggs, buttermilk, fine dry breadcrumbs, parmigiano-reggiano cheese, garlic powder, salt, black pepper, dried dill weed, margarine, white vinegar, granulated sugar, pineapple juice concentrate, accent seasoning, ketchup, soy sauce, seasoning salt, red food coloring, water, tapioca starch",bake,11,"['chicken,cook,t,c,min,s,p,in,color,de,f']"
19266,chicken strips with sweet and sour sauce,"boneless skinless chicken breasts, eggs, buttermilk, fine dry breadcrumbs, parmigiano-reggiano cheese, garlic powder, salt, black pepper, dried dill weed, margarine, white vinegar, granulated sugar, pineapple juice concentrate, accent seasoning, ketchup, soy sauce, seasoning salt, red food coloring, water, tapioca starch",preheated,10,"['t,min,heat,s,p,in,oven,f']"
19266,chicken strips with sweet and sour sauce,"boneless skinless chicken breasts, eggs, buttermilk, fine dry breadcrumbs, parmigiano-reggiano cheese, garlic powder, salt, black pepper, dried dill weed, margarine, white vinegar, granulated sugar, pineapple juice concentrate, accent seasoning, ketchup, soy sauce, seasoning salt, red food coloring, water, tapioca starch",turn,11,"['chicken,cook,t,c,min,s,p,in,color,de,f']"
19266,chicken strips with sweet and sour sauce,"boneless skinless chicken breasts, eggs, buttermilk, fine dry breadcrumbs, parmigiano-reggiano cheese, garlic powder, salt, black pepper, dried dill weed, margarine, white vinegar, granulated sugar, pineapple juice concentrate, accent seasoning, ketchup, soy sauce, seasoning salt, red food coloring, water, tapioca starch",continue,11,"['chicken,cook,t,c,min,s,p,in,color,de,f']"
19266,chicken strips with sweet and sour sauce,"boneless skinless chicken breasts, eggs, buttermilk, fine dry breadcrumbs, parmigiano-reggiano cheese, garlic powder, salt, black pepper, dried dill weed, margarine, white vinegar, granulated sugar, pineapple juice concentrate, accent seasoning, ketchup, soy sauce, seasoning salt, red food coloring, water, tapioca starch",is,11,"['chicken,cook,t,c,min,s,p,in,color,de,f']"
19266,chicken strips with sweet and sour sauce,"boneless skinless chicken breasts, eggs, buttermilk, fine dry breadcrumbs, parmigiano-reggiano cheese, garlic powder, salt, black pepper, dried dill weed, margarine, white vinegar, granulated sugar, pineapple juice concentrate, accent seasoning, ketchup, soy sauce, seasoning salt, red food coloring, water, tapioca starch",cooked,11,"['chicken,cook,t,c,min,s,p,in,color,de,f']"
19266,chicken strips with sweet and sour sauce,"boneless skinless chicken breasts, eggs, buttermilk, fine dry breadcrumbs, parmigiano-reggiano cheese, garlic powder, salt, black pepper, dried dill weed, margarine, white vinegar, granulated sugar, pineapple juice concentrate, accent seasoning, ketchup, soy sauce, seasoning salt, red food coloring, water, tapioca starch",serve,12,"['sauce,t,c,s,p,dip']"
19266,chicken strips with sweet and sour sauce,"boneless skinless chicken breasts, eggs, buttermilk, fine dry breadcrumbs, parmigiano-reggiano cheese, garlic powder, salt, black pepper, dried dill weed, margarine, white vinegar, granulated sugar, pineapple juice concentrate, accent seasoning, ketchup, soy sauce, seasoning salt, red food coloring, water, tapioca starch",add,14,"['sauce,sugar,oil,pan,vinegar,t,c,boil,min,s,p,in,medium,vin,white,f']"
19266,chicken strips with sweet and sour sauce,"boneless skinless chicken breasts, eggs, buttermilk, fine dry breadcrumbs, parmigiano-reggiano cheese, garlic powder, salt, black pepper, dried dill weed, margarine, white vinegar, granulated sugar, pineapple juice concentrate, accent seasoning, ketchup, soy sauce, seasoning salt, red food coloring, water, tapioca starch",add,15,"['soy,sauce,garlic,powder,salt,oil,juice,ketchup,apple,season,seasoning,sea,t,c,ice,boil,pineapple,pine,s,p,in,pin,de,accent']"
19266,chicken strips with sweet and sour sauce,"boneless skinless chicken breasts, eggs, buttermilk, fine dry breadcrumbs, parmigiano-reggiano cheese, garlic powder, salt, black pepper, dried dill weed, margarine, white vinegar, granulated sugar, pineapple juice concentrate, accent seasoning, ketchup, soy sauce, seasoning salt, red food coloring, water, tapioca starch",add,17,"['t,c,blend,s,end,in,food,coloring,color,f']"
19266,chicken strips with sweet and sour sauce,"boneless skinless chicken breasts, eggs, buttermilk, fine dry breadcrumbs, parmigiano-reggiano cheese, garlic powder, salt, black pepper, dried dill weed, margarine, white vinegar, granulated sugar, pineapple juice concentrate, accent seasoning, ketchup, soy sauce, seasoning salt, red food coloring, water, tapioca starch",add,19,"['sauce,sugar,oil,starch,t,c,boil,boiling,star,mix,s,p,in,tar,tapioca']"
19266,chicken strips with sweet and sour sauce,"boneless skinless chicken breasts, eggs, buttermilk, fine dry breadcrumbs, parmigiano-reggiano cheese, garlic powder, salt, black pepper, dried dill weed, margarine, white vinegar, granulated sugar, pineapple juice concentrate, accent seasoning, ketchup, soy sauce, seasoning salt, red food coloring, water, tapioca starch",add,20,"['sauce,apple,cook,t,c,cooking,pineapple,pine,mix,s,p,can,end,in,pin,de,f']"
19266,chicken strips with sweet and sour sauce,"boneless skinless chicken breasts, eggs, buttermilk, fine dry breadcrumbs, parmigiano-reggiano cheese, garlic powder, salt, black pepper, dried dill weed, margarine, white vinegar, granulated sugar, pineapple juice concentrate, accent seasoning, ketchup, soy sauce, seasoning salt, red food coloring, water, tapioca starch",bring,14,"['sauce,sugar,oil,pan,vinegar,t,c,boil,min,s,p,in,medium,vin,white,f']"
19266,chicken strips with sweet and sour sauce,"boneless skinless chicken breasts, eggs, buttermilk, fine dry breadcrumbs, parmigiano-reggiano cheese, garlic powder, salt, black pepper, dried dill weed, margarine, white vinegar, granulated sugar, pineapple juice concentrate, accent seasoning, ketchup, soy sauce, seasoning salt, red food coloring, water, tapioca starch",bring,15,"['soy,sauce,garlic,powder,salt,oil,juice,ketchup,apple,season,seasoning,sea,t,c,ice,boil,pineapple,pine,s,p,in,pin,de,accent']"
19266,chicken strips with sweet and sour sauce,"boneless skinless chicken breasts, eggs, buttermilk, fine dry breadcrumbs, parmigiano-reggiano cheese, garlic powder, salt, black pepper, dried dill weed, margarine, white vinegar, granulated sugar, pineapple juice concentrate, accent seasoning, ketchup, soy sauce, seasoning salt, red food coloring, water, tapioca starch",boil,14,"['sauce,sugar,oil,pan,vinegar,t,c,boil,min,s,p,in,medium,vin,white,f']"
19266,chicken strips with sweet and sour sauce,"boneless skinless chicken breasts, eggs, buttermilk, fine dry breadcrumbs, parmigiano-reggiano cheese, garlic powder, salt, black pepper, dried dill weed, margarine, white vinegar, granulated sugar, pineapple juice concentrate, accent seasoning, ketchup, soy sauce, seasoning salt, red food coloring, water, tapioca starch",boil,15,"['soy,sauce,garlic,powder,salt,oil,juice,ketchup,apple,season,seasoning,sea,t,c,ice,boil,pineapple,pine,s,p,in,pin,de,accent']"
19266,chicken strips with sweet and sour sauce,"boneless skinless chicken breasts, eggs, buttermilk, fine dry breadcrumbs, parmigiano-reggiano cheese, garlic powder, salt, black pepper, dried dill weed, margarine, white vinegar, granulated sugar, pineapple juice concentrate, accent seasoning, ketchup, soy sauce, seasoning salt, red food coloring, water, tapioca starch",stirring,14,"['sauce,sugar,oil,pan,vinegar,t,c,boil,min,s,p,in,medium,vin,white,f']"
19266,chicken strips with sweet and sour sauce,"boneless skinless chicken breasts, eggs, buttermilk, fine dry breadcrumbs, parmigiano-reggiano cheese, garlic powder, salt, black pepper, dried dill weed, margarine, white vinegar, granulated sugar, pineapple juice concentrate, accent seasoning, ketchup, soy sauce, seasoning salt, red food coloring, water, tapioca starch",stirring,19,"['sauce,sugar,oil,starch,t,c,boil,boiling,star,mix,s,p,in,tar,tapioca']"
19266,chicken strips with sweet and sour sauce,"boneless skinless chicken breasts, eggs, buttermilk, fine dry breadcrumbs, parmigiano-reggiano cheese, garlic powder, salt, black pepper, dried dill weed, margarine, white vinegar, granulated sugar, pineapple juice concentrate, accent seasoning, ketchup, soy sauce, seasoning salt, red food coloring, water, tapioca starch",dissolve,14,"['sauce,sugar,oil,pan,vinegar,t,c,boil,min,s,p,in,medium,vin,white,f']"
19266,chicken strips with sweet and sour sauce,"boneless skinless chicken breasts, eggs, buttermilk, fine dry breadcrumbs, parmigiano-reggiano cheese, garlic powder, salt, black pepper, dried dill weed, margarine, white vinegar, granulated sugar, pineapple juice concentrate, accent seasoning, ketchup, soy sauce, seasoning salt, red food coloring, water, tapioca starch",stir,16,"['t,blend,s,end,de']"
19266,chicken strips with sweet and sour sauce,"boneless skinless chicken breasts, eggs, buttermilk, fine dry breadcrumbs, parmigiano-reggiano cheese, garlic powder, salt, black pepper, dried dill weed, margarine, white vinegar, granulated sugar, pineapple juice concentrate, accent seasoning, ketchup, soy sauce, seasoning salt, red food coloring, water, tapioca starch",stir,17,"['t,c,blend,s,end,in,food,coloring,color,f']"
19266,chicken strips with sweet and sour sauce,"boneless skinless chicken breasts, eggs, buttermilk, fine dry breadcrumbs, parmigiano-reggiano cheese, garlic powder, salt, black pepper, dried dill weed, margarine, white vinegar, granulated sugar, pineapple juice concentrate, accent seasoning, ketchup, soy sauce, seasoning salt, red food coloring, water, tapioca starch",blended,16,"['t,blend,s,end,de']"
19266,chicken strips with sweet and sour sauce,"boneless skinless chicken breasts, eggs, buttermilk, fine dry breadcrumbs, parmigiano-reggiano cheese, garlic powder, salt, black pepper, dried dill weed, margarine, white vinegar, granulated sugar, pineapple juice concentrate, accent seasoning, ketchup, soy sauce, seasoning salt, red food coloring, water, tapioca starch",blend,17,"['t,c,blend,s,end,in,food,coloring,color,f']"
19266,chicken strips with sweet and sour sauce,"boneless skinless chicken breasts, eggs, buttermilk, fine dry breadcrumbs, parmigiano-reggiano cheese, garlic powder, salt, black pepper, dried dill weed, margarine, white vinegar, granulated sugar, pineapple juice concentrate, accent seasoning, ketchup, soy sauce, seasoning salt, red food coloring, water, tapioca starch",boiling,19,"['sauce,sugar,oil,starch,t,c,boil,boiling,star,mix,s,p,in,tar,tapioca']"
19266,chicken strips with sweet and sour sauce,"boneless skinless chicken breasts, eggs, buttermilk, fine dry breadcrumbs, parmigiano-reggiano cheese, garlic powder, salt, black pepper, dried dill weed, margarine, white vinegar, granulated sugar, pineapple juice concentrate, accent seasoning, ketchup, soy sauce, seasoning salt, red food coloring, water, tapioca starch",thickens,19,"['sauce,sugar,oil,starch,t,c,boil,boiling,star,mix,s,p,in,tar,tapioca']"
19266,chicken strips with sweet and sour sauce,"boneless skinless chicken breasts, eggs, buttermilk, fine dry breadcrumbs, parmigiano-reggiano cheese, garlic powder, salt, black pepper, dried dill weed, margarine, white vinegar, granulated sugar, pineapple juice concentrate, accent seasoning, ketchup, soy sauce, seasoning salt, red food coloring, water, tapioca starch",desired,20,"['sauce,apple,cook,t,c,cooking,pineapple,pine,mix,s,p,can,end,in,pin,de,f']"
19266,chicken strips with sweet and sour sauce,"boneless skinless chicken breasts, eggs, buttermilk, fine dry breadcrumbs, parmigiano-reggiano cheese, garlic powder, salt, black pepper, dried dill weed, margarine, white vinegar, granulated sugar, pineapple juice concentrate, accent seasoning, ketchup, soy sauce, seasoning salt, red food coloring, water, tapioca starch",crushed,20,"['sauce,apple,cook,t,c,cooking,pineapple,pine,mix,s,p,can,end,in,pin,de,f']"
19266,chicken strips with sweet and sour sauce,"boneless skinless chicken breasts, eggs, buttermilk, fine dry breadcrumbs, parmigiano-reggiano cheese, garlic powder, salt, black pepper, dried dill weed, margarine, white vinegar, granulated sugar, pineapple juice concentrate, accent seasoning, ketchup, soy sauce, seasoning salt, red food coloring, water, tapioca starch",sauce,20,"['sauce,apple,cook,t,c,cooking,pineapple,pine,mix,s,p,can,end,in,pin,de,f']"
19266,chicken strips with sweet and sour sauce,"boneless skinless chicken breasts, eggs, buttermilk, fine dry breadcrumbs, parmigiano-reggiano cheese, garlic powder, salt, black pepper, dried dill weed, margarine, white vinegar, granulated sugar, pineapple juice concentrate, accent seasoning, ketchup, soy sauce, seasoning salt, red food coloring, water, tapioca starch",cooking,20,"['sauce,apple,cook,t,c,cooking,pineapple,pine,mix,s,p,can,end,in,pin,de,f']"
