Id,Name,AllIngredients,Verbs,Steps,Ingredient
19629,vegetarian winter vegetable stew with cornbread cobbler,"olive oil, red onions, celery ribs, carrots, garlic, bay leaves, chili powder, ground cumin, ground coriander, cinnamon, salt, black pepper, red pearl onions, vegetable stock, sweet potatoes, tomato paste, cauliflower, water, cornstarch, all-purpose flour, cornmeal, baking powder, sugar, butter, milk",heat,2,"['oil,stock,olive,pot,t,c,heat,s,p,in,medium,-,l,d,e,o,y,g,v,r']"
19629,vegetarian winter vegetable stew with cornbread cobbler,"olive oil, red onions, celery ribs, carrots, garlic, bay leaves, chili powder, ground cumin, ground coriander, cinnamon, salt, black pepper, red pearl onions, vegetable stock, sweet potatoes, tomato paste, cauliflower, water, cornstarch, all-purpose flour, cornmeal, baking powder, sugar, butter, milk",add,3,"['garlic,powder,pepper,salt,cinnamon,carrots,cumin,onion,celery,coriander,bay,carrot,onions,leaves,t,c,min,s,p,chile,in,de,ad,l,d,b,e,o,y,g,ts,v,r']"
19629,vegetarian winter vegetable stew with cornbread cobbler,"olive oil, red onions, celery ribs, carrots, garlic, bay leaves, chili powder, ground cumin, ground coriander, cinnamon, salt, black pepper, red pearl onions, vegetable stock, sweet potatoes, tomato paste, cauliflower, water, cornstarch, all-purpose flour, cornmeal, baking powder, sugar, butter, milk",add,12,"['vegetable,brown,stock,pan,t,table,c,bits,s,p,in,veg,f,au,ad,l,d,b,vegetables,e,ring,o,y,bit,g,ts,v,r']"
19629,vegetarian winter vegetable stew with cornbread cobbler,"olive oil, red onions, celery ribs, carrots, garlic, bay leaves, chili powder, ground cumin, ground coriander, cinnamon, salt, black pepper, red pearl onions, vegetable stock, sweet potatoes, tomato paste, cauliflower, water, cornstarch, all-purpose flour, cornmeal, baking powder, sugar, butter, milk",add,13,"['tomato,paste,pot,potatoes,t,potato,s,p,past,ad,d,e,o']"
19629,vegetarian winter vegetable stew with cornbread cobbler,"olive oil, red onions, celery ribs, carrots, garlic, bay leaves, chili powder, ground cumin, ground coriander, cinnamon, salt, black pepper, red pearl onions, vegetable stock, sweet potatoes, tomato paste, cauliflower, water, cornstarch, all-purpose flour, cornmeal, baking powder, sugar, butter, milk",add,15,"['onion,onions,t,c,pea,s,p,cauliflower,pear,f,au,ad,pearl,l,d,e,o,r']"
19629,vegetarian winter vegetable stew with cornbread cobbler,"olive oil, red onions, celery ribs, carrots, garlic, bay leaves, chili powder, ground cumin, ground coriander, cinnamon, salt, black pepper, red pearl onions, vegetable stock, sweet potatoes, tomato paste, cauliflower, water, cornstarch, all-purpose flour, cornmeal, baking powder, sugar, butter, milk",add,20,"['corn,starch,t,c,cornstarch,star,mix,s,p,in,tar,re,ad,liquid,l,d,nt,e,ring,corns,o,y,g,r']"
19629,vegetarian winter vegetable stew with cornbread cobbler,"olive oil, red onions, celery ribs, carrots, garlic, bay leaves, chili powder, ground cumin, ground coriander, cinnamon, salt, black pepper, red pearl onions, vegetable stock, sweet potatoes, tomato paste, cauliflower, water, cornstarch, all-purpose flour, cornmeal, baking powder, sugar, butter, milk",add,22,"['juice,vegetable,t,table,c,ice,s,veg,ad,l,d,b,e,o,juices,g,v,r']"
19629,vegetarian winter vegetable stew with cornbread cobbler,"olive oil, red onions, celery ribs, carrots, garlic, bay leaves, chili powder, ground cumin, ground coriander, cinnamon, salt, black pepper, red pearl onions, vegetable stock, sweet potatoes, tomato paste, cauliflower, water, cornstarch, all-purpose flour, cornmeal, baking powder, sugar, butter, milk",stirring,4,"['t,c,min,mix,s,in,f,au,re,l,b,nt,e,ring,nut,o,y,g,r']"
19629,vegetarian winter vegetable stew with cornbread cobbler,"olive oil, red onions, celery ribs, carrots, garlic, bay leaves, chili powder, ground cumin, ground coriander, cinnamon, salt, black pepper, red pearl onions, vegetable stock, sweet potatoes, tomato paste, cauliflower, water, cornstarch, all-purpose flour, cornmeal, baking powder, sugar, butter, milk",stirring,12,"['vegetable,brown,stock,pan,t,table,c,bits,s,p,in,veg,f,au,ad,l,d,b,vegetables,e,ring,o,y,bit,g,ts,v,r']"
19629,vegetarian winter vegetable stew with cornbread cobbler,"olive oil, red onions, celery ribs, carrots, garlic, bay leaves, chili powder, ground cumin, ground coriander, cinnamon, salt, black pepper, red pearl onions, vegetable stock, sweet potatoes, tomato paste, cauliflower, water, cornstarch, all-purpose flour, cornmeal, baking powder, sugar, butter, milk",stirring,16,"['t,c,min,tender,s,end,in,de,cauliflower,f,au,l,d,nt,e,ring,nut,o,y,g,v,r']"
19629,vegetarian winter vegetable stew with cornbread cobbler,"olive oil, red onions, celery ribs, carrots, garlic, bay leaves, chili powder, ground cumin, ground coriander, cinnamon, salt, black pepper, red pearl onions, vegetable stock, sweet potatoes, tomato paste, cauliflower, water, cornstarch, all-purpose flour, cornmeal, baking powder, sugar, butter, milk",stirring,20,"['corn,starch,t,c,cornstarch,star,mix,s,p,in,tar,re,ad,liquid,l,d,nt,e,ring,corns,o,y,g,r']"
19629,vegetarian winter vegetable stew with cornbread cobbler,"olive oil, red onions, celery ribs, carrots, garlic, bay leaves, chili powder, ground cumin, ground coriander, cinnamon, salt, black pepper, red pearl onions, vegetable stock, sweet potatoes, tomato paste, cauliflower, water, cornstarch, all-purpose flour, cornmeal, baking powder, sugar, butter, milk",is,4,"['t,c,min,mix,s,in,f,au,re,l,b,nt,e,ring,nut,o,y,g,r']"
19629,vegetarian winter vegetable stew with cornbread cobbler,"olive oil, red onions, celery ribs, carrots, garlic, bay leaves, chili powder, ground cumin, ground coriander, cinnamon, salt, black pepper, red pearl onions, vegetable stock, sweet potatoes, tomato paste, cauliflower, water, cornstarch, all-purpose flour, cornmeal, baking powder, sugar, butter, milk",is,16,"['t,c,min,tender,s,end,in,de,cauliflower,f,au,l,d,nt,e,ring,nut,o,y,g,v,r']"
19629,vegetarian winter vegetable stew with cornbread cobbler,"olive oil, red onions, celery ribs, carrots, garlic, bay leaves, chili powder, ground cumin, ground coriander, cinnamon, salt, black pepper, red pearl onions, vegetable stock, sweet potatoes, tomato paste, cauliflower, water, cornstarch, all-purpose flour, cornmeal, baking powder, sugar, butter, milk",is,24,"['brown,t,min,s,p,in,de,top,l,d,b,nt,e,gold,nut,o,g,r']"
19629,vegetarian winter vegetable stew with cornbread cobbler,"olive oil, red onions, celery ribs, carrots, garlic, bay leaves, chili powder, ground cumin, ground coriander, cinnamon, salt, black pepper, red pearl onions, vegetable stock, sweet potatoes, tomato paste, cauliflower, water, cornstarch, all-purpose flour, cornmeal, baking powder, sugar, butter, milk",bring,5,"['sauce,oil,water,pan,t,c,ice,boil,s,p,in,f,au,re,l,d,b,e,ring,o,g,r']"
19629,vegetarian winter vegetable stew with cornbread cobbler,"olive oil, red onions, celery ribs, carrots, garlic, bay leaves, chili powder, ground cumin, ground coriander, cinnamon, salt, black pepper, red pearl onions, vegetable stock, sweet potatoes, tomato paste, cauliflower, water, cornstarch, all-purpose flour, cornmeal, baking powder, sugar, butter, milk",bring,14,"['oil,t,c,boil,min,heat,s,in,f,re,red,l,d,b,e,ring,nut,o,g,r']"
19629,vegetarian winter vegetable stew with cornbread cobbler,"olive oil, red onions, celery ribs, carrots, garlic, bay leaves, chili powder, ground cumin, ground coriander, cinnamon, salt, black pepper, red pearl onions, vegetable stock, sweet potatoes, tomato paste, cauliflower, water, cornstarch, all-purpose flour, cornmeal, baking powder, sugar, butter, milk",bring,19,"['oil,t,boil,s,in,liquid,l,stew,d,b,e,ring,o,g,r']"
19629,vegetarian winter vegetable stew with cornbread cobbler,"olive oil, red onions, celery ribs, carrots, garlic, bay leaves, chili powder, ground cumin, ground coriander, cinnamon, salt, black pepper, red pearl onions, vegetable stock, sweet potatoes, tomato paste, cauliflower, water, cornstarch, all-purpose flour, cornmeal, baking powder, sugar, butter, milk",prepare,5,"['sauce,oil,water,pan,t,c,ice,boil,s,p,in,f,au,re,l,d,b,e,ring,o,g,r']"
19629,vegetarian winter vegetable stew with cornbread cobbler,"olive oil, red onions, celery ribs, carrots, garlic, bay leaves, chili powder, ground cumin, ground coriander, cinnamon, salt, black pepper, red pearl onions, vegetable stock, sweet potatoes, tomato paste, cauliflower, water, cornstarch, all-purpose flour, cornmeal, baking powder, sugar, butter, milk",place,6,"['oil,water,onion,onions,t,c,boil,boiling,pea,s,p,in,pear,pearl,l,b,e,o,g,r']"
19629,vegetarian winter vegetable stew with cornbread cobbler,"olive oil, red onions, celery ribs, carrots, garlic, bay leaves, chili powder, ground cumin, ground coriander, cinnamon, salt, black pepper, red pearl onions, vegetable stock, sweet potatoes, tomato paste, cauliflower, water, cornstarch, all-purpose flour, cornmeal, baking powder, sugar, butter, milk",boiling,6,"['oil,water,onion,onions,t,c,boil,boiling,pea,s,p,in,pear,pearl,l,b,e,o,g,r']"
19629,vegetarian winter vegetable stew with cornbread cobbler,"olive oil, red onions, celery ribs, carrots, garlic, bay leaves, chili powder, ground cumin, ground coriander, cinnamon, salt, black pepper, red pearl onions, vegetable stock, sweet potatoes, tomato paste, cauliflower, water, cornstarch, all-purpose flour, cornmeal, baking powder, sugar, butter, milk",blanch,7,"['t,c,min,in,l,b,e,nut,o']"
19629,vegetarian winter vegetable stew with cornbread cobbler,"olive oil, red onions, celery ribs, carrots, garlic, bay leaves, chili powder, ground cumin, ground coriander, cinnamon, salt, black pepper, red pearl onions, vegetable stock, sweet potatoes, tomato paste, cauliflower, water, cornstarch, all-purpose flour, cornmeal, baking powder, sugar, butter, milk",drain,8,"['in,d,r']"
19629,vegetarian winter vegetable stew with cornbread cobbler,"olive oil, red onions, celery ribs, carrots, garlic, bay leaves, chili powder, ground cumin, ground coriander, cinnamon, salt, black pepper, red pearl onions, vegetable stock, sweet potatoes, tomato paste, cauliflower, water, cornstarch, all-purpose flour, cornmeal, baking powder, sugar, butter, milk",transfer,9,"['water,onion,onions,t,c,ice,s,f,e,o,r']"
19629,vegetarian winter vegetable stew with cornbread cobbler,"olive oil, red onions, celery ribs, carrots, garlic, bay leaves, chili powder, ground cumin, ground coriander, cinnamon, salt, black pepper, red pearl onions, vegetable stock, sweet potatoes, tomato paste, cauliflower, water, cornstarch, all-purpose flour, cornmeal, baking powder, sugar, butter, milk",peel,10,"['peel,t,c,p,l,e,o']"
19629,vegetarian winter vegetable stew with cornbread cobbler,"olive oil, red onions, celery ribs, carrots, garlic, bay leaves, chili powder, ground cumin, ground coriander, cinnamon, salt, black pepper, red pearl onions, vegetable stock, sweet potatoes, tomato paste, cauliflower, water, cornstarch, all-purpose flour, cornmeal, baking powder, sugar, butter, milk",set,11,"['t,s,de,d,e']"
19629,vegetarian winter vegetable stew with cornbread cobbler,"olive oil, red onions, celery ribs, carrots, garlic, bay leaves, chili powder, ground cumin, ground coriander, cinnamon, salt, black pepper, red pearl onions, vegetable stock, sweet potatoes, tomato paste, cauliflower, water, cornstarch, all-purpose flour, cornmeal, baking powder, sugar, butter, milk",scrape,12,"['vegetable,brown,stock,pan,t,table,c,bits,s,p,in,veg,f,au,ad,l,d,b,vegetables,e,ring,o,y,bit,g,ts,v,r']"
19629,vegetarian winter vegetable stew with cornbread cobbler,"olive oil, red onions, celery ribs, carrots, garlic, bay leaves, chili powder, ground cumin, ground coriander, cinnamon, salt, black pepper, red pearl onions, vegetable stock, sweet potatoes, tomato paste, cauliflower, water, cornstarch, all-purpose flour, cornmeal, baking powder, sugar, butter, milk",reduce,14,"['oil,t,c,boil,min,heat,s,in,f,re,red,l,d,b,e,ring,nut,o,g,r']"
19629,vegetarian winter vegetable stew with cornbread cobbler,"olive oil, red onions, celery ribs, carrots, garlic, bay leaves, chili powder, ground cumin, ground coriander, cinnamon, salt, black pepper, red pearl onions, vegetable stock, sweet potatoes, tomato paste, cauliflower, water, cornstarch, all-purpose flour, cornmeal, baking powder, sugar, butter, milk",simmer,14,"['oil,t,c,boil,min,heat,s,in,f,re,red,l,d,b,e,ring,nut,o,g,r']"
19629,vegetarian winter vegetable stew with cornbread cobbler,"olive oil, red onions, celery ribs, carrots, garlic, bay leaves, chili powder, ground cumin, ground coriander, cinnamon, salt, black pepper, red pearl onions, vegetable stock, sweet potatoes, tomato paste, cauliflower, water, cornstarch, all-purpose flour, cornmeal, baking powder, sugar, butter, milk",simmer,16,"['t,c,min,tender,s,end,in,de,cauliflower,f,au,l,d,nt,e,ring,nut,o,y,g,v,r']"
19629,vegetarian winter vegetable stew with cornbread cobbler,"olive oil, red onions, celery ribs, carrots, garlic, bay leaves, chili powder, ground cumin, ground coriander, cinnamon, salt, black pepper, red pearl onions, vegetable stock, sweet potatoes, tomato paste, cauliflower, water, cornstarch, all-purpose flour, cornmeal, baking powder, sugar, butter, milk",cover,16,"['t,c,min,tender,s,end,in,de,cauliflower,f,au,l,d,nt,e,ring,nut,o,y,g,v,r']"
19629,vegetarian winter vegetable stew with cornbread cobbler,"olive oil, red onions, celery ribs, carrots, garlic, bay leaves, chili powder, ground cumin, ground coriander, cinnamon, salt, black pepper, red pearl onions, vegetable stock, sweet potatoes, tomato paste, cauliflower, water, cornstarch, all-purpose flour, cornmeal, baking powder, sugar, butter, milk",cover,22,"['juice,vegetable,t,table,c,ice,s,veg,ad,l,d,b,e,o,juices,g,v,r']"
19629,vegetarian winter vegetable stew with cornbread cobbler,"olive oil, red onions, celery ribs, carrots, garlic, bay leaves, chili powder, ground cumin, ground coriander, cinnamon, salt, black pepper, red pearl onions, vegetable stock, sweet potatoes, tomato paste, cauliflower, water, cornstarch, all-purpose flour, cornmeal, baking powder, sugar, butter, milk",strain,17,"['vegetable,pot,t,table,s,p,in,veg,f,liquid,l,d,b,vegetables,nt,e,o,g,v,r']"
19629,vegetarian winter vegetable stew with cornbread cobbler,"olive oil, red onions, celery ribs, carrots, garlic, bay leaves, chili powder, ground cumin, ground coriander, cinnamon, salt, black pepper, red pearl onions, vegetable stock, sweet potatoes, tomato paste, cauliflower, water, cornstarch, all-purpose flour, cornmeal, baking powder, sugar, butter, milk",stir,18,"['water,corn,starch,t,c,cornstarch,star,s,tar,d,e,corns,o,g,r']"
19629,vegetarian winter vegetable stew with cornbread cobbler,"olive oil, red onions, celery ribs, carrots, garlic, bay leaves, chili powder, ground cumin, ground coriander, cinnamon, salt, black pepper, red pearl onions, vegetable stock, sweet potatoes, tomato paste, cauliflower, water, cornstarch, all-purpose flour, cornmeal, baking powder, sugar, butter, milk",keep,20,"['corn,starch,t,c,cornstarch,star,mix,s,p,in,tar,re,ad,liquid,l,d,nt,e,ring,corns,o,y,g,r']"
19629,vegetarian winter vegetable stew with cornbread cobbler,"olive oil, red onions, celery ribs, carrots, garlic, bay leaves, chili powder, ground cumin, ground coriander, cinnamon, salt, black pepper, red pearl onions, vegetable stock, sweet potatoes, tomato paste, cauliflower, water, cornstarch, all-purpose flour, cornmeal, baking powder, sugar, butter, milk",thickens,20,"['corn,starch,t,c,cornstarch,star,mix,s,p,in,tar,re,ad,liquid,l,d,nt,e,ring,corns,o,y,g,r']"
19629,vegetarian winter vegetable stew with cornbread cobbler,"olive oil, red onions, celery ribs, carrots, garlic, bay leaves, chili powder, ground cumin, ground coriander, cinnamon, salt, black pepper, red pearl onions, vegetable stock, sweet potatoes, tomato paste, cauliflower, water, cornstarch, all-purpose flour, cornmeal, baking powder, sugar, butter, milk",divide,21,"['vegetable,t,table,c,s,dish,de,veg,l,d,b,vegetables,e,o,g,v,dishes,r']"
19629,vegetarian winter vegetable stew with cornbread cobbler,"olive oil, red onions, celery ribs, carrots, garlic, bay leaves, chili powder, ground cumin, ground coriander, cinnamon, salt, black pepper, red pearl onions, vegetable stock, sweet potatoes, tomato paste, cauliflower, water, cornstarch, all-purpose flour, cornmeal, baking powder, sugar, butter, milk",topping,23,"['read,corn,bread,t,c,s,p,in,pin,f,top,re,ad,l,cornbread,d,b,e,o,g,r']"
19629,vegetarian winter vegetable stew with cornbread cobbler,"olive oil, red onions, celery ribs, carrots, garlic, bay leaves, chili powder, ground cumin, ground coriander, cinnamon, salt, black pepper, red pearl onions, vegetable stock, sweet potatoes, tomato paste, cauliflower, water, cornstarch, all-purpose flour, cornmeal, baking powder, sugar, butter, milk",bake,24,"['brown,t,min,s,p,in,de,top,l,d,b,nt,e,gold,nut,o,g,r']"
19629,vegetarian winter vegetable stew with cornbread cobbler,"olive oil, red onions, celery ribs, carrots, garlic, bay leaves, chili powder, ground cumin, ground coriander, cinnamon, salt, black pepper, red pearl onions, vegetable stock, sweet potatoes, tomato paste, cauliflower, water, cornstarch, all-purpose flour, cornmeal, baking powder, sugar, butter, milk",combine,26,"['powder,salt,sugar,flour,corn,meal,cornmeal,t,c,baking,s,p,in,de,f,l,d,b,e,o,g,r']"
19629,vegetarian winter vegetable stew with cornbread cobbler,"olive oil, red onions, celery ribs, carrots, garlic, bay leaves, chili powder, ground cumin, ground coriander, cinnamon, salt, black pepper, red pearl onions, vegetable stock, sweet potatoes, tomato paste, cauliflower, water, cornstarch, all-purpose flour, cornmeal, baking powder, sugar, butter, milk",baking,26,"['powder,salt,sugar,flour,corn,meal,cornmeal,t,c,baking,s,p,in,de,f,l,d,b,e,o,g,r']"
19629,vegetarian winter vegetable stew with cornbread cobbler,"olive oil, red onions, celery ribs, carrots, garlic, bay leaves, chili powder, ground cumin, ground coriander, cinnamon, salt, black pepper, red pearl onions, vegetable stock, sweet potatoes, tomato paste, cauliflower, water, cornstarch, all-purpose flour, cornmeal, baking powder, sugar, butter, milk",work,27,"['butter,t,c,p,in,l,d,b,nt,e,butt,o,r']"
19629,vegetarian winter vegetable stew with cornbread cobbler,"olive oil, red onions, celery ribs, carrots, garlic, bay leaves, chili powder, ground cumin, ground coriander, cinnamon, salt, black pepper, red pearl onions, vegetable stock, sweet potatoes, tomato paste, cauliflower, water, cornstarch, all-purpose flour, cornmeal, baking powder, sugar, butter, milk",incorporated,27,"['butter,t,c,p,in,l,d,b,nt,e,butt,o,r']"
19629,vegetarian winter vegetable stew with cornbread cobbler,"olive oil, red onions, celery ribs, carrots, garlic, bay leaves, chili powder, ground cumin, ground coriander, cinnamon, salt, black pepper, red pearl onions, vegetable stock, sweet potatoes, tomato paste, cauliflower, water, cornstarch, all-purpose flour, cornmeal, baking powder, sugar, butter, milk",mix,28,"['milk,t,mix,s,in,l,d,nt,e,o']"
19629,vegetarian winter vegetable stew with cornbread cobbler,"olive oil, red onions, celery ribs, carrots, garlic, bay leaves, chili powder, ground cumin, ground coriander, cinnamon, salt, black pepper, red pearl onions, vegetable stock, sweet potatoes, tomato paste, cauliflower, water, cornstarch, all-purpose flour, cornmeal, baking powder, sugar, butter, milk",moistened,28,"['milk,t,mix,s,in,l,d,nt,e,o']"
19629,vegetarian winter vegetable stew with cornbread cobbler,"olive oil, red onions, celery ribs, carrots, garlic, bay leaves, chili powder, ground cumin, ground coriander, cinnamon, salt, black pepper, red pearl onions, vegetable stock, sweet potatoes, tomato paste, cauliflower, water, cornstarch, all-purpose flour, cornmeal, baking powder, sugar, butter, milk",drop,29,"['t,c,s,p,dough,f,tel,top,re,red,l,stew,d,b,nt,e,doug,o,y,g,v,lump,r']"
19629,vegetarian winter vegetable stew with cornbread cobbler,"olive oil, red onions, celery ribs, carrots, garlic, bay leaves, chili powder, ground cumin, ground coriander, cinnamon, salt, black pepper, red pearl onions, vegetable stock, sweet potatoes, tomato paste, cauliflower, water, cornstarch, all-purpose flour, cornmeal, baking powder, sugar, butter, milk",covered,29,"['t,c,s,p,dough,f,tel,top,re,red,l,stew,d,b,nt,e,doug,o,y,g,v,lump,r']"
