Id,Name,AllIngredients,Verbs,Steps,Ingredient
22388,homestyle minestrone soup,"lean ground chuck, bay leaf, garlic powder, black pepper, salt, dark red kidney beans, garlic-flavored olive oil, carrots, onion, celery, green bell pepper, water, potatoes, italian seasoning, sweet basil, cabbage, whole kernel corn, cut green beans, spaghetti sauce, stewed tomatoes, parmesan cheese",browning,1,{}
22388,homestyle minestrone soup,"lean ground chuck, bay leaf, garlic powder, black pepper, salt, dark red kidney beans, garlic-flavored olive oil, carrots, onion, celery, green bell pepper, water, potatoes, italian seasoning, sweet basil, cabbage, whole kernel corn, cut green beans, spaghetti sauce, stewed tomatoes, parmesan cheese",drain,1,"['brown,pan,ground,season,seasoning,sea,t,c,s,p,in,round,medium,de,f,-,l,d,b,e,chuck']"
22388,homestyle minestrone soup,"lean ground chuck, bay leaf, garlic powder, black pepper, salt, dark red kidney beans, garlic-flavored olive oil, carrots, onion, celery, green bell pepper, water, potatoes, italian seasoning, sweet basil, cabbage, whole kernel corn, cut green beans, spaghetti sauce, stewed tomatoes, parmesan cheese",set,1,"['brown,pan,ground,season,seasoning,sea,t,c,s,p,in,round,medium,de,f,-,l,d,b,e,chuck']"
22388,homestyle minestrone soup,"lean ground chuck, bay leaf, garlic powder, black pepper, salt, dark red kidney beans, garlic-flavored olive oil, carrots, onion, celery, green bell pepper, water, potatoes, italian seasoning, sweet basil, cabbage, whole kernel corn, cut green beans, spaghetti sauce, stewed tomatoes, parmesan cheese",simmer,2,"['sauce,beans,bean,pan,t,c,s,p,kidney,in,au,l,d,b,e']"
22388,homestyle minestrone soup,"lean ground chuck, bay leaf, garlic powder, black pepper, salt, dark red kidney beans, garlic-flavored olive oil, carrots, onion, celery, green bell pepper, water, potatoes, italian seasoning, sweet basil, cabbage, whole kernel corn, cut green beans, spaghetti sauce, stewed tomatoes, parmesan cheese",simmer,7,"['beans,bean,ground,pot,potatoes,t,c,min,potato,s,p,kidney,in,round,f,-,one,re,ad,red,l,d,b,nt,e,ring,chuck']"
22388,homestyle minestrone soup,"lean ground chuck, bay leaf, garlic powder, black pepper, salt, dark red kidney beans, garlic-flavored olive oil, carrots, onion, celery, green bell pepper, water, potatoes, italian seasoning, sweet basil, cabbage, whole kernel corn, cut green beans, spaghetti sauce, stewed tomatoes, parmesan cheese",saute,3,"['oil,vegetable,olive,chop,pot,t,table,c,s,p,in,veg,f,au,re,red,l,stew,d,b,vegetables,e']"
22388,homestyle minestrone soup,"lean ground chuck, bay leaf, garlic powder, black pepper, salt, dark red kidney beans, garlic-flavored olive oil, carrots, onion, celery, green bell pepper, water, potatoes, italian seasoning, sweet basil, cabbage, whole kernel corn, cut green beans, spaghetti sauce, stewed tomatoes, parmesan cheese",using,3,"['oil,vegetable,olive,chop,pot,t,table,c,s,p,in,veg,f,au,re,red,l,stew,d,b,vegetables,e']"
22388,homestyle minestrone soup,"lean ground chuck, bay leaf, garlic powder, black pepper, salt, dark red kidney beans, garlic-flavored olive oil, carrots, onion, celery, green bell pepper, water, potatoes, italian seasoning, sweet basil, cabbage, whole kernel corn, cut green beans, spaghetti sauce, stewed tomatoes, parmesan cheese",covered,3,"['oil,vegetable,olive,chop,pot,t,table,c,s,p,in,veg,f,au,re,red,l,stew,d,b,vegetables,e']"
22388,homestyle minestrone soup,"lean ground chuck, bay leaf, garlic powder, black pepper, salt, dark red kidney beans, garlic-flavored olive oil, carrots, onion, celery, green bell pepper, water, potatoes, italian seasoning, sweet basil, cabbage, whole kernel corn, cut green beans, spaghetti sauce, stewed tomatoes, parmesan cheese",covered,6,"['cabbage,pot,cook,potatoes,t,c,min,cab,potato,half,s,p,in,age,f,-,bag,re,ad,red,l,d,b,nt,e']"
22388,homestyle minestrone soup,"lean ground chuck, bay leaf, garlic powder, black pepper, salt, dark red kidney beans, garlic-flavored olive oil, carrots, onion, celery, green bell pepper, water, potatoes, italian seasoning, sweet basil, cabbage, whole kernel corn, cut green beans, spaghetti sauce, stewed tomatoes, parmesan cheese",are,4,"['water,onion,celery,season,seasoning,pot,onions,sea,potatoes,t,c,potato,s,p,in,re,ad,l,stew,d,e']"
22388,homestyle minestrone soup,"lean ground chuck, bay leaf, garlic powder, black pepper, salt, dark red kidney beans, garlic-flavored olive oil, carrots, onion, celery, green bell pepper, water, potatoes, italian seasoning, sweet basil, cabbage, whole kernel corn, cut green beans, spaghetti sauce, stewed tomatoes, parmesan cheese",add,4,"['water,onion,celery,season,seasoning,pot,onions,sea,potatoes,t,c,potato,s,p,in,re,ad,l,stew,d,e']"
22388,homestyle minestrone soup,"lean ground chuck, bay leaf, garlic powder, black pepper, salt, dark red kidney beans, garlic-flavored olive oil, carrots, onion, celery, green bell pepper, water, potatoes, italian seasoning, sweet basil, cabbage, whole kernel corn, cut green beans, spaghetti sauce, stewed tomatoes, parmesan cheese",add,6,"['cabbage,pot,cook,potatoes,t,c,min,cab,potato,half,s,p,in,age,f,-,bag,re,ad,red,l,d,b,nt,e']"
22388,homestyle minestrone soup,"lean ground chuck, bay leaf, garlic powder, black pepper, salt, dark red kidney beans, garlic-flavored olive oil, carrots, onion, celery, green bell pepper, water, potatoes, italian seasoning, sweet basil, cabbage, whole kernel corn, cut green beans, spaghetti sauce, stewed tomatoes, parmesan cheese",add,7,"['beans,bean,ground,pot,potatoes,t,c,min,potato,s,p,kidney,in,round,f,-,one,re,ad,red,l,d,b,nt,e,ring,chuck']"
22388,homestyle minestrone soup,"lean ground chuck, bay leaf, garlic powder, black pepper, salt, dark red kidney beans, garlic-flavored olive oil, carrots, onion, celery, green bell pepper, water, potatoes, italian seasoning, sweet basil, cabbage, whole kernel corn, cut green beans, spaghetti sauce, stewed tomatoes, parmesan cheese",cook,5,"['oil,carrots,carrot,cook,t,c,boil,min,heat,s,in,medium,f,one,re,l,d,b,nt,e']"
22388,homestyle minestrone soup,"lean ground chuck, bay leaf, garlic powder, black pepper, salt, dark red kidney beans, garlic-flavored olive oil, carrots, onion, celery, green bell pepper, water, potatoes, italian seasoning, sweet basil, cabbage, whole kernel corn, cut green beans, spaghetti sauce, stewed tomatoes, parmesan cheese",cook,6,"['cabbage,pot,cook,potatoes,t,c,min,cab,potato,half,s,p,in,age,f,-,bag,re,ad,red,l,d,b,nt,e']"
22388,homestyle minestrone soup,"lean ground chuck, bay leaf, garlic powder, black pepper, salt, dark red kidney beans, garlic-flavored olive oil, carrots, onion, celery, green bell pepper, water, potatoes, italian seasoning, sweet basil, cabbage, whole kernel corn, cut green beans, spaghetti sauce, stewed tomatoes, parmesan cheese",cook,8,"['butter,read,bread,pot,cook,potatoes,t,c,min,rack,cracker,potato,s,p,in,crust,f,mu,re,ad,red,l,crackers,d,b,nt,e,tea']"
22388,homestyle minestrone soup,"lean ground chuck, bay leaf, garlic powder, black pepper, salt, dark red kidney beans, garlic-flavored olive oil, carrots, onion, celery, green bell pepper, water, potatoes, italian seasoning, sweet basil, cabbage, whole kernel corn, cut green beans, spaghetti sauce, stewed tomatoes, parmesan cheese",comes,5,"['oil,carrots,carrot,cook,t,c,boil,min,heat,s,in,medium,f,one,re,l,d,b,nt,e']"
22388,homestyle minestrone soup,"lean ground chuck, bay leaf, garlic powder, black pepper, salt, dark red kidney beans, garlic-flavored olive oil, carrots, onion, celery, green bell pepper, water, potatoes, italian seasoning, sweet basil, cabbage, whole kernel corn, cut green beans, spaghetti sauce, stewed tomatoes, parmesan cheese",turn,5,"['oil,carrots,carrot,cook,t,c,boil,min,heat,s,in,medium,f,one,re,l,d,b,nt,e']"
22388,homestyle minestrone soup,"lean ground chuck, bay leaf, garlic powder, black pepper, salt, dark red kidney beans, garlic-flavored olive oil, carrots, onion, celery, green bell pepper, water, potatoes, italian seasoning, sweet basil, cabbage, whole kernel corn, cut green beans, spaghetti sauce, stewed tomatoes, parmesan cheese",cover,5,"['oil,carrots,carrot,cook,t,c,boil,min,heat,s,in,medium,f,one,re,l,d,b,nt,e']"
22388,homestyle minestrone soup,"lean ground chuck, bay leaf, garlic powder, black pepper, salt, dark red kidney beans, garlic-flavored olive oil, carrots, onion, celery, green bell pepper, water, potatoes, italian seasoning, sweet basil, cabbage, whole kernel corn, cut green beans, spaghetti sauce, stewed tomatoes, parmesan cheese",boil,5,"['oil,carrots,carrot,cook,t,c,boil,min,heat,s,in,medium,f,one,re,l,d,b,nt,e']"
22388,homestyle minestrone soup,"lean ground chuck, bay leaf, garlic powder, black pepper, salt, dark red kidney beans, garlic-flavored olive oil, carrots, onion, celery, green bell pepper, water, potatoes, italian seasoning, sweet basil, cabbage, whole kernel corn, cut green beans, spaghetti sauce, stewed tomatoes, parmesan cheese",done,5,"['oil,carrots,carrot,cook,t,c,boil,min,heat,s,in,medium,f,one,re,l,d,b,nt,e']"
22388,homestyle minestrone soup,"lean ground chuck, bay leaf, garlic powder, black pepper, salt, dark red kidney beans, garlic-flavored olive oil, carrots, onion, celery, green bell pepper, water, potatoes, italian seasoning, sweet basil, cabbage, whole kernel corn, cut green beans, spaghetti sauce, stewed tomatoes, parmesan cheese",done,7,"['beans,bean,ground,pot,potatoes,t,c,min,potato,s,p,kidney,in,round,f,-,one,re,ad,red,l,d,b,nt,e,ring,chuck']"
22388,homestyle minestrone soup,"lean ground chuck, bay leaf, garlic powder, black pepper, salt, dark red kidney beans, garlic-flavored olive oil, carrots, onion, celery, green bell pepper, water, potatoes, italian seasoning, sweet basil, cabbage, whole kernel corn, cut green beans, spaghetti sauce, stewed tomatoes, parmesan cheese",let,6,"['cabbage,pot,cook,potatoes,t,c,min,cab,potato,half,s,p,in,age,f,-,bag,re,ad,red,l,d,b,nt,e']"
22388,homestyle minestrone soup,"lean ground chuck, bay leaf, garlic powder, black pepper, salt, dark red kidney beans, garlic-flavored olive oil, carrots, onion, celery, green bell pepper, water, potatoes, italian seasoning, sweet basil, cabbage, whole kernel corn, cut green beans, spaghetti sauce, stewed tomatoes, parmesan cheese",seem,6,"['cabbage,pot,cook,potatoes,t,c,min,cab,potato,half,s,p,in,age,f,-,bag,re,ad,red,l,d,b,nt,e']"
22388,homestyle minestrone soup,"lean ground chuck, bay leaf, garlic powder, black pepper, salt, dark red kidney beans, garlic-flavored olive oil, carrots, onion, celery, green bell pepper, water, potatoes, italian seasoning, sweet basil, cabbage, whole kernel corn, cut green beans, spaghetti sauce, stewed tomatoes, parmesan cheese",be,6,"['cabbage,pot,cook,potatoes,t,c,min,cab,potato,half,s,p,in,age,f,-,bag,re,ad,red,l,d,b,nt,e']"
22388,homestyle minestrone soup,"lean ground chuck, bay leaf, garlic powder, black pepper, salt, dark red kidney beans, garlic-flavored olive oil, carrots, onion, celery, green bell pepper, water, potatoes, italian seasoning, sweet basil, cabbage, whole kernel corn, cut green beans, spaghetti sauce, stewed tomatoes, parmesan cheese",cooked,6,"['cabbage,pot,cook,potatoes,t,c,min,cab,potato,half,s,p,in,age,f,-,bag,re,ad,red,l,d,b,nt,e']"
22388,homestyle minestrone soup,"lean ground chuck, bay leaf, garlic powder, black pepper, salt, dark red kidney beans, garlic-flavored olive oil, carrots, onion, celery, green bell pepper, water, potatoes, italian seasoning, sweet basil, cabbage, whole kernel corn, cut green beans, spaghetti sauce, stewed tomatoes, parmesan cheese",remaining,7,"['beans,bean,ground,pot,potatoes,t,c,min,potato,s,p,kidney,in,round,f,-,one,re,ad,red,l,d,b,nt,e,ring,chuck']"
22388,homestyle minestrone soup,"lean ground chuck, bay leaf, garlic powder, black pepper, salt, dark red kidney beans, garlic-flavored olive oil, carrots, onion, celery, green bell pepper, water, potatoes, italian seasoning, sweet basil, cabbage, whole kernel corn, cut green beans, spaghetti sauce, stewed tomatoes, parmesan cheese",bring,7,"['beans,bean,ground,pot,potatoes,t,c,min,potato,s,p,kidney,in,round,f,-,one,re,ad,red,l,d,b,nt,e,ring,chuck']"
22388,homestyle minestrone soup,"lean ground chuck, bay leaf, garlic powder, black pepper, salt, dark red kidney beans, garlic-flavored olive oil, carrots, onion, celery, green bell pepper, water, potatoes, italian seasoning, sweet basil, cabbage, whole kernel corn, cut green beans, spaghetti sauce, stewed tomatoes, parmesan cheese",bubbling,7,"['beans,bean,ground,pot,potatoes,t,c,min,potato,s,p,kidney,in,round,f,-,one,re,ad,red,l,d,b,nt,e,ring,chuck']"
22388,homestyle minestrone soup,"lean ground chuck, bay leaf, garlic powder, black pepper, salt, dark red kidney beans, garlic-flavored olive oil, carrots, onion, celery, green bell pepper, water, potatoes, italian seasoning, sweet basil, cabbage, whole kernel corn, cut green beans, spaghetti sauce, stewed tomatoes, parmesan cheese",allow,8,"['butter,read,bread,pot,cook,potatoes,t,c,min,rack,cracker,potato,s,p,in,crust,f,mu,re,ad,red,l,crackers,d,b,nt,e,tea']"
22388,homestyle minestrone soup,"lean ground chuck, bay leaf, garlic powder, black pepper, salt, dark red kidney beans, garlic-flavored olive oil, carrots, onion, celery, green bell pepper, water, potatoes, italian seasoning, sweet basil, cabbage, whole kernel corn, cut green beans, spaghetti sauce, stewed tomatoes, parmesan cheese",fall,8,"['butter,read,bread,pot,cook,potatoes,t,c,min,rack,cracker,potato,s,p,in,crust,f,mu,re,ad,red,l,crackers,d,b,nt,e,tea']"
22388,homestyle minestrone soup,"lean ground chuck, bay leaf, garlic powder, black pepper, salt, dark red kidney beans, garlic-flavored olive oil, carrots, onion, celery, green bell pepper, water, potatoes, italian seasoning, sweet basil, cabbage, whole kernel corn, cut green beans, spaghetti sauce, stewed tomatoes, parmesan cheese",serve,8,"['butter,read,bread,pot,cook,potatoes,t,c,min,rack,cracker,potato,s,p,in,crust,f,mu,re,ad,red,l,crackers,d,b,nt,e,tea']"
22388,homestyle minestrone soup,"lean ground chuck, bay leaf, garlic powder, black pepper, salt, dark red kidney beans, garlic-flavored olive oil, carrots, onion, celery, green bell pepper, water, potatoes, italian seasoning, sweet basil, cabbage, whole kernel corn, cut green beans, spaghetti sauce, stewed tomatoes, parmesan cheese",steaming,8,"['butter,read,bread,pot,cook,potatoes,t,c,min,rack,cracker,potato,s,p,in,crust,f,mu,re,ad,red,l,crackers,d,b,nt,e,tea']"
22388,homestyle minestrone soup,"lean ground chuck, bay leaf, garlic powder, black pepper, salt, dark red kidney beans, garlic-flavored olive oil, carrots, onion, celery, green bell pepper, water, potatoes, italian seasoning, sweet basil, cabbage, whole kernel corn, cut green beans, spaghetti sauce, stewed tomatoes, parmesan cheese",buttered,8,"['butter,read,bread,pot,cook,potatoes,t,c,min,rack,cracker,potato,s,p,in,crust,f,mu,re,ad,red,l,crackers,d,b,nt,e,tea']"
22388,homestyle minestrone soup,"lean ground chuck, bay leaf, garlic powder, black pepper, salt, dark red kidney beans, garlic-flavored olive oil, carrots, onion, celery, green bell pepper, water, potatoes, italian seasoning, sweet basil, cabbage, whole kernel corn, cut green beans, spaghetti sauce, stewed tomatoes, parmesan cheese",sprinkle,9,"['cheese,sea,t,c,s,p,in,f,top,l,nt,e']"
22388,homestyle minestrone soup,"lean ground chuck, bay leaf, garlic powder, black pepper, salt, dark red kidney beans, garlic-flavored olive oil, carrots, onion, celery, green bell pepper, water, potatoes, italian seasoning, sweet basil, cabbage, whole kernel corn, cut green beans, spaghetti sauce, stewed tomatoes, parmesan cheese",want,9,"['cheese,sea,t,c,s,p,in,f,top,l,nt,e']"
22388,homestyle minestrone soup,"lean ground chuck, bay leaf, garlic powder, black pepper, salt, dark red kidney beans, garlic-flavored olive oil, carrots, onion, celery, green bell pepper, water, potatoes, italian seasoning, sweet basil, cabbage, whole kernel corn, cut green beans, spaghetti sauce, stewed tomatoes, parmesan cheese",omit,10,"['water,ground,t,c,s,p,in,round,tar,veg,f,-,re,l,d,e,chuck']"
22388,homestyle minestrone soup,"lean ground chuck, bay leaf, garlic powder, black pepper, salt, dark red kidney beans, garlic-flavored olive oil, carrots, onion, celery, green bell pepper, water, potatoes, italian seasoning, sweet basil, cabbage, whole kernel corn, cut green beans, spaghetti sauce, stewed tomatoes, parmesan cheese",cut,10,"['water,ground,t,c,s,p,in,round,tar,veg,f,-,re,l,d,e,chuck']"
22388,homestyle minestrone soup,"lean ground chuck, bay leaf, garlic powder, black pepper, salt, dark red kidney beans, garlic-flavored olive oil, carrots, onion, celery, green bell pepper, water, potatoes, italian seasoning, sweet basil, cabbage, whole kernel corn, cut green beans, spaghetti sauce, stewed tomatoes, parmesan cheese",think,10,"['water,ground,t,c,s,p,in,round,tar,veg,f,-,re,l,d,e,chuck']"
22388,homestyle minestrone soup,"lean ground chuck, bay leaf, garlic powder, black pepper, salt, dark red kidney beans, garlic-flavored olive oil, carrots, onion, celery, green bell pepper, water, potatoes, italian seasoning, sweet basil, cabbage, whole kernel corn, cut green beans, spaghetti sauce, stewed tomatoes, parmesan cheese",taste,10,"['water,ground,t,c,s,p,in,round,tar,veg,f,-,re,l,d,e,chuck']"
22388,homestyle minestrone soup,"lean ground chuck, bay leaf, garlic powder, black pepper, salt, dark red kidney beans, garlic-flavored olive oil, carrots, onion, celery, green bell pepper, water, potatoes, italian seasoning, sweet basil, cabbage, whole kernel corn, cut green beans, spaghetti sauce, stewed tomatoes, parmesan cheese",hope,11,"['soup,s,p,l,e']"
22388,homestyle minestrone soup,"lean ground chuck, bay leaf, garlic powder, black pepper, salt, dark red kidney beans, garlic-flavored olive oil, carrots, onion, celery, green bell pepper, water, potatoes, italian seasoning, sweet basil, cabbage, whole kernel corn, cut green beans, spaghetti sauce, stewed tomatoes, parmesan cheese",enjoy,11,"['soup,s,p,l,e']"
