Id,Name,AllIngredients,Verbs,Steps,Ingredient
22503,spicy kung pao scallops and orange rice,"bay scallop, dry sherry, cornstarch, soy sauce, sugar, szechuan oil, sesame oil, hoisin sauce, vegetable oil, fresh ginger, garlic, red peppers, scallion, dry roasted peanuts, converted rice, chicken broth, orange juice, butter, salt, orange zest",combine,1,"['sherry,corn,starch,t,c,cornstarch,star,s,in,medium,tar,l,d,b,e,corns,o,y']"
22503,spicy kung pao scallops and orange rice,"bay scallop, dry sherry, cornstarch, soy sauce, sugar, szechuan oil, sesame oil, hoisin sauce, vegetable oil, fresh ginger, garlic, red peppers, scallion, dry roasted peanuts, converted rice, chicken broth, orange juice, butter, salt, orange zest",combine,3,"['soy,sauce,sugar,oil,sesame,t,c,hoisin,s,in,au,l,d,b,e,o,y,g,hot,sesam,szechuan']"
22503,spicy kung pao scallops and orange rice,"bay scallop, dry sherry, cornstarch, soy sauce, sugar, szechuan oil, sesame oil, hoisin sauce, vegetable oil, fresh ginger, garlic, red peppers, scallion, dry roasted peanuts, converted rice, chicken broth, orange juice, butter, salt, orange zest",combine,13,"['sauce,butter,chicken,pan,rice,broth,t,c,ice,s,p,in,medium,au,chick,d,b,e,butt,o']"
22503,spicy kung pao scallops and orange rice,"bay scallop, dry sherry, cornstarch, soy sauce, sugar, szechuan oil, sesame oil, hoisin sauce, vegetable oil, fresh ginger, garlic, red peppers, scallion, dry roasted peanuts, converted rice, chicken broth, orange juice, butter, salt, orange zest",stir,1,"['sherry,corn,starch,t,c,cornstarch,star,s,in,medium,tar,l,d,b,e,corns,o,y']"
22503,spicy kung pao scallops and orange rice,"bay scallop, dry sherry, cornstarch, soy sauce, sugar, szechuan oil, sesame oil, hoisin sauce, vegetable oil, fresh ginger, garlic, red peppers, scallion, dry roasted peanuts, converted rice, chicken broth, orange juice, butter, salt, orange zest",stir,5,"['garlic,ginger,t,c,s,in,f,ad,l,d,e,gin,o,y,g']"
22503,spicy kung pao scallops and orange rice,"bay scallop, dry sherry, cornstarch, soy sauce, sugar, szechuan oil, sesame oil, hoisin sauce, vegetable oil, fresh ginger, garlic, red peppers, scallion, dry roasted peanuts, converted rice, chicken broth, orange juice, butter, salt, orange zest",stir,7,"['sauce,t,c,mix,s,au,re,e']"
22503,spicy kung pao scallops and orange rice,"bay scallop, dry sherry, cornstarch, soy sauce, sugar, szechuan oil, sesame oil, hoisin sauce, vegetable oil, fresh ginger, garlic, red peppers, scallion, dry roasted peanuts, converted rice, chicken broth, orange juice, butter, salt, orange zest",stir,10,"['oil,sesame,t,s,in,l,e,o,sesam']"
22503,spicy kung pao scallops and orange rice,"bay scallop, dry sherry, cornstarch, soy sauce, sugar, szechuan oil, sesame oil, hoisin sauce, vegetable oil, fresh ginger, garlic, red peppers, scallion, dry roasted peanuts, converted rice, chicken broth, orange juice, butter, salt, orange zest",add,2,"['scallops,scallop,t,c,min,s,p,in,de,f,ad,l,d,e,nut,o']"
22503,spicy kung pao scallops and orange rice,"bay scallop, dry sherry, cornstarch, soy sauce, sugar, szechuan oil, sesame oil, hoisin sauce, vegetable oil, fresh ginger, garlic, red peppers, scallion, dry roasted peanuts, converted rice, chicken broth, orange juice, butter, salt, orange zest",add,5,"['garlic,ginger,t,c,s,in,f,ad,l,d,e,gin,o,y,g']"
22503,spicy kung pao scallops and orange rice,"bay scallop, dry sherry, cornstarch, soy sauce, sugar, szechuan oil, sesame oil, hoisin sauce, vegetable oil, fresh ginger, garlic, red peppers, scallion, dry roasted peanuts, converted rice, chicken broth, orange juice, butter, salt, orange zest",add,6,"['pepper,scallions,scallops,scallop,cook,t,c,min,scallion,s,p,in,re,ad,red,l,d,nt,e,ring,nut,o,y,g']"
22503,spicy kung pao scallops and orange rice,"bay scallop, dry sherry, cornstarch, soy sauce, sugar, szechuan oil, sesame oil, hoisin sauce, vegetable oil, fresh ginger, garlic, red peppers, scallion, dry roasted peanuts, converted rice, chicken broth, orange juice, butter, salt, orange zest",add,8,"['sauce,pan,cook,t,c,s,p,in,au,ad,l,d,nt,e,ring,o,y,g']"
22503,spicy kung pao scallops and orange rice,"bay scallop, dry sherry, cornstarch, soy sauce, sugar, szechuan oil, sesame oil, hoisin sauce, vegetable oil, fresh ginger, garlic, red peppers, scallion, dry roasted peanuts, converted rice, chicken broth, orange juice, butter, salt, orange zest",add,9,"['peanuts,peanut,nuts,cook,t,c,min,pea,s,p,in,ad,d,e,nut,o,ts']"
22503,spicy kung pao scallops and orange rice,"bay scallop, dry sherry, cornstarch, soy sauce, sugar, szechuan oil, sesame oil, hoisin sauce, vegetable oil, fresh ginger, garlic, red peppers, scallion, dry roasted peanuts, converted rice, chicken broth, orange juice, butter, salt, orange zest",set,2,"['scallops,scallop,t,c,min,s,p,in,de,f,ad,l,d,e,nut,o']"
22503,spicy kung pao scallops and orange rice,"bay scallop, dry sherry, cornstarch, soy sauce, sugar, szechuan oil, sesame oil, hoisin sauce, vegetable oil, fresh ginger, garlic, red peppers, scallion, dry roasted peanuts, converted rice, chicken broth, orange juice, butter, salt, orange zest",heat,4,"['oil,vegetable,t,table,heat,s,in,veg,l,b,e,o,g,v']"
22503,spicy kung pao scallops and orange rice,"bay scallop, dry sherry, cornstarch, soy sauce, sugar, szechuan oil, sesame oil, hoisin sauce, vegetable oil, fresh ginger, garlic, red peppers, scallion, dry roasted peanuts, converted rice, chicken broth, orange juice, butter, salt, orange zest",garlic,5,"['garlic,ginger,t,c,s,in,f,ad,l,d,e,gin,o,y,g']"
22503,spicy kung pao scallops and orange rice,"bay scallop, dry sherry, cornstarch, soy sauce, sugar, szechuan oil, sesame oil, hoisin sauce, vegetable oil, fresh ginger, garlic, red peppers, scallion, dry roasted peanuts, converted rice, chicken broth, orange juice, butter, salt, orange zest",fry,5,"['garlic,ginger,t,c,s,in,f,ad,l,d,e,gin,o,y,g']"
22503,spicy kung pao scallops and orange rice,"bay scallop, dry sherry, cornstarch, soy sauce, sugar, szechuan oil, sesame oil, hoisin sauce, vegetable oil, fresh ginger, garlic, red peppers, scallion, dry roasted peanuts, converted rice, chicken broth, orange juice, butter, salt, orange zest",cook,6,"['pepper,scallions,scallops,scallop,cook,t,c,min,scallion,s,p,in,re,ad,red,l,d,nt,e,ring,nut,o,y,g']"
22503,spicy kung pao scallops and orange rice,"bay scallop, dry sherry, cornstarch, soy sauce, sugar, szechuan oil, sesame oil, hoisin sauce, vegetable oil, fresh ginger, garlic, red peppers, scallion, dry roasted peanuts, converted rice, chicken broth, orange juice, butter, salt, orange zest",cook,8,"['sauce,pan,cook,t,c,s,p,in,au,ad,l,d,nt,e,ring,o,y,g']"
22503,spicy kung pao scallops and orange rice,"bay scallop, dry sherry, cornstarch, soy sauce, sugar, szechuan oil, sesame oil, hoisin sauce, vegetable oil, fresh ginger, garlic, red peppers, scallion, dry roasted peanuts, converted rice, chicken broth, orange juice, butter, salt, orange zest",cook,9,"['peanuts,peanut,nuts,cook,t,c,min,pea,s,p,in,ad,d,e,nut,o,ts']"
22503,spicy kung pao scallops and orange rice,"bay scallop, dry sherry, cornstarch, soy sauce, sugar, szechuan oil, sesame oil, hoisin sauce, vegetable oil, fresh ginger, garlic, red peppers, scallion, dry roasted peanuts, converted rice, chicken broth, orange juice, butter, salt, orange zest",stirring,6,"['pepper,scallions,scallops,scallop,cook,t,c,min,scallion,s,p,in,re,ad,red,l,d,nt,e,ring,nut,o,y,g']"
22503,spicy kung pao scallops and orange rice,"bay scallop, dry sherry, cornstarch, soy sauce, sugar, szechuan oil, sesame oil, hoisin sauce, vegetable oil, fresh ginger, garlic, red peppers, scallion, dry roasted peanuts, converted rice, chicken broth, orange juice, butter, salt, orange zest",stirring,8,"['sauce,pan,cook,t,c,s,p,in,au,ad,l,d,nt,e,ring,o,y,g']"
22503,spicy kung pao scallops and orange rice,"bay scallop, dry sherry, cornstarch, soy sauce, sugar, szechuan oil, sesame oil, hoisin sauce, vegetable oil, fresh ginger, garlic, red peppers, scallion, dry roasted peanuts, converted rice, chicken broth, orange juice, butter, salt, orange zest",turn,6,"['pepper,scallions,scallops,scallop,cook,t,c,min,scallion,s,p,in,re,ad,red,l,d,nt,e,ring,nut,o,y,g']"
22503,spicy kung pao scallops and orange rice,"bay scallop, dry sherry, cornstarch, soy sauce, sugar, szechuan oil, sesame oil, hoisin sauce, vegetable oil, fresh ginger, garlic, red peppers, scallion, dry roasted peanuts, converted rice, chicken broth, orange juice, butter, salt, orange zest",thickens,8,"['sauce,pan,cook,t,c,s,p,in,au,ad,l,d,nt,e,ring,o,y,g']"
22503,spicy kung pao scallops and orange rice,"bay scallop, dry sherry, cornstarch, soy sauce, sugar, szechuan oil, sesame oil, hoisin sauce, vegetable oil, fresh ginger, garlic, red peppers, scallion, dry roasted peanuts, converted rice, chicken broth, orange juice, butter, salt, orange zest",serve,11,"['orange,rice,t,c,ice,s,e,o,g,v,hot']"
22503,spicy kung pao scallops and orange rice,"bay scallop, dry sherry, cornstarch, soy sauce, sugar, szechuan oil, sesame oil, hoisin sauce, vegetable oil, fresh ginger, garlic, red peppers, scallion, dry roasted peanuts, converted rice, chicken broth, orange juice, butter, salt, orange zest",makes,12,"['s,in,vin,e,g,v']"
22503,spicy kung pao scallops and orange rice,"bay scallop, dry sherry, cornstarch, soy sauce, sugar, szechuan oil, sesame oil, hoisin sauce, vegetable oil, fresh ginger, garlic, red peppers, scallion, dry roasted peanuts, converted rice, chicken broth, orange juice, butter, salt, orange zest",makes,15,"['s,in,vin,e,g,v']"
22503,spicy kung pao scallops and orange rice,"bay scallop, dry sherry, cornstarch, soy sauce, sugar, szechuan oil, sesame oil, hoisin sauce, vegetable oil, fresh ginger, garlic, red peppers, scallion, dry roasted peanuts, converted rice, chicken broth, orange juice, butter, salt, orange zest",bring,14,"['oil,rice,cook,t,c,ice,boil,min,heat,tender,s,end,in,de,l,d,b,nt,e,ring,nut,o,g,v']"
22503,spicy kung pao scallops and orange rice,"bay scallop, dry sherry, cornstarch, soy sauce, sugar, szechuan oil, sesame oil, hoisin sauce, vegetable oil, fresh ginger, garlic, red peppers, scallion, dry roasted peanuts, converted rice, chicken broth, orange juice, butter, salt, orange zest",boil,14,"['oil,rice,cook,t,c,ice,boil,min,heat,tender,s,end,in,de,l,d,b,nt,e,ring,nut,o,g,v']"
22503,spicy kung pao scallops and orange rice,"bay scallop, dry sherry, cornstarch, soy sauce, sugar, szechuan oil, sesame oil, hoisin sauce, vegetable oil, fresh ginger, garlic, red peppers, scallion, dry roasted peanuts, converted rice, chicken broth, orange juice, butter, salt, orange zest",cover,14,"['oil,rice,cook,t,c,ice,boil,min,heat,tender,s,end,in,de,l,d,b,nt,e,ring,nut,o,g,v']"
22503,spicy kung pao scallops and orange rice,"bay scallop, dry sherry, cornstarch, soy sauce, sugar, szechuan oil, sesame oil, hoisin sauce, vegetable oil, fresh ginger, garlic, red peppers, scallion, dry roasted peanuts, converted rice, chicken broth, orange juice, butter, salt, orange zest",is,14,"['oil,rice,cook,t,c,ice,boil,min,heat,tender,s,end,in,de,l,d,b,nt,e,ring,nut,o,g,v']"
