Id,Name,AllIngredients,Verbs,Steps,Ingredient
22777,cranberry barbecue sauce,"cranberries, bottled water, chicken stock, onion, brown sugar, tomato paste, worcestershire sauce, red wine vinegar, balsamic vinegar, liquid smoke, black pepper, ground ginger, tabasco sauce, tarragon, oregano, chili powder, thyme, paprika, garlic powder, mustard powder, salt",place,1,{}
22777,cranberry barbecue sauce,"cranberries, bottled water, chicken stock, onion, brown sugar, tomato paste, worcestershire sauce, red wine vinegar, balsamic vinegar, liquid smoke, black pepper, ground ginger, tabasco sauce, tarragon, oregano, chili powder, thyme, paprika, garlic powder, mustard powder, salt",bring,1,"['oil,stock,pot,t,c,boil,s,p,in,re,red']"
22777,cranberry barbecue sauce,"cranberries, bottled water, chicken stock, onion, brown sugar, tomato paste, worcestershire sauce, red wine vinegar, balsamic vinegar, liquid smoke, black pepper, ground ginger, tabasco sauce, tarragon, oregano, chili powder, thyme, paprika, garlic powder, mustard powder, salt",boil,2,"['oil,t,c,boil,min,s,in,f,re,red,liquid']"
22777,cranberry barbecue sauce,"cranberries, bottled water, chicken stock, onion, brown sugar, tomato paste, worcestershire sauce, red wine vinegar, balsamic vinegar, liquid smoke, black pepper, ground ginger, tabasco sauce, tarragon, oregano, chili powder, thyme, paprika, garlic powder, mustard powder, salt",reduced,2,"['oil,t,c,boil,min,s,in,f,re,red,liquid']"
22777,cranberry barbecue sauce,"cranberries, bottled water, chicken stock, onion, brown sugar, tomato paste, worcestershire sauce, red wine vinegar, balsamic vinegar, liquid smoke, black pepper, ground ginger, tabasco sauce, tarragon, oregano, chili powder, thyme, paprika, garlic powder, mustard powder, salt",last,4,"['sauce,t,c,s,in,f,au,-,re']"
22777,cranberry barbecue sauce,"cranberries, bottled water, chicken stock, onion, brown sugar, tomato paste, worcestershire sauce, red wine vinegar, balsamic vinegar, liquid smoke, black pepper, ground ginger, tabasco sauce, tarragon, oregano, chili powder, thyme, paprika, garlic powder, mustard powder, salt",used,5,"['sauce,t,c,poultry,roast,s,p,in,meat,f,au,grill,re']"
22777,cranberry barbecue sauce,"cranberries, bottled water, chicken stock, onion, brown sugar, tomato paste, worcestershire sauce, red wine vinegar, balsamic vinegar, liquid smoke, black pepper, ground ginger, tabasco sauce, tarragon, oregano, chili powder, thyme, paprika, garlic powder, mustard powder, salt",is,5,"['sauce,t,c,poultry,roast,s,p,in,meat,f,au,grill,re']"
22777,cranberry barbecue sauce,"cranberries, bottled water, chicken stock, onion, brown sugar, tomato paste, worcestershire sauce, red wine vinegar, balsamic vinegar, liquid smoke, black pepper, ground ginger, tabasco sauce, tarragon, oregano, chili powder, thyme, paprika, garlic powder, mustard powder, salt",baste,5,"['sauce,t,c,poultry,roast,s,p,in,meat,f,au,grill,re']"
22777,cranberry barbecue sauce,"cranberries, bottled water, chicken stock, onion, brown sugar, tomato paste, worcestershire sauce, red wine vinegar, balsamic vinegar, liquid smoke, black pepper, ground ginger, tabasco sauce, tarragon, oregano, chili powder, thyme, paprika, garlic powder, mustard powder, salt",roasting,5,"['sauce,t,c,poultry,roast,s,p,in,meat,f,au,grill,re']"
