Id,Name,AllIngredients,Verbs,Steps,Ingredient
25875,mighty good moussaka,"zucchini, vegetable oil cooking spray, olive oil, onion, garlic cloves, lean ground beef, tomato sauce, tomatoes, banana peppers, bay leaf, beau monde seasoning, honey, pepper, oregano, fresh mushrooms, cinnamon, allspice, 2% fat cottage cheese, marsala wine, parmesan cheese, fresh parsley",peel,1,{}
25875,mighty good moussaka,"zucchini, vegetable oil cooking spray, olive oil, onion, garlic cloves, lean ground beef, tomato sauce, tomatoes, banana peppers, bay leaf, beau monde seasoning, honey, pepper, oregano, fresh mushrooms, cinnamon, allspice, 2% fat cottage cheese, marsala wine, parmesan cheese, fresh parsley",slice,1,"['zucchini,peel,t,c,ice,slice,s,p,in,round,rounds,-,l,d,nt,e']"
25875,mighty good moussaka,"zucchini, vegetable oil cooking spray, olive oil, onion, garlic cloves, lean ground beef, tomato sauce, tomatoes, banana peppers, bay leaf, beau monde seasoning, honey, pepper, oregano, fresh mushrooms, cinnamon, allspice, 2% fat cottage cheese, marsala wine, parmesan cheese, fresh parsley",heat,2,"['oil,egg,t,spray,heat,s,p,veg,l,d,e']"
25875,mighty good moussaka,"zucchini, vegetable oil cooking spray, olive oil, onion, garlic cloves, lean ground beef, tomato sauce, tomatoes, banana peppers, bay leaf, beau monde seasoning, honey, pepper, oregano, fresh mushrooms, cinnamon, allspice, 2% fat cottage cheese, marsala wine, parmesan cheese, fresh parsley",heat,4,"['garlic,oil,onion,olive,t,c,heat,s,in,au,l,d,nt,e']"
25875,mighty good moussaka,"zucchini, vegetable oil cooking spray, olive oil, onion, garlic cloves, lean ground beef, tomato sauce, tomatoes, banana peppers, bay leaf, beau monde seasoning, honey, pepper, oregano, fresh mushrooms, cinnamon, allspice, 2% fat cottage cheese, marsala wine, parmesan cheese, fresh parsley",heat,8,"['oil,mushrooms,brown,pan,mushroom,room,t,heat,mix,s,p,in,meat,shrooms,mu,hr,ad,l,d,b,e']"
25875,mighty good moussaka,"zucchini, vegetable oil cooking spray, olive oil, onion, garlic cloves, lean ground beef, tomato sauce, tomatoes, banana peppers, bay leaf, beau monde seasoning, honey, pepper, oregano, fresh mushrooms, cinnamon, allspice, 2% fat cottage cheese, marsala wine, parmesan cheese, fresh parsley",spray,2,"['oil,egg,t,spray,heat,s,p,veg,l,d,e']"
25875,mighty good moussaka,"zucchini, vegetable oil cooking spray, olive oil, onion, garlic cloves, lean ground beef, tomato sauce, tomatoes, banana peppers, bay leaf, beau monde seasoning, honey, pepper, oregano, fresh mushrooms, cinnamon, allspice, 2% fat cottage cheese, marsala wine, parmesan cheese, fresh parsley",spray,3,"['oil,zucchini,brown,t,c,ice,spray,baking,slice,half,s,p,in,slices,dish,de,f,-,l,d,b,e']"
25875,mighty good moussaka,"zucchini, vegetable oil cooking spray, olive oil, onion, garlic cloves, lean ground beef, tomato sauce, tomatoes, banana peppers, bay leaf, beau monde seasoning, honey, pepper, oregano, fresh mushrooms, cinnamon, allspice, 2% fat cottage cheese, marsala wine, parmesan cheese, fresh parsley",brown,3,"['oil,zucchini,brown,t,c,ice,spray,baking,slice,half,s,p,in,slices,dish,de,f,-,l,d,b,e']"
25875,mighty good moussaka,"zucchini, vegetable oil cooking spray, olive oil, onion, garlic cloves, lean ground beef, tomato sauce, tomatoes, banana peppers, bay leaf, beau monde seasoning, honey, pepper, oregano, fresh mushrooms, cinnamon, allspice, 2% fat cottage cheese, marsala wine, parmesan cheese, fresh parsley",arrange,3,"['oil,zucchini,brown,t,c,ice,spray,baking,slice,half,s,p,in,slices,dish,de,f,-,l,d,b,e']"
25875,mighty good moussaka,"zucchini, vegetable oil cooking spray, olive oil, onion, garlic cloves, lean ground beef, tomato sauce, tomatoes, banana peppers, bay leaf, beau monde seasoning, honey, pepper, oregano, fresh mushrooms, cinnamon, allspice, 2% fat cottage cheese, marsala wine, parmesan cheese, fresh parsley",oiled,3,"['oil,zucchini,brown,t,c,ice,spray,baking,slice,half,s,p,in,slices,dish,de,f,-,l,d,b,e']"
25875,mighty good moussaka,"zucchini, vegetable oil cooking spray, olive oil, onion, garlic cloves, lean ground beef, tomato sauce, tomatoes, banana peppers, bay leaf, beau monde seasoning, honey, pepper, oregano, fresh mushrooms, cinnamon, allspice, 2% fat cottage cheese, marsala wine, parmesan cheese, fresh parsley",saut,4,"['garlic,oil,onion,olive,t,c,heat,s,in,au,l,d,nt,e']"
25875,mighty good moussaka,"zucchini, vegetable oil cooking spray, olive oil, onion, garlic cloves, lean ground beef, tomato sauce, tomatoes, banana peppers, bay leaf, beau monde seasoning, honey, pepper, oregano, fresh mushrooms, cinnamon, allspice, 2% fat cottage cheese, marsala wine, parmesan cheese, fresh parsley",add,5,"['cook,t,c,min,s,p,in,meat,f,re,ad,l,d,b,e,nut']"
25875,mighty good moussaka,"zucchini, vegetable oil cooking spray, olive oil, onion, garlic cloves, lean ground beef, tomato sauce, tomatoes, banana peppers, bay leaf, beau monde seasoning, honey, pepper, oregano, fresh mushrooms, cinnamon, allspice, 2% fat cottage cheese, marsala wine, parmesan cheese, fresh parsley",add,8,"['oil,mushrooms,brown,pan,mushroom,room,t,heat,mix,s,p,in,meat,shrooms,mu,hr,ad,l,d,b,e']"
25875,mighty good moussaka,"zucchini, vegetable oil cooking spray, olive oil, onion, garlic cloves, lean ground beef, tomato sauce, tomatoes, banana peppers, bay leaf, beau monde seasoning, honey, pepper, oregano, fresh mushrooms, cinnamon, allspice, 2% fat cottage cheese, marsala wine, parmesan cheese, fresh parsley",stir,5,"['cook,t,c,min,s,p,in,meat,f,re,ad,l,d,b,e,nut']"
25875,mighty good moussaka,"zucchini, vegetable oil cooking spray, olive oil, onion, garlic cloves, lean ground beef, tomato sauce, tomatoes, banana peppers, bay leaf, beau monde seasoning, honey, pepper, oregano, fresh mushrooms, cinnamon, allspice, 2% fat cottage cheese, marsala wine, parmesan cheese, fresh parsley",break,5,"['cook,t,c,min,s,p,in,meat,f,re,ad,l,d,b,e,nut']"
25875,mighty good moussaka,"zucchini, vegetable oil cooking spray, olive oil, onion, garlic cloves, lean ground beef, tomato sauce, tomatoes, banana peppers, bay leaf, beau monde seasoning, honey, pepper, oregano, fresh mushrooms, cinnamon, allspice, 2% fat cottage cheese, marsala wine, parmesan cheese, fresh parsley",cook,5,"['cook,t,c,min,s,p,in,meat,f,re,ad,l,d,b,e,nut']"
25875,mighty good moussaka,"zucchini, vegetable oil cooking spray, olive oil, onion, garlic cloves, lean ground beef, tomato sauce, tomatoes, banana peppers, bay leaf, beau monde seasoning, honey, pepper, oregano, fresh mushrooms, cinnamon, allspice, 2% fat cottage cheese, marsala wine, parmesan cheese, fresh parsley",simmer,7,"['t,min,s,in,f,l,nt,e,nut']"
25875,mighty good moussaka,"zucchini, vegetable oil cooking spray, olive oil, onion, garlic cloves, lean ground beef, tomato sauce, tomatoes, banana peppers, bay leaf, beau monde seasoning, honey, pepper, oregano, fresh mushrooms, cinnamon, allspice, 2% fat cottage cheese, marsala wine, parmesan cheese, fresh parsley",mix,8,"['oil,mushrooms,brown,pan,mushroom,room,t,heat,mix,s,p,in,meat,shrooms,mu,hr,ad,l,d,b,e']"
25875,mighty good moussaka,"zucchini, vegetable oil cooking spray, olive oil, onion, garlic cloves, lean ground beef, tomato sauce, tomatoes, banana peppers, bay leaf, beau monde seasoning, honey, pepper, oregano, fresh mushrooms, cinnamon, allspice, 2% fat cottage cheese, marsala wine, parmesan cheese, fresh parsley",pour,9,"['zucchini,t,c,ice,slice,mix,s,p,in,meat,slices,f,re,l,e']"
25875,mighty good moussaka,"zucchini, vegetable oil cooking spray, olive oil, onion, garlic cloves, lean ground beef, tomato sauce, tomatoes, banana peppers, bay leaf, beau monde seasoning, honey, pepper, oregano, fresh mushrooms, cinnamon, allspice, 2% fat cottage cheese, marsala wine, parmesan cheese, fresh parsley",cover,11,"['sauce,tomato,zucchini,wine,t,c,ice,slice,s,in,slices,au,re,l,d,e']"
25875,mighty good moussaka,"zucchini, vegetable oil cooking spray, olive oil, onion, garlic cloves, lean ground beef, tomato sauce, tomatoes, banana peppers, bay leaf, beau monde seasoning, honey, pepper, oregano, fresh mushrooms, cinnamon, allspice, 2% fat cottage cheese, marsala wine, parmesan cheese, fresh parsley",remaining,11,"['sauce,tomato,zucchini,wine,t,c,ice,slice,s,in,slices,au,re,l,d,e']"
25875,mighty good moussaka,"zucchini, vegetable oil cooking spray, olive oil, onion, garlic cloves, lean ground beef, tomato sauce, tomatoes, banana peppers, bay leaf, beau monde seasoning, honey, pepper, oregano, fresh mushrooms, cinnamon, allspice, 2% fat cottage cheese, marsala wine, parmesan cheese, fresh parsley",sprinkle,12,"['cheese,t,c,s,p,in,oven,f,l,d,b,e']"
25875,mighty good moussaka,"zucchini, vegetable oil cooking spray, olive oil, onion, garlic cloves, lean ground beef, tomato sauce, tomatoes, banana peppers, bay leaf, beau monde seasoning, honey, pepper, oregano, fresh mushrooms, cinnamon, allspice, 2% fat cottage cheese, marsala wine, parmesan cheese, fresh parsley",sprinkle,13,"['parsley,t,s,p,in,oven,f,re,l,e']"
25875,mighty good moussaka,"zucchini, vegetable oil cooking spray, olive oil, onion, garlic cloves, lean ground beef, tomato sauce, tomatoes, banana peppers, bay leaf, beau monde seasoning, honey, pepper, oregano, fresh mushrooms, cinnamon, allspice, 2% fat cottage cheese, marsala wine, parmesan cheese, fresh parsley",bake,12,"['cheese,t,c,s,p,in,oven,f,l,d,b,e']"
25875,mighty good moussaka,"zucchini, vegetable oil cooking spray, olive oil, onion, garlic cloves, lean ground beef, tomato sauce, tomatoes, banana peppers, bay leaf, beau monde seasoning, honey, pepper, oregano, fresh mushrooms, cinnamon, allspice, 2% fat cottage cheese, marsala wine, parmesan cheese, fresh parsley",remove,13,"['parsley,t,s,p,in,oven,f,re,l,e']"
25875,mighty good moussaka,"zucchini, vegetable oil cooking spray, olive oil, onion, garlic cloves, lean ground beef, tomato sauce, tomatoes, banana peppers, bay leaf, beau monde seasoning, honey, pepper, oregano, fresh mushrooms, cinnamon, allspice, 2% fat cottage cheese, marsala wine, parmesan cheese, fresh parsley",serve,13,"['parsley,t,s,p,in,oven,f,re,l,e']"
