Id,Name,AllIngredients,Verbs,Steps,Ingredient
2592,spicy southwestern meatball soup,"lean ground beef, fine dry breadcrumbs, fajita seasoning mix, ground cumin, salt, fresh cilantro, egg, vegetable oil, onion, carrots, diced tomatoes with green chilies, zucchini, garlic cloves, ground coriander, tomato paste, chipotle pepper, adobo sauce, chicken broth, black beans, frozen corn kernels, kosher salt",combine,1,{}
2592,spicy southwestern meatball soup,"lean ground beef, fine dry breadcrumbs, fajita seasoning mix, ground cumin, salt, fresh cilantro, egg, vegetable oil, onion, carrots, diced tomatoes with green chilies, zucchini, garlic cloves, ground coriander, tomato paste, chipotle pepper, adobo sauce, chicken broth, black beans, frozen corn kernels, kosher salt",combined,1,"['salt,cilantro,egg,cumin,ground,crumbs,read,bread,beef,season,seasoning,sea,t,rum,c,breadcrumbs,breadcrumb,min,s,in,round,crumb,f,-,re,ad,l,d,b,nt,e,o,g,fajita']"
2592,spicy southwestern meatball soup,"lean ground beef, fine dry breadcrumbs, fajita seasoning mix, ground cumin, salt, fresh cilantro, egg, vegetable oil, onion, carrots, diced tomatoes with green chilies, zucchini, garlic cloves, ground coriander, tomato paste, chipotle pepper, adobo sauce, chicken broth, black beans, frozen corn kernels, kosher salt",arrange,2,"['t,c,grease,baking,meatballs,ball,mix,s,p,in,meat,sheet,-,re,l,d,light,b,nt,e,balls,o,y,g']"
2592,spicy southwestern meatball soup,"lean ground beef, fine dry breadcrumbs, fajita seasoning mix, ground cumin, salt, fresh cilantro, egg, vegetable oil, onion, carrots, diced tomatoes with green chilies, zucchini, garlic cloves, ground coriander, tomato paste, chipotle pepper, adobo sauce, chicken broth, black beans, frozen corn kernels, kosher salt",greased,2,"['t,c,grease,baking,meatballs,ball,mix,s,p,in,meat,sheet,-,re,l,d,light,b,nt,e,balls,o,y,g']"
2592,spicy southwestern meatball soup,"lean ground beef, fine dry breadcrumbs, fajita seasoning mix, ground cumin, salt, fresh cilantro, egg, vegetable oil, onion, carrots, diced tomatoes with green chilies, zucchini, garlic cloves, ground coriander, tomato paste, chipotle pepper, adobo sauce, chicken broth, black beans, frozen corn kernels, kosher salt",bake,3,"['brown,t,c,min,s,in,f,l,d,b,nt,e,nut,o,y,g']"
2592,spicy southwestern meatball soup,"lean ground beef, fine dry breadcrumbs, fajita seasoning mix, ground cumin, salt, fresh cilantro, egg, vegetable oil, onion, carrots, diced tomatoes with green chilies, zucchini, garlic cloves, ground coriander, tomato paste, chipotle pepper, adobo sauce, chicken broth, black beans, frozen corn kernels, kosher salt",turning,3,"['brown,t,c,min,s,in,f,l,d,b,nt,e,nut,o,y,g']"
2592,spicy southwestern meatball soup,"lean ground beef, fine dry breadcrumbs, fajita seasoning mix, ground cumin, salt, fresh cilantro, egg, vegetable oil, onion, carrots, diced tomatoes with green chilies, zucchini, garlic cloves, ground coriander, tomato paste, chipotle pepper, adobo sauce, chicken broth, black beans, frozen corn kernels, kosher salt",add,5,"['sauce,garlic,pepper,cumin,tomato,zucchini,coriander,paste,adobo,pot,t,c,min,s,p,in,chipotle,de,chip,past,au,ad,l,d,b,e,o,g']"
2592,spicy southwestern meatball soup,"lean ground beef, fine dry breadcrumbs, fajita seasoning mix, ground cumin, salt, fresh cilantro, egg, vegetable oil, onion, carrots, diced tomatoes with green chilies, zucchini, garlic cloves, ground coriander, tomato paste, chipotle pepper, adobo sauce, chicken broth, black beans, frozen corn kernels, kosher salt",cook,6,"['cook,t,c,min,s,in,f,l,nt,e,ring,nut,o,y,g']"
2592,spicy southwestern meatball soup,"lean ground beef, fine dry breadcrumbs, fajita seasoning mix, ground cumin, salt, fresh cilantro, egg, vegetable oil, onion, carrots, diced tomatoes with green chilies, zucchini, garlic cloves, ground coriander, tomato paste, chipotle pepper, adobo sauce, chicken broth, black beans, frozen corn kernels, kosher salt",stirring,6,"['cook,t,c,min,s,in,f,l,nt,e,ring,nut,o,y,g']"
2592,spicy southwestern meatball soup,"lean ground beef, fine dry breadcrumbs, fajita seasoning mix, ground cumin, salt, fresh cilantro, egg, vegetable oil, onion, carrots, diced tomatoes with green chilies, zucchini, garlic cloves, ground coriander, tomato paste, chipotle pepper, adobo sauce, chicken broth, black beans, frozen corn kernels, kosher salt",stir,7,"['salt,tomatoes,tomato,beans,bean,chicken,corn,broth,t,c,ice,meatballs,ball,s,in,meat,dice,chick,l,d,b,e,balls,o,tomatoe']"
2592,spicy southwestern meatball soup,"lean ground beef, fine dry breadcrumbs, fajita seasoning mix, ground cumin, salt, fresh cilantro, egg, vegetable oil, onion, carrots, diced tomatoes with green chilies, zucchini, garlic cloves, ground coriander, tomato paste, chipotle pepper, adobo sauce, chicken broth, black beans, frozen corn kernels, kosher salt",stir,10,"['cilantro,t,c,s,in,l,nt,o']"
2592,spicy southwestern meatball soup,"lean ground beef, fine dry breadcrumbs, fajita seasoning mix, ground cumin, salt, fresh cilantro, egg, vegetable oil, onion, carrots, diced tomatoes with green chilies, zucchini, garlic cloves, ground coriander, tomato paste, chipotle pepper, adobo sauce, chicken broth, black beans, frozen corn kernels, kosher salt",bring,8,"['oil,t,boil,in,l,b,ring,o,g']"
2592,spicy southwestern meatball soup,"lean ground beef, fine dry breadcrumbs, fajita seasoning mix, ground cumin, salt, fresh cilantro, egg, vegetable oil, onion, carrots, diced tomatoes with green chilies, zucchini, garlic cloves, ground coriander, tomato paste, chipotle pepper, adobo sauce, chicken broth, black beans, frozen corn kernels, kosher salt",reduce,9,"['t,c,min,heat,s,in,re,red,d,e,nut,o,v']"
2592,spicy southwestern meatball soup,"lean ground beef, fine dry breadcrumbs, fajita seasoning mix, ground cumin, salt, fresh cilantro, egg, vegetable oil, onion, carrots, diced tomatoes with green chilies, zucchini, garlic cloves, ground coriander, tomato paste, chipotle pepper, adobo sauce, chicken broth, black beans, frozen corn kernels, kosher salt",simmer,9,"['t,c,min,heat,s,in,re,red,d,e,nut,o,v']"
2592,spicy southwestern meatball soup,"lean ground beef, fine dry breadcrumbs, fajita seasoning mix, ground cumin, salt, fresh cilantro, egg, vegetable oil, onion, carrots, diced tomatoes with green chilies, zucchini, garlic cloves, ground coriander, tomato paste, chipotle pepper, adobo sauce, chicken broth, black beans, frozen corn kernels, kosher salt",covered,9,"['t,c,min,heat,s,in,re,red,d,e,nut,o,v']"
2592,spicy southwestern meatball soup,"lean ground beef, fine dry breadcrumbs, fajita seasoning mix, ground cumin, salt, fresh cilantro, egg, vegetable oil, onion, carrots, diced tomatoes with green chilies, zucchini, garlic cloves, ground coriander, tomato paste, chipotle pepper, adobo sauce, chicken broth, black beans, frozen corn kernels, kosher salt",garnish,11,"['cilantro,cream,lime,avocado,wedges,t,c,ice,sprigs,s,p,wedge,dice,de,re,ad,red,l,d,nt,e,sprig,edge,o,y,g,v']"
2592,spicy southwestern meatball soup,"lean ground beef, fine dry breadcrumbs, fajita seasoning mix, ground cumin, salt, fresh cilantro, egg, vegetable oil, onion, carrots, diced tomatoes with green chilies, zucchini, garlic cloves, ground coriander, tomato paste, chipotle pepper, adobo sauce, chicken broth, black beans, frozen corn kernels, kosher salt",desired,11,"['cilantro,cream,lime,avocado,wedges,t,c,ice,sprigs,s,p,wedge,dice,de,re,ad,red,l,d,nt,e,sprig,edge,o,y,g,v']"
2592,spicy southwestern meatball soup,"lean ground beef, fine dry breadcrumbs, fajita seasoning mix, ground cumin, salt, fresh cilantro, egg, vegetable oil, onion, carrots, diced tomatoes with green chilies, zucchini, garlic cloves, ground coriander, tomato paste, chipotle pepper, adobo sauce, chicken broth, black beans, frozen corn kernels, kosher salt",diced,11,"['cilantro,cream,lime,avocado,wedges,t,c,ice,sprigs,s,p,wedge,dice,de,re,ad,red,l,d,nt,e,sprig,edge,o,y,g,v']"
2592,spicy southwestern meatball soup,"lean ground beef, fine dry breadcrumbs, fajita seasoning mix, ground cumin, salt, fresh cilantro, egg, vegetable oil, onion, carrots, diced tomatoes with green chilies, zucchini, garlic cloves, ground coriander, tomato paste, chipotle pepper, adobo sauce, chicken broth, black beans, frozen corn kernels, kosher salt",enjoy,11,"['cilantro,cream,lime,avocado,wedges,t,c,ice,sprigs,s,p,wedge,dice,de,re,ad,red,l,d,nt,e,sprig,edge,o,y,g,v']"
