Id,Name,AllIngredients,Verbs,Steps,Ingredient
27022,wolfgang puck s no cook gazpacho,"roma tomatoes, red bell pepper, english cucumber, celery ribs, flat leaf parsley, tomato paste, tomato juice, water, sherry wine vinegar, extra virgin olive oil, sugar, kosher salt, fresh ground black pepper, cayenne pepper, sweet paprika, yellow pepper, red onion, cucumber, fresh lime juice, red pear tomatoes, yellow pear tomato, avocados, fresh cilantro leaves, shrimp, fresh cilantro, limes",combine,2,"['t,c,s,in,re,red,l,d,b,nt,e,o,g,ts,r']"
27022,wolfgang puck s no cook gazpacho,"roma tomatoes, red bell pepper, english cucumber, celery ribs, flat leaf parsley, tomato paste, tomato juice, water, sherry wine vinegar, extra virgin olive oil, sugar, kosher salt, fresh ground black pepper, cayenne pepper, sweet paprika, yellow pepper, red onion, cucumber, fresh lime juice, red pear tomatoes, yellow pear tomato, avocados, fresh cilantro leaves, shrimp, fresh cilantro, limes",combine,8,"['t,c,blend,s,p,end,in,medium,pin,de,top,re,red,l,d,b,nt,e,o,g,ts,r']"
27022,wolfgang puck s no cook gazpacho,"roma tomatoes, red bell pepper, english cucumber, celery ribs, flat leaf parsley, tomato paste, tomato juice, water, sherry wine vinegar, extra virgin olive oil, sugar, kosher salt, fresh ground black pepper, cayenne pepper, sweet paprika, yellow pepper, red onion, cucumber, fresh lime juice, red pear tomatoes, yellow pear tomato, avocados, fresh cilantro leaves, shrimp, fresh cilantro, limes",cover,3,"['t,c,f,re,d,e,o,g,v,r']"
27022,wolfgang puck s no cook gazpacho,"roma tomatoes, red bell pepper, english cucumber, celery ribs, flat leaf parsley, tomato paste, tomato juice, water, sherry wine vinegar, extra virgin olive oil, sugar, kosher salt, fresh ground black pepper, cayenne pepper, sweet paprika, yellow pepper, red onion, cucumber, fresh lime juice, red pear tomatoes, yellow pear tomato, avocados, fresh cilantro leaves, shrimp, fresh cilantro, limes",cover,6,"['t,c,s,in,vin,f,re,l,d,b,e,o,g,v,r']"
27022,wolfgang puck s no cook gazpacho,"roma tomatoes, red bell pepper, english cucumber, celery ribs, flat leaf parsley, tomato paste, tomato juice, water, sherry wine vinegar, extra virgin olive oil, sugar, kosher salt, fresh ground black pepper, cayenne pepper, sweet paprika, yellow pepper, red onion, cucumber, fresh lime juice, red pear tomatoes, yellow pear tomato, avocados, fresh cilantro leaves, shrimp, fresh cilantro, limes",cover,10,"['t,c,de,f,re,l,d,nt,e,o,g,v,r']"
27022,wolfgang puck s no cook gazpacho,"roma tomatoes, red bell pepper, english cucumber, celery ribs, flat leaf parsley, tomato paste, tomato juice, water, sherry wine vinegar, extra virgin olive oil, sugar, kosher salt, fresh ground black pepper, cayenne pepper, sweet paprika, yellow pepper, red onion, cucumber, fresh lime juice, red pear tomatoes, yellow pear tomato, avocados, fresh cilantro leaves, shrimp, fresh cilantro, limes",refrigerate,3,"['t,c,f,re,d,e,o,g,v,r']"
27022,wolfgang puck s no cook gazpacho,"roma tomatoes, red bell pepper, english cucumber, celery ribs, flat leaf parsley, tomato paste, tomato juice, water, sherry wine vinegar, extra virgin olive oil, sugar, kosher salt, fresh ground black pepper, cayenne pepper, sweet paprika, yellow pepper, red onion, cucumber, fresh lime juice, red pear tomatoes, yellow pear tomato, avocados, fresh cilantro leaves, shrimp, fresh cilantro, limes",refrigerate,6,"['t,c,s,in,vin,f,re,l,d,b,e,o,g,v,r']"
27022,wolfgang puck s no cook gazpacho,"roma tomatoes, red bell pepper, english cucumber, celery ribs, flat leaf parsley, tomato paste, tomato juice, water, sherry wine vinegar, extra virgin olive oil, sugar, kosher salt, fresh ground black pepper, cayenne pepper, sweet paprika, yellow pepper, red onion, cucumber, fresh lime juice, red pear tomatoes, yellow pear tomato, avocados, fresh cilantro leaves, shrimp, fresh cilantro, limes",transfer,4,"['puree,t,c,s,p,in,food,vin,f,re,l,d,nt,e,o,g,v,r']"
27022,wolfgang puck s no cook gazpacho,"roma tomatoes, red bell pepper, english cucumber, celery ribs, flat leaf parsley, tomato paste, tomato juice, water, sherry wine vinegar, extra virgin olive oil, sugar, kosher salt, fresh ground black pepper, cayenne pepper, sweet paprika, yellow pepper, red onion, cucumber, fresh lime juice, red pear tomatoes, yellow pear tomato, avocados, fresh cilantro leaves, shrimp, fresh cilantro, limes",leaving,4,"['puree,t,c,s,p,in,food,vin,f,re,l,d,nt,e,o,g,v,r']"
27022,wolfgang puck s no cook gazpacho,"roma tomatoes, red bell pepper, english cucumber, celery ribs, flat leaf parsley, tomato paste, tomato juice, water, sherry wine vinegar, extra virgin olive oil, sugar, kosher salt, fresh ground black pepper, cayenne pepper, sweet paprika, yellow pepper, red onion, cucumber, fresh lime juice, red pear tomatoes, yellow pear tomato, avocados, fresh cilantro leaves, shrimp, fresh cilantro, limes",return,6,"['t,c,s,in,vin,f,re,l,d,b,e,o,g,v,r']"
27022,wolfgang puck s no cook gazpacho,"roma tomatoes, red bell pepper, english cucumber, celery ribs, flat leaf parsley, tomato paste, tomato juice, water, sherry wine vinegar, extra virgin olive oil, sugar, kosher salt, fresh ground black pepper, cayenne pepper, sweet paprika, yellow pepper, red onion, cucumber, fresh lime juice, red pear tomatoes, yellow pear tomato, avocados, fresh cilantro leaves, shrimp, fresh cilantro, limes",serving,6,"['t,c,s,in,vin,f,re,l,d,b,e,o,g,v,r']"
27022,wolfgang puck s no cook gazpacho,"roma tomatoes, red bell pepper, english cucumber, celery ribs, flat leaf parsley, tomato paste, tomato juice, water, sherry wine vinegar, extra virgin olive oil, sugar, kosher salt, fresh ground black pepper, cayenne pepper, sweet paprika, yellow pepper, red onion, cucumber, fresh lime juice, red pear tomatoes, yellow pear tomato, avocados, fresh cilantro leaves, shrimp, fresh cilantro, limes",topping,7,"['t,p,in,pin,-,top,re,e,o,g,r']"
27022,wolfgang puck s no cook gazpacho,"roma tomatoes, red bell pepper, english cucumber, celery ribs, flat leaf parsley, tomato paste, tomato juice, water, sherry wine vinegar, extra virgin olive oil, sugar, kosher salt, fresh ground black pepper, cayenne pepper, sweet paprika, yellow pepper, red onion, cucumber, fresh lime juice, red pear tomatoes, yellow pear tomato, avocados, fresh cilantro leaves, shrimp, fresh cilantro, limes",topping,8,"['t,c,blend,s,p,end,in,medium,pin,de,top,re,red,l,d,b,nt,e,o,g,ts,r']"
27022,wolfgang puck s no cook gazpacho,"roma tomatoes, red bell pepper, english cucumber, celery ribs, flat leaf parsley, tomato paste, tomato juice, water, sherry wine vinegar, extra virgin olive oil, sugar, kosher salt, fresh ground black pepper, cayenne pepper, sweet paprika, yellow pepper, red onion, cucumber, fresh lime juice, red pear tomatoes, yellow pear tomato, avocados, fresh cilantro leaves, shrimp, fresh cilantro, limes",topping,13,"['cilantro,shrimp,t,c,mix,s,p,in,pin,f,top,hr,re,l,d,nt,e,sprig,o,g,rim,r']"
27022,wolfgang puck s no cook gazpacho,"roma tomatoes, red bell pepper, english cucumber, celery ribs, flat leaf parsley, tomato paste, tomato juice, water, sherry wine vinegar, extra virgin olive oil, sugar, kosher salt, fresh ground black pepper, cayenne pepper, sweet paprika, yellow pepper, red onion, cucumber, fresh lime juice, red pear tomatoes, yellow pear tomato, avocados, fresh cilantro leaves, shrimp, fresh cilantro, limes",needed,10,"['t,c,de,f,re,l,d,nt,e,o,g,v,r']"
27022,wolfgang puck s no cook gazpacho,"roma tomatoes, red bell pepper, english cucumber, celery ribs, flat leaf parsley, tomato paste, tomato juice, water, sherry wine vinegar, extra virgin olive oil, sugar, kosher salt, fresh ground black pepper, cayenne pepper, sweet paprika, yellow pepper, red onion, cucumber, fresh lime juice, red pear tomatoes, yellow pear tomato, avocados, fresh cilantro leaves, shrimp, fresh cilantro, limes",serve,11,"['t,s,-,e,o,v,r']"
27022,wolfgang puck s no cook gazpacho,"roma tomatoes, red bell pepper, english cucumber, celery ribs, flat leaf parsley, tomato paste, tomato juice, water, sherry wine vinegar, extra virgin olive oil, sugar, kosher salt, fresh ground black pepper, cayenne pepper, sweet paprika, yellow pepper, red onion, cucumber, fresh lime juice, red pear tomatoes, yellow pear tomato, avocados, fresh cilantro leaves, shrimp, fresh cilantro, limes",ladle,12,"['t,c,soup,s,p,in,ad,l,d,nt,e,o']"
27022,wolfgang puck s no cook gazpacho,"roma tomatoes, red bell pepper, english cucumber, celery ribs, flat leaf parsley, tomato paste, tomato juice, water, sherry wine vinegar, extra virgin olive oil, sugar, kosher salt, fresh ground black pepper, cayenne pepper, sweet paprika, yellow pepper, red onion, cucumber, fresh lime juice, red pear tomatoes, yellow pear tomato, avocados, fresh cilantro leaves, shrimp, fresh cilantro, limes",place,14,"['lime,t,c,p,wedge,f,l,d,e,edge,o,g,rim,r']"
