Id,Name,AllIngredients,Verbs,Steps,Ingredient
29115,spicy thai beef salad with lemongrass mint vinaigrette and nuts,"hoisin sauce, soy sauce, fresh ginger, red wine vinegar, sugar, new york strip steaks, sesame oil, salt & freshly ground black pepper, olive oil, lemongrass, shallot, garlic, kaffir lime leaf, thai fish sauce, fresh lemon juice, fresh bean sprout, radicchio, maui onions, fresh mint leaves, fresh basil leaves, watercress leaf, shiitake mushroom, bean thread noodles, mixed baby greens, macadamia nuts",make,1,"['t,in,de,-,ad,marinade,d,e,o']"
29115,spicy thai beef salad with lemongrass mint vinaigrette and nuts,"hoisin sauce, soy sauce, fresh ginger, red wine vinegar, sugar, new york strip steaks, sesame oil, salt & freshly ground black pepper, olive oil, lemongrass, shallot, garlic, kaffir lime leaf, thai fish sauce, fresh lemon juice, fresh bean sprout, radicchio, maui onions, fresh mint leaves, fresh basil leaves, watercress leaf, shiitake mushroom, bean thread noodles, mixed baby greens, macadamia nuts",make,7,"['t,in,vinaigrette,vin,-,re,e,o,g,v']"
29115,spicy thai beef salad with lemongrass mint vinaigrette and nuts,"hoisin sauce, soy sauce, fresh ginger, red wine vinegar, sugar, new york strip steaks, sesame oil, salt & freshly ground black pepper, olive oil, lemongrass, shallot, garlic, kaffir lime leaf, thai fish sauce, fresh lemon juice, fresh bean sprout, radicchio, maui onions, fresh mint leaves, fresh basil leaves, watercress leaf, shiitake mushroom, bean thread noodles, mixed baby greens, macadamia nuts",make,11,"['t,s,f,-,e,o,y']"
29115,spicy thai beef salad with lemongrass mint vinaigrette and nuts,"hoisin sauce, soy sauce, fresh ginger, red wine vinegar, sugar, new york strip steaks, sesame oil, salt & freshly ground black pepper, olive oil, lemongrass, shallot, garlic, kaffir lime leaf, thai fish sauce, fresh lemon juice, fresh bean sprout, radicchio, maui onions, fresh mint leaves, fresh basil leaves, watercress leaf, shiitake mushroom, bean thread noodles, mixed baby greens, macadamia nuts",combine,2,"['t,c,s,in,dish,de,re,ad,red,l,marinade,d,b,nt,e,o,g,ts']"
29115,spicy thai beef salad with lemongrass mint vinaigrette and nuts,"hoisin sauce, soy sauce, fresh ginger, red wine vinegar, sugar, new york strip steaks, sesame oil, salt & freshly ground black pepper, olive oil, lemongrass, shallot, garlic, kaffir lime leaf, thai fish sauce, fresh lemon juice, fresh bean sprout, radicchio, maui onions, fresh mint leaves, fresh basil leaves, watercress leaf, shiitake mushroom, bean thread noodles, mixed baby greens, macadamia nuts",add,3,"['room,t,min,steak,s,p,in,f,re,ad,l,d,e,tea,nut,o,strips']"
29115,spicy thai beef salad with lemongrass mint vinaigrette and nuts,"hoisin sauce, soy sauce, fresh ginger, red wine vinegar, sugar, new york strip steaks, sesame oil, salt & freshly ground black pepper, olive oil, lemongrass, shallot, garlic, kaffir lime leaf, thai fish sauce, fresh lemon juice, fresh bean sprout, radicchio, maui onions, fresh mint leaves, fresh basil leaves, watercress leaf, shiitake mushroom, bean thread noodles, mixed baby greens, macadamia nuts",add,13,"['noodles,cook,t,c,min,s,in,noodle,ad,l,d,e,nut,o']"
29115,spicy thai beef salad with lemongrass mint vinaigrette and nuts,"hoisin sauce, soy sauce, fresh ginger, red wine vinegar, sugar, new york strip steaks, sesame oil, salt & freshly ground black pepper, olive oil, lemongrass, shallot, garlic, kaffir lime leaf, thai fish sauce, fresh lemon juice, fresh bean sprout, radicchio, maui onions, fresh mint leaves, fresh basil leaves, watercress leaf, shiitake mushroom, bean thread noodles, mixed baby greens, macadamia nuts",let,3,"['room,t,min,steak,s,p,in,f,re,ad,l,d,e,tea,nut,o,strips']"
29115,spicy thai beef salad with lemongrass mint vinaigrette and nuts,"hoisin sauce, soy sauce, fresh ginger, red wine vinegar, sugar, new york strip steaks, sesame oil, salt & freshly ground black pepper, olive oil, lemongrass, shallot, garlic, kaffir lime leaf, thai fish sauce, fresh lemon juice, fresh bean sprout, radicchio, maui onions, fresh mint leaves, fresh basil leaves, watercress leaf, shiitake mushroom, bean thread noodles, mixed baby greens, macadamia nuts",let,6,"['t,min,steak,s,p,in,f,re,l,d,e,tea,nut,o,g']"
29115,spicy thai beef salad with lemongrass mint vinaigrette and nuts,"hoisin sauce, soy sauce, fresh ginger, red wine vinegar, sugar, new york strip steaks, sesame oil, salt & freshly ground black pepper, olive oil, lemongrass, shallot, garlic, kaffir lime leaf, thai fish sauce, fresh lemon juice, fresh bean sprout, radicchio, maui onions, fresh mint leaves, fresh basil leaves, watercress leaf, shiitake mushroom, bean thread noodles, mixed baby greens, macadamia nuts",sit,3,"['room,t,min,steak,s,p,in,f,re,ad,l,d,e,tea,nut,o,strips']"
29115,spicy thai beef salad with lemongrass mint vinaigrette and nuts,"hoisin sauce, soy sauce, fresh ginger, red wine vinegar, sugar, new york strip steaks, sesame oil, salt & freshly ground black pepper, olive oil, lemongrass, shallot, garlic, kaffir lime leaf, thai fish sauce, fresh lemon juice, fresh bean sprout, radicchio, maui onions, fresh mint leaves, fresh basil leaves, watercress leaf, shiitake mushroom, bean thread noodles, mixed baby greens, macadamia nuts",skillet,4,"['oil,pan,sesame,t,min,heat,steak,s,p,in,medium,de,f,au,re,l,d,e,tea,nut,o,g,v,sesam']"
29115,spicy thai beef salad with lemongrass mint vinaigrette and nuts,"hoisin sauce, soy sauce, fresh ginger, red wine vinegar, sugar, new york strip steaks, sesame oil, salt & freshly ground black pepper, olive oil, lemongrass, shallot, garlic, kaffir lime leaf, thai fish sauce, fresh lemon juice, fresh bean sprout, radicchio, maui onions, fresh mint leaves, fresh basil leaves, watercress leaf, shiitake mushroom, bean thread noodles, mixed baby greens, macadamia nuts",skillet,12,"['oil,olive,pan,noodles,t,c,min,heat,s,p,in,f,au,noodle,re,red,l,d,nt,e,nut,o,y,g,ts,v']"
29115,spicy thai beef salad with lemongrass mint vinaigrette and nuts,"hoisin sauce, soy sauce, fresh ginger, red wine vinegar, sugar, new york strip steaks, sesame oil, salt & freshly ground black pepper, olive oil, lemongrass, shallot, garlic, kaffir lime leaf, thai fish sauce, fresh lemon juice, fresh bean sprout, radicchio, maui onions, fresh mint leaves, fresh basil leaves, watercress leaf, shiitake mushroom, bean thread noodles, mixed baby greens, macadamia nuts",heat,4,"['oil,pan,sesame,t,min,heat,steak,s,p,in,medium,de,f,au,re,l,d,e,tea,nut,o,g,v,sesam']"
29115,spicy thai beef salad with lemongrass mint vinaigrette and nuts,"hoisin sauce, soy sauce, fresh ginger, red wine vinegar, sugar, new york strip steaks, sesame oil, salt & freshly ground black pepper, olive oil, lemongrass, shallot, garlic, kaffir lime leaf, thai fish sauce, fresh lemon juice, fresh bean sprout, radicchio, maui onions, fresh mint leaves, fresh basil leaves, watercress leaf, shiitake mushroom, bean thread noodles, mixed baby greens, macadamia nuts",heat,8,"['garlic,ginger,oil,brown,olive,pan,lime,lemon,leaves,t,c,heat,gras,shallot,s,p,in,grass,lemongrass,f,au,l,d,light,b,nt,e,gin,o,y,g,v']"
29115,spicy thai beef salad with lemongrass mint vinaigrette and nuts,"hoisin sauce, soy sauce, fresh ginger, red wine vinegar, sugar, new york strip steaks, sesame oil, salt & freshly ground black pepper, olive oil, lemongrass, shallot, garlic, kaffir lime leaf, thai fish sauce, fresh lemon juice, fresh bean sprout, radicchio, maui onions, fresh mint leaves, fresh basil leaves, watercress leaf, shiitake mushroom, bean thread noodles, mixed baby greens, macadamia nuts",heat,12,"['oil,olive,pan,noodles,t,c,min,heat,s,p,in,f,au,noodle,re,red,l,d,nt,e,nut,o,y,g,ts,v']"
29115,spicy thai beef salad with lemongrass mint vinaigrette and nuts,"hoisin sauce, soy sauce, fresh ginger, red wine vinegar, sugar, new york strip steaks, sesame oil, salt & freshly ground black pepper, olive oil, lemongrass, shallot, garlic, kaffir lime leaf, thai fish sauce, fresh lemon juice, fresh bean sprout, radicchio, maui onions, fresh mint leaves, fresh basil leaves, watercress leaf, shiitake mushroom, bean thread noodles, mixed baby greens, macadamia nuts",sprinkle,5,"['pepper,salt,t,s,p,in,l,d,e']"
29115,spicy thai beef salad with lemongrass mint vinaigrette and nuts,"hoisin sauce, soy sauce, fresh ginger, red wine vinegar, sugar, new york strip steaks, sesame oil, salt & freshly ground black pepper, olive oil, lemongrass, shallot, garlic, kaffir lime leaf, thai fish sauce, fresh lemon juice, fresh bean sprout, radicchio, maui onions, fresh mint leaves, fresh basil leaves, watercress leaf, shiitake mushroom, bean thread noodles, mixed baby greens, macadamia nuts",using,6,"['t,min,steak,s,p,in,f,re,l,d,e,tea,nut,o,g']"
29115,spicy thai beef salad with lemongrass mint vinaigrette and nuts,"hoisin sauce, soy sauce, fresh ginger, red wine vinegar, sugar, new york strip steaks, sesame oil, salt & freshly ground black pepper, olive oil, lemongrass, shallot, garlic, kaffir lime leaf, thai fish sauce, fresh lemon juice, fresh bean sprout, radicchio, maui onions, fresh mint leaves, fresh basil leaves, watercress leaf, shiitake mushroom, bean thread noodles, mixed baby greens, macadamia nuts",transfer,6,"['t,min,steak,s,p,in,f,re,l,d,e,tea,nut,o,g']"
29115,spicy thai beef salad with lemongrass mint vinaigrette and nuts,"hoisin sauce, soy sauce, fresh ginger, red wine vinegar, sugar, new york strip steaks, sesame oil, salt & freshly ground black pepper, olive oil, lemongrass, shallot, garlic, kaffir lime leaf, thai fish sauce, fresh lemon juice, fresh bean sprout, radicchio, maui onions, fresh mint leaves, fresh basil leaves, watercress leaf, shiitake mushroom, bean thread noodles, mixed baby greens, macadamia nuts",rest,6,"['t,min,steak,s,p,in,f,re,l,d,e,tea,nut,o,g']"
29115,spicy thai beef salad with lemongrass mint vinaigrette and nuts,"hoisin sauce, soy sauce, fresh ginger, red wine vinegar, sugar, new york strip steaks, sesame oil, salt & freshly ground black pepper, olive oil, lemongrass, shallot, garlic, kaffir lime leaf, thai fish sauce, fresh lemon juice, fresh bean sprout, radicchio, maui onions, fresh mint leaves, fresh basil leaves, watercress leaf, shiitake mushroom, bean thread noodles, mixed baby greens, macadamia nuts",stir,9,"['t,s,in,re,red,d,nt,e,g,ts']"
29115,spicy thai beef salad with lemongrass mint vinaigrette and nuts,"hoisin sauce, soy sauce, fresh ginger, red wine vinegar, sugar, new york strip steaks, sesame oil, salt & freshly ground black pepper, olive oil, lemongrass, shallot, garlic, kaffir lime leaf, thai fish sauce, fresh lemon juice, fresh bean sprout, radicchio, maui onions, fresh mint leaves, fresh basil leaves, watercress leaf, shiitake mushroom, bean thread noodles, mixed baby greens, macadamia nuts",stir,11,"['t,s,f,-,e,o,y']"
29115,spicy thai beef salad with lemongrass mint vinaigrette and nuts,"hoisin sauce, soy sauce, fresh ginger, red wine vinegar, sugar, new york strip steaks, sesame oil, salt & freshly ground black pepper, olive oil, lemongrass, shallot, garlic, kaffir lime leaf, thai fish sauce, fresh lemon juice, fresh bean sprout, radicchio, maui onions, fresh mint leaves, fresh basil leaves, watercress leaf, shiitake mushroom, bean thread noodles, mixed baby greens, macadamia nuts",stir,18,"['beef,greens,t,mix,s,p,de,f,-,top,re,d,b,e,green,o,y,strips,g,v,sprout']"
29115,spicy thai beef salad with lemongrass mint vinaigrette and nuts,"hoisin sauce, soy sauce, fresh ginger, red wine vinegar, sugar, new york strip steaks, sesame oil, salt & freshly ground black pepper, olive oil, lemongrass, shallot, garlic, kaffir lime leaf, thai fish sauce, fresh lemon juice, fresh bean sprout, radicchio, maui onions, fresh mint leaves, fresh basil leaves, watercress leaf, shiitake mushroom, bean thread noodles, mixed baby greens, macadamia nuts",remaining,9,"['t,s,in,re,red,d,nt,e,g,ts']"
29115,spicy thai beef salad with lemongrass mint vinaigrette and nuts,"hoisin sauce, soy sauce, fresh ginger, red wine vinegar, sugar, new york strip steaks, sesame oil, salt & freshly ground black pepper, olive oil, lemongrass, shallot, garlic, kaffir lime leaf, thai fish sauce, fresh lemon juice, fresh bean sprout, radicchio, maui onions, fresh mint leaves, fresh basil leaves, watercress leaf, shiitake mushroom, bean thread noodles, mixed baby greens, macadamia nuts",set,10,"['t,s,de,d,e']"
29115,spicy thai beef salad with lemongrass mint vinaigrette and nuts,"hoisin sauce, soy sauce, fresh ginger, red wine vinegar, sugar, new york strip steaks, sesame oil, salt & freshly ground black pepper, olive oil, lemongrass, shallot, garlic, kaffir lime leaf, thai fish sauce, fresh lemon juice, fresh bean sprout, radicchio, maui onions, fresh mint leaves, fresh basil leaves, watercress leaf, shiitake mushroom, bean thread noodles, mixed baby greens, macadamia nuts",set,14,"['t,s,de,d,e']"
29115,spicy thai beef salad with lemongrass mint vinaigrette and nuts,"hoisin sauce, soy sauce, fresh ginger, red wine vinegar, sugar, new york strip steaks, sesame oil, salt & freshly ground black pepper, olive oil, lemongrass, shallot, garlic, kaffir lime leaf, thai fish sauce, fresh lemon juice, fresh bean sprout, radicchio, maui onions, fresh mint leaves, fresh basil leaves, watercress leaf, shiitake mushroom, bean thread noodles, mixed baby greens, macadamia nuts",tossing,12,"['oil,olive,pan,noodles,t,c,min,heat,s,p,in,f,au,noodle,re,red,l,d,nt,e,nut,o,y,g,ts,v']"
29115,spicy thai beef salad with lemongrass mint vinaigrette and nuts,"hoisin sauce, soy sauce, fresh ginger, red wine vinegar, sugar, new york strip steaks, sesame oil, salt & freshly ground black pepper, olive oil, lemongrass, shallot, garlic, kaffir lime leaf, thai fish sauce, fresh lemon juice, fresh bean sprout, radicchio, maui onions, fresh mint leaves, fresh basil leaves, watercress leaf, shiitake mushroom, bean thread noodles, mixed baby greens, macadamia nuts",cook,13,"['noodles,cook,t,c,min,s,in,noodle,ad,l,d,e,nut,o']"
29115,spicy thai beef salad with lemongrass mint vinaigrette and nuts,"hoisin sauce, soy sauce, fresh ginger, red wine vinegar, sugar, new york strip steaks, sesame oil, salt & freshly ground black pepper, olive oil, lemongrass, shallot, garlic, kaffir lime leaf, thai fish sauce, fresh lemon juice, fresh bean sprout, radicchio, maui onions, fresh mint leaves, fresh basil leaves, watercress leaf, shiitake mushroom, bean thread noodles, mixed baby greens, macadamia nuts",slice,16,"['t,c,ice,slice,steak,s,p,in,-,l,nt,e,tea,o,strips']"
29115,spicy thai beef salad with lemongrass mint vinaigrette and nuts,"hoisin sauce, soy sauce, fresh ginger, red wine vinegar, sugar, new york strip steaks, sesame oil, salt & freshly ground black pepper, olive oil, lemongrass, shallot, garlic, kaffir lime leaf, thai fish sauce, fresh lemon juice, fresh bean sprout, radicchio, maui onions, fresh mint leaves, fresh basil leaves, watercress leaf, shiitake mushroom, bean thread noodles, mixed baby greens, macadamia nuts",divide,17,"['greens,t,salad,s,p,de,re,ad,l,d,e,green,o,g,v']"
29115,spicy thai beef salad with lemongrass mint vinaigrette and nuts,"hoisin sauce, soy sauce, fresh ginger, red wine vinegar, sugar, new york strip steaks, sesame oil, salt & freshly ground black pepper, olive oil, lemongrass, shallot, garlic, kaffir lime leaf, thai fish sauce, fresh lemon juice, fresh bean sprout, radicchio, maui onions, fresh mint leaves, fresh basil leaves, watercress leaf, shiitake mushroom, bean thread noodles, mixed baby greens, macadamia nuts",divide,18,"['beef,greens,t,mix,s,p,de,f,-,top,re,d,b,e,green,o,y,strips,g,v,sprout']"
29115,spicy thai beef salad with lemongrass mint vinaigrette and nuts,"hoisin sauce, soy sauce, fresh ginger, red wine vinegar, sugar, new york strip steaks, sesame oil, salt & freshly ground black pepper, olive oil, lemongrass, shallot, garlic, kaffir lime leaf, thai fish sauce, fresh lemon juice, fresh bean sprout, radicchio, maui onions, fresh mint leaves, fresh basil leaves, watercress leaf, shiitake mushroom, bean thread noodles, mixed baby greens, macadamia nuts",top,18,"['beef,greens,t,mix,s,p,de,f,-,top,re,d,b,e,green,o,y,strips,g,v,sprout']"
29115,spicy thai beef salad with lemongrass mint vinaigrette and nuts,"hoisin sauce, soy sauce, fresh ginger, red wine vinegar, sugar, new york strip steaks, sesame oil, salt & freshly ground black pepper, olive oil, lemongrass, shallot, garlic, kaffir lime leaf, thai fish sauce, fresh lemon juice, fresh bean sprout, radicchio, maui onions, fresh mint leaves, fresh basil leaves, watercress leaf, shiitake mushroom, bean thread noodles, mixed baby greens, macadamia nuts",garnish,19,"['nuts,t,salad,c,s,in,round,vinaigrette,vin,macadamia,re,ad,l,d,e,mac,nut,o,g,ts,v']"
