Id,Name,AllIngredients,Verbs,Steps,Ingredient
3051,paella,"olive oil, oregano, dry basil, garlic, salt, pepper, boneless chicken breasts, shrimp, chorizo sausage, yellow onions, green pepper, rice, hot chicken broth, tomatoes, powdered saffron, coriander, frozen peas, scallops, clams, pimientos",combine,1,"['garlic,pepper,salt,oil,oregano,olive,basil,t,c,s,p,in,re,l,d,b,e,o,y']"
3051,paella,"olive oil, oregano, dry basil, garlic, salt, pepper, boneless chicken breasts, shrimp, chorizo sausage, yellow onions, green pepper, rice, hot chicken broth, tomatoes, powdered saffron, coriander, frozen peas, scallops, clams, pimientos",place,2,"['chicken,shrimp,t,c,s,p,in,hr,chick,l,d,b,e,o']"
3051,paella,"olive oil, oregano, dry basil, garlic, salt, pepper, boneless chicken breasts, shrimp, chorizo sausage, yellow onions, green pepper, rice, hot chicken broth, tomatoes, powdered saffron, coriander, frozen peas, scallops, clams, pimientos",pour,3,"['p,in,de,ad,marinade,d,e,o']"
3051,paella,"olive oil, oregano, dry basil, garlic, salt, pepper, boneless chicken breasts, shrimp, chorizo sausage, yellow onions, green pepper, rice, hot chicken broth, tomatoes, powdered saffron, coriander, frozen peas, scallops, clams, pimientos",cover,4,"['t,c,f,re,d,e,o']"
3051,paella,"olive oil, oregano, dry basil, garlic, salt, pepper, boneless chicken breasts, shrimp, chorizo sausage, yellow onions, green pepper, rice, hot chicken broth, tomatoes, powdered saffron, coriander, frozen peas, scallops, clams, pimientos",cover,18,"['oil,rice,t,c,ice,boil,min,heat,tender,s,end,in,de,f,l,d,b,nt,e,ring,nut,o,y']"
3051,paella,"olive oil, oregano, dry basil, garlic, salt, pepper, boneless chicken breasts, shrimp, chorizo sausage, yellow onions, green pepper, rice, hot chicken broth, tomatoes, powdered saffron, coriander, frozen peas, scallops, clams, pimientos",refrigerate,4,"['t,c,f,re,d,e,o']"
3051,paella,"olive oil, oregano, dry basil, garlic, salt, pepper, boneless chicken breasts, shrimp, chorizo sausage, yellow onions, green pepper, rice, hot chicken broth, tomatoes, powdered saffron, coriander, frozen peas, scallops, clams, pimientos",heat,5,"['pan,t,table,heat,s,p,in,medium,de,f,ad,l,marinade,d,b,e,o,y']"
3051,paella,"olive oil, oregano, dry basil, garlic, salt, pepper, boneless chicken breasts, shrimp, chorizo sausage, yellow onions, green pepper, rice, hot chicken broth, tomatoes, powdered saffron, coriander, frozen peas, scallops, clams, pimientos",remove,6,"['chicken,c,in,re,chick,d,e,o']"
3051,paella,"olive oil, oregano, dry basil, garlic, salt, pepper, boneless chicken breasts, shrimp, chorizo sausage, yellow onions, green pepper, rice, hot chicken broth, tomatoes, powdered saffron, coriander, frozen peas, scallops, clams, pimientos",remove,8,"['pan,p,f,re,e,o']"
3051,paella,"olive oil, oregano, dry basil, garlic, salt, pepper, boneless chicken breasts, shrimp, chorizo sausage, yellow onions, green pepper, rice, hot chicken broth, tomatoes, powdered saffron, coriander, frozen peas, scallops, clams, pimientos",add,7,"['brown,pan,cook,t,c,p,ad,l,d,light,b,nt,o,y']"
3051,paella,"olive oil, oregano, dry basil, garlic, salt, pepper, boneless chicken breasts, shrimp, chorizo sausage, yellow onions, green pepper, rice, hot chicken broth, tomatoes, powdered saffron, coriander, frozen peas, scallops, clams, pimientos",add,10,"['pan,sausage,t,sage,s,p,age,au,ad,d,e,o']"
3051,paella,"olive oil, oregano, dry basil, garlic, salt, pepper, boneless chicken breasts, shrimp, chorizo sausage, yellow onions, green pepper, rice, hot chicken broth, tomatoes, powdered saffron, coriander, frozen peas, scallops, clams, pimientos",add,12,"['pepper,onion,pan,onions,t,s,p,re,ad,d,e,green,o']"
3051,paella,"olive oil, oregano, dry basil, garlic, salt, pepper, boneless chicken breasts, shrimp, chorizo sausage, yellow onions, green pepper, rice, hot chicken broth, tomatoes, powdered saffron, coriander, frozen peas, scallops, clams, pimientos",add,17,"['tomatoes,tomato,coriander,chicken,sausage,broth,saffron,t,c,sage,s,de,age,f,au,chick,ad,d,b,e,o']"
3051,paella,"olive oil, oregano, dry basil, garlic, salt, pepper, boneless chicken breasts, shrimp, chorizo sausage, yellow onions, green pepper, rice, hot chicken broth, tomatoes, powdered saffron, coriander, frozen peas, scallops, clams, pimientos",add,19,"['scallops,scallop,c,peas,pea,s,p,ad,l,d,e,o']"
3051,paella,"olive oil, oregano, dry basil, garlic, salt, pepper, boneless chicken breasts, shrimp, chorizo sausage, yellow onions, green pepper, rice, hot chicken broth, tomatoes, powdered saffron, coriander, frozen peas, scallops, clams, pimientos",pan,7,"['brown,pan,cook,t,c,p,ad,l,d,light,b,nt,o,y']"
3051,paella,"olive oil, oregano, dry basil, garlic, salt, pepper, boneless chicken breasts, shrimp, chorizo sausage, yellow onions, green pepper, rice, hot chicken broth, tomatoes, powdered saffron, coriander, frozen peas, scallops, clams, pimientos",pan,10,"['pan,sausage,t,sage,s,p,age,au,ad,d,e,o']"
3051,paella,"olive oil, oregano, dry basil, garlic, salt, pepper, boneless chicken breasts, shrimp, chorizo sausage, yellow onions, green pepper, rice, hot chicken broth, tomatoes, powdered saffron, coriander, frozen peas, scallops, clams, pimientos",pan,12,"['pepper,onion,pan,onions,t,s,p,re,ad,d,e,green,o']"
3051,paella,"olive oil, oregano, dry basil, garlic, salt, pepper, boneless chicken breasts, shrimp, chorizo sausage, yellow onions, green pepper, rice, hot chicken broth, tomatoes, powdered saffron, coriander, frozen peas, scallops, clams, pimientos",cook,7,"['brown,pan,cook,t,c,p,ad,l,d,light,b,nt,o,y']"
3051,paella,"olive oil, oregano, dry basil, garlic, salt, pepper, boneless chicken breasts, shrimp, chorizo sausage, yellow onions, green pepper, rice, hot chicken broth, tomatoes, powdered saffron, coriander, frozen peas, scallops, clams, pimientos",cook,11,"['brown,cook,t,c,heat,medium,l,d,b,nt,e,o']"
3051,paella,"olive oil, oregano, dry basil, garlic, salt, pepper, boneless chicken breasts, shrimp, chorizo sausage, yellow onions, green pepper, rice, hot chicken broth, tomatoes, powdered saffron, coriander, frozen peas, scallops, clams, pimientos",set,9,"['t,s,de,d,e']"
3051,paella,"olive oil, oregano, dry basil, garlic, salt, pepper, boneless chicken breasts, shrimp, chorizo sausage, yellow onions, green pepper, rice, hot chicken broth, tomatoes, powdered saffron, coriander, frozen peas, scallops, clams, pimientos",raise,13,"['t,heat,s,medium,-,d,e,o']"
3051,paella,"olive oil, oregano, dry basil, garlic, salt, pepper, boneless chicken breasts, shrimp, chorizo sausage, yellow onions, green pepper, rice, hot chicken broth, tomatoes, powdered saffron, coriander, frozen peas, scallops, clams, pimientos",are,14,"['vegetable,cook,t,table,c,s,veg,f,re,l,b,vegetables,nt,e,o']"
3051,paella,"olive oil, oregano, dry basil, garlic, salt, pepper, boneless chicken breasts, shrimp, chorizo sausage, yellow onions, green pepper, rice, hot chicken broth, tomatoes, powdered saffron, coriander, frozen peas, scallops, clams, pimientos",are,24,"['shrimp,t,c,min,s,p,in,clam,pin,de,oven,f,hr,clams,re,red,l,d,b,nt,e,nut,o']"
3051,paella,"olive oil, oregano, dry basil, garlic, salt, pepper, boneless chicken breasts, shrimp, chorizo sausage, yellow onions, green pepper, rice, hot chicken broth, tomatoes, powdered saffron, coriander, frozen peas, scallops, clams, pimientos",stir,15,"['rice,t,c,ice,s,in,e']"
3051,paella,"olive oil, oregano, dry basil, garlic, salt, pepper, boneless chicken breasts, shrimp, chorizo sausage, yellow onions, green pepper, rice, hot chicken broth, tomatoes, powdered saffron, coriander, frozen peas, scallops, clams, pimientos",boil,18,"['oil,rice,t,c,ice,boil,min,heat,tender,s,end,in,de,f,l,d,b,nt,e,ring,nut,o,y']"
3051,paella,"olive oil, oregano, dry basil, garlic, salt, pepper, boneless chicken breasts, shrimp, chorizo sausage, yellow onions, green pepper, rice, hot chicken broth, tomatoes, powdered saffron, coriander, frozen peas, scallops, clams, pimientos",simmer,18,"['oil,rice,t,c,ice,boil,min,heat,tender,s,end,in,de,f,l,d,b,nt,e,ring,nut,o,y']"
3051,paella,"olive oil, oregano, dry basil, garlic, salt, pepper, boneless chicken breasts, shrimp, chorizo sausage, yellow onions, green pepper, rice, hot chicken broth, tomatoes, powdered saffron, coriander, frozen peas, scallops, clams, pimientos",stirring,18,"['oil,rice,t,c,ice,boil,min,heat,tender,s,end,in,de,f,l,d,b,nt,e,ring,nut,o,y']"
3051,paella,"olive oil, oregano, dry basil, garlic, salt, pepper, boneless chicken breasts, shrimp, chorizo sausage, yellow onions, green pepper, rice, hot chicken broth, tomatoes, powdered saffron, coriander, frozen peas, scallops, clams, pimientos",is,18,"['oil,rice,t,c,ice,boil,min,heat,tender,s,end,in,de,f,l,d,b,nt,e,ring,nut,o,y']"
3051,paella,"olive oil, oregano, dry basil, garlic, salt, pepper, boneless chicken breasts, shrimp, chorizo sausage, yellow onions, green pepper, rice, hot chicken broth, tomatoes, powdered saffron, coriander, frozen peas, scallops, clams, pimientos",toss,20,"['t,s,l,nt,e,o,y']"
3051,paella,"olive oil, oregano, dry basil, garlic, salt, pepper, boneless chicken breasts, shrimp, chorizo sausage, yellow onions, green pepper, rice, hot chicken broth, tomatoes, powdered saffron, coriander, frozen peas, scallops, clams, pimientos",transfer,21,"['pan,t,baking,s,p,in,dish,oven,f,-,l,d,b,e,o']"
3051,paella,"olive oil, oregano, dry basil, garlic, salt, pepper, boneless chicken breasts, shrimp, chorizo sausage, yellow onions, green pepper, rice, hot chicken broth, tomatoes, powdered saffron, coriander, frozen peas, scallops, clams, pimientos",push,23,"['rice,t,c,ice,mix,s,p,in,clam,clams,re,l,nt,e,o']"
3051,paella,"olive oil, oregano, dry basil, garlic, salt, pepper, boneless chicken breasts, shrimp, chorizo sausage, yellow onions, green pepper, rice, hot chicken broth, tomatoes, powdered saffron, coriander, frozen peas, scallops, clams, pimientos",bake,24,"['shrimp,t,c,min,s,p,in,clam,pin,de,oven,f,hr,clams,re,red,l,d,b,nt,e,nut,o']"
3051,paella,"olive oil, oregano, dry basil, garlic, salt, pepper, boneless chicken breasts, shrimp, chorizo sausage, yellow onions, green pepper, rice, hot chicken broth, tomatoes, powdered saffron, coriander, frozen peas, scallops, clams, pimientos",covered,24,"['shrimp,t,c,min,s,p,in,clam,pin,de,oven,f,hr,clams,re,red,l,d,b,nt,e,nut,o']"
3051,paella,"olive oil, oregano, dry basil, garlic, salt, pepper, boneless chicken breasts, shrimp, chorizo sausage, yellow onions, green pepper, rice, hot chicken broth, tomatoes, powdered saffron, coriander, frozen peas, scallops, clams, pimientos",garnish,25,"['t,s,p,de,f,pimento,re,red,d,nt,e,o,strips']"
3051,paella,"olive oil, oregano, dry basil, garlic, salt, pepper, boneless chicken breasts, shrimp, chorizo sausage, yellow onions, green pepper, rice, hot chicken broth, tomatoes, powdered saffron, coriander, frozen peas, scallops, clams, pimientos",desired,25,"['t,s,p,de,f,pimento,re,red,d,nt,e,o,strips']"
