Id,Name,AllIngredients,Verbs,Steps,Ingredient
30877,vegilicious stir fry with chinese egg noodles,"onion, garlic clove, ginger, sesame oil, sunflower oil, purple onion, sweet red pepper strips, yellow sweet pepper, green pepper strip, courgette, broccoli floret, sugar snap pea, mushroom, oyster sauce, soy sauce, fresh coarse ground black pepper, cayenne pepper, garlic powder, green onion, coriander leaves, chinese egg noodles",cut,1,{}
30877,vegilicious stir fry with chinese egg noodles,"onion, garlic clove, ginger, sesame oil, sunflower oil, purple onion, sweet red pepper strips, yellow sweet pepper, green pepper strip, courgette, broccoli floret, sugar snap pea, mushroom, oyster sauce, soy sauce, fresh coarse ground black pepper, cayenne pepper, garlic powder, green onion, coriander leaves, chinese egg noodles",like,1,"['vegetable,t,table,c,s,veg,l,b,vegetables,e,o,y,g,v,r']"
30877,vegilicious stir fry with chinese egg noodles,"onion, garlic clove, ginger, sesame oil, sunflower oil, purple onion, sweet red pepper strips, yellow sweet pepper, green pepper strip, courgette, broccoli floret, sugar snap pea, mushroom, oyster sauce, soy sauce, fresh coarse ground black pepper, cayenne pepper, garlic powder, green onion, coriander leaves, chinese egg noodles",like,2,"['t,c,s,p,pie,fries,f,re,l,pieces,b,e,o,y,g,r']"
30877,vegilicious stir fry with chinese egg noodles,"onion, garlic clove, ginger, sesame oil, sunflower oil, purple onion, sweet red pepper strips, yellow sweet pepper, green pepper strip, courgette, broccoli floret, sugar snap pea, mushroom, oyster sauce, soy sauce, fresh coarse ground black pepper, cayenne pepper, garlic powder, green onion, coriander leaves, chinese egg noodles",keep,2,"['t,c,s,p,pie,fries,f,re,l,pieces,b,e,o,y,g,r']"
30877,vegilicious stir fry with chinese egg noodles,"onion, garlic clove, ginger, sesame oil, sunflower oil, purple onion, sweet red pepper strips, yellow sweet pepper, green pepper strip, courgette, broccoli floret, sugar snap pea, mushroom, oyster sauce, soy sauce, fresh coarse ground black pepper, cayenne pepper, garlic powder, green onion, coriander leaves, chinese egg noodles",saute,3,"['garlic,oil,onion,sesame,t,c,heat,s,p,in,sun,f,au,-,l,d,e,sunflower,tea,o,g,v,sesam,r']"
30877,vegilicious stir fry with chinese egg noodles,"onion, garlic clove, ginger, sesame oil, sunflower oil, purple onion, sweet red pepper strips, yellow sweet pepper, green pepper strip, courgette, broccoli floret, sugar snap pea, mushroom, oyster sauce, soy sauce, fresh coarse ground black pepper, cayenne pepper, garlic powder, green onion, coriander leaves, chinese egg noodles",saute,5,"['t,min,s,in,f,au,b,e,nut,o,r']"
30877,vegilicious stir fry with chinese egg noodles,"onion, garlic clove, ginger, sesame oil, sunflower oil, purple onion, sweet red pepper strips, yellow sweet pepper, green pepper strip, courgette, broccoli floret, sugar snap pea, mushroom, oyster sauce, soy sauce, fresh coarse ground black pepper, cayenne pepper, garlic powder, green onion, coriander leaves, chinese egg noodles",softened,4,"['garlic,pepper,onion,peppers,t,c,s,p,f,re,ad,l,d,e,o,g,r']"
30877,vegilicious stir fry with chinese egg noodles,"onion, garlic clove, ginger, sesame oil, sunflower oil, purple onion, sweet red pepper strips, yellow sweet pepper, green pepper strip, courgette, broccoli floret, sugar snap pea, mushroom, oyster sauce, soy sauce, fresh coarse ground black pepper, cayenne pepper, garlic powder, green onion, coriander leaves, chinese egg noodles",add,4,"['garlic,pepper,onion,peppers,t,c,s,p,f,re,ad,l,d,e,o,g,r']"
30877,vegilicious stir fry with chinese egg noodles,"onion, garlic clove, ginger, sesame oil, sunflower oil, purple onion, sweet red pepper strips, yellow sweet pepper, green pepper strip, courgette, broccoli floret, sugar snap pea, mushroom, oyster sauce, soy sauce, fresh coarse ground black pepper, cayenne pepper, garlic powder, green onion, coriander leaves, chinese egg noodles",add,6,"['mushrooms,mushroom,room,t,c,peas,broccoli,pea,s,p,shrooms,mu,hr,ad,l,d,b,e,courgette,o,g,r']"
30877,vegilicious stir fry with chinese egg noodles,"onion, garlic clove, ginger, sesame oil, sunflower oil, purple onion, sweet red pepper strips, yellow sweet pepper, green pepper strip, courgette, broccoli floret, sugar snap pea, mushroom, oyster sauce, soy sauce, fresh coarse ground black pepper, cayenne pepper, garlic powder, green onion, coriander leaves, chinese egg noodles",add,7,"['pepper,salt,juice,ground,t,c,ice,s,p,in,round,ad,l,d,light,b,e,ring,o,y,juices,g,r']"
30877,vegilicious stir fry with chinese egg noodles,"onion, garlic clove, ginger, sesame oil, sunflower oil, purple onion, sweet red pepper strips, yellow sweet pepper, green pepper strip, courgette, broccoli floret, sugar snap pea, mushroom, oyster sauce, soy sauce, fresh coarse ground black pepper, cayenne pepper, garlic powder, green onion, coriander leaves, chinese egg noodles",add,8,"['soy,sauce,t,c,oyster,s,au,ad,d,e,o,y,r']"
30877,vegilicious stir fry with chinese egg noodles,"onion, garlic clove, ginger, sesame oil, sunflower oil, purple onion, sweet red pepper strips, yellow sweet pepper, green pepper strip, courgette, broccoli floret, sugar snap pea, mushroom, oyster sauce, soy sauce, fresh coarse ground black pepper, cayenne pepper, garlic powder, green onion, coriander leaves, chinese egg noodles",add,12,"['garlic,powder,pepper,cayenne,c,s,p,de,f,ad,l,d,ash,e,o,y,g,r']"
30877,vegilicious stir fry with chinese egg noodles,"onion, garlic clove, ginger, sesame oil, sunflower oil, purple onion, sweet red pepper strips, yellow sweet pepper, green pepper strip, courgette, broccoli floret, sugar snap pea, mushroom, oyster sauce, soy sauce, fresh coarse ground black pepper, cayenne pepper, garlic powder, green onion, coriander leaves, chinese egg noodles",bring,7,"['pepper,salt,juice,ground,t,c,ice,s,p,in,round,ad,l,d,light,b,e,ring,o,y,juices,g,r']"
30877,vegilicious stir fry with chinese egg noodles,"onion, garlic clove, ginger, sesame oil, sunflower oil, purple onion, sweet red pepper strips, yellow sweet pepper, green pepper strip, courgette, broccoli floret, sugar snap pea, mushroom, oyster sauce, soy sauce, fresh coarse ground black pepper, cayenne pepper, garlic powder, green onion, coriander leaves, chinese egg noodles",stir,9,"['t,heat,s,in,-,re,red,l,d,nt,e,o,g,ts,r']"
30877,vegilicious stir fry with chinese egg noodles,"onion, garlic clove, ginger, sesame oil, sunflower oil, purple onion, sweet red pepper strips, yellow sweet pepper, green pepper strip, courgette, broccoli floret, sugar snap pea, mushroom, oyster sauce, soy sauce, fresh coarse ground black pepper, cayenne pepper, garlic powder, green onion, coriander leaves, chinese egg noodles",stir,11,"['oil,sesame,t,s,p,in,l,d,light,e,o,y,g,sesam,r']"
30877,vegilicious stir fry with chinese egg noodles,"onion, garlic clove, ginger, sesame oil, sunflower oil, purple onion, sweet red pepper strips, yellow sweet pepper, green pepper strip, courgette, broccoli floret, sugar snap pea, mushroom, oyster sauce, soy sauce, fresh coarse ground black pepper, cayenne pepper, garlic powder, green onion, coriander leaves, chinese egg noodles",lower,9,"['t,heat,s,in,-,re,red,l,d,nt,e,o,g,ts,r']"
30877,vegilicious stir fry with chinese egg noodles,"onion, garlic clove, ginger, sesame oil, sunflower oil, purple onion, sweet red pepper strips, yellow sweet pepper, green pepper strip, courgette, broccoli floret, sugar snap pea, mushroom, oyster sauce, soy sauce, fresh coarse ground black pepper, cayenne pepper, garlic powder, green onion, coriander leaves, chinese egg noodles",cover,10,"['t,c,min,s,in,f,-,d,b,e,nut,o,v,r']"
30877,vegilicious stir fry with chinese egg noodles,"onion, garlic clove, ginger, sesame oil, sunflower oil, purple onion, sweet red pepper strips, yellow sweet pepper, green pepper strip, courgette, broccoli floret, sugar snap pea, mushroom, oyster sauce, soy sauce, fresh coarse ground black pepper, cayenne pepper, garlic powder, green onion, coriander leaves, chinese egg noodles",wait,10,"['t,c,min,s,in,f,-,d,b,e,nut,o,v,r']"
30877,vegilicious stir fry with chinese egg noodles,"onion, garlic clove, ginger, sesame oil, sunflower oil, purple onion, sweet red pepper strips, yellow sweet pepper, green pepper strip, courgette, broccoli floret, sugar snap pea, mushroom, oyster sauce, soy sauce, fresh coarse ground black pepper, cayenne pepper, garlic powder, green onion, coriander leaves, chinese egg noodles",sprinkle,11,"['oil,sesame,t,s,p,in,l,d,light,e,o,y,g,sesam,r']"
30877,vegilicious stir fry with chinese egg noodles,"onion, garlic clove, ginger, sesame oil, sunflower oil, purple onion, sweet red pepper strips, yellow sweet pepper, green pepper strip, courgette, broccoli floret, sugar snap pea, mushroom, oyster sauce, soy sauce, fresh coarse ground black pepper, cayenne pepper, garlic powder, green onion, coriander leaves, chinese egg noodles",follow,13,"['egg,noodles,t,c,s,in,f,noodle,l,d,e,o,g,r']"
30877,vegilicious stir fry with chinese egg noodles,"onion, garlic clove, ginger, sesame oil, sunflower oil, purple onion, sweet red pepper strips, yellow sweet pepper, green pepper strip, courgette, broccoli floret, sugar snap pea, mushroom, oyster sauce, soy sauce, fresh coarse ground black pepper, cayenne pepper, garlic powder, green onion, coriander leaves, chinese egg noodles",need,14,"['oil,water,t,boil,min,boiling,s,p,in,f,l,d,b,e,nut,o,y,g,r']"
30877,vegilicious stir fry with chinese egg noodles,"onion, garlic clove, ginger, sesame oil, sunflower oil, purple onion, sweet red pepper strips, yellow sweet pepper, green pepper strip, courgette, broccoli floret, sugar snap pea, mushroom, oyster sauce, soy sauce, fresh coarse ground black pepper, cayenne pepper, garlic powder, green onion, coriander leaves, chinese egg noodles",put,14,"['oil,water,t,boil,min,boiling,s,p,in,f,l,d,b,e,nut,o,y,g,r']"
30877,vegilicious stir fry with chinese egg noodles,"onion, garlic clove, ginger, sesame oil, sunflower oil, purple onion, sweet red pepper strips, yellow sweet pepper, green pepper strip, courgette, broccoli floret, sugar snap pea, mushroom, oyster sauce, soy sauce, fresh coarse ground black pepper, cayenne pepper, garlic powder, green onion, coriander leaves, chinese egg noodles",drain,15,"['in,d,r']"
30877,vegilicious stir fry with chinese egg noodles,"onion, garlic clove, ginger, sesame oil, sunflower oil, purple onion, sweet red pepper strips, yellow sweet pepper, green pepper strip, courgette, broccoli floret, sugar snap pea, mushroom, oyster sauce, soy sauce, fresh coarse ground black pepper, cayenne pepper, garlic powder, green onion, coriander leaves, chinese egg noodles",combine,16,"['egg,noodles,t,c,s,in,f,noodle,l,d,b,e,o,y,g,r']"
30877,vegilicious stir fry with chinese egg noodles,"onion, garlic clove, ginger, sesame oil, sunflower oil, purple onion, sweet red pepper strips, yellow sweet pepper, green pepper strip, courgette, broccoli floret, sugar snap pea, mushroom, oyster sauce, soy sauce, fresh coarse ground black pepper, cayenne pepper, garlic powder, green onion, coriander leaves, chinese egg noodles",garnish,17,"['onion,coriander,onions,t,c,s,de,re,d,e,green,o,g,r']"
