Id,Name,AllIngredients,Verbs,Steps,Ingredient
3137,caribbean vegetable   chicken curry,"boneless skinless chicken breasts, dijon mustard, sesame oil, curry powder, vegetable oil, garlic, fresh gingerroot, hot chili pepper, allspice, cinnamon, nutmeg, onion, leek, homemade vegetable stock, tomato puree, potatoes, sweet potato, carrots, butternut squash, pineapple juice, milk, chickpeas, plantains, fresh cilantro",combine,2,"['oil,mustard,sesame,t,c,star,s,p,must,in']"
3137,caribbean vegetable   chicken curry,"boneless skinless chicken breasts, dijon mustard, sesame oil, curry powder, vegetable oil, garlic, fresh gingerroot, hot chili pepper, allspice, cinnamon, nutmeg, onion, leek, homemade vegetable stock, tomato puree, potatoes, sweet potato, carrots, butternut squash, pineapple juice, milk, chickpeas, plantains, fresh cilantro",cut,5,"['t,c,s,in,chunks']"
3137,caribbean vegetable   chicken curry,"boneless skinless chicken breasts, dijon mustard, sesame oil, curry powder, vegetable oil, garlic, fresh gingerroot, hot chili pepper, allspice, cinnamon, nutmeg, onion, leek, homemade vegetable stock, tomato puree, potatoes, sweet potato, carrots, butternut squash, pineapple juice, milk, chickpeas, plantains, fresh cilantro",add,8,"['garlic,ginger,pepper,t,c,p,chile,in']"
3137,caribbean vegetable   chicken curry,"boneless skinless chicken breasts, dijon mustard, sesame oil, curry powder, vegetable oil, garlic, fresh gingerroot, hot chili pepper, allspice, cinnamon, nutmeg, onion, leek, homemade vegetable stock, tomato puree, potatoes, sweet potato, carrots, butternut squash, pineapple juice, milk, chickpeas, plantains, fresh cilantro",add,10,"['t,s,p,in']"
3137,caribbean vegetable   chicken curry,"boneless skinless chicken breasts, dijon mustard, sesame oil, curry powder, vegetable oil, garlic, fresh gingerroot, hot chili pepper, allspice, cinnamon, nutmeg, onion, leek, homemade vegetable stock, tomato puree, potatoes, sweet potato, carrots, butternut squash, pineapple juice, milk, chickpeas, plantains, fresh cilantro",add,13,"['onion,stock,leek,t,c,s']"
3137,caribbean vegetable   chicken curry,"boneless skinless chicken breasts, dijon mustard, sesame oil, curry powder, vegetable oil, garlic, fresh gingerroot, hot chili pepper, allspice, cinnamon, nutmeg, onion, leek, homemade vegetable stock, tomato puree, potatoes, sweet potato, carrots, butternut squash, pineapple juice, milk, chickpeas, plantains, fresh cilantro",add,15,"['oil,tomatoes,tomato,puree,t,boil,s,p,in']"
3137,caribbean vegetable   chicken curry,"boneless skinless chicken breasts, dijon mustard, sesame oil, curry powder, vegetable oil, garlic, fresh gingerroot, hot chili pepper, allspice, cinnamon, nutmeg, onion, leek, homemade vegetable stock, tomato puree, potatoes, sweet potato, carrots, butternut squash, pineapple juice, milk, chickpeas, plantains, fresh cilantro",add,16,"['pot,cook,potatoes,t,c,min,potato,s,p,in']"
3137,caribbean vegetable   chicken curry,"boneless skinless chicken breasts, dijon mustard, sesame oil, curry powder, vegetable oil, garlic, fresh gingerroot, hot chili pepper, allspice, cinnamon, nutmeg, onion, leek, homemade vegetable stock, tomato puree, potatoes, sweet potato, carrots, butternut squash, pineapple juice, milk, chickpeas, plantains, fresh cilantro",add,17,"['juice,carrots,chicken,squash,carrot,chickpeas,apple,cook,t,c,ice,min,pineapple,peas,pine,plan,pea,s,p,in,plantain,pin,plantains']"
3137,caribbean vegetable   chicken curry,"boneless skinless chicken breasts, dijon mustard, sesame oil, curry powder, vegetable oil, garlic, fresh gingerroot, hot chili pepper, allspice, cinnamon, nutmeg, onion, leek, homemade vegetable stock, tomato puree, potatoes, sweet potato, carrots, butternut squash, pineapple juice, milk, chickpeas, plantains, fresh cilantro",cook,9,"['cook,c,s']"
3137,caribbean vegetable   chicken curry,"boneless skinless chicken breasts, dijon mustard, sesame oil, curry powder, vegetable oil, garlic, fresh gingerroot, hot chili pepper, allspice, cinnamon, nutmeg, onion, leek, homemade vegetable stock, tomato puree, potatoes, sweet potato, carrots, butternut squash, pineapple juice, milk, chickpeas, plantains, fresh cilantro",cook,12,"['cook,c,s']"
3137,caribbean vegetable   chicken curry,"boneless skinless chicken breasts, dijon mustard, sesame oil, curry powder, vegetable oil, garlic, fresh gingerroot, hot chili pepper, allspice, cinnamon, nutmeg, onion, leek, homemade vegetable stock, tomato puree, potatoes, sweet potato, carrots, butternut squash, pineapple juice, milk, chickpeas, plantains, fresh cilantro",remaining,10,"['t,s,p,in']"
3137,caribbean vegetable   chicken curry,"boneless skinless chicken breasts, dijon mustard, sesame oil, curry powder, vegetable oil, garlic, fresh gingerroot, hot chili pepper, allspice, cinnamon, nutmeg, onion, leek, homemade vegetable stock, tomato puree, potatoes, sweet potato, carrots, butternut squash, pineapple juice, milk, chickpeas, plantains, fresh cilantro",evaporates,14,"['cook,t,c,s,p']"
3137,caribbean vegetable   chicken curry,"boneless skinless chicken breasts, dijon mustard, sesame oil, curry powder, vegetable oil, garlic, fresh gingerroot, hot chili pepper, allspice, cinnamon, nutmeg, onion, leek, homemade vegetable stock, tomato puree, potatoes, sweet potato, carrots, butternut squash, pineapple juice, milk, chickpeas, plantains, fresh cilantro",bring,15,"['oil,tomatoes,tomato,puree,t,boil,s,p,in']"
3137,caribbean vegetable   chicken curry,"boneless skinless chicken breasts, dijon mustard, sesame oil, curry powder, vegetable oil, garlic, fresh gingerroot, hot chili pepper, allspice, cinnamon, nutmeg, onion, leek, homemade vegetable stock, tomato puree, potatoes, sweet potato, carrots, butternut squash, pineapple juice, milk, chickpeas, plantains, fresh cilantro",boil,15,"['oil,tomatoes,tomato,puree,t,boil,s,p,in']"
3137,caribbean vegetable   chicken curry,"boneless skinless chicken breasts, dijon mustard, sesame oil, curry powder, vegetable oil, garlic, fresh gingerroot, hot chili pepper, allspice, cinnamon, nutmeg, onion, leek, homemade vegetable stock, tomato puree, potatoes, sweet potato, carrots, butternut squash, pineapple juice, milk, chickpeas, plantains, fresh cilantro",covered,16,"['pot,cook,potatoes,t,c,min,potato,s,p,in']"
3137,caribbean vegetable   chicken curry,"boneless skinless chicken breasts, dijon mustard, sesame oil, curry powder, vegetable oil, garlic, fresh gingerroot, hot chili pepper, allspice, cinnamon, nutmeg, onion, leek, homemade vegetable stock, tomato puree, potatoes, sweet potato, carrots, butternut squash, pineapple juice, milk, chickpeas, plantains, fresh cilantro",covered,17,"['juice,carrots,chicken,squash,carrot,chickpeas,apple,cook,t,c,ice,min,pineapple,peas,pine,plan,pea,s,p,in,plantain,pin,plantains']"
3137,caribbean vegetable   chicken curry,"boneless skinless chicken breasts, dijon mustard, sesame oil, curry powder, vegetable oil, garlic, fresh gingerroot, hot chili pepper, allspice, cinnamon, nutmeg, onion, leek, homemade vegetable stock, tomato puree, potatoes, sweet potato, carrots, butternut squash, pineapple juice, milk, chickpeas, plantains, fresh cilantro",taste,18,"['season,seasoning,sea,t,c,s,in']"
3137,caribbean vegetable   chicken curry,"boneless skinless chicken breasts, dijon mustard, sesame oil, curry powder, vegetable oil, garlic, fresh gingerroot, hot chili pepper, allspice, cinnamon, nutmeg, onion, leek, homemade vegetable stock, tomato puree, potatoes, sweet potato, carrots, butternut squash, pineapple juice, milk, chickpeas, plantains, fresh cilantro",adjust,18,"['season,seasoning,sea,t,c,s,in']"
3137,caribbean vegetable   chicken curry,"boneless skinless chicken breasts, dijon mustard, sesame oil, curry powder, vegetable oil, garlic, fresh gingerroot, hot chili pepper, allspice, cinnamon, nutmeg, onion, leek, homemade vegetable stock, tomato puree, potatoes, sweet potato, carrots, butternut squash, pineapple juice, milk, chickpeas, plantains, fresh cilantro",serve,19,"['cilantro,t,c,s,p,in']"
3137,caribbean vegetable   chicken curry,"boneless skinless chicken breasts, dijon mustard, sesame oil, curry powder, vegetable oil, garlic, fresh gingerroot, hot chili pepper, allspice, cinnamon, nutmeg, onion, leek, homemade vegetable stock, tomato puree, potatoes, sweet potato, carrots, butternut squash, pineapple juice, milk, chickpeas, plantains, fresh cilantro",sprinkle,19,"['cilantro,t,c,s,p,in']"
