Id,Name,AllIngredients,Verbs,Steps,Ingredient
31479,thai noodles with chicken,"ramen noodles, oil, garlic, thai red chili peppers, lemongrass, boneless skinless chicken breasts, broccoli floret, carrot, mushroom cap, fresh bean sprout, fresh cilantro, peanuts, lime, peanut butter, fish sauce, soy sauce, sesame oil, fresh lime juice, sugar, cornstarch",bring,1,{}
31479,thai noodles with chicken,"ramen noodles, oil, garlic, thai red chili peppers, lemongrass, boneless skinless chicken breasts, broccoli floret, carrot, mushroom cap, fresh bean sprout, fresh cilantro, peanuts, lime, peanut butter, fish sauce, soy sauce, sesame oil, fresh lime juice, sugar, cornstarch",add,2,"['noodles,season,seasoning,sea,t,c,s,p,in,ramen,noodle,ad,l,d,e,o,g']"
31479,thai noodles with chicken,"ramen noodles, oil, garlic, thai red chili peppers, lemongrass, boneless skinless chicken breasts, broccoli floret, carrot, mushroom cap, fresh bean sprout, fresh cilantro, peanuts, lime, peanut butter, fish sauce, soy sauce, sesame oil, fresh lime juice, sugar, cornstarch",add,7,"['garlic,chili,lemon,t,c,gras,chilies,s,in,grass,lemongrass,f,ad,l,d,nt,e,ring,o,g,chilie']"
31479,thai noodles with chicken,"ramen noodles, oil, garlic, thai red chili peppers, lemongrass, boneless skinless chicken breasts, broccoli floret, carrot, mushroom cap, fresh bean sprout, fresh cilantro, peanuts, lime, peanut butter, fish sauce, soy sauce, sesame oil, fresh lime juice, sugar, cornstarch",add,8,"['chicken,pan,cook,t,c,min,s,p,in,f,-,one,chick,ad,l,d,nt,e,ring,nut,o,g']"
31479,thai noodles with chicken,"ramen noodles, oil, garlic, thai red chili peppers, lemongrass, boneless skinless chicken breasts, broccoli floret, carrot, mushroom cap, fresh bean sprout, fresh cilantro, peanuts, lime, peanut butter, fish sauce, soy sauce, sesame oil, fresh lime juice, sugar, cornstarch",add,10,"['water,pan,t,c,min,broccoli,s,p,in,f,-,ad,l,d,b,e,tea,nut,o,y']"
31479,thai noodles with chicken,"ramen noodles, oil, garlic, thai red chili peppers, lemongrass, boneless skinless chicken breasts, broccoli floret, carrot, mushroom cap, fresh bean sprout, fresh cilantro, peanuts, lime, peanut butter, fish sauce, soy sauce, sesame oil, fresh lime juice, sugar, cornstarch",add,11,"['carrots,water,carrot,cook,t,c,min,s,p,in,f,re,ad,d,b,e,ring,nut,o,g,ts']"
31479,thai noodles with chicken,"ramen noodles, oil, garlic, thai red chili peppers, lemongrass, boneless skinless chicken breasts, broccoli floret, carrot, mushroom cap, fresh bean sprout, fresh cilantro, peanuts, lime, peanut butter, fish sauce, soy sauce, sesame oil, fresh lime juice, sugar, cornstarch",add,12,"['water,mushrooms,mushroom,room,cook,t,c,min,s,p,in,shrooms,f,mu,hr,ad,l,d,b,e,ring,nut,o,g']"
31479,thai noodles with chicken,"ramen noodles, oil, garlic, thai red chili peppers, lemongrass, boneless skinless chicken breasts, broccoli floret, carrot, mushroom cap, fresh bean sprout, fresh cilantro, peanuts, lime, peanut butter, fish sauce, soy sauce, sesame oil, fresh lime juice, sugar, cornstarch",add,13,"['cilantro,water,bean,sprouts,chicken,cook,t,c,min,mix,s,p,in,chick,ad,l,d,b,nt,e,nut,o,g,ts,sprout']"
31479,thai noodles with chicken,"ramen noodles, oil, garlic, thai red chili peppers, lemongrass, boneless skinless chicken breasts, broccoli floret, carrot, mushroom cap, fresh bean sprout, fresh cilantro, peanuts, lime, peanut butter, fish sauce, soy sauce, sesame oil, fresh lime juice, sugar, cornstarch",discarding,2,"['noodles,season,seasoning,sea,t,c,s,p,in,ramen,noodle,ad,l,d,e,o,g']"
31479,thai noodles with chicken,"ramen noodles, oil, garlic, thai red chili peppers, lemongrass, boneless skinless chicken breasts, broccoli floret, carrot, mushroom cap, fresh bean sprout, fresh cilantro, peanuts, lime, peanut butter, fish sauce, soy sauce, sesame oil, fresh lime juice, sugar, cornstarch",stirring,3,"['cook,t,c,min,s,in,ramen,f,l,e,ring,nut,o,y,g']"
31479,thai noodles with chicken,"ramen noodles, oil, garlic, thai red chili peppers, lemongrass, boneless skinless chicken breasts, broccoli floret, carrot, mushroom cap, fresh bean sprout, fresh cilantro, peanuts, lime, peanut butter, fish sauce, soy sauce, sesame oil, fresh lime juice, sugar, cornstarch",stirring,7,"['garlic,chili,lemon,t,c,gras,chilies,s,in,grass,lemongrass,f,ad,l,d,nt,e,ring,o,g,chilie']"
31479,thai noodles with chicken,"ramen noodles, oil, garlic, thai red chili peppers, lemongrass, boneless skinless chicken breasts, broccoli floret, carrot, mushroom cap, fresh bean sprout, fresh cilantro, peanuts, lime, peanut butter, fish sauce, soy sauce, sesame oil, fresh lime juice, sugar, cornstarch",rinse,4,"['water,t,c,s,in,ramen,de,l,d,e,o']"
31479,thai noodles with chicken,"ramen noodles, oil, garlic, thai red chili peppers, lemongrass, boneless skinless chicken breasts, broccoli floret, carrot, mushroom cap, fresh bean sprout, fresh cilantro, peanuts, lime, peanut butter, fish sauce, soy sauce, sesame oil, fresh lime juice, sugar, cornstarch",allow,5,"['t,s,p,in,f,-,re,l,d,e,ring,o,y,g']"
31479,thai noodles with chicken,"ramen noodles, oil, garlic, thai red chili peppers, lemongrass, boneless skinless chicken breasts, broccoli floret, carrot, mushroom cap, fresh bean sprout, fresh cilantro, peanuts, lime, peanut butter, fish sauce, soy sauce, sesame oil, fresh lime juice, sugar, cornstarch",drain,5,"['t,s,p,in,f,-,re,l,d,e,ring,o,y,g']"
31479,thai noodles with chicken,"ramen noodles, oil, garlic, thai red chili peppers, lemongrass, boneless skinless chicken breasts, broccoli floret, carrot, mushroom cap, fresh bean sprout, fresh cilantro, peanuts, lime, peanut butter, fish sauce, soy sauce, sesame oil, fresh lime juice, sugar, cornstarch",preparing,5,"['t,s,p,in,f,-,re,l,d,e,ring,o,y,g']"
31479,thai noodles with chicken,"ramen noodles, oil, garlic, thai red chili peppers, lemongrass, boneless skinless chicken breasts, broccoli floret, carrot, mushroom cap, fresh bean sprout, fresh cilantro, peanuts, lime, peanut butter, fish sauce, soy sauce, sesame oil, fresh lime juice, sugar, cornstarch",stir,5,"['t,s,p,in,f,-,re,l,d,e,ring,o,y,g']"
31479,thai noodles with chicken,"ramen noodles, oil, garlic, thai red chili peppers, lemongrass, boneless skinless chicken breasts, broccoli floret, carrot, mushroom cap, fresh bean sprout, fresh cilantro, peanuts, lime, peanut butter, fish sauce, soy sauce, sesame oil, fresh lime juice, sugar, cornstarch",stir,15,"['sauce,t,c,s,p,au,top,l,d,e,o']"
31479,thai noodles with chicken,"ramen noodles, oil, garlic, thai red chili peppers, lemongrass, boneless skinless chicken breasts, broccoli floret, carrot, mushroom cap, fresh bean sprout, fresh cilantro, peanuts, lime, peanut butter, fish sauce, soy sauce, sesame oil, fresh lime juice, sugar, cornstarch",pan,8,"['chicken,pan,cook,t,c,min,s,p,in,f,-,one,chick,ad,l,d,nt,e,ring,nut,o,g']"
31479,thai noodles with chicken,"ramen noodles, oil, garlic, thai red chili peppers, lemongrass, boneless skinless chicken breasts, broccoli floret, carrot, mushroom cap, fresh bean sprout, fresh cilantro, peanuts, lime, peanut butter, fish sauce, soy sauce, sesame oil, fresh lime juice, sugar, cornstarch",pan,10,"['water,pan,t,c,min,broccoli,s,p,in,f,-,ad,l,d,b,e,tea,nut,o,y']"
31479,thai noodles with chicken,"ramen noodles, oil, garlic, thai red chili peppers, lemongrass, boneless skinless chicken breasts, broccoli floret, carrot, mushroom cap, fresh bean sprout, fresh cilantro, peanuts, lime, peanut butter, fish sauce, soy sauce, sesame oil, fresh lime juice, sugar, cornstarch",cook,8,"['chicken,pan,cook,t,c,min,s,p,in,f,-,one,chick,ad,l,d,nt,e,ring,nut,o,g']"
31479,thai noodles with chicken,"ramen noodles, oil, garlic, thai red chili peppers, lemongrass, boneless skinless chicken breasts, broccoli floret, carrot, mushroom cap, fresh bean sprout, fresh cilantro, peanuts, lime, peanut butter, fish sauce, soy sauce, sesame oil, fresh lime juice, sugar, cornstarch",cook,12,"['water,mushrooms,mushroom,room,cook,t,c,min,s,p,in,shrooms,f,mu,hr,ad,l,d,b,e,ring,nut,o,g']"
31479,thai noodles with chicken,"ramen noodles, oil, garlic, thai red chili peppers, lemongrass, boneless skinless chicken breasts, broccoli floret, carrot, mushroom cap, fresh bean sprout, fresh cilantro, peanuts, lime, peanut butter, fish sauce, soy sauce, sesame oil, fresh lime juice, sugar, cornstarch",cook,13,"['cilantro,water,bean,sprouts,chicken,cook,t,c,min,mix,s,p,in,chick,ad,l,d,b,nt,e,nut,o,g,ts,sprout']"
31479,thai noodles with chicken,"ramen noodles, oil, garlic, thai red chili peppers, lemongrass, boneless skinless chicken breasts, broccoli floret, carrot, mushroom cap, fresh bean sprout, fresh cilantro, peanuts, lime, peanut butter, fish sauce, soy sauce, sesame oil, fresh lime juice, sugar, cornstarch",done,8,"['chicken,pan,cook,t,c,min,s,p,in,f,-,one,chick,ad,l,d,nt,e,ring,nut,o,g']"
31479,thai noodles with chicken,"ramen noodles, oil, garlic, thai red chili peppers, lemongrass, boneless skinless chicken breasts, broccoli floret, carrot, mushroom cap, fresh bean sprout, fresh cilantro, peanuts, lime, peanut butter, fish sauce, soy sauce, sesame oil, fresh lime juice, sugar, cornstarch",remove,9,"['chicken,pan,c,p,f,re,chick,e,o,v']"
31479,thai noodles with chicken,"ramen noodles, oil, garlic, thai red chili peppers, lemongrass, boneless skinless chicken breasts, broccoli floret, carrot, mushroom cap, fresh bean sprout, fresh cilantro, peanuts, lime, peanut butter, fish sauce, soy sauce, sesame oil, fresh lime juice, sugar, cornstarch",mixing,13,"['cilantro,water,bean,sprouts,chicken,cook,t,c,min,mix,s,p,in,chick,ad,l,d,b,nt,e,nut,o,g,ts,sprout']"
31479,thai noodles with chicken,"ramen noodles, oil, garlic, thai red chili peppers, lemongrass, boneless skinless chicken breasts, broccoli floret, carrot, mushroom cap, fresh bean sprout, fresh cilantro, peanuts, lime, peanut butter, fish sauce, soy sauce, sesame oil, fresh lime juice, sugar, cornstarch",fold,14,"['egg,noodles,t,mix,s,in,veg,f,noodle,re,l,d,nt,e,veggie,o,y,g,v']"
31479,thai noodles with chicken,"ramen noodles, oil, garlic, thai red chili peppers, lemongrass, boneless skinless chicken breasts, broccoli floret, carrot, mushroom cap, fresh bean sprout, fresh cilantro, peanuts, lime, peanut butter, fish sauce, soy sauce, sesame oil, fresh lime juice, sugar, cornstarch",drained,14,"['egg,noodles,t,mix,s,in,veg,f,noodle,re,l,d,nt,e,veggie,o,y,g,v']"
31479,thai noodles with chicken,"ramen noodles, oil, garlic, thai red chili peppers, lemongrass, boneless skinless chicken breasts, broccoli floret, carrot, mushroom cap, fresh bean sprout, fresh cilantro, peanuts, lime, peanut butter, fish sauce, soy sauce, sesame oil, fresh lime juice, sugar, cornstarch",working,14,"['egg,noodles,t,mix,s,in,veg,f,noodle,re,l,d,nt,e,veggie,o,y,g,v']"
31479,thai noodles with chicken,"ramen noodles, oil, garlic, thai red chili peppers, lemongrass, boneless skinless chicken breasts, broccoli floret, carrot, mushroom cap, fresh bean sprout, fresh cilantro, peanuts, lime, peanut butter, fish sauce, soy sauce, sesame oil, fresh lime juice, sugar, cornstarch",are,14,"['egg,noodles,t,mix,s,in,veg,f,noodle,re,l,d,nt,e,veggie,o,y,g,v']"
31479,thai noodles with chicken,"ramen noodles, oil, garlic, thai red chili peppers, lemongrass, boneless skinless chicken breasts, broccoli floret, carrot, mushroom cap, fresh bean sprout, fresh cilantro, peanuts, lime, peanut butter, fish sauce, soy sauce, sesame oil, fresh lime juice, sugar, cornstarch",squeeze,16,"['peanuts,peanut,lime,chop,nuts,t,c,pea,s,p,wedge,f,l,d,e,nut,edge,o,g,ts,v']"
31479,thai noodles with chicken,"ramen noodles, oil, garlic, thai red chili peppers, lemongrass, boneless skinless chicken breasts, broccoli floret, carrot, mushroom cap, fresh bean sprout, fresh cilantro, peanuts, lime, peanut butter, fish sauce, soy sauce, sesame oil, fresh lime juice, sugar, cornstarch",garnish,16,"['peanuts,peanut,lime,chop,nuts,t,c,pea,s,p,wedge,f,l,d,e,nut,edge,o,g,ts,v']"
31479,thai noodles with chicken,"ramen noodles, oil, garlic, thai red chili peppers, lemongrass, boneless skinless chicken breasts, broccoli floret, carrot, mushroom cap, fresh bean sprout, fresh cilantro, peanuts, lime, peanut butter, fish sauce, soy sauce, sesame oil, fresh lime juice, sugar, cornstarch",chopped,16,"['peanuts,peanut,lime,chop,nuts,t,c,pea,s,p,wedge,f,l,d,e,nut,edge,o,g,ts,v']"
