Id,Name,AllIngredients,Verbs,Steps,Ingredient
31579,balsamic fajita chicken wraps to go,"boneless skinless chicken breasts, balsamic vinegar, lime juice, olive oil, garlic, butter, yellow onion, red bell pepper, yellow bell pepper, sliced mushrooms, broccoli, canned black beans, salsa, dried cilantro, chili powder, cumin, avocado, sour cream, salt and pepper, flour tortillas, cheddar cheese",combine,1,{}
31579,balsamic fajita chicken wraps to go,"boneless skinless chicken breasts, balsamic vinegar, lime juice, olive oil, garlic, butter, yellow onion, red bell pepper, yellow bell pepper, sliced mushrooms, broccoli, canned black beans, salsa, dried cilantro, chili powder, cumin, avocado, sour cream, salt and pepper, flour tortillas, cheddar cheese",minced,1,"['garlic,oil,juice,olive,vinegar,lime,t,c,ice,min']"
31579,balsamic fajita chicken wraps to go,"boneless skinless chicken breasts, balsamic vinegar, lime juice, olive oil, garlic, butter, yellow onion, red bell pepper, yellow bell pepper, sliced mushrooms, broccoli, canned black beans, salsa, dried cilantro, chili powder, cumin, avocado, sour cream, salt and pepper, flour tortillas, cheddar cheese",add,2,"['chicken,breast,cube,t,c']"
31579,balsamic fajita chicken wraps to go,"boneless skinless chicken breasts, balsamic vinegar, lime juice, olive oil, garlic, butter, yellow onion, red bell pepper, yellow bell pepper, sliced mushrooms, broccoli, canned black beans, salsa, dried cilantro, chili powder, cumin, avocado, sour cream, salt and pepper, flour tortillas, cheddar cheese",add,7,"['flour,cream,tortillas,tortilla,avocado,t,c,min,heat']"
31579,balsamic fajita chicken wraps to go,"boneless skinless chicken breasts, balsamic vinegar, lime juice, olive oil, garlic, butter, yellow onion, red bell pepper, yellow bell pepper, sliced mushrooms, broccoli, canned black beans, salsa, dried cilantro, chili powder, cumin, avocado, sour cream, salt and pepper, flour tortillas, cheddar cheese",cubed,2,"['chicken,breast,cube,t,c']"
31579,balsamic fajita chicken wraps to go,"boneless skinless chicken breasts, balsamic vinegar, lime juice, olive oil, garlic, butter, yellow onion, red bell pepper, yellow bell pepper, sliced mushrooms, broccoli, canned black beans, salsa, dried cilantro, chili powder, cumin, avocado, sour cream, salt and pepper, flour tortillas, cheddar cheese",let,2,"['chicken,breast,cube,t,c']"
31579,balsamic fajita chicken wraps to go,"boneless skinless chicken breasts, balsamic vinegar, lime juice, olive oil, garlic, butter, yellow onion, red bell pepper, yellow bell pepper, sliced mushrooms, broccoli, canned black beans, salsa, dried cilantro, chili powder, cumin, avocado, sour cream, salt and pepper, flour tortillas, cheddar cheese",melt,3,"['butter,oil,olive,t']"
31579,balsamic fajita chicken wraps to go,"boneless skinless chicken breasts, balsamic vinegar, lime juice, olive oil, garlic, butter, yellow onion, red bell pepper, yellow bell pepper, sliced mushrooms, broccoli, canned black beans, salsa, dried cilantro, chili powder, cumin, avocado, sour cream, salt and pepper, flour tortillas, cheddar cheese",remaining,3,"['butter,oil,olive,t']"
31579,balsamic fajita chicken wraps to go,"boneless skinless chicken breasts, balsamic vinegar, lime juice, olive oil, garlic, butter, yellow onion, red bell pepper, yellow bell pepper, sliced mushrooms, broccoli, canned black beans, salsa, dried cilantro, chili powder, cumin, avocado, sour cream, salt and pepper, flour tortillas, cheddar cheese",remaining,7,"['flour,cream,tortillas,tortilla,avocado,t,c,min,heat']"
31579,balsamic fajita chicken wraps to go,"boneless skinless chicken breasts, balsamic vinegar, lime juice, olive oil, garlic, butter, yellow onion, red bell pepper, yellow bell pepper, sliced mushrooms, broccoli, canned black beans, salsa, dried cilantro, chili powder, cumin, avocado, sour cream, salt and pepper, flour tortillas, cheddar cheese",remove,4,"['chicken,c']"
31579,balsamic fajita chicken wraps to go,"boneless skinless chicken breasts, balsamic vinegar, lime juice, olive oil, garlic, butter, yellow onion, red bell pepper, yellow bell pepper, sliced mushrooms, broccoli, canned black beans, salsa, dried cilantro, chili powder, cumin, avocado, sour cream, salt and pepper, flour tortillas, cheddar cheese",discard,5,['c']
31579,balsamic fajita chicken wraps to go,"boneless skinless chicken breasts, balsamic vinegar, lime juice, olive oil, garlic, butter, yellow onion, red bell pepper, yellow bell pepper, sliced mushrooms, broccoli, canned black beans, salsa, dried cilantro, chili powder, cumin, avocado, sour cream, salt and pepper, flour tortillas, cheddar cheese",stirring,6,"['pepper,egg,onion,mushrooms,chicken,peppers,mushroom,room,bell,cook,t,c,min,broccoli']"
31579,balsamic fajita chicken wraps to go,"boneless skinless chicken breasts, balsamic vinegar, lime juice, olive oil, garlic, butter, yellow onion, red bell pepper, yellow bell pepper, sliced mushrooms, broccoli, canned black beans, salsa, dried cilantro, chili powder, cumin, avocado, sour cream, salt and pepper, flour tortillas, cheddar cheese",saut,6,"['pepper,egg,onion,mushrooms,chicken,peppers,mushroom,room,bell,cook,t,c,min,broccoli']"
31579,balsamic fajita chicken wraps to go,"boneless skinless chicken breasts, balsamic vinegar, lime juice, olive oil, garlic, butter, yellow onion, red bell pepper, yellow bell pepper, sliced mushrooms, broccoli, canned black beans, salsa, dried cilantro, chili powder, cumin, avocado, sour cream, salt and pepper, flour tortillas, cheddar cheese",cooked,6,"['pepper,egg,onion,mushrooms,chicken,peppers,mushroom,room,bell,cook,t,c,min,broccoli']"
31579,balsamic fajita chicken wraps to go,"boneless skinless chicken breasts, balsamic vinegar, lime juice, olive oil, garlic, butter, yellow onion, red bell pepper, yellow bell pepper, sliced mushrooms, broccoli, canned black beans, salsa, dried cilantro, chili powder, cumin, avocado, sour cream, salt and pepper, flour tortillas, cheddar cheese",are,6,"['pepper,egg,onion,mushrooms,chicken,peppers,mushroom,room,bell,cook,t,c,min,broccoli']"
31579,balsamic fajita chicken wraps to go,"boneless skinless chicken breasts, balsamic vinegar, lime juice, olive oil, garlic, butter, yellow onion, red bell pepper, yellow bell pepper, sliced mushrooms, broccoli, canned black beans, salsa, dried cilantro, chili powder, cumin, avocado, sour cream, salt and pepper, flour tortillas, cheddar cheese",are,11,"['cheese,tortillas,tortilla,t,c,mix']"
31579,balsamic fajita chicken wraps to go,"boneless skinless chicken breasts, balsamic vinegar, lime juice, olive oil, garlic, butter, yellow onion, red bell pepper, yellow bell pepper, sliced mushrooms, broccoli, canned black beans, salsa, dried cilantro, chili powder, cumin, avocado, sour cream, salt and pepper, flour tortillas, cheddar cheese",desired,6,"['pepper,egg,onion,mushrooms,chicken,peppers,mushroom,room,bell,cook,t,c,min,broccoli']"
31579,balsamic fajita chicken wraps to go,"boneless skinless chicken breasts, balsamic vinegar, lime juice, olive oil, garlic, butter, yellow onion, red bell pepper, yellow bell pepper, sliced mushrooms, broccoli, canned black beans, salsa, dried cilantro, chili powder, cumin, avocado, sour cream, salt and pepper, flour tortillas, cheddar cheese",take,6,"['pepper,egg,onion,mushrooms,chicken,peppers,mushroom,room,bell,cook,t,c,min,broccoli']"
31579,balsamic fajita chicken wraps to go,"boneless skinless chicken breasts, balsamic vinegar, lime juice, olive oil, garlic, butter, yellow onion, red bell pepper, yellow bell pepper, sliced mushrooms, broccoli, canned black beans, salsa, dried cilantro, chili powder, cumin, avocado, sour cream, salt and pepper, flour tortillas, cheddar cheese",reduce,7,"['flour,cream,tortillas,tortilla,avocado,t,c,min,heat']"
31579,balsamic fajita chicken wraps to go,"boneless skinless chicken breasts, balsamic vinegar, lime juice, olive oil, garlic, butter, yellow onion, red bell pepper, yellow bell pepper, sliced mushrooms, broccoli, canned black beans, salsa, dried cilantro, chili powder, cumin, avocado, sour cream, salt and pepper, flour tortillas, cheddar cheese",simmer,7,"['flour,cream,tortillas,tortilla,avocado,t,c,min,heat']"
31579,balsamic fajita chicken wraps to go,"boneless skinless chicken breasts, balsamic vinegar, lime juice, olive oil, garlic, butter, yellow onion, red bell pepper, yellow bell pepper, sliced mushrooms, broccoli, canned black beans, salsa, dried cilantro, chili powder, cumin, avocado, sour cream, salt and pepper, flour tortillas, cheddar cheese",stir,8,"['cream,avocado,t,c']"
31579,balsamic fajita chicken wraps to go,"boneless skinless chicken breasts, balsamic vinegar, lime juice, olive oil, garlic, butter, yellow onion, red bell pepper, yellow bell pepper, sliced mushrooms, broccoli, canned black beans, salsa, dried cilantro, chili powder, cumin, avocado, sour cream, salt and pepper, flour tortillas, cheddar cheese",taste,9,"['pepper,salt,season,sea,t']"
31579,balsamic fajita chicken wraps to go,"boneless skinless chicken breasts, balsamic vinegar, lime juice, olive oil, garlic, butter, yellow onion, red bell pepper, yellow bell pepper, sliced mushrooms, broccoli, canned black beans, salsa, dried cilantro, chili powder, cumin, avocado, sour cream, salt and pepper, flour tortillas, cheddar cheese",taking,10,"['tortilla,t,c,mix']"
31579,balsamic fajita chicken wraps to go,"boneless skinless chicken breasts, balsamic vinegar, lime juice, olive oil, garlic, butter, yellow onion, red bell pepper, yellow bell pepper, sliced mushrooms, broccoli, canned black beans, salsa, dried cilantro, chili powder, cumin, avocado, sour cream, salt and pepper, flour tortillas, cheddar cheese",put,10,"['tortilla,t,c,mix']"
31579,balsamic fajita chicken wraps to go,"boneless skinless chicken breasts, balsamic vinegar, lime juice, olive oil, garlic, butter, yellow onion, red bell pepper, yellow bell pepper, sliced mushrooms, broccoli, canned black beans, salsa, dried cilantro, chili powder, cumin, avocado, sour cream, salt and pepper, flour tortillas, cheddar cheese",keep,10,"['tortilla,t,c,mix']"
31579,balsamic fajita chicken wraps to go,"boneless skinless chicken breasts, balsamic vinegar, lime juice, olive oil, garlic, butter, yellow onion, red bell pepper, yellow bell pepper, sliced mushrooms, broccoli, canned black beans, salsa, dried cilantro, chili powder, cumin, avocado, sour cream, salt and pepper, flour tortillas, cheddar cheese",give,10,"['tortilla,t,c,mix']"
31579,balsamic fajita chicken wraps to go,"boneless skinless chicken breasts, balsamic vinegar, lime juice, olive oil, garlic, butter, yellow onion, red bell pepper, yellow bell pepper, sliced mushrooms, broccoli, canned black beans, salsa, dried cilantro, chili powder, cumin, avocado, sour cream, salt and pepper, flour tortillas, cheddar cheese",pass,10,"['tortilla,t,c,mix']"
31579,balsamic fajita chicken wraps to go,"boneless skinless chicken breasts, balsamic vinegar, lime juice, olive oil, garlic, butter, yellow onion, red bell pepper, yellow bell pepper, sliced mushrooms, broccoli, canned black beans, salsa, dried cilantro, chili powder, cumin, avocado, sour cream, salt and pepper, flour tortillas, cheddar cheese",eating,11,"['cheese,tortillas,tortilla,t,c,mix']"
31579,balsamic fajita chicken wraps to go,"boneless skinless chicken breasts, balsamic vinegar, lime juice, olive oil, garlic, butter, yellow onion, red bell pepper, yellow bell pepper, sliced mushrooms, broccoli, canned black beans, salsa, dried cilantro, chili powder, cumin, avocado, sour cream, salt and pepper, flour tortillas, cheddar cheese",fill,11,"['cheese,tortillas,tortilla,t,c,mix']"
31579,balsamic fajita chicken wraps to go,"boneless skinless chicken breasts, balsamic vinegar, lime juice, olive oil, garlic, butter, yellow onion, red bell pepper, yellow bell pepper, sliced mushrooms, broccoli, canned black beans, salsa, dried cilantro, chili powder, cumin, avocado, sour cream, salt and pepper, flour tortillas, cheddar cheese",garnish,11,"['cheese,tortillas,tortilla,t,c,mix']"
31579,balsamic fajita chicken wraps to go,"boneless skinless chicken breasts, balsamic vinegar, lime juice, olive oil, garlic, butter, yellow onion, red bell pepper, yellow bell pepper, sliced mushrooms, broccoli, canned black beans, salsa, dried cilantro, chili powder, cumin, avocado, sour cream, salt and pepper, flour tortillas, cheddar cheese",enjoy,11,"['cheese,tortillas,tortilla,t,c,mix']"
31579,balsamic fajita chicken wraps to go,"boneless skinless chicken breasts, balsamic vinegar, lime juice, olive oil, garlic, butter, yellow onion, red bell pepper, yellow bell pepper, sliced mushrooms, broccoli, canned black beans, salsa, dried cilantro, chili powder, cumin, avocado, sour cream, salt and pepper, flour tortillas, cheddar cheese",enjoy,13,"['egg,t,c,mix']"
31579,balsamic fajita chicken wraps to go,"boneless skinless chicken breasts, balsamic vinegar, lime juice, olive oil, garlic, butter, yellow onion, red bell pepper, yellow bell pepper, sliced mushrooms, broccoli, canned black beans, salsa, dried cilantro, chili powder, cumin, avocado, sour cream, salt and pepper, flour tortillas, cheddar cheese",makes,11,"['cheese,tortillas,tortilla,t,c,mix']"
31579,balsamic fajita chicken wraps to go,"boneless skinless chicken breasts, balsamic vinegar, lime juice, olive oil, garlic, butter, yellow onion, red bell pepper, yellow bell pepper, sliced mushrooms, broccoli, canned black beans, salsa, dried cilantro, chili powder, cumin, avocado, sour cream, salt and pepper, flour tortillas, cheddar cheese",depending,11,"['cheese,tortillas,tortilla,t,c,mix']"
31579,balsamic fajita chicken wraps to go,"boneless skinless chicken breasts, balsamic vinegar, lime juice, olive oil, garlic, butter, yellow onion, red bell pepper, yellow bell pepper, sliced mushrooms, broccoli, canned black beans, salsa, dried cilantro, chili powder, cumin, avocado, sour cream, salt and pepper, flour tortillas, cheddar cheese",use,12,"['chicken,breast,tortillas,tortilla,t,c']"
31579,balsamic fajita chicken wraps to go,"boneless skinless chicken breasts, balsamic vinegar, lime juice, olive oil, garlic, butter, yellow onion, red bell pepper, yellow bell pepper, sliced mushrooms, broccoli, canned black beans, salsa, dried cilantro, chili powder, cumin, avocado, sour cream, salt and pepper, flour tortillas, cheddar cheese",use,13,"['egg,t,c,mix']"
31579,balsamic fajita chicken wraps to go,"boneless skinless chicken breasts, balsamic vinegar, lime juice, olive oil, garlic, butter, yellow onion, red bell pepper, yellow bell pepper, sliced mushrooms, broccoli, canned black beans, salsa, dried cilantro, chili powder, cumin, avocado, sour cream, salt and pepper, flour tortillas, cheddar cheese",get,12,"['chicken,breast,tortillas,tortilla,t,c']"
31579,balsamic fajita chicken wraps to go,"boneless skinless chicken breasts, balsamic vinegar, lime juice, olive oil, garlic, butter, yellow onion, red bell pepper, yellow bell pepper, sliced mushrooms, broccoli, canned black beans, salsa, dried cilantro, chili powder, cumin, avocado, sour cream, salt and pepper, flour tortillas, cheddar cheese",get,13,"['egg,t,c,mix']"
31579,balsamic fajita chicken wraps to go,"boneless skinless chicken breasts, balsamic vinegar, lime juice, olive oil, garlic, butter, yellow onion, red bell pepper, yellow bell pepper, sliced mushrooms, broccoli, canned black beans, salsa, dried cilantro, chili powder, cumin, avocado, sour cream, salt and pepper, flour tortillas, cheddar cheese",like,12,"['chicken,breast,tortillas,tortilla,t,c']"
