Id,Name,AllIngredients,Verbs,Steps,Ingredient
3198,empanadas de honoro  beef turnovers,"lean beef, lemon, lime, fresh oregano, chili powder, flour, baking powder, salt, egg, egg yolk, milk, shortening, onions, olive oil, paprika, cumin, oregano, hard-boiled eggs, black olives, raisins",taste,1,"['chili,juice,oregano,beef,lime,lemon,t,c,ice,sprigs,s,p,in,f,-,re,l,d']"
3198,empanadas de honoro  beef turnovers,"lean beef, lemon, lime, fresh oregano, chili powder, flour, baking powder, salt, egg, egg yolk, milk, shortening, onions, olive oil, paprika, cumin, oregano, hard-boiled eggs, black olives, raisins",taste,7,"['salt,beef,spice,t,c,ice,mix,s,p,in,f,l,spices,d']"
3198,empanadas de honoro  beef turnovers,"lean beef, lemon, lime, fresh oregano, chili powder, flour, baking powder, salt, egg, egg yolk, milk, shortening, onions, olive oil, paprika, cumin, oregano, hard-boiled eggs, black olives, raisins",sift,2,"['powder,salt,flour,t,baking,s,p,in,de,f,l,d']"
3198,empanadas de honoro  beef turnovers,"lean beef, lemon, lime, fresh oregano, chili powder, flour, baking powder, salt, egg, egg yolk, milk, shortening, onions, olive oil, paprika, cumin, oregano, hard-boiled eggs, black olives, raisins",baking,2,"['powder,salt,flour,t,baking,s,p,in,de,f,l,d']"
3198,empanadas de honoro  beef turnovers,"lean beef, lemon, lime, fresh oregano, chili powder, flour, baking powder, salt, egg, egg yolk, milk, shortening, onions, olive oil, paprika, cumin, oregano, hard-boiled eggs, black olives, raisins",beat,3,"['eggs,egg,milk,shortening,t,s,in,ad,l,warm,d']"
3198,empanadas de honoro  beef turnovers,"lean beef, lemon, lime, fresh oregano, chili powder, flour, baking powder, salt, egg, egg yolk, milk, shortening, onions, olive oil, paprika, cumin, oregano, hard-boiled eggs, black olives, raisins",warm,3,"['eggs,egg,milk,shortening,t,s,in,ad,l,warm,d']"
3198,empanadas de honoro  beef turnovers,"lean beef, lemon, lime, fresh oregano, chili powder, flour, baking powder, salt, egg, egg yolk, milk, shortening, onions, olive oil, paprika, cumin, oregano, hard-boiled eggs, black olives, raisins",melt,3,"['eggs,egg,milk,shortening,t,s,in,ad,l,warm,d']"
3198,empanadas de honoro  beef turnovers,"lean beef, lemon, lime, fresh oregano, chili powder, flour, baking powder, salt, egg, egg yolk, milk, shortening, onions, olive oil, paprika, cumin, oregano, hard-boiled eggs, black olives, raisins",add,3,"['eggs,egg,milk,shortening,t,s,in,ad,l,warm,d']"
3198,empanadas de honoro  beef turnovers,"lean beef, lemon, lime, fresh oregano, chili powder, flour, baking powder, salt, egg, egg yolk, milk, shortening, onions, olive oil, paprika, cumin, oregano, hard-boiled eggs, black olives, raisins",add,10,"['egg,olive,raisins,raisin,c,ice,slice,s,in,slices,f,ad,l,d']"
3198,empanadas de honoro  beef turnovers,"lean beef, lemon, lime, fresh oregano, chili powder, flour, baking powder, salt, egg, egg yolk, milk, shortening, onions, olive oil, paprika, cumin, oregano, hard-boiled eggs, black olives, raisins",mix,4,"['t,c,mix,s,p,in,roll,dough,pie,f,l,pieces,d']"
3198,empanadas de honoro  beef turnovers,"lean beef, lemon, lime, fresh oregano, chili powder, flour, baking powder, salt, egg, egg yolk, milk, shortening, onions, olive oil, paprika, cumin, oregano, hard-boiled eggs, black olives, raisins",mix,7,"['salt,beef,spice,t,c,ice,mix,s,p,in,f,l,spices,d']"
3198,empanadas de honoro  beef turnovers,"lean beef, lemon, lime, fresh oregano, chili powder, flour, baking powder, salt, egg, egg yolk, milk, shortening, onions, olive oil, paprika, cumin, oregano, hard-boiled eggs, black olives, raisins",make,4,"['t,c,mix,s,p,in,roll,dough,pie,f,l,pieces,d']"
3198,empanadas de honoro  beef turnovers,"lean beef, lemon, lime, fresh oregano, chili powder, flour, baking powder, salt, egg, egg yolk, milk, shortening, onions, olive oil, paprika, cumin, oregano, hard-boiled eggs, black olives, raisins",cut,4,"['t,c,mix,s,p,in,roll,dough,pie,f,l,pieces,d']"
3198,empanadas de honoro  beef turnovers,"lean beef, lemon, lime, fresh oregano, chili powder, flour, baking powder, salt, egg, egg yolk, milk, shortening, onions, olive oil, paprika, cumin, oregano, hard-boiled eggs, black olives, raisins",roll,4,"['t,c,mix,s,p,in,roll,dough,pie,f,l,pieces,d']"
3198,empanadas de honoro  beef turnovers,"lean beef, lemon, lime, fresh oregano, chili powder, flour, baking powder, salt, egg, egg yolk, milk, shortening, onions, olive oil, paprika, cumin, oregano, hard-boiled eggs, black olives, raisins",chop,5,"['chop,t,c,p,meat']"
3198,empanadas de honoro  beef turnovers,"lean beef, lemon, lime, fresh oregano, chili powder, flour, baking powder, salt, egg, egg yolk, milk, shortening, onions, olive oil, paprika, cumin, oregano, hard-boiled eggs, black olives, raisins",chop,6,"['oil,onion,chop,onions,t,c,s,p,in,f,l,d']"
3198,empanadas de honoro  beef turnovers,"lean beef, lemon, lime, fresh oregano, chili powder, flour, baking powder, salt, egg, egg yolk, milk, shortening, onions, olive oil, paprika, cumin, oregano, hard-boiled eggs, black olives, raisins",fry,6,"['oil,onion,chop,onions,t,c,s,p,in,f,l,d']"
3198,empanadas de honoro  beef turnovers,"lean beef, lemon, lime, fresh oregano, chili powder, flour, baking powder, salt, egg, egg yolk, milk, shortening, onions, olive oil, paprika, cumin, oregano, hard-boiled eggs, black olives, raisins",turns,8,"['t,s,meat,au,re,l']"
3198,empanadas de honoro  beef turnovers,"lean beef, lemon, lime, fresh oregano, chili powder, flour, baking powder, salt, egg, egg yolk, milk, shortening, onions, olive oil, paprika, cumin, oregano, hard-boiled eggs, black olives, raisins",place,9,"['t,c,mix,s,p,dough,f,re,l,d']"
3198,empanadas de honoro  beef turnovers,"lean beef, lemon, lime, fresh oregano, chili powder, flour, baking powder, salt, egg, egg yolk, milk, shortening, onions, olive oil, paprika, cumin, oregano, hard-boiled eggs, black olives, raisins",fold,11,"['milk,sea,t,s,in,f,l,d']"
3198,empanadas de honoro  beef turnovers,"lean beef, lemon, lime, fresh oregano, chili powder, flour, baking powder, salt, egg, egg yolk, milk, shortening, onions, olive oil, paprika, cumin, oregano, hard-boiled eggs, black olives, raisins",seal,11,"['milk,sea,t,s,in,f,l,d']"
3198,empanadas de honoro  beef turnovers,"lean beef, lemon, lime, fresh oregano, chili powder, flour, baking powder, salt, egg, egg yolk, milk, shortening, onions, olive oil, paprika, cumin, oregano, hard-boiled eggs, black olives, raisins",bake,12,"['brown,t,in,de,oven,f,re,l,d']"
