Id,Name,AllIngredients,Verbs,Steps,Ingredient
33274,shepherd s big purple vegetable pie,"potatoes, unsalted butter, salt and pepper, yogurt, chives, parsley, onions, garlic, celery, mushrooms, eggplant, green bell pepper, thyme, basil, oregano, peas, cheddar cheese, wheat germ, cider vinegar, cheese, paprika",cook,1,{}
33274,shepherd s big purple vegetable pie,"potatoes, unsalted butter, salt and pepper, yogurt, chives, parsley, onions, garlic, celery, mushrooms, eggplant, green bell pepper, thyme, basil, oregano, peas, cheddar cheese, wheat germ, cider vinegar, cheese, paprika",cook,6,"['cook,t,c,heat,s,in,l,e,ring,o,y,g,v']"
33274,shepherd s big purple vegetable pie,"potatoes, unsalted butter, salt and pepper, yogurt, chives, parsley, onions, garlic, celery, mushrooms, eggplant, green bell pepper, thyme, basil, oregano, peas, cheddar cheese, wheat germ, cider vinegar, cheese, paprika",boiling,1,"['oil,water,pot,cook,potatoes,t,c,boil,boiling,potato,s,p,in,f,l,b,nt,e,o,g']"
33274,shepherd s big purple vegetable pie,"potatoes, unsalted butter, salt and pepper, yogurt, chives, parsley, onions, garlic, celery, mushrooms, eggplant, green bell pepper, thyme, basil, oregano, peas, cheddar cheese, wheat germ, cider vinegar, cheese, paprika",drain,2,"['pepper,salt,butter,parsley,chives,t,c,yogurt,s,p,in,l,d,ash,b,e,butt,o,y,g,v']"
33274,shepherd s big purple vegetable pie,"potatoes, unsalted butter, salt and pepper, yogurt, chives, parsley, onions, garlic, celery, mushrooms, eggplant, green bell pepper, thyme, basil, oregano, peas, cheddar cheese, wheat germ, cider vinegar, cheese, paprika",set,3,"['t,s,de,d,e']"
33274,shepherd s big purple vegetable pie,"potatoes, unsalted butter, salt and pepper, yogurt, chives, parsley, onions, garlic, celery, mushrooms, eggplant, green bell pepper, thyme, basil, oregano, peas, cheddar cheese, wheat germ, cider vinegar, cheese, paprika",saut,4,"['garlic,pepper,salt,butter,onion,onions,t,c,s,p,in,f,au,re,l,d,b,nt,e,butt,o,y,g,v']"
33274,shepherd s big purple vegetable pie,"potatoes, unsalted butter, salt and pepper, yogurt, chives, parsley, onions, garlic, celery, mushrooms, eggplant, green bell pepper, thyme, basil, oregano, peas, cheddar cheese, wheat germ, cider vinegar, cheese, paprika",are,4,"['garlic,pepper,salt,butter,onion,onions,t,c,s,p,in,f,au,re,l,d,b,nt,e,butt,o,y,g,v']"
33274,shepherd s big purple vegetable pie,"potatoes, unsalted butter, salt and pepper, yogurt, chives, parsley, onions, garlic, celery, mushrooms, eggplant, green bell pepper, thyme, basil, oregano, peas, cheddar cheese, wheat germ, cider vinegar, cheese, paprika",add,5,"['egg,mushrooms,celery,mushroom,room,t,c,eggplant,plan,s,p,shrooms,mu,hr,ad,l,d,nt,e,o,y,g']"
33274,shepherd s big purple vegetable pie,"potatoes, unsalted butter, salt and pepper, yogurt, chives, parsley, onions, garlic, celery, mushrooms, eggplant, green bell pepper, thyme, basil, oregano, peas, cheddar cheese, wheat germ, cider vinegar, cheese, paprika",add,7,"['pepper,egg,cook,t,c,eggplant,peas,herbs,plan,pea,s,p,hr,re,ad,l,d,b,nt,e,green,o,herb,g']"
33274,shepherd s big purple vegetable pie,"potatoes, unsalted butter, salt and pepper, yogurt, chives, parsley, onions, garlic, celery, mushrooms, eggplant, green bell pepper, thyme, basil, oregano, peas, cheddar cheese, wheat germ, cider vinegar, cheese, paprika",stirring,6,"['cook,t,c,heat,s,in,l,e,ring,o,y,g,v']"
33274,shepherd s big purple vegetable pie,"potatoes, unsalted butter, salt and pepper, yogurt, chives, parsley, onions, garlic, celery, mushrooms, eggplant, green bell pepper, thyme, basil, oregano, peas, cheddar cheese, wheat germ, cider vinegar, cheese, paprika",cooked,7,"['pepper,egg,cook,t,c,eggplant,peas,herbs,plan,pea,s,p,hr,re,ad,l,d,b,nt,e,green,o,herb,g']"
33274,shepherd s big purple vegetable pie,"potatoes, unsalted butter, salt and pepper, yogurt, chives, parsley, onions, garlic, celery, mushrooms, eggplant, green bell pepper, thyme, basil, oregano, peas, cheddar cheese, wheat germ, cider vinegar, cheese, paprika",continue,8,"['cook,t,c,cooking,min,s,in,l,b,nt,e,nut,o,g']"
33274,shepherd s big purple vegetable pie,"potatoes, unsalted butter, salt and pepper, yogurt, chives, parsley, onions, garlic, celery, mushrooms, eggplant, green bell pepper, thyme, basil, oregano, peas, cheddar cheese, wheat germ, cider vinegar, cheese, paprika",cooking,8,"['cook,t,c,cooking,min,s,in,l,b,nt,e,nut,o,g']"
33274,shepherd s big purple vegetable pie,"potatoes, unsalted butter, salt and pepper, yogurt, chives, parsley, onions, garlic, celery, mushrooms, eggplant, green bell pepper, thyme, basil, oregano, peas, cheddar cheese, wheat germ, cider vinegar, cheese, paprika",remove,9,"['t,heat,f,re,e,o,v']"
33274,shepherd s big purple vegetable pie,"potatoes, unsalted butter, salt and pepper, yogurt, chives, parsley, onions, garlic, celery, mushrooms, eggplant, green bell pepper, thyme, basil, oregano, peas, cheddar cheese, wheat germ, cider vinegar, cheese, paprika",toss,10,"['cheese,vinegar,t,c,wheat,heat,s,in,germ,vin,d,e,vine,o,g,v']"
33274,shepherd s big purple vegetable pie,"potatoes, unsalted butter, salt and pepper, yogurt, chives, parsley, onions, garlic, celery, mushrooms, eggplant, green bell pepper, thyme, basil, oregano, peas, cheddar cheese, wheat germ, cider vinegar, cheese, paprika",spread,11,"['butter,read,t,c,mix,s,p,in,dish,de,-,re,ad,red,l,d,b,nt,e,butt,o']"
33274,shepherd s big purple vegetable pie,"potatoes, unsalted butter, salt and pepper, yogurt, chives, parsley, onions, garlic, celery, mushrooms, eggplant, green bell pepper, thyme, basil, oregano, peas, cheddar cheese, wheat germ, cider vinegar, cheese, paprika",spread,12,"['read,pot,potatoes,t,c,potato,s,p,crust,top,re,ad,d,ash,e,o']"
33274,shepherd s big purple vegetable pie,"potatoes, unsalted butter, salt and pepper, yogurt, chives, parsley, onions, garlic, celery, mushrooms, eggplant, green bell pepper, thyme, basil, oregano, peas, cheddar cheese, wheat germ, cider vinegar, cheese, paprika",sprinkle,13,"['cheese,paprika,t,c,s,p,in,top,l,e,o']"
33274,shepherd s big purple vegetable pie,"potatoes, unsalted butter, salt and pepper, yogurt, chives, parsley, onions, garlic, celery, mushrooms, eggplant, green bell pepper, thyme, basil, oregano, peas, cheddar cheese, wheat germ, cider vinegar, cheese, paprika",bake,14,"['t,c,min,heat,s,p,in,oven,f,re,red,d,b,e,nut,o,v']"
33274,shepherd s big purple vegetable pie,"potatoes, unsalted butter, salt and pepper, yogurt, chives, parsley, onions, garlic, celery, mushrooms, eggplant, green bell pepper, thyme, basil, oregano, peas, cheddar cheese, wheat germ, cider vinegar, cheese, paprika",uncovered,14,"['t,c,min,heat,s,p,in,oven,f,re,red,d,b,e,nut,o,v']"
