Id,Name,AllIngredients,Verbs,Steps,Ingredient
34432,spicy peanut slaw,"green cabbage, red cabbage, carrot, salt, natural-style peanut butter, peanut oil, rice wine vinegar, soy sauce, lime juice, brown sugar, garlic, ginger powder, cayenne pepper, jalapeno, kohlrabi, water chestnut, green onions, dried currant, salt and pepper, roasted sesame seeds",toss,1,{}
34432,spicy peanut slaw,"green cabbage, red cabbage, carrot, salt, natural-style peanut butter, peanut oil, rice wine vinegar, soy sauce, lime juice, brown sugar, garlic, ginger powder, cayenne pepper, jalapeno, kohlrabi, water chestnut, green onions, dried currant, salt and pepper, roasted sesame seeds",toss,7,"['water,onion,cabbage,carrot,nuts,onions,t,c,cab,chestnuts,dressing,s,in,age,bag,re,l,d,b,kohlrabi,e,green,chestnut,nut,o,g,ts']"
34432,spicy peanut slaw,"green cabbage, red cabbage, carrot, salt, natural-style peanut butter, peanut oil, rice wine vinegar, soy sauce, lime juice, brown sugar, garlic, ginger powder, cayenne pepper, jalapeno, kohlrabi, water chestnut, green onions, dried currant, salt and pepper, roasted sesame seeds",set,1,"['salt,cabbage,carrot,t,c,cab,s,p,in,de,age,bag,l,d,b,e,tea,o,g,v']"
34432,spicy peanut slaw,"green cabbage, red cabbage, carrot, salt, natural-style peanut butter, peanut oil, rice wine vinegar, soy sauce, lime juice, brown sugar, garlic, ginger powder, cayenne pepper, jalapeno, kohlrabi, water chestnut, green onions, dried currant, salt and pepper, roasted sesame seeds",let,2,"['cabbage,t,c,cab,s,age,bag,l,d,b,nt,e,o,g,ts']"
34432,spicy peanut slaw,"green cabbage, red cabbage, carrot, salt, natural-style peanut butter, peanut oil, rice wine vinegar, soy sauce, lime juice, brown sugar, garlic, ginger powder, cayenne pepper, jalapeno, kohlrabi, water chestnut, green onions, dried currant, salt and pepper, roasted sesame seeds",stand,2,"['cabbage,t,c,cab,s,age,bag,l,d,b,nt,e,o,g,ts']"
34432,spicy peanut slaw,"green cabbage, red cabbage, carrot, salt, natural-style peanut butter, peanut oil, rice wine vinegar, soy sauce, lime juice, brown sugar, garlic, ginger powder, cayenne pepper, jalapeno, kohlrabi, water chestnut, green onions, dried currant, salt and pepper, roasted sesame seeds",wilts,2,"['cabbage,t,c,cab,s,age,bag,l,d,b,nt,e,o,g,ts']"
34432,spicy peanut slaw,"green cabbage, red cabbage, carrot, salt, natural-style peanut butter, peanut oil, rice wine vinegar, soy sauce, lime juice, brown sugar, garlic, ginger powder, cayenne pepper, jalapeno, kohlrabi, water chestnut, green onions, dried currant, salt and pepper, roasted sesame seeds",take,2,"['cabbage,t,c,cab,s,age,bag,l,d,b,nt,e,o,g,ts']"
34432,spicy peanut slaw,"green cabbage, red cabbage, carrot, salt, natural-style peanut butter, peanut oil, rice wine vinegar, soy sauce, lime juice, brown sugar, garlic, ginger powder, cayenne pepper, jalapeno, kohlrabi, water chestnut, green onions, dried currant, salt and pepper, roasted sesame seeds",rinse,3,"['water,cabbage,t,c,cab,s,in,de,age,bag,l,d,b,e,o,g']"
34432,spicy peanut slaw,"green cabbage, red cabbage, carrot, salt, natural-style peanut butter, peanut oil, rice wine vinegar, soy sauce, lime juice, brown sugar, garlic, ginger powder, cayenne pepper, jalapeno, kohlrabi, water chestnut, green onions, dried currant, salt and pepper, roasted sesame seeds",running,3,"['water,cabbage,t,c,cab,s,in,de,age,bag,l,d,b,e,o,g']"
34432,spicy peanut slaw,"green cabbage, red cabbage, carrot, salt, natural-style peanut butter, peanut oil, rice wine vinegar, soy sauce, lime juice, brown sugar, garlic, ginger powder, cayenne pepper, jalapeno, kohlrabi, water chestnut, green onions, dried currant, salt and pepper, roasted sesame seeds",press,4,"['t,s,p,in,paper,press,re,l,d,nt,e,o,y,g']"
34432,spicy peanut slaw,"green cabbage, red cabbage, carrot, salt, natural-style peanut butter, peanut oil, rice wine vinegar, soy sauce, lime juice, brown sugar, garlic, ginger powder, cayenne pepper, jalapeno, kohlrabi, water chestnut, green onions, dried currant, salt and pepper, roasted sesame seeds",drain,4,"['t,s,p,in,paper,press,re,l,d,nt,e,o,y,g']"
34432,spicy peanut slaw,"green cabbage, red cabbage, carrot, salt, natural-style peanut butter, peanut oil, rice wine vinegar, soy sauce, lime juice, brown sugar, garlic, ginger powder, cayenne pepper, jalapeno, kohlrabi, water chestnut, green onions, dried currant, salt and pepper, roasted sesame seeds",stored,5,"['cabbage,sea,t,c,cab,s,can,in,age,f,-,bag,re,red,l,d,b,nt,e,o,g,v']"
34432,spicy peanut slaw,"green cabbage, red cabbage, carrot, salt, natural-style peanut butter, peanut oil, rice wine vinegar, soy sauce, lime juice, brown sugar, garlic, ginger powder, cayenne pepper, jalapeno, kohlrabi, water chestnut, green onions, dried currant, salt and pepper, roasted sesame seeds",chill,5,"['cabbage,sea,t,c,cab,s,can,in,age,f,-,bag,re,red,l,d,b,nt,e,o,g,v']"
34432,spicy peanut slaw,"green cabbage, red cabbage, carrot, salt, natural-style peanut butter, peanut oil, rice wine vinegar, soy sauce, lime juice, brown sugar, garlic, ginger powder, cayenne pepper, jalapeno, kohlrabi, water chestnut, green onions, dried currant, salt and pepper, roasted sesame seeds",make,6,"['soy,sauce,garlic,ginger,sugar,butter,oil,juice,cayenne,brown,peanut,vinegar,jalapeno,lime,t,c,ice,dressing,pea,s,p,in,food,vin,f,au,re,l,d,b,nt,e,gin,vine,butt,nut,o,y,g,v']"
34432,spicy peanut slaw,"green cabbage, red cabbage, carrot, salt, natural-style peanut butter, peanut oil, rice wine vinegar, soy sauce, lime juice, brown sugar, garlic, ginger powder, cayenne pepper, jalapeno, kohlrabi, water chestnut, green onions, dried currant, salt and pepper, roasted sesame seeds",taste,8,"['pepper,salt,season,sea,t,s,p,l,d,e,o']"
34432,spicy peanut slaw,"green cabbage, red cabbage, carrot, salt, natural-style peanut butter, peanut oil, rice wine vinegar, soy sauce, lime juice, brown sugar, garlic, ginger powder, cayenne pepper, jalapeno, kohlrabi, water chestnut, green onions, dried currant, salt and pepper, roasted sesame seeds",cover,9,"['read,t,c,s,f,re,ad,l,d,nt,e,o,y,g,v']"
34432,spicy peanut slaw,"green cabbage, red cabbage, carrot, salt, natural-style peanut butter, peanut oil, rice wine vinegar, soy sauce, lime juice, brown sugar, garlic, ginger powder, cayenne pepper, jalapeno, kohlrabi, water chestnut, green onions, dried currant, salt and pepper, roasted sesame seeds",refrigerate,9,"['read,t,c,s,f,re,ad,l,d,nt,e,o,y,g,v']"
34432,spicy peanut slaw,"green cabbage, red cabbage, carrot, salt, natural-style peanut butter, peanut oil, rice wine vinegar, soy sauce, lime juice, brown sugar, garlic, ginger powder, cayenne pepper, jalapeno, kohlrabi, water chestnut, green onions, dried currant, salt and pepper, roasted sesame seeds",serve,9,"['read,t,c,s,f,re,ad,l,d,nt,e,o,y,g,v']"
34432,spicy peanut slaw,"green cabbage, red cabbage, carrot, salt, natural-style peanut butter, peanut oil, rice wine vinegar, soy sauce, lime juice, brown sugar, garlic, ginger powder, cayenne pepper, jalapeno, kohlrabi, water chestnut, green onions, dried currant, salt and pepper, roasted sesame seeds",garnish,10,"['sesame,seed,t,seeds,s,d,e,g,sesam']"
34432,spicy peanut slaw,"green cabbage, red cabbage, carrot, salt, natural-style peanut butter, peanut oil, rice wine vinegar, soy sauce, lime juice, brown sugar, garlic, ginger powder, cayenne pepper, jalapeno, kohlrabi, water chestnut, green onions, dried currant, salt and pepper, roasted sesame seeds",makes,11,"['t,c,s,p,in,vin,b,e,o,g,v']"
34432,spicy peanut slaw,"green cabbage, red cabbage, carrot, salt, natural-style peanut butter, peanut oil, rice wine vinegar, soy sauce, lime juice, brown sugar, garlic, ginger powder, cayenne pepper, jalapeno, kohlrabi, water chestnut, green onions, dried currant, salt and pepper, roasted sesame seeds",serving,11,"['t,c,s,p,in,vin,b,e,o,g,v']"
34432,spicy peanut slaw,"green cabbage, red cabbage, carrot, salt, natural-style peanut butter, peanut oil, rice wine vinegar, soy sauce, lime juice, brown sugar, garlic, ginger powder, cayenne pepper, jalapeno, kohlrabi, water chestnut, green onions, dried currant, salt and pepper, roasted sesame seeds",try,12,"['t,c,s,p,f,re,b,e,o,y,g']"
34432,spicy peanut slaw,"green cabbage, red cabbage, carrot, salt, natural-style peanut butter, peanut oil, rice wine vinegar, soy sauce, lime juice, brown sugar, garlic, ginger powder, cayenne pepper, jalapeno, kohlrabi, water chestnut, green onions, dried currant, salt and pepper, roasted sesame seeds",see,12,"['t,c,s,p,f,re,b,e,o,y,g']"
34432,spicy peanut slaw,"green cabbage, red cabbage, carrot, salt, natural-style peanut butter, peanut oil, rice wine vinegar, soy sauce, lime juice, brown sugar, garlic, ginger powder, cayenne pepper, jalapeno, kohlrabi, water chestnut, green onions, dried currant, salt and pepper, roasted sesame seeds",prefer,12,"['t,c,s,p,f,re,b,e,o,y,g']"
