Id,Name,AllIngredients,Verbs,Steps,Ingredient
34866,emeril s crispy shrimp burgers,"mayonnaise, fresh lemon juice, scallion, parsley, creole mustard, garlic, sweet pickle relish, cayenne pepper, unsalted butter, onion, celery, green bell peppers, salt, medium shrimp, scallions, eggs, plain breadcrumbs, all-purpose flour, creole seasoning, water, vegetable oil, hamburger buns, lettuce, tomatoes",combine,1,"['sauce,t,c,s,in,tar,au,tartar,re,red,l,d']"
34866,emeril s crispy shrimp burgers,"mayonnaise, fresh lemon juice, scallion, parsley, creole mustard, garlic, sweet pickle relish, cayenne pepper, unsalted butter, onion, celery, green bell peppers, salt, medium shrimp, scallions, eggs, plain breadcrumbs, all-purpose flour, creole seasoning, water, vegetable oil, hamburger buns, lettuce, tomatoes",combine,13,"['flour,season,seasoning,sea,t,c,creole,s,p,in,f,re,l']"
34866,emeril s crispy shrimp burgers,"mayonnaise, fresh lemon juice, scallion, parsley, creole mustard, garlic, sweet pickle relish, cayenne pepper, unsalted butter, onion, celery, green bell peppers, salt, medium shrimp, scallions, eggs, plain breadcrumbs, all-purpose flour, creole seasoning, water, vegetable oil, hamburger buns, lettuce, tomatoes",combine,15,"['crumbs,read,bread,season,seasoning,sea,t,rum,c,creole,s,p,in,crumb,re,ad,l,d']"
34866,emeril s crispy shrimp burgers,"mayonnaise, fresh lemon juice, scallion, parsley, creole mustard, garlic, sweet pickle relish, cayenne pepper, unsalted butter, onion, celery, green bell peppers, salt, medium shrimp, scallions, eggs, plain breadcrumbs, all-purpose flour, creole seasoning, water, vegetable oil, hamburger buns, lettuce, tomatoes",refrigerate,2,"['t,f,re']"
34866,emeril s crispy shrimp burgers,"mayonnaise, fresh lemon juice, scallion, parsley, creole mustard, garlic, sweet pickle relish, cayenne pepper, unsalted butter, onion, celery, green bell peppers, salt, medium shrimp, scallions, eggs, plain breadcrumbs, all-purpose flour, creole seasoning, water, vegetable oil, hamburger buns, lettuce, tomatoes",melt,3,"['butter,t,heat,burger,s,in,medium,l,d']"
34866,emeril s crispy shrimp burgers,"mayonnaise, fresh lemon juice, scallion, parsley, creole mustard, garlic, sweet pickle relish, cayenne pepper, unsalted butter, onion, celery, green bell peppers, salt, medium shrimp, scallions, eggs, plain breadcrumbs, all-purpose flour, creole seasoning, water, vegetable oil, hamburger buns, lettuce, tomatoes",add,4,"['pepper,salt,cayenne,onion,celery,bell,t,c,s,p,ad,l,d']"
34866,emeril s crispy shrimp burgers,"mayonnaise, fresh lemon juice, scallion, parsley, creole mustard, garlic, sweet pickle relish, cayenne pepper, unsalted butter, onion, celery, green bell peppers, salt, medium shrimp, scallions, eggs, plain breadcrumbs, all-purpose flour, creole seasoning, water, vegetable oil, hamburger buns, lettuce, tomatoes",add,6,"['shrimp,cook,t,c,min,s,p,in,hr,ad,l,d']"
34866,emeril s crispy shrimp burgers,"mayonnaise, fresh lemon juice, scallion, parsley, creole mustard, garlic, sweet pickle relish, cayenne pepper, unsalted butter, onion, celery, green bell peppers, salt, medium shrimp, scallions, eggs, plain breadcrumbs, all-purpose flour, creole seasoning, water, vegetable oil, hamburger buns, lettuce, tomatoes",add,9,"['garlic,egg,crumbs,read,bread,rum,c,breadcrumbs,breadcrumb,scallion,s,p,crumb,re,ad,l,d']"
34866,emeril s crispy shrimp burgers,"mayonnaise, fresh lemon juice, scallion, parsley, creole mustard, garlic, sweet pickle relish, cayenne pepper, unsalted butter, onion, celery, green bell peppers, salt, medium shrimp, scallions, eggs, plain breadcrumbs, all-purpose flour, creole seasoning, water, vegetable oil, hamburger buns, lettuce, tomatoes",add,18,"['brown,cook,t,c,min,s,p,in,de,ad,patties,d']"
34866,emeril s crispy shrimp burgers,"mayonnaise, fresh lemon juice, scallion, parsley, creole mustard, garlic, sweet pickle relish, cayenne pepper, unsalted butter, onion, celery, green bell peppers, salt, medium shrimp, scallions, eggs, plain breadcrumbs, all-purpose flour, creole seasoning, water, vegetable oil, hamburger buns, lettuce, tomatoes",softened,5,"['cook,t,c,min,s,in,f,l,d']"
34866,emeril s crispy shrimp burgers,"mayonnaise, fresh lemon juice, scallion, parsley, creole mustard, garlic, sweet pickle relish, cayenne pepper, unsalted butter, onion, celery, green bell peppers, salt, medium shrimp, scallions, eggs, plain breadcrumbs, all-purpose flour, creole seasoning, water, vegetable oil, hamburger buns, lettuce, tomatoes",cook,6,"['shrimp,cook,t,c,min,s,p,in,hr,ad,l,d']"
34866,emeril s crispy shrimp burgers,"mayonnaise, fresh lemon juice, scallion, parsley, creole mustard, garlic, sweet pickle relish, cayenne pepper, unsalted butter, onion, celery, green bell peppers, salt, medium shrimp, scallions, eggs, plain breadcrumbs, all-purpose flour, creole seasoning, water, vegetable oil, hamburger buns, lettuce, tomatoes",transfer,7,"['t,mix,s,f,re,l']"
34866,emeril s crispy shrimp burgers,"mayonnaise, fresh lemon juice, scallion, parsley, creole mustard, garlic, sweet pickle relish, cayenne pepper, unsalted butter, onion, celery, green bell peppers, salt, medium shrimp, scallions, eggs, plain breadcrumbs, all-purpose flour, creole seasoning, water, vegetable oil, hamburger buns, lettuce, tomatoes",let,8,"['t,c,s,l']"
34866,emeril s crispy shrimp burgers,"mayonnaise, fresh lemon juice, scallion, parsley, creole mustard, garlic, sweet pickle relish, cayenne pepper, unsalted butter, onion, celery, green bell peppers, salt, medium shrimp, scallions, eggs, plain breadcrumbs, all-purpose flour, creole seasoning, water, vegetable oil, hamburger buns, lettuce, tomatoes",mix,10,['mix']
34866,emeril s crispy shrimp burgers,"mayonnaise, fresh lemon juice, scallion, parsley, creole mustard, garlic, sweet pickle relish, cayenne pepper, unsalted butter, onion, celery, green bell peppers, salt, medium shrimp, scallions, eggs, plain breadcrumbs, all-purpose flour, creole seasoning, water, vegetable oil, hamburger buns, lettuce, tomatoes",divide,11,"['t,s,p,in,de,l,d']"
34866,emeril s crispy shrimp burgers,"mayonnaise, fresh lemon juice, scallion, parsley, creole mustard, garlic, sweet pickle relish, cayenne pepper, unsalted butter, onion, celery, green bell peppers, salt, medium shrimp, scallions, eggs, plain breadcrumbs, all-purpose flour, creole seasoning, water, vegetable oil, hamburger buns, lettuce, tomatoes",shape,12,"['t,s,p,in,patties']"
34866,emeril s crispy shrimp burgers,"mayonnaise, fresh lemon juice, scallion, parsley, creole mustard, garlic, sweet pickle relish, cayenne pepper, unsalted butter, onion, celery, green bell peppers, salt, medium shrimp, scallions, eggs, plain breadcrumbs, all-purpose flour, creole seasoning, water, vegetable oil, hamburger buns, lettuce, tomatoes",beat,14,"['egg,water,t,table,s,p,in,f,re,l']"
34866,emeril s crispy shrimp burgers,"mayonnaise, fresh lemon juice, scallion, parsley, creole mustard, garlic, sweet pickle relish, cayenne pepper, unsalted butter, onion, celery, green bell peppers, salt, medium shrimp, scallions, eggs, plain breadcrumbs, all-purpose flour, creole seasoning, water, vegetable oil, hamburger buns, lettuce, tomatoes",remaining,14,"['egg,water,t,table,s,p,in,f,re,l']"
34866,emeril s crispy shrimp burgers,"mayonnaise, fresh lemon juice, scallion, parsley, creole mustard, garlic, sweet pickle relish, cayenne pepper, unsalted butter, onion, celery, green bell peppers, salt, medium shrimp, scallions, eggs, plain breadcrumbs, all-purpose flour, creole seasoning, water, vegetable oil, hamburger buns, lettuce, tomatoes",remaining,15,"['crumbs,read,bread,season,seasoning,sea,t,rum,c,creole,s,p,in,crumb,re,ad,l,d']"
34866,emeril s crispy shrimp burgers,"mayonnaise, fresh lemon juice, scallion, parsley, creole mustard, garlic, sweet pickle relish, cayenne pepper, unsalted butter, onion, celery, green bell peppers, salt, medium shrimp, scallions, eggs, plain breadcrumbs, all-purpose flour, creole seasoning, water, vegetable oil, hamburger buns, lettuce, tomatoes",dredge,16,"['flour,egg,crumbs,t,rum,c,mix,s,p,in,crumb,f,re,red,l,d']"
34866,emeril s crispy shrimp burgers,"mayonnaise, fresh lemon juice, scallion, parsley, creole mustard, garlic, sweet pickle relish, cayenne pepper, unsalted butter, onion, celery, green bell peppers, salt, medium shrimp, scallions, eggs, plain breadcrumbs, all-purpose flour, creole seasoning, water, vegetable oil, hamburger buns, lettuce, tomatoes",brown,18,"['brown,cook,t,c,min,s,p,in,de,ad,patties,d']"
34866,emeril s crispy shrimp burgers,"mayonnaise, fresh lemon juice, scallion, parsley, creole mustard, garlic, sweet pickle relish, cayenne pepper, unsalted butter, onion, celery, green bell peppers, salt, medium shrimp, scallions, eggs, plain breadcrumbs, all-purpose flour, creole seasoning, water, vegetable oil, hamburger buns, lettuce, tomatoes",drain,19,"['t,s,p,in,paper,l,d']"
34866,emeril s crispy shrimp burgers,"mayonnaise, fresh lemon juice, scallion, parsley, creole mustard, garlic, sweet pickle relish, cayenne pepper, unsalted butter, onion, celery, green bell peppers, salt, medium shrimp, scallions, eggs, plain breadcrumbs, all-purpose flour, creole seasoning, water, vegetable oil, hamburger buns, lettuce, tomatoes",spread,20,"['sauce,read,t,c,buns,bun,s,p,tar,au,tartar,re,ad,d']"
34866,emeril s crispy shrimp burgers,"mayonnaise, fresh lemon juice, scallion, parsley, creole mustard, garlic, sweet pickle relish, cayenne pepper, unsalted butter, onion, celery, green bell peppers, salt, medium shrimp, scallions, eggs, plain breadcrumbs, all-purpose flour, creole seasoning, water, vegetable oil, hamburger buns, lettuce, tomatoes",fill,21,"['tomato,lettuce,t,c,p,f,l,d']"
