Id,Name,AllIngredients,Verbs,Steps,Ingredient
35797,vietnamese egg rolls  nhems,"cellophane noodles, chicken quarters, onion, green onions, garlic cloves, water chestnuts, fish sauce, salt and pepper, cornstarch, dark soya sauce, crabmeat, water, lemon, juice of, sugar, red chili pepper, garlic, rice paper sheets, eggs, peanut oil, lettuce leaf, mint leaf, fresh cilantro",mix,1,{}
35797,vietnamese egg rolls  nhems,"cellophane noodles, chicken quarters, onion, green onions, garlic cloves, water chestnuts, fish sauce, salt and pepper, cornstarch, dark soya sauce, crabmeat, water, lemon, juice of, sugar, red chili pepper, garlic, rice paper sheets, eggs, peanut oil, lettuce leaf, mint leaf, fresh cilantro",filling,1,"['t,mix,s,in,f,re,red,l,d,nt,e,o,y,g,ts,r']"
35797,vietnamese egg rolls  nhems,"cellophane noodles, chicken quarters, onion, green onions, garlic cloves, water chestnuts, fish sauce, salt and pepper, cornstarch, dark soya sauce, crabmeat, water, lemon, juice of, sugar, red chili pepper, garlic, rice paper sheets, eggs, peanut oil, lettuce leaf, mint leaf, fresh cilantro",filling,3,"['in,f,l,g']"
35797,vietnamese egg rolls  nhems,"cellophane noodles, chicken quarters, onion, green onions, garlic cloves, water chestnuts, fish sauce, salt and pepper, cornstarch, dark soya sauce, crabmeat, water, lemon, juice of, sugar, red chili pepper, garlic, rice paper sheets, eggs, peanut oil, lettuce leaf, mint leaf, fresh cilantro",filling,9,"['t,c,s,p,in,meat,f,re,red,l,d,b,nt,e,ring,o,y,g,ts,r']"
35797,vietnamese egg rolls  nhems,"cellophane noodles, chicken quarters, onion, green onions, garlic cloves, water chestnuts, fish sauce, salt and pepper, cornstarch, dark soya sauce, crabmeat, water, lemon, juice of, sugar, red chili pepper, garlic, rice paper sheets, eggs, peanut oil, lettuce leaf, mint leaf, fresh cilantro",filling,22,"['t,c,s,p,in,pin,wrapper,f,re,l,d,b,nt,e,wrap,o,g,v,r']"
35797,vietnamese egg rolls  nhems,"cellophane noodles, chicken quarters, onion, green onions, garlic cloves, water chestnuts, fish sauce, salt and pepper, cornstarch, dark soya sauce, crabmeat, water, lemon, juice of, sugar, red chili pepper, garlic, rice paper sheets, eggs, peanut oil, lettuce leaf, mint leaf, fresh cilantro",do,1,"['t,mix,s,in,f,re,red,l,d,nt,e,o,y,g,ts,r']"
35797,vietnamese egg rolls  nhems,"cellophane noodles, chicken quarters, onion, green onions, garlic cloves, water chestnuts, fish sauce, salt and pepper, cornstarch, dark soya sauce, crabmeat, water, lemon, juice of, sugar, red chili pepper, garlic, rice paper sheets, eggs, peanut oil, lettuce leaf, mint leaf, fresh cilantro",have,2,"['sauce,t,c,s,p,au,l,nt,e,o,y,g,v,r']"
35797,vietnamese egg rolls  nhems,"cellophane noodles, chicken quarters, onion, green onions, garlic cloves, water chestnuts, fish sauce, salt and pepper, cornstarch, dark soya sauce, crabmeat, water, lemon, juice of, sugar, red chili pepper, garlic, rice paper sheets, eggs, peanut oil, lettuce leaf, mint leaf, fresh cilantro",have,15,"['corn,starch,cook,t,c,cornstarch,star,s,p,end,in,sheet,paper,de,tar,re,red,l,d,e,corns,o,y,g,v,r']"
35797,vietnamese egg rolls  nhems,"cellophane noodles, chicken quarters, onion, green onions, garlic cloves, water chestnuts, fish sauce, salt and pepper, cornstarch, dark soya sauce, crabmeat, water, lemon, juice of, sugar, red chili pepper, garlic, rice paper sheets, eggs, peanut oil, lettuce leaf, mint leaf, fresh cilantro",have,20,"['rice,t,c,ice,s,p,can,in,paper,f,l,nt,e,o,y,v,r']"
35797,vietnamese egg rolls  nhems,"cellophane noodles, chicken quarters, onion, green onions, garlic cloves, water chestnuts, fish sauce, salt and pepper, cornstarch, dark soya sauce, crabmeat, water, lemon, juice of, sugar, red chili pepper, garlic, rice paper sheets, eggs, peanut oil, lettuce leaf, mint leaf, fresh cilantro",play,2,"['sauce,t,c,s,p,au,l,nt,e,o,y,g,v,r']"
35797,vietnamese egg rolls  nhems,"cellophane noodles, chicken quarters, onion, green onions, garlic cloves, water chestnuts, fish sauce, salt and pepper, cornstarch, dark soya sauce, crabmeat, water, lemon, juice of, sugar, red chili pepper, garlic, rice paper sheets, eggs, peanut oil, lettuce leaf, mint leaf, fresh cilantro",get,2,"['sauce,t,c,s,p,au,l,nt,e,o,y,g,v,r']"
35797,vietnamese egg rolls  nhems,"cellophane noodles, chicken quarters, onion, green onions, garlic cloves, water chestnuts, fish sauce, salt and pepper, cornstarch, dark soya sauce, crabmeat, water, lemon, juice of, sugar, red chili pepper, garlic, rice paper sheets, eggs, peanut oil, lettuce leaf, mint leaf, fresh cilantro",boiled,5,"['oil,water,noodles,t,c,boil,s,p,in,noodle,l,d,b,e,o,v,r']"
35797,vietnamese egg rolls  nhems,"cellophane noodles, chicken quarters, onion, green onions, garlic cloves, water chestnuts, fish sauce, salt and pepper, cornstarch, dark soya sauce, crabmeat, water, lemon, juice of, sugar, red chili pepper, garlic, rice paper sheets, eggs, peanut oil, lettuce leaf, mint leaf, fresh cilantro",cover,5,"['oil,water,noodles,t,c,boil,s,p,in,noodle,l,d,b,e,o,v,r']"
35797,vietnamese egg rolls  nhems,"cellophane noodles, chicken quarters, onion, green onions, garlic cloves, water chestnuts, fish sauce, salt and pepper, cornstarch, dark soya sauce, crabmeat, water, lemon, juice of, sugar, red chili pepper, garlic, rice paper sheets, eggs, peanut oil, lettuce leaf, mint leaf, fresh cilantro",cover,22,"['t,c,s,p,in,pin,wrapper,f,re,l,d,b,nt,e,wrap,o,g,v,r']"
35797,vietnamese egg rolls  nhems,"cellophane noodles, chicken quarters, onion, green onions, garlic cloves, water chestnuts, fish sauce, salt and pepper, cornstarch, dark soya sauce, crabmeat, water, lemon, juice of, sugar, red chili pepper, garlic, rice paper sheets, eggs, peanut oil, lettuce leaf, mint leaf, fresh cilantro",cover,25,"['cook,t,c,s,p,can,in,l,d,nt,e,wrap,o,y,v,r']"
35797,vietnamese egg rolls  nhems,"cellophane noodles, chicken quarters, onion, green onions, garlic cloves, water chestnuts, fish sauce, salt and pepper, cornstarch, dark soya sauce, crabmeat, water, lemon, juice of, sugar, red chili pepper, garlic, rice paper sheets, eggs, peanut oil, lettuce leaf, mint leaf, fresh cilantro",let,6,"['t,s,p,in,re,red,l,d,nt,e,ring,o,g,ts,r']"
35797,vietnamese egg rolls  nhems,"cellophane noodles, chicken quarters, onion, green onions, garlic cloves, water chestnuts, fish sauce, salt and pepper, cornstarch, dark soya sauce, crabmeat, water, lemon, juice of, sugar, red chili pepper, garlic, rice paper sheets, eggs, peanut oil, lettuce leaf, mint leaf, fresh cilantro",sit,6,"['t,s,p,in,re,red,l,d,nt,e,ring,o,g,ts,r']"
35797,vietnamese egg rolls  nhems,"cellophane noodles, chicken quarters, onion, green onions, garlic cloves, water chestnuts, fish sauce, salt and pepper, cornstarch, dark soya sauce, crabmeat, water, lemon, juice of, sugar, red chili pepper, garlic, rice paper sheets, eggs, peanut oil, lettuce leaf, mint leaf, fresh cilantro",preparing,6,"['t,s,p,in,re,red,l,d,nt,e,ring,o,g,ts,r']"
35797,vietnamese egg rolls  nhems,"cellophane noodles, chicken quarters, onion, green onions, garlic cloves, water chestnuts, fish sauce, salt and pepper, cornstarch, dark soya sauce, crabmeat, water, lemon, juice of, sugar, red chili pepper, garlic, rice paper sheets, eggs, peanut oil, lettuce leaf, mint leaf, fresh cilantro",preparing,9,"['t,c,s,p,in,meat,f,re,red,l,d,b,nt,e,ring,o,y,g,ts,r']"
35797,vietnamese egg rolls  nhems,"cellophane noodles, chicken quarters, onion, green onions, garlic cloves, water chestnuts, fish sauce, salt and pepper, cornstarch, dark soya sauce, crabmeat, water, lemon, juice of, sugar, red chili pepper, garlic, rice paper sheets, eggs, peanut oil, lettuce leaf, mint leaf, fresh cilantro",use,7,"['read,t,c,s,p,in,re,ad,l,d,b,e,o,y,r']"
35797,vietnamese egg rolls  nhems,"cellophane noodles, chicken quarters, onion, green onions, garlic cloves, water chestnuts, fish sauce, salt and pepper, cornstarch, dark soya sauce, crabmeat, water, lemon, juice of, sugar, red chili pepper, garlic, rice paper sheets, eggs, peanut oil, lettuce leaf, mint leaf, fresh cilantro",use,11,"['rice,t,c,ice,s,p,round,kitchen,paper,dish,re,l,d,b,nt,e,o,y,g,v,r']"
35797,vietnamese egg rolls  nhems,"cellophane noodles, chicken quarters, onion, green onions, garlic cloves, water chestnuts, fish sauce, salt and pepper, cornstarch, dark soya sauce, crabmeat, water, lemon, juice of, sugar, red chili pepper, garlic, rice paper sheets, eggs, peanut oil, lettuce leaf, mint leaf, fresh cilantro",use,13,"['water,t,c,s,p,f,re,l,d,b,e,o,v,r']"
35797,vietnamese egg rolls  nhems,"cellophane noodles, chicken quarters, onion, green onions, garlic cloves, water chestnuts, fish sauce, salt and pepper, cornstarch, dark soya sauce, crabmeat, water, lemon, juice of, sugar, red chili pepper, garlic, rice paper sheets, eggs, peanut oil, lettuce leaf, mint leaf, fresh cilantro",drain,7,"['read,t,c,s,p,in,re,ad,l,d,b,e,o,y,r']"
35797,vietnamese egg rolls  nhems,"cellophane noodles, chicken quarters, onion, green onions, garlic cloves, water chestnuts, fish sauce, salt and pepper, cornstarch, dark soya sauce, crabmeat, water, lemon, juice of, sugar, red chili pepper, garlic, rice paper sheets, eggs, peanut oil, lettuce leaf, mint leaf, fresh cilantro",cut,8,"['t,c,s,e,o,y,r']"
35797,vietnamese egg rolls  nhems,"cellophane noodles, chicken quarters, onion, green onions, garlic cloves, water chestnuts, fish sauce, salt and pepper, cornstarch, dark soya sauce, crabmeat, water, lemon, juice of, sugar, red chili pepper, garlic, rice paper sheets, eggs, peanut oil, lettuce leaf, mint leaf, fresh cilantro",combine,9,"['t,c,s,p,in,meat,f,re,red,l,d,b,nt,e,ring,o,y,g,ts,r']"
35797,vietnamese egg rolls  nhems,"cellophane noodles, chicken quarters, onion, green onions, garlic cloves, water chestnuts, fish sauce, salt and pepper, cornstarch, dark soya sauce, crabmeat, water, lemon, juice of, sugar, red chili pepper, garlic, rice paper sheets, eggs, peanut oil, lettuce leaf, mint leaf, fresh cilantro",set,10,"['t,s,de,d,e']"
35797,vietnamese egg rolls  nhems,"cellophane noodles, chicken quarters, onion, green onions, garlic cloves, water chestnuts, fish sauce, salt and pepper, cornstarch, dark soya sauce, crabmeat, water, lemon, juice of, sugar, red chili pepper, garlic, rice paper sheets, eggs, peanut oil, lettuce leaf, mint leaf, fresh cilantro",leave,11,"['rice,t,c,ice,s,p,round,kitchen,paper,dish,re,l,d,b,nt,e,o,y,g,v,r']"
35797,vietnamese egg rolls  nhems,"cellophane noodles, chicken quarters, onion, green onions, garlic cloves, water chestnuts, fish sauce, salt and pepper, cornstarch, dark soya sauce, crabmeat, water, lemon, juice of, sugar, red chili pepper, garlic, rice paper sheets, eggs, peanut oil, lettuce leaf, mint leaf, fresh cilantro",stretch,11,"['rice,t,c,ice,s,p,round,kitchen,paper,dish,re,l,d,b,nt,e,o,y,g,v,r']"
35797,vietnamese egg rolls  nhems,"cellophane noodles, chicken quarters, onion, green onions, garlic cloves, water chestnuts, fish sauce, salt and pepper, cornstarch, dark soya sauce, crabmeat, water, lemon, juice of, sugar, red chili pepper, garlic, rice paper sheets, eggs, peanut oil, lettuce leaf, mint leaf, fresh cilantro",place,12,"['sugar,water,rice,t,c,ice,hole,s,p,paper,date,f,l,warm,d,b,e,o,g,r']"
35797,vietnamese egg rolls  nhems,"cellophane noodles, chicken quarters, onion, green onions, garlic cloves, water chestnuts, fish sauce, salt and pepper, cornstarch, dark soya sauce, crabmeat, water, lemon, juice of, sugar, red chili pepper, garlic, rice paper sheets, eggs, peanut oil, lettuce leaf, mint leaf, fresh cilantro",place,14,"['eggs,egg,chicken,t,c,mix,s,p,f,re,chick,l,d,b,e,o,y,g,r']"
35797,vietnamese egg rolls  nhems,"cellophane noodles, chicken quarters, onion, green onions, garlic cloves, water chestnuts, fish sauce, salt and pepper, cornstarch, dark soya sauce, crabmeat, water, lemon, juice of, sugar, red chili pepper, garlic, rice paper sheets, eggs, peanut oil, lettuce leaf, mint leaf, fresh cilantro",place,22,"['t,c,s,p,in,pin,wrapper,f,re,l,d,b,nt,e,wrap,o,g,v,r']"
35797,vietnamese egg rolls  nhems,"cellophane noodles, chicken quarters, onion, green onions, garlic cloves, water chestnuts, fish sauce, salt and pepper, cornstarch, dark soya sauce, crabmeat, water, lemon, juice of, sugar, red chili pepper, garlic, rice paper sheets, eggs, peanut oil, lettuce leaf, mint leaf, fresh cilantro",place,31,"['leaf,leaves,mint,lettuce,t,c,min,s,p,in,f,l,nt,e,o,g,v,r']"
35797,vietnamese egg rolls  nhems,"cellophane noodles, chicken quarters, onion, green onions, garlic cloves, water chestnuts, fish sauce, salt and pepper, cornstarch, dark soya sauce, crabmeat, water, lemon, juice of, sugar, red chili pepper, garlic, rice paper sheets, eggs, peanut oil, lettuce leaf, mint leaf, fresh cilantro",accommodate,12,"['sugar,water,rice,t,c,ice,hole,s,p,paper,date,f,l,warm,d,b,e,o,g,r']"
35797,vietnamese egg rolls  nhems,"cellophane noodles, chicken quarters, onion, green onions, garlic cloves, water chestnuts, fish sauce, salt and pepper, cornstarch, dark soya sauce, crabmeat, water, lemon, juice of, sugar, red chili pepper, garlic, rice paper sheets, eggs, peanut oil, lettuce leaf, mint leaf, fresh cilantro",make,13,"['water,t,c,s,p,f,re,l,d,b,e,o,v,r']"
35797,vietnamese egg rolls  nhems,"cellophane noodles, chicken quarters, onion, green onions, garlic cloves, water chestnuts, fish sauce, salt and pepper, cornstarch, dark soya sauce, crabmeat, water, lemon, juice of, sugar, red chili pepper, garlic, rice paper sheets, eggs, peanut oil, lettuce leaf, mint leaf, fresh cilantro",make,15,"['corn,starch,cook,t,c,cornstarch,star,s,p,end,in,sheet,paper,de,tar,re,red,l,d,e,corns,o,y,g,v,r']"
35797,vietnamese egg rolls  nhems,"cellophane noodles, chicken quarters, onion, green onions, garlic cloves, water chestnuts, fish sauce, salt and pepper, cornstarch, dark soya sauce, crabmeat, water, lemon, juice of, sugar, red chili pepper, garlic, rice paper sheets, eggs, peanut oil, lettuce leaf, mint leaf, fresh cilantro",dissolved,13,"['water,t,c,s,p,f,re,l,d,b,e,o,v,r']"
35797,vietnamese egg rolls  nhems,"cellophane noodles, chicken quarters, onion, green onions, garlic cloves, water chestnuts, fish sauce, salt and pepper, cornstarch, dark soya sauce, crabmeat, water, lemon, juice of, sugar, red chili pepper, garlic, rice paper sheets, eggs, peanut oil, lettuce leaf, mint leaf, fresh cilantro",beaten,14,"['eggs,egg,chicken,t,c,mix,s,p,f,re,chick,l,d,b,e,o,y,g,r']"
35797,vietnamese egg rolls  nhems,"cellophane noodles, chicken quarters, onion, green onions, garlic cloves, water chestnuts, fish sauce, salt and pepper, cornstarch, dark soya sauce, crabmeat, water, lemon, juice of, sugar, red chili pepper, garlic, rice paper sheets, eggs, peanut oil, lettuce leaf, mint leaf, fresh cilantro",beaten,21,"['egg,t,c,s,p,in,pastry,past,pie,f,top,pieces,d,b,nt,e,edge,o,y,g,v,r']"
35797,vietnamese egg rolls  nhems,"cellophane noodles, chicken quarters, onion, green onions, garlic cloves, water chestnuts, fish sauce, salt and pepper, cornstarch, dark soya sauce, crabmeat, water, lemon, juice of, sugar, red chili pepper, garlic, rice paper sheets, eggs, peanut oil, lettuce leaf, mint leaf, fresh cilantro",lined,15,"['corn,starch,cook,t,c,cornstarch,star,s,p,end,in,sheet,paper,de,tar,re,red,l,d,e,corns,o,y,g,v,r']"
35797,vietnamese egg rolls  nhems,"cellophane noodles, chicken quarters, onion, green onions, garlic cloves, water chestnuts, fish sauce, salt and pepper, cornstarch, dark soya sauce, crabmeat, water, lemon, juice of, sugar, red chili pepper, garlic, rice paper sheets, eggs, peanut oil, lettuce leaf, mint leaf, fresh cilantro",sprinkled,15,"['corn,starch,cook,t,c,cornstarch,star,s,p,end,in,sheet,paper,de,tar,re,red,l,d,e,corns,o,y,g,v,r']"
35797,vietnamese egg rolls  nhems,"cellophane noodles, chicken quarters, onion, green onions, garlic cloves, water chestnuts, fish sauce, salt and pepper, cornstarch, dark soya sauce, crabmeat, water, lemon, juice of, sugar, red chili pepper, garlic, rice paper sheets, eggs, peanut oil, lettuce leaf, mint leaf, fresh cilantro",prepared,15,"['corn,starch,cook,t,c,cornstarch,star,s,p,end,in,sheet,paper,de,tar,re,red,l,d,e,corns,o,y,g,v,r']"
35797,vietnamese egg rolls  nhems,"cellophane noodles, chicken quarters, onion, green onions, garlic cloves, water chestnuts, fish sauce, salt and pepper, cornstarch, dark soya sauce, crabmeat, water, lemon, juice of, sugar, red chili pepper, garlic, rice paper sheets, eggs, peanut oil, lettuce leaf, mint leaf, fresh cilantro",depending,15,"['corn,starch,cook,t,c,cornstarch,star,s,p,end,in,sheet,paper,de,tar,re,red,l,d,e,corns,o,y,g,v,r']"
35797,vietnamese egg rolls  nhems,"cellophane noodles, chicken quarters, onion, green onions, garlic cloves, water chestnuts, fish sauce, salt and pepper, cornstarch, dark soya sauce, crabmeat, water, lemon, juice of, sugar, red chili pepper, garlic, rice paper sheets, eggs, peanut oil, lettuce leaf, mint leaf, fresh cilantro",keep,16,"['water,t,c,s,p,can,in,f,l,b,e,o,y,g,r']"
35797,vietnamese egg rolls  nhems,"cellophane noodles, chicken quarters, onion, green onions, garlic cloves, water chestnuts, fish sauce, salt and pepper, cornstarch, dark soya sauce, crabmeat, water, lemon, juice of, sugar, red chili pepper, garlic, rice paper sheets, eggs, peanut oil, lettuce leaf, mint leaf, fresh cilantro",rinse,16,"['water,t,c,s,p,can,in,f,l,b,e,o,y,g,r']"
35797,vietnamese egg rolls  nhems,"cellophane noodles, chicken quarters, onion, green onions, garlic cloves, water chestnuts, fish sauce, salt and pepper, cornstarch, dark soya sauce, crabmeat, water, lemon, juice of, sugar, red chili pepper, garlic, rice paper sheets, eggs, peanut oil, lettuce leaf, mint leaf, fresh cilantro",fit,17,"['rice,t,c,ice,s,p,can,paper,dish,f,l,d,e,o,y,r']"
35797,vietnamese egg rolls  nhems,"cellophane noodles, chicken quarters, onion, green onions, garlic cloves, water chestnuts, fish sauce, salt and pepper, cornstarch, dark soya sauce, crabmeat, water, lemon, juice of, sugar, red chili pepper, garlic, rice paper sheets, eggs, peanut oil, lettuce leaf, mint leaf, fresh cilantro",fit,20,"['rice,t,c,ice,s,p,can,in,paper,f,l,nt,e,o,y,v,r']"
35797,vietnamese egg rolls  nhems,"cellophane noodles, chicken quarters, onion, green onions, garlic cloves, water chestnuts, fish sauce, salt and pepper, cornstarch, dark soya sauce, crabmeat, water, lemon, juice of, sugar, red chili pepper, garlic, rice paper sheets, eggs, peanut oil, lettuce leaf, mint leaf, fresh cilantro",dip,18,"['sugar,water,t,c,s,p,in,dip,f,l,d,b,e,o,g,v,r']"
35797,vietnamese egg rolls  nhems,"cellophane noodles, chicken quarters, onion, green onions, garlic cloves, water chestnuts, fish sauce, salt and pepper, cornstarch, dark soya sauce, crabmeat, water, lemon, juice of, sugar, red chili pepper, garlic, rice paper sheets, eggs, peanut oil, lettuce leaf, mint leaf, fresh cilantro",dip,32,"['sauce,t,c,s,p,in,dip,au,one,d,e,o,y,r']"
35797,vietnamese egg rolls  nhems,"cellophane noodles, chicken quarters, onion, green onions, garlic cloves, water chestnuts, fish sauce, salt and pepper, cornstarch, dark soya sauce, crabmeat, water, lemon, juice of, sugar, red chili pepper, garlic, rice paper sheets, eggs, peanut oil, lettuce leaf, mint leaf, fresh cilantro",flip,18,"['sugar,water,t,c,s,p,in,dip,f,l,d,b,e,o,g,v,r']"
35797,vietnamese egg rolls  nhems,"cellophane noodles, chicken quarters, onion, green onions, garlic cloves, water chestnuts, fish sauce, salt and pepper, cornstarch, dark soya sauce, crabmeat, water, lemon, juice of, sugar, red chili pepper, garlic, rice paper sheets, eggs, peanut oil, lettuce leaf, mint leaf, fresh cilantro",softened,19,"['t,c,s,p,paper,dish,f,l,d,e,o,r']"
35797,vietnamese egg rolls  nhems,"cellophane noodles, chicken quarters, onion, green onions, garlic cloves, water chestnuts, fish sauce, salt and pepper, cornstarch, dark soya sauce, crabmeat, water, lemon, juice of, sugar, red chili pepper, garlic, rice paper sheets, eggs, peanut oil, lettuce leaf, mint leaf, fresh cilantro",continue,20,"['rice,t,c,ice,s,p,can,in,paper,f,l,nt,e,o,y,v,r']"
35797,vietnamese egg rolls  nhems,"cellophane noodles, chicken quarters, onion, green onions, garlic cloves, water chestnuts, fish sauce, salt and pepper, cornstarch, dark soya sauce, crabmeat, water, lemon, juice of, sugar, red chili pepper, garlic, rice paper sheets, eggs, peanut oil, lettuce leaf, mint leaf, fresh cilantro",continue,23,"['t,c,mix,s,p,in,roll,pin,de,f,re,l,d,nt,e,o,y,g,firm,r']"
35797,vietnamese egg rolls  nhems,"cellophane noodles, chicken quarters, onion, green onions, garlic cloves, water chestnuts, fish sauce, salt and pepper, cornstarch, dark soya sauce, crabmeat, water, lemon, juice of, sugar, red chili pepper, garlic, rice paper sheets, eggs, peanut oil, lettuce leaf, mint leaf, fresh cilantro",paint,21,"['egg,t,c,s,p,in,pastry,past,pie,f,top,pieces,d,b,nt,e,edge,o,y,g,v,r']"
35797,vietnamese egg rolls  nhems,"cellophane noodles, chicken quarters, onion, green onions, garlic cloves, water chestnuts, fish sauce, salt and pepper, cornstarch, dark soya sauce, crabmeat, water, lemon, juice of, sugar, red chili pepper, garlic, rice paper sheets, eggs, peanut oil, lettuce leaf, mint leaf, fresh cilantro",looks,22,"['t,c,s,p,in,pin,wrapper,f,re,l,d,b,nt,e,wrap,o,g,v,r']"
35797,vietnamese egg rolls  nhems,"cellophane noodles, chicken quarters, onion, green onions, garlic cloves, water chestnuts, fish sauce, salt and pepper, cornstarch, dark soya sauce, crabmeat, water, lemon, juice of, sugar, red chili pepper, garlic, rice paper sheets, eggs, peanut oil, lettuce leaf, mint leaf, fresh cilantro",fold,22,"['t,c,s,p,in,pin,wrapper,f,re,l,d,b,nt,e,wrap,o,g,v,r']"
35797,vietnamese egg rolls  nhems,"cellophane noodles, chicken quarters, onion, green onions, garlic cloves, water chestnuts, fish sauce, salt and pepper, cornstarch, dark soya sauce, crabmeat, water, lemon, juice of, sugar, red chili pepper, garlic, rice paper sheets, eggs, peanut oil, lettuce leaf, mint leaf, fresh cilantro",fold,23,"['t,c,mix,s,p,in,roll,pin,de,f,re,l,d,nt,e,o,y,g,firm,r']"
35797,vietnamese egg rolls  nhems,"cellophane noodles, chicken quarters, onion, green onions, garlic cloves, water chestnuts, fish sauce, salt and pepper, cornstarch, dark soya sauce, crabmeat, water, lemon, juice of, sugar, red chili pepper, garlic, rice paper sheets, eggs, peanut oil, lettuce leaf, mint leaf, fresh cilantro",keeping,23,"['t,c,mix,s,p,in,roll,pin,de,f,re,l,d,nt,e,o,y,g,firm,r']"
35797,vietnamese egg rolls  nhems,"cellophane noodles, chicken quarters, onion, green onions, garlic cloves, water chestnuts, fish sauce, salt and pepper, cornstarch, dark soya sauce, crabmeat, water, lemon, juice of, sugar, red chili pepper, garlic, rice paper sheets, eggs, peanut oil, lettuce leaf, mint leaf, fresh cilantro",tucked,23,"['t,c,mix,s,p,in,roll,pin,de,f,re,l,d,nt,e,o,y,g,firm,r']"
35797,vietnamese egg rolls  nhems,"cellophane noodles, chicken quarters, onion, green onions, garlic cloves, water chestnuts, fish sauce, salt and pepper, cornstarch, dark soya sauce, crabmeat, water, lemon, juice of, sugar, red chili pepper, garlic, rice paper sheets, eggs, peanut oil, lettuce leaf, mint leaf, fresh cilantro",roll,23,"['t,c,mix,s,p,in,roll,pin,de,f,re,l,d,nt,e,o,y,g,firm,r']"
35797,vietnamese egg rolls  nhems,"cellophane noodles, chicken quarters, onion, green onions, garlic cloves, water chestnuts, fish sauce, salt and pepper, cornstarch, dark soya sauce, crabmeat, water, lemon, juice of, sugar, red chili pepper, garlic, rice paper sheets, eggs, peanut oil, lettuce leaf, mint leaf, fresh cilantro",cook,25,"['cook,t,c,s,p,can,in,l,d,nt,e,wrap,o,y,v,r']"
35797,vietnamese egg rolls  nhems,"cellophane noodles, chicken quarters, onion, green onions, garlic cloves, water chestnuts, fish sauce, salt and pepper, cornstarch, dark soya sauce, crabmeat, water, lemon, juice of, sugar, red chili pepper, garlic, rice paper sheets, eggs, peanut oil, lettuce leaf, mint leaf, fresh cilantro",cooking,26,"['cook,c,cooking,in,o,g']"
35797,vietnamese egg rolls  nhems,"cellophane noodles, chicken quarters, onion, green onions, garlic cloves, water chestnuts, fish sauce, salt and pepper, cornstarch, dark soya sauce, crabmeat, water, lemon, juice of, sugar, red chili pepper, garlic, rice paper sheets, eggs, peanut oil, lettuce leaf, mint leaf, fresh cilantro",put,27,"['oil,peanut,pan,t,c,heat,pea,s,p,in,de,f,l,d,b,nt,e,gold,ring,nut,o,y,g,r']"
35797,vietnamese egg rolls  nhems,"cellophane noodles, chicken quarters, onion, green onions, garlic cloves, water chestnuts, fish sauce, salt and pepper, cornstarch, dark soya sauce, crabmeat, water, lemon, juice of, sugar, red chili pepper, garlic, rice paper sheets, eggs, peanut oil, lettuce leaf, mint leaf, fresh cilantro",take,28,"['t,min,s,in,l,b,e,nut,o']"
35797,vietnamese egg rolls  nhems,"cellophane noodles, chicken quarters, onion, green onions, garlic cloves, water chestnuts, fish sauce, salt and pepper, cornstarch, dark soya sauce, crabmeat, water, lemon, juice of, sugar, red chili pepper, garlic, rice paper sheets, eggs, peanut oil, lettuce leaf, mint leaf, fresh cilantro",serve,29,"['t,c,s,p,in,roll,spring,rolls,f,l,d,e,ring,o,g,v,r']"
35797,vietnamese egg rolls  nhems,"cellophane noodles, chicken quarters, onion, green onions, garlic cloves, water chestnuts, fish sauce, salt and pepper, cornstarch, dark soya sauce, crabmeat, water, lemon, juice of, sugar, red chili pepper, garlic, rice paper sheets, eggs, peanut oil, lettuce leaf, mint leaf, fresh cilantro",proceed,29,"['t,c,s,p,in,roll,spring,rolls,f,l,d,e,ring,o,g,v,r']"
35797,vietnamese egg rolls  nhems,"cellophane noodles, chicken quarters, onion, green onions, garlic cloves, water chestnuts, fish sauce, salt and pepper, cornstarch, dark soya sauce, crabmeat, water, lemon, juice of, sugar, red chili pepper, garlic, rice paper sheets, eggs, peanut oil, lettuce leaf, mint leaf, fresh cilantro",follows,29,"['t,c,s,p,in,roll,spring,rolls,f,l,d,e,ring,o,g,v,r']"
35797,vietnamese egg rolls  nhems,"cellophane noodles, chicken quarters, onion, green onions, garlic cloves, water chestnuts, fish sauce, salt and pepper, cornstarch, dark soya sauce, crabmeat, water, lemon, juice of, sugar, red chili pepper, garlic, rice paper sheets, eggs, peanut oil, lettuce leaf, mint leaf, fresh cilantro",arrange,30,"['vegetable,leaves,mint,lettuce,t,table,c,min,s,p,in,veg,f,re,red,l,d,b,nt,e,o,g,ts,v,r']"
35797,vietnamese egg rolls  nhems,"cellophane noodles, chicken quarters, onion, green onions, garlic cloves, water chestnuts, fish sauce, salt and pepper, cornstarch, dark soya sauce, crabmeat, water, lemon, juice of, sugar, red chili pepper, garlic, rice paper sheets, eggs, peanut oil, lettuce leaf, mint leaf, fresh cilantro",using,31,"['leaf,leaves,mint,lettuce,t,c,min,s,p,in,f,l,nt,e,o,g,v,r']"
35797,vietnamese egg rolls  nhems,"cellophane noodles, chicken quarters, onion, green onions, garlic cloves, water chestnuts, fish sauce, salt and pepper, cornstarch, dark soya sauce, crabmeat, water, lemon, juice of, sugar, red chili pepper, garlic, rice paper sheets, eggs, peanut oil, lettuce leaf, mint leaf, fresh cilantro",try,32,"['sauce,t,c,s,p,in,dip,au,one,d,e,o,y,r']"
35797,vietnamese egg rolls  nhems,"cellophane noodles, chicken quarters, onion, green onions, garlic cloves, water chestnuts, fish sauce, salt and pepper, cornstarch, dark soya sauce, crabmeat, water, lemon, juice of, sugar, red chili pepper, garlic, rice paper sheets, eggs, peanut oil, lettuce leaf, mint leaf, fresh cilantro",eat,32,"['sauce,t,c,s,p,in,dip,au,one,d,e,o,y,r']"
