Id,Name,AllIngredients,Verbs,Steps,Ingredient
3858,shepherd s pie with eggplant  aubergine,"potatoes, butter, salt and pepper, yogurt, chives, parsley, onion, garlic clove, salt, black pepper, celery, mushrooms, eggplant, green bell pepper, thyme, basil, oregano, peas, cheddar cheese, wheat germ, cider vinegar",cook,2,"['oil,water,pot,cook,potatoes,t,c,boil,boiling,potato,s,p,in,f,l,b,nt,e,o,g']"
3858,shepherd s pie with eggplant  aubergine,"potatoes, butter, salt and pepper, yogurt, chives, parsley, onion, garlic clove, salt, black pepper, celery, mushrooms, eggplant, green bell pepper, thyme, basil, oregano, peas, cheddar cheese, wheat germ, cider vinegar",cook,7,"['cook,t,c,heat,s,in,l,e,ring,o,y,g,v']"
3858,shepherd s pie with eggplant  aubergine,"potatoes, butter, salt and pepper, yogurt, chives, parsley, onion, garlic clove, salt, black pepper, celery, mushrooms, eggplant, green bell pepper, thyme, basil, oregano, peas, cheddar cheese, wheat germ, cider vinegar",drain,3,"['t,s,in,f,re,red,d,ash,nt,e,g,ts']"
3858,shepherd s pie with eggplant  aubergine,"potatoes, butter, salt and pepper, yogurt, chives, parsley, onion, garlic clove, salt, black pepper, celery, mushrooms, eggplant, green bell pepper, thyme, basil, oregano, peas, cheddar cheese, wheat germ, cider vinegar",mash,3,"['t,s,in,f,re,red,d,ash,nt,e,g,ts']"
3858,shepherd s pie with eggplant  aubergine,"potatoes, butter, salt and pepper, yogurt, chives, parsley, onion, garlic clove, salt, black pepper, celery, mushrooms, eggplant, green bell pepper, thyme, basil, oregano, peas, cheddar cheese, wheat germ, cider vinegar",set,4,"['t,s,de,d,e']"
3858,shepherd s pie with eggplant  aubergine,"potatoes, butter, salt and pepper, yogurt, chives, parsley, onion, garlic clove, salt, black pepper, celery, mushrooms, eggplant, green bell pepper, thyme, basil, oregano, peas, cheddar cheese, wheat germ, cider vinegar",add,6,"['egg,mushrooms,celery,mushroom,room,t,c,eggplant,plan,s,p,shrooms,mu,hr,ad,l,d,nt,e,o,y,g']"
3858,shepherd s pie with eggplant  aubergine,"potatoes, butter, salt and pepper, yogurt, chives, parsley, onion, garlic clove, salt, black pepper, celery, mushrooms, eggplant, green bell pepper, thyme, basil, oregano, peas, cheddar cheese, wheat germ, cider vinegar",add,8,"['pepper,egg,cook,t,c,eggplant,peas,herbs,plan,pea,s,p,hr,re,ad,l,d,b,nt,e,green,o,herb,g']"
3858,shepherd s pie with eggplant  aubergine,"potatoes, butter, salt and pepper, yogurt, chives, parsley, onion, garlic clove, salt, black pepper, celery, mushrooms, eggplant, green bell pepper, thyme, basil, oregano, peas, cheddar cheese, wheat germ, cider vinegar",stirring,7,"['cook,t,c,heat,s,in,l,e,ring,o,y,g,v']"
3858,shepherd s pie with eggplant  aubergine,"potatoes, butter, salt and pepper, yogurt, chives, parsley, onion, garlic clove, salt, black pepper, celery, mushrooms, eggplant, green bell pepper, thyme, basil, oregano, peas, cheddar cheese, wheat germ, cider vinegar",cooked,8,"['pepper,egg,cook,t,c,eggplant,peas,herbs,plan,pea,s,p,hr,re,ad,l,d,b,nt,e,green,o,herb,g']"
3858,shepherd s pie with eggplant  aubergine,"potatoes, butter, salt and pepper, yogurt, chives, parsley, onion, garlic clove, salt, black pepper, celery, mushrooms, eggplant, green bell pepper, thyme, basil, oregano, peas, cheddar cheese, wheat germ, cider vinegar",continue,9,"['cook,t,c,cooking,min,s,in,l,b,nt,e,nut,o,g']"
3858,shepherd s pie with eggplant  aubergine,"potatoes, butter, salt and pepper, yogurt, chives, parsley, onion, garlic clove, salt, black pepper, celery, mushrooms, eggplant, green bell pepper, thyme, basil, oregano, peas, cheddar cheese, wheat germ, cider vinegar",cooking,9,"['cook,t,c,cooking,min,s,in,l,b,nt,e,nut,o,g']"
3858,shepherd s pie with eggplant  aubergine,"potatoes, butter, salt and pepper, yogurt, chives, parsley, onion, garlic clove, salt, black pepper, celery, mushrooms, eggplant, green bell pepper, thyme, basil, oregano, peas, cheddar cheese, wheat germ, cider vinegar",remove,10,"['t,heat,f,re,e,o,v']"
3858,shepherd s pie with eggplant  aubergine,"potatoes, butter, salt and pepper, yogurt, chives, parsley, onion, garlic clove, salt, black pepper, celery, mushrooms, eggplant, green bell pepper, thyme, basil, oregano, peas, cheddar cheese, wheat germ, cider vinegar",toss,11,"['cheese,vinegar,t,c,wheat,heat,s,in,germ,vin,d,e,vine,o,g,v']"
3858,shepherd s pie with eggplant  aubergine,"potatoes, butter, salt and pepper, yogurt, chives, parsley, onion, garlic clove, salt, black pepper, celery, mushrooms, eggplant, green bell pepper, thyme, basil, oregano, peas, cheddar cheese, wheat germ, cider vinegar",spread,12,"['butter,read,t,c,mix,s,p,in,dish,de,-,re,ad,red,l,d,b,nt,e,butt,o,y']"
3858,shepherd s pie with eggplant  aubergine,"potatoes, butter, salt and pepper, yogurt, chives, parsley, onion, garlic clove, salt, black pepper, celery, mushrooms, eggplant, green bell pepper, thyme, basil, oregano, peas, cheddar cheese, wheat germ, cider vinegar",spread,13,"['read,pot,potatoes,t,c,potato,s,p,crust,top,re,ad,d,ash,e,o']"
3858,shepherd s pie with eggplant  aubergine,"potatoes, butter, salt and pepper, yogurt, chives, parsley, onion, garlic clove, salt, black pepper, celery, mushrooms, eggplant, green bell pepper, thyme, basil, oregano, peas, cheddar cheese, wheat germ, cider vinegar",sprinkle,14,"['cheese,paprika,t,c,s,p,in,top,l,e,o']"
3858,shepherd s pie with eggplant  aubergine,"potatoes, butter, salt and pepper, yogurt, chives, parsley, onion, garlic clove, salt, black pepper, celery, mushrooms, eggplant, green bell pepper, thyme, basil, oregano, peas, cheddar cheese, wheat germ, cider vinegar",bake,15,"['t,c,min,s,in,re,red,d,b,e,nut,o,v']"
3858,shepherd s pie with eggplant  aubergine,"potatoes, butter, salt and pepper, yogurt, chives, parsley, onion, garlic clove, salt, black pepper, celery, mushrooms, eggplant, green bell pepper, thyme, basil, oregano, peas, cheddar cheese, wheat germ, cider vinegar",uncovered,15,"['t,c,min,s,in,re,red,d,b,e,nut,o,v']"
