Id,Name,AllIngredients,Verbs,Steps,Ingredient
40357,portabella chicken burgers,"portabella mushroom cap, unsalted butter, shallot, fresh ginger, garlic, dry vermouth, fresh breadcrumbs, ground chicken, olive oil, monterey jack pepper cheese, hamburger buns, mixed spice, lemon pepper, paprika, chili powder, ground ginger, sugar, ground cumin, dried oregano, dried thyme",scape,1,{}
40357,portabella chicken burgers,"portabella mushroom cap, unsalted butter, shallot, fresh ginger, garlic, dry vermouth, fresh breadcrumbs, ground chicken, olive oil, monterey jack pepper cheese, hamburger buns, mixed spice, lemon pepper, paprika, chili powder, ground ginger, sugar, ground cumin, dried oregano, dried thyme",discard,1,"['mushrooms,mushroom,room,bell,t,c,s,p,shrooms,de,f,mu,hr,l,d,b,e,o,y']"
40357,portabella chicken burgers,"portabella mushroom cap, unsalted butter, shallot, fresh ginger, garlic, dry vermouth, fresh breadcrumbs, ground chicken, olive oil, monterey jack pepper cheese, hamburger buns, mixed spice, lemon pepper, paprika, chili powder, ground ginger, sugar, ground cumin, dried oregano, dried thyme",chopped,2,"['butter,mushrooms,mushroom,room,chop,t,c,heat,s,p,in,shrooms,medium,f,mu,hr,ad,l,d,b,nt,e,butt,o,y']"
40357,portabella chicken burgers,"portabella mushroom cap, unsalted butter, shallot, fresh ginger, garlic, dry vermouth, fresh breadcrumbs, ground chicken, olive oil, monterey jack pepper cheese, hamburger buns, mixed spice, lemon pepper, paprika, chili powder, ground ginger, sugar, ground cumin, dried oregano, dried thyme",melt,2,"['butter,mushrooms,mushroom,room,chop,t,c,heat,s,p,in,shrooms,medium,f,mu,hr,ad,l,d,b,nt,e,butt,o,y']"
40357,portabella chicken burgers,"portabella mushroom cap, unsalted butter, shallot, fresh ginger, garlic, dry vermouth, fresh breadcrumbs, ground chicken, olive oil, monterey jack pepper cheese, hamburger buns, mixed spice, lemon pepper, paprika, chili powder, ground ginger, sugar, ground cumin, dried oregano, dried thyme",melt,16,"['cheese,t,c,s,p,top,l,d,e,o']"
40357,portabella chicken burgers,"portabella mushroom cap, unsalted butter, shallot, fresh ginger, garlic, dry vermouth, fresh breadcrumbs, ground chicken, olive oil, monterey jack pepper cheese, hamburger buns, mixed spice, lemon pepper, paprika, chili powder, ground ginger, sugar, ground cumin, dried oregano, dried thyme",add,2,"['butter,mushrooms,mushroom,room,chop,t,c,heat,s,p,in,shrooms,medium,f,mu,hr,ad,l,d,b,nt,e,butt,o,y']"
40357,portabella chicken burgers,"portabella mushroom cap, unsalted butter, shallot, fresh ginger, garlic, dry vermouth, fresh breadcrumbs, ground chicken, olive oil, monterey jack pepper cheese, hamburger buns, mixed spice, lemon pepper, paprika, chili powder, ground ginger, sugar, ground cumin, dried oregano, dried thyme",add,4,"['cook,spice,t,c,ice,min,mix,s,p,in,f,ad,d,b,e,nut,o']"
40357,portabella chicken burgers,"portabella mushroom cap, unsalted butter, shallot, fresh ginger, garlic, dry vermouth, fresh breadcrumbs, ground chicken, olive oil, monterey jack pepper cheese, hamburger buns, mixed spice, lemon pepper, paprika, chili powder, ground ginger, sugar, ground cumin, dried oregano, dried thyme",add,5,"['garlic,ginger,cook,t,c,min,shallots,shallot,s,in,ad,l,d,e,gin,nut,o']"
40357,portabella chicken burgers,"portabella mushroom cap, unsalted butter, shallot, fresh ginger, garlic, dry vermouth, fresh breadcrumbs, ground chicken, olive oil, monterey jack pepper cheese, hamburger buns, mixed spice, lemon pepper, paprika, chili powder, ground ginger, sugar, ground cumin, dried oregano, dried thyme",add,6,"['brown,t,c,bits,s,p,vermouth,f,ad,l,d,b,e,o,bit']"
40357,portabella chicken burgers,"portabella mushroom cap, unsalted butter, shallot, fresh ginger, garlic, dry vermouth, fresh breadcrumbs, ground chicken, olive oil, monterey jack pepper cheese, hamburger buns, mixed spice, lemon pepper, paprika, chili powder, ground ginger, sugar, ground cumin, dried oregano, dried thyme",add,13,"['t,s,p,ad,patties,d,e']"
40357,portabella chicken burgers,"portabella mushroom cap, unsalted butter, shallot, fresh ginger, garlic, dry vermouth, fresh breadcrumbs, ground chicken, olive oil, monterey jack pepper cheese, hamburger buns, mixed spice, lemon pepper, paprika, chili powder, ground ginger, sugar, ground cumin, dried oregano, dried thyme",evaporated,3,"['cook,t,c,s,p,f,liquid,l,d,nt,e,o']"
40357,portabella chicken burgers,"portabella mushroom cap, unsalted butter, shallot, fresh ginger, garlic, dry vermouth, fresh breadcrumbs, ground chicken, olive oil, monterey jack pepper cheese, hamburger buns, mixed spice, lemon pepper, paprika, chili powder, ground ginger, sugar, ground cumin, dried oregano, dried thyme",evaporated,7,"['cook,t,c,min,s,p,in,liquid,l,d,nt,e,nut,o']"
40357,portabella chicken burgers,"portabella mushroom cap, unsalted butter, shallot, fresh ginger, garlic, dry vermouth, fresh breadcrumbs, ground chicken, olive oil, monterey jack pepper cheese, hamburger buns, mixed spice, lemon pepper, paprika, chili powder, ground ginger, sugar, ground cumin, dried oregano, dried thyme",cook,4,"['cook,spice,t,c,ice,min,mix,s,p,in,f,ad,d,b,e,nut,o']"
40357,portabella chicken burgers,"portabella mushroom cap, unsalted butter, shallot, fresh ginger, garlic, dry vermouth, fresh breadcrumbs, ground chicken, olive oil, monterey jack pepper cheese, hamburger buns, mixed spice, lemon pepper, paprika, chili powder, ground ginger, sugar, ground cumin, dried oregano, dried thyme",cook,5,"['garlic,ginger,cook,t,c,min,shallots,shallot,s,in,ad,l,d,e,gin,nut,o']"
40357,portabella chicken burgers,"portabella mushroom cap, unsalted butter, shallot, fresh ginger, garlic, dry vermouth, fresh breadcrumbs, ground chicken, olive oil, monterey jack pepper cheese, hamburger buns, mixed spice, lemon pepper, paprika, chili powder, ground ginger, sugar, ground cumin, dried oregano, dried thyme",cook,7,"['cook,t,c,min,s,p,in,liquid,l,d,nt,e,nut,o']"
40357,portabella chicken burgers,"portabella mushroom cap, unsalted butter, shallot, fresh ginger, garlic, dry vermouth, fresh breadcrumbs, ground chicken, olive oil, monterey jack pepper cheese, hamburger buns, mixed spice, lemon pepper, paprika, chili powder, ground ginger, sugar, ground cumin, dried oregano, dried thyme",cook,14,"['cook,t,c,min,s,p,in,pin,-,l,nt,e,nut,o']"
40357,portabella chicken burgers,"portabella mushroom cap, unsalted butter, shallot, fresh ginger, garlic, dry vermouth, fresh breadcrumbs, ground chicken, olive oil, monterey jack pepper cheese, hamburger buns, mixed spice, lemon pepper, paprika, chili powder, ground ginger, sugar, ground cumin, dried oregano, dried thyme",stir,6,"['brown,t,c,bits,s,p,vermouth,f,ad,l,d,b,e,o,bit']"
40357,portabella chicken burgers,"portabella mushroom cap, unsalted butter, shallot, fresh ginger, garlic, dry vermouth, fresh breadcrumbs, ground chicken, olive oil, monterey jack pepper cheese, hamburger buns, mixed spice, lemon pepper, paprika, chili powder, ground ginger, sugar, ground cumin, dried oregano, dried thyme",stir,9,"['crumbs,t,rum,c,s,in,crumb,b']"
40357,portabella chicken burgers,"portabella mushroom cap, unsalted butter, shallot, fresh ginger, garlic, dry vermouth, fresh breadcrumbs, ground chicken, olive oil, monterey jack pepper cheese, hamburger buns, mixed spice, lemon pepper, paprika, chili powder, ground ginger, sugar, ground cumin, dried oregano, dried thyme",stir,10,"['chicken,mushroom,room,t,c,min,mix,s,p,in,tel,mu,hr,re,chick,l,d,b,e,nut,o,y']"
40357,portabella chicken burgers,"portabella mushroom cap, unsalted butter, shallot, fresh ginger, garlic, dry vermouth, fresh breadcrumbs, ground chicken, olive oil, monterey jack pepper cheese, hamburger buns, mixed spice, lemon pepper, paprika, chili powder, ground ginger, sugar, ground cumin, dried oregano, dried thyme",scrape,6,"['brown,t,c,bits,s,p,vermouth,f,ad,l,d,b,e,o,bit']"
40357,portabella chicken burgers,"portabella mushroom cap, unsalted butter, shallot, fresh ginger, garlic, dry vermouth, fresh breadcrumbs, ground chicken, olive oil, monterey jack pepper cheese, hamburger buns, mixed spice, lemon pepper, paprika, chili powder, ground ginger, sugar, ground cumin, dried oregano, dried thyme",remove,8,"['t,heat,f,re,e,o']"
40357,portabella chicken burgers,"portabella mushroom cap, unsalted butter, shallot, fresh ginger, garlic, dry vermouth, fresh breadcrumbs, ground chicken, olive oil, monterey jack pepper cheese, hamburger buns, mixed spice, lemon pepper, paprika, chili powder, ground ginger, sugar, ground cumin, dried oregano, dried thyme",shape,11,"['t,s,p,in,patties,nt,e,o']"
40357,portabella chicken burgers,"portabella mushroom cap, unsalted butter, shallot, fresh ginger, garlic, dry vermouth, fresh breadcrumbs, ground chicken, olive oil, monterey jack pepper cheese, hamburger buns, mixed spice, lemon pepper, paprika, chili powder, ground ginger, sugar, ground cumin, dried oregano, dried thyme",remaining,12,"['oil,season,sea,spice,t,c,ice,heat,mix,stick,s,p,in,nonstick,medium,de,f,re,l,patties,d,b,e,o']"
40357,portabella chicken burgers,"portabella mushroom cap, unsalted butter, shallot, fresh ginger, garlic, dry vermouth, fresh breadcrumbs, ground chicken, olive oil, monterey jack pepper cheese, hamburger buns, mixed spice, lemon pepper, paprika, chili powder, ground ginger, sugar, ground cumin, dried oregano, dried thyme",turning,14,"['cook,t,c,min,s,p,in,pin,-,l,nt,e,nut,o']"
40357,portabella chicken burgers,"portabella mushroom cap, unsalted butter, shallot, fresh ginger, garlic, dry vermouth, fresh breadcrumbs, ground chicken, olive oil, monterey jack pepper cheese, hamburger buns, mixed spice, lemon pepper, paprika, chili powder, ground ginger, sugar, ground cumin, dried oregano, dried thyme",reduce,15,"['brown,t,c,heat,burger,s,f,re,red,l,d,b,e,o,y']"
40357,portabella chicken burgers,"portabella mushroom cap, unsalted butter, shallot, fresh ginger, garlic, dry vermouth, fresh breadcrumbs, ground chicken, olive oil, monterey jack pepper cheese, hamburger buns, mixed spice, lemon pepper, paprika, chili powder, ground ginger, sugar, ground cumin, dried oregano, dried thyme",cover,16,"['cheese,t,c,s,p,top,l,d,e,o']"
40357,portabella chicken burgers,"portabella mushroom cap, unsalted butter, shallot, fresh ginger, garlic, dry vermouth, fresh breadcrumbs, ground chicken, olive oil, monterey jack pepper cheese, hamburger buns, mixed spice, lemon pepper, paprika, chili powder, ground ginger, sugar, ground cumin, dried oregano, dried thyme",serve,17,"['t,buns,bun,s,d,b,e,o']"
40357,portabella chicken burgers,"portabella mushroom cap, unsalted butter, shallot, fresh ginger, garlic, dry vermouth, fresh breadcrumbs, ground chicken, olive oil, monterey jack pepper cheese, hamburger buns, mixed spice, lemon pepper, paprika, chili powder, ground ginger, sugar, ground cumin, dried oregano, dried thyme",toasted,17,"['t,buns,bun,s,d,b,e,o']"
40357,portabella chicken burgers,"portabella mushroom cap, unsalted butter, shallot, fresh ginger, garlic, dry vermouth, fresh breadcrumbs, ground chicken, olive oil, monterey jack pepper cheese, hamburger buns, mixed spice, lemon pepper, paprika, chili powder, ground ginger, sugar, ground cumin, dried oregano, dried thyme",sealed,18,"['room,sea,t,c,s,p,in,re,l,d,nt,e,ale,o,y']"
