Id,Name,AllIngredients,Verbs,Steps,Ingredient
40737,lamb mutton biryani,"mutton, cloves, black cardamom pods, green cardamoms, cinnamon stick, bay leaf, shah zeera, coriander powder, salt, chili powder, nutmeg, garam masala powder, yogurt, cooked rice, saffron, milk, mint leaf, coriander leaves, ghee, water",add,2,"['spice,t,c,ice,hole,s,p,ad,l,spices,d,e']"
40737,lamb mutton biryani,"mutton, cloves, black cardamom pods, green cardamoms, cinnamon stick, bay leaf, shah zeera, coriander powder, salt, chili powder, nutmeg, garam masala powder, yogurt, cooked rice, saffron, milk, mint leaf, coriander leaves, ghee, water",add,3,"['ground,spice,t,c,ice,s,p,round,f,ad,l,spices,d,e']"
40737,lamb mutton biryani,"mutton, cloves, black cardamom pods, green cardamoms, cinnamon stick, bay leaf, shah zeera, coriander powder, salt, chili powder, nutmeg, garam masala powder, yogurt, cooked rice, saffron, milk, mint leaf, coriander leaves, ghee, water",add,4,"['t,yogurt,s,tel,ad,l,d,e']"
40737,lamb mutton biryani,"mutton, cloves, black cardamom pods, green cardamoms, cinnamon stick, bay leaf, shah zeera, coriander powder, salt, chili powder, nutmeg, garam masala powder, yogurt, cooked rice, saffron, milk, mint leaf, coriander leaves, ghee, water",add,6,"['masala,t,mix,s,meat,masa,re,ad,l,d,e']"
40737,lamb mutton biryani,"mutton, cloves, black cardamom pods, green cardamoms, cinnamon stick, bay leaf, shah zeera, coriander powder, salt, chili powder, nutmeg, garam masala powder, yogurt, cooked rice, saffron, milk, mint leaf, coriander leaves, ghee, water",add,10,"['water,t,c,s,p,in,meat,-,tel,ad,l,d,e']"
40737,lamb mutton biryani,"mutton, cloves, black cardamom pods, green cardamoms, cinnamon stick, bay leaf, shah zeera, coriander powder, salt, chili powder, nutmeg, garam masala powder, yogurt, cooked rice, saffron, milk, mint leaf, coriander leaves, ghee, water",add,15,"['saffron,t,mix,half,s,p,meat,f,one,ad,l,d,e']"
40737,lamb mutton biryani,"mutton, cloves, black cardamom pods, green cardamoms, cinnamon stick, bay leaf, shah zeera, coriander powder, salt, chili powder, nutmeg, garam masala powder, yogurt, cooked rice, saffron, milk, mint leaf, coriander leaves, ghee, water",add,17,"['coriander,leaves,mint,t,c,min,s,in,de,ad,l,d,nt,e']"
40737,lamb mutton biryani,"mutton, cloves, black cardamom pods, green cardamoms, cinnamon stick, bay leaf, shah zeera, coriander powder, salt, chili powder, nutmeg, garam masala powder, yogurt, cooked rice, saffron, milk, mint leaf, coriander leaves, ghee, water",give,3,"['ground,spice,t,c,ice,s,p,round,f,ad,l,spices,d,e']"
40737,lamb mutton biryani,"mutton, cloves, black cardamom pods, green cardamoms, cinnamon stick, bay leaf, shah zeera, coriander powder, salt, chili powder, nutmeg, garam masala powder, yogurt, cooked rice, saffron, milk, mint leaf, coriander leaves, ghee, water",fry,5,"['t,min,in,f,e']"
40737,lamb mutton biryani,"mutton, cloves, black cardamom pods, green cardamoms, cinnamon stick, bay leaf, shah zeera, coriander powder, salt, chili powder, nutmeg, garam masala powder, yogurt, cooked rice, saffron, milk, mint leaf, coriander leaves, ghee, water",toss,7,"['t,c,oat,s,round,l,d,e']"
40737,lamb mutton biryani,"mutton, cloves, black cardamom pods, green cardamoms, cinnamon stick, bay leaf, shah zeera, coriander powder, salt, chili powder, nutmeg, garam masala powder, yogurt, cooked rice, saffron, milk, mint leaf, coriander leaves, ghee, water",cook,8,"['brown,cook,t,c,yogurt,s,meat,l,d,b,e']"
40737,lamb mutton biryani,"mutton, cloves, black cardamom pods, green cardamoms, cinnamon stick, bay leaf, shah zeera, coriander powder, salt, chili powder, nutmeg, garam masala powder, yogurt, cooked rice, saffron, milk, mint leaf, coriander leaves, ghee, water",cook,12,"['cook,t,c,s,p,f,-,one,re,liquid,l,d,b,e']"
40737,lamb mutton biryani,"mutton, cloves, black cardamom pods, green cardamoms, cinnamon stick, bay leaf, shah zeera, coriander powder, salt, chili powder, nutmeg, garam masala powder, yogurt, cooked rice, saffron, milk, mint leaf, coriander leaves, ghee, water",cook,20,"['rice,cook,spice,t,c,ice,min,s,p,in,meat,f,roma,re,l,spices,d,nt,e']"
40737,lamb mutton biryani,"mutton, cloves, black cardamom pods, green cardamoms, cinnamon stick, bay leaf, shah zeera, coriander powder, salt, chili powder, nutmeg, garam masala powder, yogurt, cooked rice, saffron, milk, mint leaf, coriander leaves, ghee, water",is,8,"['brown,cook,t,c,yogurt,s,meat,l,d,b,e']"
40737,lamb mutton biryani,"mutton, cloves, black cardamom pods, green cardamoms, cinnamon stick, bay leaf, shah zeera, coriander powder, salt, chili powder, nutmeg, garam masala powder, yogurt, cooked rice, saffron, milk, mint leaf, coriander leaves, ghee, water",absorbed,8,"['brown,cook,t,c,yogurt,s,meat,l,d,b,e']"
40737,lamb mutton biryani,"mutton, cloves, black cardamom pods, green cardamoms, cinnamon stick, bay leaf, shah zeera, coriander powder, salt, chili powder, nutmeg, garam masala powder, yogurt, cooked rice, saffron, milk, mint leaf, coriander leaves, ghee, water",sprinkle,9,"['salt,t,s,p,in,l,e']"
40737,lamb mutton biryani,"mutton, cloves, black cardamom pods, green cardamoms, cinnamon stick, bay leaf, shah zeera, coriander powder, salt, chili powder, nutmeg, garam masala powder, yogurt, cooked rice, saffron, milk, mint leaf, coriander leaves, ghee, water",taste,9,"['salt,t,s,p,in,l,e']"
40737,lamb mutton biryani,"mutton, cloves, black cardamom pods, green cardamoms, cinnamon stick, bay leaf, shah zeera, coriander powder, salt, chili powder, nutmeg, garam masala powder, yogurt, cooked rice, saffron, milk, mint leaf, coriander leaves, ghee, water",immerse,10,"['water,t,c,s,p,in,meat,-,tel,ad,l,d,e']"
40737,lamb mutton biryani,"mutton, cloves, black cardamom pods, green cardamoms, cinnamon stick, bay leaf, shah zeera, coriander powder, salt, chili powder, nutmeg, garam masala powder, yogurt, cooked rice, saffron, milk, mint leaf, coriander leaves, ghee, water",use,11,"['s,re,red,l,d,e']"
40737,lamb mutton biryani,"mutton, cloves, black cardamom pods, green cardamoms, cinnamon stick, bay leaf, shah zeera, coriander powder, salt, chili powder, nutmeg, garam masala powder, yogurt, cooked rice, saffron, milk, mint leaf, coriander leaves, ghee, water",required,11,"['s,re,red,l,d,e']"
40737,lamb mutton biryani,"mutton, cloves, black cardamom pods, green cardamoms, cinnamon stick, bay leaf, shah zeera, coriander powder, salt, chili powder, nutmeg, garam masala powder, yogurt, cooked rice, saffron, milk, mint leaf, coriander leaves, ghee, water",done,12,"['cook,t,c,s,p,f,-,one,re,liquid,l,d,b,e']"
40737,lamb mutton biryani,"mutton, cloves, black cardamom pods, green cardamoms, cinnamon stick, bay leaf, shah zeera, coriander powder, salt, chili powder, nutmeg, garam masala powder, yogurt, cooked rice, saffron, milk, mint leaf, coriander leaves, ghee, water",evaporated,12,"['cook,t,c,s,p,f,-,one,re,liquid,l,d,b,e']"
40737,lamb mutton biryani,"mutton, cloves, black cardamom pods, green cardamoms, cinnamon stick, bay leaf, shah zeera, coriander powder, salt, chili powder, nutmeg, garam masala powder, yogurt, cooked rice, saffron, milk, mint leaf, coriander leaves, ghee, water",keep,13,"['s,p,de,d,e']"
40737,lamb mutton biryani,"mutton, cloves, black cardamom pods, green cardamoms, cinnamon stick, bay leaf, shah zeera, coriander powder, salt, chili powder, nutmeg, garam masala powder, yogurt, cooked rice, saffron, milk, mint leaf, coriander leaves, ghee, water",divide,14,"['rice,t,c,ice,s,p,in,de,d,e']"
40737,lamb mutton biryani,"mutton, cloves, black cardamom pods, green cardamoms, cinnamon stick, bay leaf, shah zeera, coriander powder, salt, chili powder, nutmeg, garam masala powder, yogurt, cooked rice, saffron, milk, mint leaf, coriander leaves, ghee, water",mix,15,"['saffron,t,mix,half,s,p,meat,f,one,ad,l,d,e']"
40737,lamb mutton biryani,"mutton, cloves, black cardamom pods, green cardamoms, cinnamon stick, bay leaf, shah zeera, coriander powder, salt, chili powder, nutmeg, garam masala powder, yogurt, cooked rice, saffron, milk, mint leaf, coriander leaves, ghee, water",cover,18,"['rice,t,c,ice,in,meat,white,re,d,e']"
40737,lamb mutton biryani,"mutton, cloves, black cardamom pods, green cardamoms, cinnamon stick, bay leaf, shah zeera, coriander powder, salt, chili powder, nutmeg, garam masala powder, yogurt, cooked rice, saffron, milk, mint leaf, coriander leaves, ghee, water",remaining,18,"['rice,t,c,ice,in,meat,white,re,d,e']"
40737,lamb mutton biryani,"mutton, cloves, black cardamom pods, green cardamoms, cinnamon stick, bay leaf, shah zeera, coriander powder, salt, chili powder, nutmeg, garam masala powder, yogurt, cooked rice, saffron, milk, mint leaf, coriander leaves, ghee, water",shut,19,"['pot,t,s,p,l,e']"
40737,lamb mutton biryani,"mutton, cloves, black cardamom pods, green cardamoms, cinnamon stick, bay leaf, shah zeera, coriander powder, salt, chili powder, nutmeg, garam masala powder, yogurt, cooked rice, saffron, milk, mint leaf, coriander leaves, ghee, water",infuse,20,"['rice,cook,spice,t,c,ice,min,s,p,in,meat,f,roma,re,l,spices,d,nt,e']"
40737,lamb mutton biryani,"mutton, cloves, black cardamom pods, green cardamoms, cinnamon stick, bay leaf, shah zeera, coriander powder, salt, chili powder, nutmeg, garam masala powder, yogurt, cooked rice, saffron, milk, mint leaf, coriander leaves, ghee, water",invert,21,"['t,yogurt,s,p,in,dish,l,d,e']"
40737,lamb mutton biryani,"mutton, cloves, black cardamom pods, green cardamoms, cinnamon stick, bay leaf, shah zeera, coriander powder, salt, chili powder, nutmeg, garam masala powder, yogurt, cooked rice, saffron, milk, mint leaf, coriander leaves, ghee, water",serve,21,"['t,yogurt,s,p,in,dish,l,d,e']"
