Id,Name,AllIngredients,Verbs,Steps,Ingredient
42337,pastechis  antillean meat turnovers,"pastry dough, onion, garlic, green pepper, celery, parsley, tomatoes, hot pepper, cooking oil, ground beef, salt, pepper, nutmeg, curry, bouillon cube, cumin, tomato paste, capers, stuffed olives, raisins, worcestershire sauce",add,2,"['beef,cook,t,c,f,one,ad,l,d,b,nt,e,o']"
42337,pastechis  antillean meat turnovers,"pastry dough, onion, garlic, green pepper, celery, parsley, tomatoes, hot pepper, cooking oil, ground beef, salt, pepper, nutmeg, curry, bouillon cube, cumin, tomato paste, capers, stuffed olives, raisins, worcestershire sauce",add,3,"['water,cumin,tomato,paste,bouillon,cube,t,c,min,s,p,in,past,f,ad,l,d,b,e,o,y']"
42337,pastechis  antillean meat turnovers,"pastry dough, onion, garlic, green pepper, celery, parsley, tomatoes, hot pepper, cooking oil, ground beef, salt, pepper, nutmeg, curry, bouillon cube, cumin, tomato paste, capers, stuffed olives, raisins, worcestershire sauce",add,6,"['t,s,in,re,ad,red,d,nt,e']"
42337,pastechis  antillean meat turnovers,"pastry dough, onion, garlic, green pepper, celery, parsley, tomatoes, hot pepper, cooking oil, ground beef, salt, pepper, nutmeg, curry, bouillon cube, cumin, tomato paste, capers, stuffed olives, raisins, worcestershire sauce",done,2,"['beef,cook,t,c,f,one,ad,l,d,b,nt,e,o']"
42337,pastechis  antillean meat turnovers,"pastry dough, onion, garlic, green pepper, celery, parsley, tomatoes, hot pepper, cooking oil, ground beef, salt, pepper, nutmeg, curry, bouillon cube, cumin, tomato paste, capers, stuffed olives, raisins, worcestershire sauce",stir,4,"['t,mix,s,in,re,red,d,nt,e,o']"
42337,pastechis  antillean meat turnovers,"pastry dough, onion, garlic, green pepper, celery, parsley, tomatoes, hot pepper, cooking oil, ground beef, salt, pepper, nutmeg, curry, bouillon cube, cumin, tomato paste, capers, stuffed olives, raisins, worcestershire sauce",mix,4,"['t,mix,s,in,re,red,d,nt,e,o']"
42337,pastechis  antillean meat turnovers,"pastry dough, onion, garlic, green pepper, celery, parsley, tomatoes, hot pepper, cooking oil, ground beef, salt, pepper, nutmeg, curry, bouillon cube, cumin, tomato paste, capers, stuffed olives, raisins, worcestershire sauce",simmer,5,"['bouillon,cube,t,c,s,l,d,b,nt,e,o']"
42337,pastechis  antillean meat turnovers,"pastry dough, onion, garlic, green pepper, celery, parsley, tomatoes, hot pepper, cooking oil, ground beef, salt, pepper, nutmeg, curry, bouillon cube, cumin, tomato paste, capers, stuffed olives, raisins, worcestershire sauce",dissolved,5,"['bouillon,cube,t,c,s,l,d,b,nt,e,o']"
42337,pastechis  antillean meat turnovers,"pastry dough, onion, garlic, green pepper, celery, parsley, tomatoes, hot pepper, cooking oil, ground beef, salt, pepper, nutmeg, curry, bouillon cube, cumin, tomato paste, capers, stuffed olives, raisins, worcestershire sauce",do,7,"['t,c,s,p,can,in,de,f,re,red,l,d,e,o,y']"
42337,pastechis  antillean meat turnovers,"pastry dough, onion, garlic, green pepper, celery, parsley, tomatoes, hot pepper, cooking oil, ground beef, salt, pepper, nutmeg, curry, bouillon cube, cumin, tomato paste, capers, stuffed olives, raisins, worcestershire sauce",make,7,"['t,c,s,p,can,in,de,f,re,red,l,d,e,o,y']"
42337,pastechis  antillean meat turnovers,"pastry dough, onion, garlic, green pepper, celery, parsley, tomatoes, hot pepper, cooking oil, ground beef, salt, pepper, nutmeg, curry, bouillon cube, cumin, tomato paste, capers, stuffed olives, raisins, worcestershire sauce",filling,7,"['t,c,s,p,can,in,de,f,re,red,l,d,e,o,y']"
42337,pastechis  antillean meat turnovers,"pastry dough, onion, garlic, green pepper, celery, parsley, tomatoes, hot pepper, cooking oil, ground beef, salt, pepper, nutmeg, curry, bouillon cube, cumin, tomato paste, capers, stuffed olives, raisins, worcestershire sauce",filling,8,"['paste,t,c,s,p,in,pastry,round,past,f,l,d,e,tea,o,y']"
42337,pastechis  antillean meat turnovers,"pastry dough, onion, garlic, green pepper, celery, parsley, tomatoes, hot pepper, cooking oil, ground beef, salt, pepper, nutmeg, curry, bouillon cube, cumin, tomato paste, capers, stuffed olives, raisins, worcestershire sauce",desired,7,"['t,c,s,p,can,in,de,f,re,red,l,d,e,o,y']"
42337,pastechis  antillean meat turnovers,"pastry dough, onion, garlic, green pepper, celery, parsley, tomatoes, hot pepper, cooking oil, ground beef, salt, pepper, nutmeg, curry, bouillon cube, cumin, tomato paste, capers, stuffed olives, raisins, worcestershire sauce",place,8,"['paste,t,c,s,p,in,pastry,round,past,f,l,d,e,tea,o,y']"
42337,pastechis  antillean meat turnovers,"pastry dough, onion, garlic, green pepper, celery, parsley, tomatoes, hot pepper, cooking oil, ground beef, salt, pepper, nutmeg, curry, bouillon cube, cumin, tomato paste, capers, stuffed olives, raisins, worcestershire sauce",seal,10,"['sea,c,s,p,l,d,e,edge']"
42337,pastechis  antillean meat turnovers,"pastry dough, onion, garlic, green pepper, celery, parsley, tomatoes, hot pepper, cooking oil, ground beef, salt, pepper, nutmeg, curry, bouillon cube, cumin, tomato paste, capers, stuffed olives, raisins, worcestershire sauce",crimp,10,"['sea,c,s,p,l,d,e,edge']"
42337,pastechis  antillean meat turnovers,"pastry dough, onion, garlic, green pepper, celery, parsley, tomatoes, hot pepper, cooking oil, ground beef, salt, pepper, nutmeg, curry, bouillon cube, cumin, tomato paste, capers, stuffed olives, raisins, worcestershire sauce",fry,11,"['oil,brown,t,in,de,f,l,d,b,e,gold,o,y']"
42337,pastechis  antillean meat turnovers,"pastry dough, onion, garlic, green pepper, celery, parsley, tomatoes, hot pepper, cooking oil, ground beef, salt, pepper, nutmeg, curry, bouillon cube, cumin, tomato paste, capers, stuffed olives, raisins, worcestershire sauce",drain,12,"['t,s,p,in,paper,l,d,e,o']"
42337,pastechis  antillean meat turnovers,"pastry dough, onion, garlic, green pepper, celery, parsley, tomatoes, hot pepper, cooking oil, ground beef, salt, pepper, nutmeg, curry, bouillon cube, cumin, tomato paste, capers, stuffed olives, raisins, worcestershire sauce",serve,13,"['s,warm,e']"
