Id,Name,AllIngredients,Verbs,Steps,Ingredient
43898,roasted squash with fruited couscous,"squash, water, couscous, currants, margarine, fat-free margarine, golden delicious apples, pears, dried apricot, golden raisin, walnuts, honey, ground cinnamon, ground nutmeg, mace, ground allspice, cardamom, fresh ground black pepper, salt, greens",cut,1,{}
43898,roasted squash with fruited couscous,"squash, water, couscous, currants, margarine, fat-free margarine, golden delicious apples, pears, dried apricot, golden raisin, walnuts, honey, ground cinnamon, ground nutmeg, mace, ground allspice, cardamom, fresh ground black pepper, salt, greens",cut,3,"['squash,t,c,ice,slice,s,in,f,l,d,ash,b,e,o,y']"
43898,roasted squash with fruited couscous,"squash, water, couscous, currants, margarine, fat-free margarine, golden delicious apples, pears, dried apricot, golden raisin, walnuts, honey, ground cinnamon, ground nutmeg, mace, ground allspice, cardamom, fresh ground black pepper, salt, greens",cut,6,"['squash,cube,t,c,cubes,s,p,in,-,d,ash,b,nt,e,o']"
43898,roasted squash with fruited couscous,"squash, water, couscous, currants, margarine, fat-free margarine, golden delicious apples, pears, dried apricot, golden raisin, walnuts, honey, ground cinnamon, ground nutmeg, mace, ground allspice, cardamom, fresh ground black pepper, salt, greens",cut,22,"['squash,t,c,roast,half,s,p,in,vin,f,re,l,d,ash,e,o,y,g']"
43898,roasted squash with fruited couscous,"squash, water, couscous, currants, margarine, fat-free margarine, golden delicious apples, pears, dried apricot, golden raisin, walnuts, honey, ground cinnamon, ground nutmeg, mace, ground allspice, cardamom, fresh ground black pepper, salt, greens",make,1,"['squash,t,c,s,p,f,top,l,d,ash,e,o']"
43898,roasted squash with fruited couscous,"squash, water, couscous, currants, margarine, fat-free margarine, golden delicious apples, pears, dried apricot, golden raisin, walnuts, honey, ground cinnamon, ground nutmeg, mace, ground allspice, cardamom, fresh ground black pepper, salt, greens",make,3,"['squash,t,c,ice,slice,s,in,f,l,d,ash,b,e,o,y']"
43898,roasted squash with fruited couscous,"squash, water, couscous, currants, margarine, fat-free margarine, golden delicious apples, pears, dried apricot, golden raisin, walnuts, honey, ground cinnamon, ground nutmeg, mace, ground allspice, cardamom, fresh ground black pepper, salt, greens",set,2,"['t,s,de,l,d,e']"
43898,roasted squash with fruited couscous,"squash, water, couscous, currants, margarine, fat-free margarine, golden delicious apples, pears, dried apricot, golden raisin, walnuts, honey, ground cinnamon, ground nutmeg, mace, ground allspice, cardamom, fresh ground black pepper, salt, greens",stand,3,"['squash,t,c,ice,slice,s,in,f,l,d,ash,b,e,o,y']"
43898,roasted squash with fruited couscous,"squash, water, couscous, currants, margarine, fat-free margarine, golden delicious apples, pears, dried apricot, golden raisin, walnuts, honey, ground cinnamon, ground nutmeg, mace, ground allspice, cardamom, fresh ground black pepper, salt, greens",using,4,"['seed,t,c,seeds,s,p,in,f,l,d,e,ring,o,y,g']"
43898,roasted squash with fruited couscous,"squash, water, couscous, currants, margarine, fat-free margarine, golden delicious apples, pears, dried apricot, golden raisin, walnuts, honey, ground cinnamon, ground nutmeg, mace, ground allspice, cardamom, fresh ground black pepper, salt, greens",scoop,4,"['seed,t,c,seeds,s,p,in,f,l,d,e,ring,o,y,g']"
43898,roasted squash with fruited couscous,"squash, water, couscous, currants, margarine, fat-free margarine, golden delicious apples, pears, dried apricot, golden raisin, walnuts, honey, ground cinnamon, ground nutmeg, mace, ground allspice, cardamom, fresh ground black pepper, salt, greens",discard,4,"['seed,t,c,seeds,s,p,in,f,l,d,e,ring,o,y,g']"
43898,roasted squash with fruited couscous,"squash, water, couscous, currants, margarine, fat-free margarine, golden delicious apples, pears, dried apricot, golden raisin, walnuts, honey, ground cinnamon, ground nutmeg, mace, ground allspice, cardamom, fresh ground black pepper, salt, greens",remove,5,"['t,c,s,p,in,pie,f,re,l,pieces,d,b,e,o,y,g']"
43898,roasted squash with fruited couscous,"squash, water, couscous, currants, margarine, fat-free margarine, golden delicious apples, pears, dried apricot, golden raisin, walnuts, honey, ground cinnamon, ground nutmeg, mace, ground allspice, cardamom, fresh ground black pepper, salt, greens",remove,9,"['couscous,t,c,heat,s,in,cous,currants,f,re,d,nt,e,o']"
43898,roasted squash with fruited couscous,"squash, water, couscous, currants, margarine, fat-free margarine, golden delicious apples, pears, dried apricot, golden raisin, walnuts, honey, ground cinnamon, ground nutmeg, mace, ground allspice, cardamom, fresh ground black pepper, salt, greens",remove,17,"['t,heat,f,re,e,o']"
43898,roasted squash with fruited couscous,"squash, water, couscous, currants, margarine, fat-free margarine, golden delicious apples, pears, dried apricot, golden raisin, walnuts, honey, ground cinnamon, ground nutmeg, mace, ground allspice, cardamom, fresh ground black pepper, salt, greens",remove,22,"['squash,t,c,roast,half,s,p,in,vin,f,re,l,d,ash,e,o,y,g']"
43898,roasted squash with fruited couscous,"squash, water, couscous, currants, margarine, fat-free margarine, golden delicious apples, pears, dried apricot, golden raisin, walnuts, honey, ground cinnamon, ground nutmeg, mace, ground allspice, cardamom, fresh ground black pepper, salt, greens",weigh,5,"['t,c,s,p,in,pie,f,re,l,pieces,d,b,e,o,y,g']"
43898,roasted squash with fruited couscous,"squash, water, couscous, currants, margarine, fat-free margarine, golden delicious apples, pears, dried apricot, golden raisin, walnuts, honey, ground cinnamon, ground nutmeg, mace, ground allspice, cardamom, fresh ground black pepper, salt, greens",combined,5,"['t,c,s,p,in,pie,f,re,l,pieces,d,b,e,o,y,g']"
43898,roasted squash with fruited couscous,"squash, water, couscous, currants, margarine, fat-free margarine, golden delicious apples, pears, dried apricot, golden raisin, walnuts, honey, ground cinnamon, ground nutmeg, mace, ground allspice, cardamom, fresh ground black pepper, salt, greens",taking,5,"['t,c,s,p,in,pie,f,re,l,pieces,d,b,e,o,y,g']"
43898,roasted squash with fruited couscous,"squash, water, couscous, currants, margarine, fat-free margarine, golden delicious apples, pears, dried apricot, golden raisin, walnuts, honey, ground cinnamon, ground nutmeg, mace, ground allspice, cardamom, fresh ground black pepper, salt, greens",scooped,6,"['squash,cube,t,c,cubes,s,p,in,-,d,ash,b,nt,e,o']"
43898,roasted squash with fruited couscous,"squash, water, couscous, currants, margarine, fat-free margarine, golden delicious apples, pears, dried apricot, golden raisin, walnuts, honey, ground cinnamon, ground nutmeg, mace, ground allspice, cardamom, fresh ground black pepper, salt, greens",bring,8,"['salt,oil,water,t,boil,s,in,roll,l,d,b,e,ring,o,g']"
43898,roasted squash with fruited couscous,"squash, water, couscous, currants, margarine, fat-free margarine, golden delicious apples, pears, dried apricot, golden raisin, walnuts, honey, ground cinnamon, ground nutmeg, mace, ground allspice, cardamom, fresh ground black pepper, salt, greens",stir,9,"['couscous,t,c,heat,s,in,cous,currants,f,re,d,nt,e,o']"
43898,roasted squash with fruited couscous,"squash, water, couscous, currants, margarine, fat-free margarine, golden delicious apples, pears, dried apricot, golden raisin, walnuts, honey, ground cinnamon, ground nutmeg, mace, ground allspice, cardamom, fresh ground black pepper, salt, greens",stir,18,"['cinnamon,honey,pot,t,c,margarine,s,p,in,pin,f,one,re,l,d,e,o,y,g']"
43898,roasted squash with fruited couscous,"squash, water, couscous, currants, margarine, fat-free margarine, golden delicious apples, pears, dried apricot, golden raisin, walnuts, honey, ground cinnamon, ground nutmeg, mace, ground allspice, cardamom, fresh ground black pepper, salt, greens",cover,9,"['couscous,t,c,heat,s,in,cous,currants,f,re,d,nt,e,o']"
43898,roasted squash with fruited couscous,"squash, water, couscous, currants, margarine, fat-free margarine, golden delicious apples, pears, dried apricot, golden raisin, walnuts, honey, ground cinnamon, ground nutmeg, mace, ground allspice, cardamom, fresh ground black pepper, salt, greens",let,10,"['t,min,s,in,l,e,nut']"
43898,roasted squash with fruited couscous,"squash, water, couscous, currants, margarine, fat-free margarine, golden delicious apples, pears, dried apricot, golden raisin, walnuts, honey, ground cinnamon, ground nutmeg, mace, ground allspice, cardamom, fresh ground black pepper, salt, greens",sit,10,"['t,min,s,in,l,e,nut']"
43898,roasted squash with fruited couscous,"squash, water, couscous, currants, margarine, fat-free margarine, golden delicious apples, pears, dried apricot, golden raisin, walnuts, honey, ground cinnamon, ground nutmeg, mace, ground allspice, cardamom, fresh ground black pepper, salt, greens",preheat,11,"['t,heat,p,oven,re,e,o']"
43898,roasted squash with fruited couscous,"squash, water, couscous, currants, margarine, fat-free margarine, golden delicious apples, pears, dried apricot, golden raisin, walnuts, honey, ground cinnamon, ground nutmeg, mace, ground allspice, cardamom, fresh ground black pepper, salt, greens",cook,13,"['apple,raisins,raisin,nuts,cook,t,c,min,walnuts,margarine,apples,pea,s,p,apricot,in,apricots,pear,f,pears,walnut,l,d,e,ring,nut,o,g']"
43898,roasted squash with fruited couscous,"squash, water, couscous, currants, margarine, fat-free margarine, golden delicious apples, pears, dried apricot, golden raisin, walnuts, honey, ground cinnamon, ground nutmeg, mace, ground allspice, cardamom, fresh ground black pepper, salt, greens",cook,16,"['cook,t,c,min,s,in,f,re,l,nt,e,ring,nut,o,y,g']"
43898,roasted squash with fruited couscous,"squash, water, couscous, currants, margarine, fat-free margarine, golden delicious apples, pears, dried apricot, golden raisin, walnuts, honey, ground cinnamon, ground nutmeg, mace, ground allspice, cardamom, fresh ground black pepper, salt, greens",stirring,13,"['apple,raisins,raisin,nuts,cook,t,c,min,walnuts,margarine,apples,pea,s,p,apricot,in,apricots,pear,f,pears,walnut,l,d,e,ring,nut,o,g']"
43898,roasted squash with fruited couscous,"squash, water, couscous, currants, margarine, fat-free margarine, golden delicious apples, pears, dried apricot, golden raisin, walnuts, honey, ground cinnamon, ground nutmeg, mace, ground allspice, cardamom, fresh ground black pepper, salt, greens",stirring,16,"['cook,t,c,min,s,in,f,re,l,nt,e,ring,nut,o,y,g']"
43898,roasted squash with fruited couscous,"squash, water, couscous, currants, margarine, fat-free margarine, golden delicious apples, pears, dried apricot, golden raisin, walnuts, honey, ground cinnamon, ground nutmeg, mace, ground allspice, cardamom, fresh ground black pepper, salt, greens",add,14,"['t,s,ad,l,d,b']"
43898,roasted squash with fruited couscous,"squash, water, couscous, currants, margarine, fat-free margarine, golden delicious apples, pears, dried apricot, golden raisin, walnuts, honey, ground cinnamon, ground nutmeg, mace, ground allspice, cardamom, fresh ground black pepper, salt, greens",steamed,15,"['salt,cinnamon,honey,squash,couscous,spice,t,c,ice,s,p,in,cous,pin,f,one,l,spices,d,ash,e,tea,o,y']"
43898,roasted squash with fruited couscous,"squash, water, couscous, currants, margarine, fat-free margarine, golden delicious apples, pears, dried apricot, golden raisin, walnuts, honey, ground cinnamon, ground nutmeg, mace, ground allspice, cardamom, fresh ground black pepper, salt, greens",taste,15,"['salt,cinnamon,honey,squash,couscous,spice,t,c,ice,s,p,in,cous,pin,f,one,l,spices,d,ash,e,tea,o,y']"
43898,roasted squash with fruited couscous,"squash, water, couscous, currants, margarine, fat-free margarine, golden delicious apples, pears, dried apricot, golden raisin, walnuts, honey, ground cinnamon, ground nutmeg, mace, ground allspice, cardamom, fresh ground black pepper, salt, greens",melt,18,"['cinnamon,honey,pot,t,c,margarine,s,p,in,pin,f,one,re,l,d,e,o,y,g']"
43898,roasted squash with fruited couscous,"squash, water, couscous, currants, margarine, fat-free margarine, golden delicious apples, pears, dried apricot, golden raisin, walnuts, honey, ground cinnamon, ground nutmeg, mace, ground allspice, cardamom, fresh ground black pepper, salt, greens",remaining,18,"['cinnamon,honey,pot,t,c,margarine,s,p,in,pin,f,one,re,l,d,e,o,y,g']"
43898,roasted squash with fruited couscous,"squash, water, couscous, currants, margarine, fat-free margarine, golden delicious apples, pears, dried apricot, golden raisin, walnuts, honey, ground cinnamon, ground nutmeg, mace, ground allspice, cardamom, fresh ground black pepper, salt, greens",brush,19,"['honey,squash,t,mix,s,in,de,f,one,re,l,d,ash,b,e,o,y,g']"
43898,roasted squash with fruited couscous,"squash, water, couscous, currants, margarine, fat-free margarine, golden delicious apples, pears, dried apricot, golden raisin, walnuts, honey, ground cinnamon, ground nutmeg, mace, ground allspice, cardamom, fresh ground black pepper, salt, greens",divide,19,"['honey,squash,t,mix,s,in,de,f,one,re,l,d,ash,b,e,o,y,g']"
43898,roasted squash with fruited couscous,"squash, water, couscous, currants, margarine, fat-free margarine, golden delicious apples, pears, dried apricot, golden raisin, walnuts, honey, ground cinnamon, ground nutmeg, mace, ground allspice, cardamom, fresh ground black pepper, salt, greens",replace,20,"['oil,squash,cook,t,c,cooking,spray,baking,stick,s,p,in,nonstick,sheet,de,f,re,l,d,ash,b,e,o,y,g']"
43898,roasted squash with fruited couscous,"squash, water, couscous, currants, margarine, fat-free margarine, golden delicious apples, pears, dried apricot, golden raisin, walnuts, honey, ground cinnamon, ground nutmeg, mace, ground allspice, cardamom, fresh ground black pepper, salt, greens",turn,20,"['oil,squash,cook,t,c,cooking,spray,baking,stick,s,p,in,nonstick,sheet,de,f,re,l,d,ash,b,e,o,y,g']"
43898,roasted squash with fruited couscous,"squash, water, couscous, currants, margarine, fat-free margarine, golden delicious apples, pears, dried apricot, golden raisin, walnuts, honey, ground cinnamon, ground nutmeg, mace, ground allspice, cardamom, fresh ground black pepper, salt, greens",place,20,"['oil,squash,cook,t,c,cooking,spray,baking,stick,s,p,in,nonstick,sheet,de,f,re,l,d,ash,b,e,o,y,g']"
43898,roasted squash with fruited couscous,"squash, water, couscous, currants, margarine, fat-free margarine, golden delicious apples, pears, dried apricot, golden raisin, walnuts, honey, ground cinnamon, ground nutmeg, mace, ground allspice, cardamom, fresh ground black pepper, salt, greens",sprayed,20,"['oil,squash,cook,t,c,cooking,spray,baking,stick,s,p,in,nonstick,sheet,de,f,re,l,d,ash,b,e,o,y,g']"
43898,roasted squash with fruited couscous,"squash, water, couscous, currants, margarine, fat-free margarine, golden delicious apples, pears, dried apricot, golden raisin, walnuts, honey, ground cinnamon, ground nutmeg, mace, ground allspice, cardamom, fresh ground black pepper, salt, greens",bake,21,"['squash,t,c,s,p,pie,f,l,ash,b,nt,e,o,y']"
43898,roasted squash with fruited couscous,"squash, water, couscous, currants, margarine, fat-free margarine, golden delicious apples, pears, dried apricot, golden raisin, walnuts, honey, ground cinnamon, ground nutmeg, mace, ground allspice, cardamom, fresh ground black pepper, salt, greens",pierces,21,"['squash,t,c,s,p,pie,f,l,ash,b,nt,e,o,y']"
43898,roasted squash with fruited couscous,"squash, water, couscous, currants, margarine, fat-free margarine, golden delicious apples, pears, dried apricot, golden raisin, walnuts, honey, ground cinnamon, ground nutmeg, mace, ground allspice, cardamom, fresh ground black pepper, salt, greens",transfer,22,"['squash,t,c,roast,half,s,p,in,vin,f,re,l,d,ash,e,o,y,g']"
43898,roasted squash with fruited couscous,"squash, water, couscous, currants, margarine, fat-free margarine, golden delicious apples, pears, dried apricot, golden raisin, walnuts, honey, ground cinnamon, ground nutmeg, mace, ground allspice, cardamom, fresh ground black pepper, salt, greens",serving,22,"['squash,t,c,roast,half,s,p,in,vin,f,re,l,d,ash,e,o,y,g']"
43898,roasted squash with fruited couscous,"squash, water, couscous, currants, margarine, fat-free margarine, golden delicious apples, pears, dried apricot, golden raisin, walnuts, honey, ground cinnamon, ground nutmeg, mace, ground allspice, cardamom, fresh ground black pepper, salt, greens",garnish,23,"['greens,t,s,p,f,re,l,e,green,flowers,o,g']"
