Id,Name,AllIngredients,Verbs,Steps,Ingredient
44423,everything jambalaya or  jambalika,"white rice, extra virgin olive oil, butter, white chicken meat, andouille sausage, onion, celery ribs, green bell pepper, bay leaves, cayenne pepper sauce, all-purpose flour, tomatoes with juice, chicken stock, cumin, chili powder, poultry seasoning, worcestershire sauce, medium shrimp, coarse salt, black pepper, scallion, fresh thyme",cook,1,{}
44423,everything jambalaya or  jambalika,"white rice, extra virgin olive oil, butter, white chicken meat, andouille sausage, onion, celery ribs, green bell pepper, bay leaves, cayenne pepper sauce, all-purpose flour, tomatoes with juice, chicken stock, cumin, chili powder, poultry seasoning, worcestershire sauce, medium shrimp, coarse salt, black pepper, scallion, fresh thyme",cook,5,"['brown,chicken,sausage,cook,t,c,min,sage,s,in,age,au,re,chick,ad,d']"
44423,everything jambalaya or  jambalika,"white rice, extra virgin olive oil, butter, white chicken meat, andouille sausage, onion, celery ribs, green bell pepper, bay leaves, cayenne pepper sauce, all-purpose flour, tomatoes with juice, chicken stock, cumin, chili powder, poultry seasoning, worcestershire sauce, medium shrimp, coarse salt, black pepper, scallion, fresh thyme",cook,7,"['flour,vegetable,pan,cook,t,table,c,min,s,p,in,veg,f,au,re,l,d']"
44423,everything jambalaya or  jambalika,"white rice, extra virgin olive oil, butter, white chicken meat, andouille sausage, onion, celery ribs, green bell pepper, bay leaves, cayenne pepper sauce, all-purpose flour, tomatoes with juice, chicken stock, cumin, chili powder, poultry seasoning, worcestershire sauce, medium shrimp, coarse salt, black pepper, scallion, fresh thyme",package,1,"['rice,cook,t,c,ice,s,p,age,re,d']"
44423,everything jambalaya or  jambalika,"white rice, extra virgin olive oil, butter, white chicken meat, andouille sausage, onion, celery ribs, green bell pepper, bay leaves, cayenne pepper sauce, all-purpose flour, tomatoes with juice, chicken stock, cumin, chili powder, poultry seasoning, worcestershire sauce, medium shrimp, coarse salt, black pepper, scallion, fresh thyme",place,2,"['t,c,heat,s,p,medium,de,l,d']"
44423,everything jambalaya or  jambalika,"white rice, extra virgin olive oil, butter, white chicken meat, andouille sausage, onion, celery ribs, green bell pepper, bay leaves, cayenne pepper sauce, all-purpose flour, tomatoes with juice, chicken stock, cumin, chili powder, poultry seasoning, worcestershire sauce, medium shrimp, coarse salt, black pepper, scallion, fresh thyme",place,13,"['rice,cream,t,c,ice,jam,s,p,in,f,re,l']"
44423,everything jambalaya or  jambalika,"white rice, extra virgin olive oil, butter, white chicken meat, andouille sausage, onion, celery ribs, green bell pepper, bay leaves, cayenne pepper sauce, all-purpose flour, tomatoes with juice, chicken stock, cumin, chili powder, poultry seasoning, worcestershire sauce, medium shrimp, coarse salt, black pepper, scallion, fresh thyme",add,3,"['butter,oil,pan,t,p,ad,l,d']"
44423,everything jambalaya or  jambalika,"white rice, extra virgin olive oil, butter, white chicken meat, andouille sausage, onion, celery ribs, green bell pepper, bay leaves, cayenne pepper sauce, all-purpose flour, tomatoes with juice, chicken stock, cumin, chili powder, poultry seasoning, worcestershire sauce, medium shrimp, coarse salt, black pepper, scallion, fresh thyme",add,5,"['brown,chicken,sausage,cook,t,c,min,sage,s,in,age,au,re,chick,ad,d']"
44423,everything jambalaya or  jambalika,"white rice, extra virgin olive oil, butter, white chicken meat, andouille sausage, onion, celery ribs, green bell pepper, bay leaves, cayenne pepper sauce, all-purpose flour, tomatoes with juice, chicken stock, cumin, chili powder, poultry seasoning, worcestershire sauce, medium shrimp, coarse salt, black pepper, scallion, fresh thyme",add,6,"['pepper,cayenne,onion,celery,bay,c,p,ad,l,d']"
44423,everything jambalaya or  jambalika,"white rice, extra virgin olive oil, butter, white chicken meat, andouille sausage, onion, celery ribs, green bell pepper, bay leaves, cayenne pepper sauce, all-purpose flour, tomatoes with juice, chicken stock, cumin, chili powder, poultry seasoning, worcestershire sauce, medium shrimp, coarse salt, black pepper, scallion, fresh thyme",add,9,"['oil,shrimp,t,boil,s,p,in,hr,ad,liquid,l,d']"
44423,everything jambalaya or  jambalika,"white rice, extra virgin olive oil, butter, white chicken meat, andouille sausage, onion, celery ribs, green bell pepper, bay leaves, cayenne pepper sauce, all-purpose flour, tomatoes with juice, chicken stock, cumin, chili powder, poultry seasoning, worcestershire sauce, medium shrimp, coarse salt, black pepper, scallion, fresh thyme",sprinkle,7,"['flour,vegetable,pan,cook,t,table,c,min,s,p,in,veg,f,au,re,l,d']"
44423,everything jambalaya or  jambalika,"white rice, extra virgin olive oil, butter, white chicken meat, andouille sausage, onion, celery ribs, green bell pepper, bay leaves, cayenne pepper sauce, all-purpose flour, tomatoes with juice, chicken stock, cumin, chili powder, poultry seasoning, worcestershire sauce, medium shrimp, coarse salt, black pepper, scallion, fresh thyme",sprinkle,14,"['pepper,salt,thyme,chop,scallions,leaves,t,c,scallion,s,p,in,dish,l,d']"
44423,everything jambalaya or  jambalika,"white rice, extra virgin olive oil, butter, white chicken meat, andouille sausage, onion, celery ribs, green bell pepper, bay leaves, cayenne pepper sauce, all-purpose flour, tomatoes with juice, chicken stock, cumin, chili powder, poultry seasoning, worcestershire sauce, medium shrimp, coarse salt, black pepper, scallion, fresh thyme",stir,8,"['chili,tomatoes,cumin,tomato,worcestershire,season,seasoning,broth,sea,t,c,min,poultry,s,p,in,worcester,re,l,d']"
44423,everything jambalaya or  jambalika,"white rice, extra virgin olive oil, butter, white chicken meat, andouille sausage, onion, celery ribs, green bell pepper, bay leaves, cayenne pepper sauce, all-purpose flour, tomatoes with juice, chicken stock, cumin, chili powder, poultry seasoning, worcestershire sauce, medium shrimp, coarse salt, black pepper, scallion, fresh thyme",bring,9,"['oil,shrimp,t,boil,s,p,in,hr,ad,liquid,l,d']"
44423,everything jambalaya or  jambalika,"white rice, extra virgin olive oil, butter, white chicken meat, andouille sausage, onion, celery ribs, green bell pepper, bay leaves, cayenne pepper sauce, all-purpose flour, tomatoes with juice, chicken stock, cumin, chili powder, poultry seasoning, worcestershire sauce, medium shrimp, coarse salt, black pepper, scallion, fresh thyme",simmer,10,"['shrimp,t,min,s,p,in,pin,f,hr,l,d']"
44423,everything jambalaya or  jambalika,"white rice, extra virgin olive oil, butter, white chicken meat, andouille sausage, onion, celery ribs, green bell pepper, bay leaves, cayenne pepper sauce, all-purpose flour, tomatoes with juice, chicken stock, cumin, chili powder, poultry seasoning, worcestershire sauce, medium shrimp, coarse salt, black pepper, scallion, fresh thyme",remove,11,"['pot,t,c,heat,p,f,re,l,d']"
44423,everything jambalaya or  jambalika,"white rice, extra virgin olive oil, butter, white chicken meat, andouille sausage, onion, celery ribs, green bell pepper, bay leaves, cayenne pepper sauce, all-purpose flour, tomatoes with juice, chicken stock, cumin, chili powder, poultry seasoning, worcestershire sauce, medium shrimp, coarse salt, black pepper, scallion, fresh thyme",using,13,"['rice,cream,t,c,ice,jam,s,p,in,f,re,l']"
44423,everything jambalaya or  jambalika,"white rice, extra virgin olive oil, butter, white chicken meat, andouille sausage, onion, celery ribs, green bell pepper, bay leaves, cayenne pepper sauce, all-purpose flour, tomatoes with juice, chicken stock, cumin, chili powder, poultry seasoning, worcestershire sauce, medium shrimp, coarse salt, black pepper, scallion, fresh thyme",chopped,14,"['pepper,salt,thyme,chop,scallions,leaves,t,c,scallion,s,p,in,dish,l,d']"
44423,everything jambalaya or  jambalika,"white rice, extra virgin olive oil, butter, white chicken meat, andouille sausage, onion, celery ribs, green bell pepper, bay leaves, cayenne pepper sauce, all-purpose flour, tomatoes with juice, chicken stock, cumin, chili powder, poultry seasoning, worcestershire sauce, medium shrimp, coarse salt, black pepper, scallion, fresh thyme",leaves,14,"['pepper,salt,thyme,chop,scallions,leaves,t,c,scallion,s,p,in,dish,l,d']"
