Id,Name,AllIngredients,Verbs,Steps,Ingredient
45618,grilled vegetable sandwich,"plain nonfat yogurt, dijon mustard, black pepper, nonfat cottage cheese, tabasco sauce, shallots, garlic, lemon juice, eggplant, yellow squash, zucchini, red onion, italian seasoning, cayenne pepper, light vegetable oil cooking spray, roasted red peppers, baguette, tomatoes, jalapeno peppers, basil leaves, arugula leaves",put,2,"['t,dressing,mix,blend,s,p,end,in,de,re,red,l,d,b,nt,e']"
45618,grilled vegetable sandwich,"plain nonfat yogurt, dijon mustard, black pepper, nonfat cottage cheese, tabasco sauce, shallots, garlic, lemon juice, eggplant, yellow squash, zucchini, red onion, italian seasoning, cayenne pepper, light vegetable oil cooking spray, roasted red peppers, baguette, tomatoes, jalapeno peppers, basil leaves, arugula leaves",put,12,"['tomato,t,c,ice,slice,s,p,in,baguette,slices,f,bag,l,b,nt,e']"
45618,grilled vegetable sandwich,"plain nonfat yogurt, dijon mustard, black pepper, nonfat cottage cheese, tabasco sauce, shallots, garlic, lemon juice, eggplant, yellow squash, zucchini, red onion, italian seasoning, cayenne pepper, light vegetable oil cooking spray, roasted red peppers, baguette, tomatoes, jalapeno peppers, basil leaves, arugula leaves",dressing,2,"['t,dressing,mix,blend,s,p,end,in,de,re,red,l,d,b,nt,e']"
45618,grilled vegetable sandwich,"plain nonfat yogurt, dijon mustard, black pepper, nonfat cottage cheese, tabasco sauce, shallots, garlic, lemon juice, eggplant, yellow squash, zucchini, red onion, italian seasoning, cayenne pepper, light vegetable oil cooking spray, roasted red peppers, baguette, tomatoes, jalapeno peppers, basil leaves, arugula leaves",mix,2,"['t,dressing,mix,blend,s,p,end,in,de,re,red,l,d,b,nt,e']"
45618,grilled vegetable sandwich,"plain nonfat yogurt, dijon mustard, black pepper, nonfat cottage cheese, tabasco sauce, shallots, garlic, lemon juice, eggplant, yellow squash, zucchini, red onion, italian seasoning, cayenne pepper, light vegetable oil cooking spray, roasted red peppers, baguette, tomatoes, jalapeno peppers, basil leaves, arugula leaves",set,3,"['t,s,de,d,e']"
45618,grilled vegetable sandwich,"plain nonfat yogurt, dijon mustard, black pepper, nonfat cottage cheese, tabasco sauce, shallots, garlic, lemon juice, eggplant, yellow squash, zucchini, red onion, italian seasoning, cayenne pepper, light vegetable oil cooking spray, roasted red peppers, baguette, tomatoes, jalapeno peppers, basil leaves, arugula leaves",arrange,4,"['egg,onion,zucchini,squash,cook,t,c,eggplant,plan,s,p,in,sheet,l,d,ash,nt,e']"
45618,grilled vegetable sandwich,"plain nonfat yogurt, dijon mustard, black pepper, nonfat cottage cheese, tabasco sauce, shallots, garlic, lemon juice, eggplant, yellow squash, zucchini, red onion, italian seasoning, cayenne pepper, light vegetable oil cooking spray, roasted red peppers, baguette, tomatoes, jalapeno peppers, basil leaves, arugula leaves",sprinkle,5,"['pepper,cayenne,season,seasoning,sea,t,c,s,p,in,round,rounds,f,l,d,e']"
45618,grilled vegetable sandwich,"plain nonfat yogurt, dijon mustard, black pepper, nonfat cottage cheese, tabasco sauce, shallots, garlic, lemon juice, eggplant, yellow squash, zucchini, red onion, italian seasoning, cayenne pepper, light vegetable oil cooking spray, roasted red peppers, baguette, tomatoes, jalapeno peppers, basil leaves, arugula leaves",spray,6,"['cook,t,c,cooking,spray,oat,s,p,in,l,light,e']"
45618,grilled vegetable sandwich,"plain nonfat yogurt, dijon mustard, black pepper, nonfat cottage cheese, tabasco sauce, shallots, garlic, lemon juice, eggplant, yellow squash, zucchini, red onion, italian seasoning, cayenne pepper, light vegetable oil cooking spray, roasted red peppers, baguette, tomatoes, jalapeno peppers, basil leaves, arugula leaves",coat,6,"['cook,t,c,cooking,spray,oat,s,p,in,l,light,e']"
45618,grilled vegetable sandwich,"plain nonfat yogurt, dijon mustard, black pepper, nonfat cottage cheese, tabasco sauce, shallots, garlic, lemon juice, eggplant, yellow squash, zucchini, red onion, italian seasoning, cayenne pepper, light vegetable oil cooking spray, roasted red peppers, baguette, tomatoes, jalapeno peppers, basil leaves, arugula leaves",coat,16,"['t,c,oat,dressing,half,s,p,in,baguette,de,f,top,bag,re,l,d,b,e']"
45618,grilled vegetable sandwich,"plain nonfat yogurt, dijon mustard, black pepper, nonfat cottage cheese, tabasco sauce, shallots, garlic, lemon juice, eggplant, yellow squash, zucchini, red onion, italian seasoning, cayenne pepper, light vegetable oil cooking spray, roasted red peppers, baguette, tomatoes, jalapeno peppers, basil leaves, arugula leaves",broil,7,"['oil,vegetable,brown,t,table,min,s,p,in,de,veg,f,l,d,b,vegetables,nt,e']"
45618,grilled vegetable sandwich,"plain nonfat yogurt, dijon mustard, black pepper, nonfat cottage cheese, tabasco sauce, shallots, garlic, lemon juice, eggplant, yellow squash, zucchini, red onion, italian seasoning, cayenne pepper, light vegetable oil cooking spray, roasted red peppers, baguette, tomatoes, jalapeno peppers, basil leaves, arugula leaves",flip,7,"['oil,vegetable,brown,t,table,min,s,p,in,de,veg,f,l,d,b,vegetables,nt,e']"
45618,grilled vegetable sandwich,"plain nonfat yogurt, dijon mustard, black pepper, nonfat cottage cheese, tabasco sauce, shallots, garlic, lemon juice, eggplant, yellow squash, zucchini, red onion, italian seasoning, cayenne pepper, light vegetable oil cooking spray, roasted red peppers, baguette, tomatoes, jalapeno peppers, basil leaves, arugula leaves",remove,8,"['oil,cook,t,c,s,in,sheet,vin,re,l,b,e']"
45618,grilled vegetable sandwich,"plain nonfat yogurt, dijon mustard, black pepper, nonfat cottage cheese, tabasco sauce, shallots, garlic, lemon juice, eggplant, yellow squash, zucchini, red onion, italian seasoning, cayenne pepper, light vegetable oil cooking spray, roasted red peppers, baguette, tomatoes, jalapeno peppers, basil leaves, arugula leaves",leaving,8,"['oil,cook,t,c,s,in,sheet,vin,re,l,b,e']"
45618,grilled vegetable sandwich,"plain nonfat yogurt, dijon mustard, black pepper, nonfat cottage cheese, tabasco sauce, shallots, garlic, lemon juice, eggplant, yellow squash, zucchini, red onion, italian seasoning, cayenne pepper, light vegetable oil cooking spray, roasted red peppers, baguette, tomatoes, jalapeno peppers, basil leaves, arugula leaves",cut,10,"['t,c,half,s,p,in,baguette,dough,f,bag,l,d,b,e']"
45618,grilled vegetable sandwich,"plain nonfat yogurt, dijon mustard, black pepper, nonfat cottage cheese, tabasco sauce, shallots, garlic, lemon juice, eggplant, yellow squash, zucchini, red onion, italian seasoning, cayenne pepper, light vegetable oil cooking spray, roasted red peppers, baguette, tomatoes, jalapeno peppers, basil leaves, arugula leaves",cut,17,"['t,c,s,in,sandwich,d,nt,e']"
45618,grilled vegetable sandwich,"plain nonfat yogurt, dijon mustard, black pepper, nonfat cottage cheese, tabasco sauce, shallots, garlic, lemon juice, eggplant, yellow squash, zucchini, red onion, italian seasoning, cayenne pepper, light vegetable oil cooking spray, roasted red peppers, baguette, tomatoes, jalapeno peppers, basil leaves, arugula leaves",scoop,10,"['t,c,half,s,p,in,baguette,dough,f,bag,l,d,b,e']"
45618,grilled vegetable sandwich,"plain nonfat yogurt, dijon mustard, black pepper, nonfat cottage cheese, tabasco sauce, shallots, garlic, lemon juice, eggplant, yellow squash, zucchini, red onion, italian seasoning, cayenne pepper, light vegetable oil cooking spray, roasted red peppers, baguette, tomatoes, jalapeno peppers, basil leaves, arugula leaves",place,11,"['oil,t,c,min,rack,s,p,in,de,f,l,d,b,e']"
45618,grilled vegetable sandwich,"plain nonfat yogurt, dijon mustard, black pepper, nonfat cottage cheese, tabasco sauce, shallots, garlic, lemon juice, eggplant, yellow squash, zucchini, red onion, italian seasoning, cayenne pepper, light vegetable oil cooking spray, roasted red peppers, baguette, tomatoes, jalapeno peppers, basil leaves, arugula leaves",place,16,"['t,c,oat,dressing,half,s,p,in,baguette,de,f,top,bag,re,l,d,b,e']"
45618,grilled vegetable sandwich,"plain nonfat yogurt, dijon mustard, black pepper, nonfat cottage cheese, tabasco sauce, shallots, garlic, lemon juice, eggplant, yellow squash, zucchini, red onion, italian seasoning, cayenne pepper, light vegetable oil cooking spray, roasted red peppers, baguette, tomatoes, jalapeno peppers, basil leaves, arugula leaves",toast,11,"['oil,t,c,min,rack,s,p,in,de,f,l,d,b,e']"
45618,grilled vegetable sandwich,"plain nonfat yogurt, dijon mustard, black pepper, nonfat cottage cheese, tabasco sauce, shallots, garlic, lemon juice, eggplant, yellow squash, zucchini, red onion, italian seasoning, cayenne pepper, light vegetable oil cooking spray, roasted red peppers, baguette, tomatoes, jalapeno peppers, basil leaves, arugula leaves",remaining,16,"['t,c,oat,dressing,half,s,p,in,baguette,de,f,top,bag,re,l,d,b,e']"
