Id,Name,AllIngredients,Verbs,Steps,Ingredient
4700,roast turkey with cornbread stuffing,"turkey, butter, dried sage, oregano, pepper, all-purpose flour, cornmeal, granulated sugar, baking powder, baking soda, salt, eggs, buttermilk, celery, onion, sweet red pepper, sweet green pepper, garlic cloves, dried oregano, ground coriander, chili powder, cornbread, chicken stock, dry white wine",make,1,"['read,corn,bread,t,c,re,ad,cornbread,d,b,e,o']"
4700,roast turkey with cornbread stuffing,"turkey, butter, dried sage, oregano, pepper, all-purpose flour, cornmeal, granulated sugar, baking powder, baking soda, salt, eggs, buttermilk, celery, onion, sweet red pepper, sweet green pepper, garlic cloves, dried oregano, ground coriander, chili powder, cornbread, chicken stock, dry white wine",make,9,"['read,corn,bread,t,c,roast,turkey,s,in,f,re,ad,cornbread,d,b,e,o,y,stuff,stuffing']"
4700,roast turkey with cornbread stuffing,"turkey, butter, dried sage, oregano, pepper, all-purpose flour, cornmeal, granulated sugar, baking powder, baking soda, salt, eggs, buttermilk, celery, onion, sweet red pepper, sweet green pepper, garlic cloves, dried oregano, ground coriander, chili powder, cornbread, chicken stock, dry white wine",make,36,"['t,e,o,y,gravy']"
4700,roast turkey with cornbread stuffing,"turkey, butter, dried sage, oregano, pepper, all-purpose flour, cornmeal, granulated sugar, baking powder, baking soda, salt, eggs, buttermilk, celery, onion, sweet red pepper, sweet green pepper, garlic cloves, dried oregano, ground coriander, chili powder, cornbread, chicken stock, dry white wine",stir,2,"['powder,salt,sugar,flour,soda,corn,meal,cornmeal,t,c,baking,s,p,in,de,f,l,d,b,e,o']"
4700,roast turkey with cornbread stuffing,"turkey, butter, dried sage, oregano, pepper, all-purpose flour, cornmeal, granulated sugar, baking powder, baking soda, salt, eggs, buttermilk, celery, onion, sweet red pepper, sweet green pepper, garlic cloves, dried oregano, ground coriander, chili powder, cornbread, chicken stock, dry white wine",stir,38,"['flour,pan,t,s,p,in,de,f,l,d,nt,e,wood,o']"
4700,roast turkey with cornbread stuffing,"turkey, butter, dried sage, oregano, pepper, all-purpose flour, cornmeal, granulated sugar, baking powder, baking soda, salt, eggs, buttermilk, celery, onion, sweet red pepper, sweet green pepper, garlic cloves, dried oregano, ground coriander, chili powder, cornbread, chicken stock, dry white wine",baking,2,"['powder,salt,sugar,flour,soda,corn,meal,cornmeal,t,c,baking,s,p,in,de,f,l,d,b,e,o']"
4700,roast turkey with cornbread stuffing,"turkey, butter, dried sage, oregano, pepper, all-purpose flour, cornmeal, granulated sugar, baking powder, baking soda, salt, eggs, buttermilk, celery, onion, sweet red pepper, sweet green pepper, garlic cloves, dried oregano, ground coriander, chili powder, cornbread, chicken stock, dry white wine",baking,5,"['pan,read,corn,bread,cube,t,c,baking,turkey,cubes,s,p,in,cake,f,-,re,ad,d,b,nt,e,o,y']"
4700,roast turkey with cornbread stuffing,"turkey, butter, dried sage, oregano, pepper, all-purpose flour, cornmeal, granulated sugar, baking powder, baking soda, salt, eggs, buttermilk, celery, onion, sweet red pepper, sweet green pepper, garlic cloves, dried oregano, ground coriander, chili powder, cornbread, chicken stock, dry white wine",whisk,3,"['butter,eggs,egg,buttermilk,milk,t,s,p,in,re,red,l,d,b,nt,e,ring,butt,o,y']"
4700,roast turkey with cornbread stuffing,"turkey, butter, dried sage, oregano, pepper, all-purpose flour, cornmeal, granulated sugar, baking powder, baking soda, salt, eggs, buttermilk, celery, onion, sweet red pepper, sweet green pepper, garlic cloves, dried oregano, ground coriander, chili powder, cornbread, chicken stock, dry white wine",whisk,40,"['stock,wine,t,c,s,in,ad,l,d,e,o,y']"
4700,roast turkey with cornbread stuffing,"turkey, butter, dried sage, oregano, pepper, all-purpose flour, cornmeal, granulated sugar, baking powder, baking soda, salt, eggs, buttermilk, celery, onion, sweet red pepper, sweet green pepper, garlic cloves, dried oregano, ground coriander, chili powder, cornbread, chicken stock, dry white wine",pour,3,"['butter,eggs,egg,buttermilk,milk,t,s,p,in,re,red,l,d,b,nt,e,ring,butt,o,y']"
4700,roast turkey with cornbread stuffing,"turkey, butter, dried sage, oregano, pepper, all-purpose flour, cornmeal, granulated sugar, baking powder, baking soda, salt, eggs, buttermilk, celery, onion, sweet red pepper, sweet green pepper, garlic cloves, dried oregano, ground coriander, chili powder, cornbread, chicken stock, dry white wine",stirring,3,"['butter,eggs,egg,buttermilk,milk,t,s,p,in,re,red,l,d,b,nt,e,ring,butt,o,y']"
4700,roast turkey with cornbread stuffing,"turkey, butter, dried sage, oregano, pepper, all-purpose flour, cornmeal, granulated sugar, baking powder, baking soda, salt, eggs, buttermilk, celery, onion, sweet red pepper, sweet green pepper, garlic cloves, dried oregano, ground coriander, chili powder, cornbread, chicken stock, dry white wine",stirring,11,"['garlic,chili,powder,pepper,salt,oregano,onion,celery,coriander,peppers,onions,cook,t,c,min,sage,s,p,in,de,age,f,re,red,l,d,nt,e,green,ring,nut,o,y']"
4700,roast turkey with cornbread stuffing,"turkey, butter, dried sage, oregano, pepper, all-purpose flour, cornmeal, granulated sugar, baking powder, baking soda, salt, eggs, buttermilk, celery, onion, sweet red pepper, sweet green pepper, garlic cloves, dried oregano, ground coriander, chili powder, cornbread, chicken stock, dry white wine",stirring,42,"['oil,brown,pan,t,c,boil,bits,s,p,in,f,l,b,e,ring,o,bit']"
4700,roast turkey with cornbread stuffing,"turkey, butter, dried sage, oregano, pepper, all-purpose flour, cornmeal, granulated sugar, baking powder, baking soda, salt, eggs, buttermilk, celery, onion, sweet red pepper, sweet green pepper, garlic cloves, dried oregano, ground coriander, chili powder, cornbread, chicken stock, dry white wine",stirring,43,"['t,c,min,heat,s,in,f,re,red,d,b,e,ring,nut,o']"
4700,roast turkey with cornbread stuffing,"turkey, butter, dried sage, oregano, pepper, all-purpose flour, cornmeal, granulated sugar, baking powder, baking soda, salt, eggs, buttermilk, celery, onion, sweet red pepper, sweet green pepper, garlic cloves, dried oregano, ground coriander, chili powder, cornbread, chicken stock, dry white wine",moistened,3,"['butter,eggs,egg,buttermilk,milk,t,s,p,in,re,red,l,d,b,nt,e,ring,butt,o,y']"
4700,roast turkey with cornbread stuffing,"turkey, butter, dried sage, oregano, pepper, all-purpose flour, cornmeal, granulated sugar, baking powder, baking soda, salt, eggs, buttermilk, celery, onion, sweet red pepper, sweet green pepper, garlic cloves, dried oregano, ground coriander, chili powder, cornbread, chicken stock, dry white wine",spoon,4,"['pan,t,c,grease,s,p,in,cake,-,re,d,nt,e,o']"
4700,roast turkey with cornbread stuffing,"turkey, butter, dried sage, oregano, pepper, all-purpose flour, cornmeal, granulated sugar, baking powder, baking soda, salt, eggs, buttermilk, celery, onion, sweet red pepper, sweet green pepper, garlic cloves, dried oregano, ground coriander, chili powder, cornbread, chicken stock, dry white wine",makes,5,"['pan,read,corn,bread,cube,t,c,baking,turkey,cubes,s,p,in,cake,f,-,re,ad,d,b,nt,e,o,y']"
4700,roast turkey with cornbread stuffing,"turkey, butter, dried sage, oregano, pepper, all-purpose flour, cornmeal, granulated sugar, baking powder, baking soda, salt, eggs, buttermilk, celery, onion, sweet red pepper, sweet green pepper, garlic cloves, dried oregano, ground coriander, chili powder, cornbread, chicken stock, dry white wine",cut,5,"['pan,read,corn,bread,cube,t,c,baking,turkey,cubes,s,p,in,cake,f,-,re,ad,d,b,nt,e,o,y']"
4700,roast turkey with cornbread stuffing,"turkey, butter, dried sage, oregano, pepper, all-purpose flour, cornmeal, granulated sugar, baking powder, baking soda, salt, eggs, buttermilk, celery, onion, sweet red pepper, sweet green pepper, garlic cloves, dried oregano, ground coriander, chili powder, cornbread, chicken stock, dry white wine",cut,12,"['read,corn,bread,cube,t,c,cubes,s,in,re,ad,l,d,b,nt,e,o']"
4700,roast turkey with cornbread stuffing,"turkey, butter, dried sage, oregano, pepper, all-purpose flour, cornmeal, granulated sugar, baking powder, baking soda, salt, eggs, buttermilk, celery, onion, sweet red pepper, sweet green pepper, garlic cloves, dried oregano, ground coriander, chili powder, cornbread, chicken stock, dry white wine",bake,6,"['brown,read,bread,t,c,min,s,p,in,de,oven,f,top,re,ad,l,d,b,nt,e,gold,nut,o']"
4700,roast turkey with cornbread stuffing,"turkey, butter, dried sage, oregano, pepper, all-purpose flour, cornmeal, granulated sugar, baking powder, baking soda, salt, eggs, buttermilk, celery, onion, sweet red pepper, sweet green pepper, garlic cloves, dried oregano, ground coriander, chili powder, cornbread, chicken stock, dry white wine",oven,6,"['brown,read,bread,t,c,min,s,p,in,de,oven,f,top,re,ad,l,d,b,nt,e,gold,nut,o']"
4700,roast turkey with cornbread stuffing,"turkey, butter, dried sage, oregano, pepper, all-purpose flour, cornmeal, granulated sugar, baking powder, baking soda, salt, eggs, buttermilk, celery, onion, sweet red pepper, sweet green pepper, garlic cloves, dried oregano, ground coriander, chili powder, cornbread, chicken stock, dry white wine",is,6,"['brown,read,bread,t,c,min,s,p,in,de,oven,f,top,re,ad,l,d,b,nt,e,gold,nut,o']"
4700,roast turkey with cornbread stuffing,"turkey, butter, dried sage, oregano, pepper, all-purpose flour, cornmeal, granulated sugar, baking powder, baking soda, salt, eggs, buttermilk, celery, onion, sweet red pepper, sweet green pepper, garlic cloves, dried oregano, ground coriander, chili powder, cornbread, chicken stock, dry white wine",inserted,6,"['brown,read,bread,t,c,min,s,p,in,de,oven,f,top,re,ad,l,d,b,nt,e,gold,nut,o']"
4700,roast turkey with cornbread stuffing,"turkey, butter, dried sage, oregano, pepper, all-purpose flour, cornmeal, granulated sugar, baking powder, baking soda, salt, eggs, buttermilk, celery, onion, sweet red pepper, sweet green pepper, garlic cloves, dried oregano, ground coriander, chili powder, cornbread, chicken stock, dry white wine",inserted,33,"['juice,cook,t,c,ice,cooking,min,roast,turkey,s,p,in,meat,pie,f,re,l,d,b,nt,e,nut,o,y,thigh,stuff,juices,stuffing']"
4700,roast turkey with cornbread stuffing,"turkey, butter, dried sage, oregano, pepper, all-purpose flour, cornmeal, granulated sugar, baking powder, baking soda, salt, eggs, buttermilk, celery, onion, sweet red pepper, sweet green pepper, garlic cloves, dried oregano, ground coriander, chili powder, cornbread, chicken stock, dry white wine",comes,6,"['brown,read,bread,t,c,min,s,p,in,de,oven,f,top,re,ad,l,d,b,nt,e,gold,nut,o']"
4700,roast turkey with cornbread stuffing,"turkey, butter, dried sage, oregano, pepper, all-purpose flour, cornmeal, granulated sugar, baking powder, baking soda, salt, eggs, buttermilk, celery, onion, sweet red pepper, sweet green pepper, garlic cloves, dried oregano, ground coriander, chili powder, cornbread, chicken stock, dry white wine",let,7,"['pan,read,bread,t,c,min,rack,s,p,in,f,re,ad,l,d,b,e,nut,o']"
4700,roast turkey with cornbread stuffing,"turkey, butter, dried sage, oregano, pepper, all-purpose flour, cornmeal, granulated sugar, baking powder, baking soda, salt, eggs, buttermilk, celery, onion, sweet red pepper, sweet green pepper, garlic cloves, dried oregano, ground coriander, chili powder, cornbread, chicken stock, dry white wine",let,8,"['t,c,rack,p,tel,l,d,nt,e,o,y']"
4700,roast turkey with cornbread stuffing,"turkey, butter, dried sage, oregano, pepper, all-purpose flour, cornmeal, granulated sugar, baking powder, baking soda, salt, eggs, buttermilk, celery, onion, sweet red pepper, sweet green pepper, garlic cloves, dried oregano, ground coriander, chili powder, cornbread, chicken stock, dry white wine",let,35,"['oil,t,c,min,s,in,vin,f,re,l,d,b,nt,e,foil,nut,o']"
4700,roast turkey with cornbread stuffing,"turkey, butter, dried sage, oregano, pepper, all-purpose flour, cornmeal, granulated sugar, baking powder, baking soda, salt, eggs, buttermilk, celery, onion, sweet red pepper, sweet green pepper, garlic cloves, dried oregano, ground coriander, chili powder, cornbread, chicken stock, dry white wine",turn,8,"['t,c,rack,p,tel,l,d,nt,e,o,y']"
4700,roast turkey with cornbread stuffing,"turkey, butter, dried sage, oregano, pepper, all-purpose flour, cornmeal, granulated sugar, baking powder, baking soda, salt, eggs, buttermilk, celery, onion, sweet red pepper, sweet green pepper, garlic cloves, dried oregano, ground coriander, chili powder, cornbread, chicken stock, dry white wine",melt,10,"['butter,t,heat,s,in,medium,-,l,d,b,e,butt,o']"
4700,roast turkey with cornbread stuffing,"turkey, butter, dried sage, oregano, pepper, all-purpose flour, cornmeal, granulated sugar, baking powder, baking soda, salt, eggs, buttermilk, celery, onion, sweet red pepper, sweet green pepper, garlic cloves, dried oregano, ground coriander, chili powder, cornbread, chicken stock, dry white wine",softened,11,"['garlic,chili,powder,pepper,salt,oregano,onion,celery,coriander,peppers,onions,cook,t,c,min,sage,s,p,in,de,age,f,re,red,l,d,nt,e,green,ring,nut,o,y']"
4700,roast turkey with cornbread stuffing,"turkey, butter, dried sage, oregano, pepper, all-purpose flour, cornmeal, granulated sugar, baking powder, baking soda, salt, eggs, buttermilk, celery, onion, sweet red pepper, sweet green pepper, garlic cloves, dried oregano, ground coriander, chili powder, cornbread, chicken stock, dry white wine",add,14,"['vegetable,t,table,mix,veg,re,ad,l,d,b,e']"
4700,roast turkey with cornbread stuffing,"turkey, butter, dried sage, oregano, pepper, all-purpose flour, cornmeal, granulated sugar, baking powder, baking soda, salt, eggs, buttermilk, celery, onion, sweet red pepper, sweet green pepper, garlic cloves, dried oregano, ground coriander, chili powder, cornbread, chicken stock, dry white wine",add,41,"['pepper,salt,t,s,p,ad,l,d,e']"
4700,roast turkey with cornbread stuffing,"turkey, butter, dried sage, oregano, pepper, all-purpose flour, cornmeal, granulated sugar, baking powder, baking soda, salt, eggs, buttermilk, celery, onion, sweet red pepper, sweet green pepper, garlic cloves, dried oregano, ground coriander, chili powder, cornbread, chicken stock, dry white wine",toss,15,"['t,c,s,in,b,e,o']"
4700,roast turkey with cornbread stuffing,"turkey, butter, dried sage, oregano, pepper, all-purpose flour, cornmeal, granulated sugar, baking powder, baking soda, salt, eggs, buttermilk, celery, onion, sweet red pepper, sweet green pepper, garlic cloves, dried oregano, ground coriander, chili powder, cornbread, chicken stock, dry white wine",combine,15,"['t,c,s,in,b,e,o']"
4700,roast turkey with cornbread stuffing,"turkey, butter, dried sage, oregano, pepper, all-purpose flour, cornmeal, granulated sugar, baking powder, baking soda, salt, eggs, buttermilk, celery, onion, sweet red pepper, sweet green pepper, garlic cloves, dried oregano, ground coriander, chili powder, cornbread, chicken stock, dry white wine",drizzle,16,"['stock,t,c,s,in,l,d,e,o']"
4700,roast turkey with cornbread stuffing,"turkey, butter, dried sage, oregano, pepper, all-purpose flour, cornmeal, granulated sugar, baking powder, baking soda, salt, eggs, buttermilk, celery, onion, sweet red pepper, sweet green pepper, garlic cloves, dried oregano, ground coriander, chili powder, cornbread, chicken stock, dry white wine",tossing,16,"['stock,t,c,s,in,l,d,e,o']"
4700,roast turkey with cornbread stuffing,"turkey, butter, dried sage, oregano, pepper, all-purpose flour, cornmeal, granulated sugar, baking powder, baking soda, salt, eggs, buttermilk, celery, onion, sweet red pepper, sweet green pepper, garlic cloves, dried oregano, ground coriander, chili powder, cornbread, chicken stock, dry white wine",moisten,16,"['stock,t,c,s,in,l,d,e,o']"
4700,roast turkey with cornbread stuffing,"turkey, butter, dried sage, oregano, pepper, all-purpose flour, cornmeal, granulated sugar, baking powder, baking soda, salt, eggs, buttermilk, celery, onion, sweet red pepper, sweet green pepper, garlic cloves, dried oregano, ground coriander, chili powder, cornbread, chicken stock, dry white wine",remove,17,"['t,c,turkey,s,giblets,f,re,l,d,b,e,o,y']"
4700,roast turkey with cornbread stuffing,"turkey, butter, dried sage, oregano, pepper, all-purpose flour, cornmeal, granulated sugar, baking powder, baking soda, salt, eggs, buttermilk, celery, onion, sweet red pepper, sweet green pepper, garlic cloves, dried oregano, ground coriander, chili powder, cornbread, chicken stock, dry white wine",remove,31,"['oil,f,re,l,e,foil,o']"
4700,roast turkey with cornbread stuffing,"turkey, butter, dried sage, oregano, pepper, all-purpose flour, cornmeal, granulated sugar, baking powder, baking soda, salt, eggs, buttermilk, celery, onion, sweet red pepper, sweet green pepper, garlic cloves, dried oregano, ground coriander, chili powder, cornbread, chicken stock, dry white wine",rinse,18,"['water,t,c,turkey,s,in,de,l,d,e,o,y']"
4700,roast turkey with cornbread stuffing,"turkey, butter, dried sage, oregano, pepper, all-purpose flour, cornmeal, granulated sugar, baking powder, baking soda, salt, eggs, buttermilk, celery, onion, sweet red pepper, sweet green pepper, garlic cloves, dried oregano, ground coriander, chili powder, cornbread, chicken stock, dry white wine",fill,20,"['t,c,s,in,f,l,d,b,e,o,y,stuff,stuffing']"
4700,roast turkey with cornbread stuffing,"turkey, butter, dried sage, oregano, pepper, all-purpose flour, cornmeal, granulated sugar, baking powder, baking soda, salt, eggs, buttermilk, celery, onion, sweet red pepper, sweet green pepper, garlic cloves, dried oregano, ground coriander, chili powder, cornbread, chicken stock, dry white wine",stuffing,20,"['t,c,s,in,f,l,d,b,e,o,y,stuff,stuffing']"
4700,roast turkey with cornbread stuffing,"turkey, butter, dried sage, oregano, pepper, all-purpose flour, cornmeal, granulated sugar, baking powder, baking soda, salt, eggs, buttermilk, celery, onion, sweet red pepper, sweet green pepper, garlic cloves, dried oregano, ground coriander, chili powder, cornbread, chicken stock, dry white wine",stuffing,33,"['juice,cook,t,c,ice,cooking,min,roast,turkey,s,p,in,meat,pie,f,re,l,d,b,nt,e,nut,o,y,thigh,stuff,juices,stuffing']"
4700,roast turkey with cornbread stuffing,"turkey, butter, dried sage, oregano, pepper, all-purpose flour, cornmeal, granulated sugar, baking powder, baking soda, salt, eggs, buttermilk, celery, onion, sweet red pepper, sweet green pepper, garlic cloves, dried oregano, ground coriander, chili powder, cornbread, chicken stock, dry white wine",skewer,21,"['c,s,p,in,l,d,e,skewer,o']"
4700,roast turkey with cornbread stuffing,"turkey, butter, dried sage, oregano, pepper, all-purpose flour, cornmeal, granulated sugar, baking powder, baking soda, salt, eggs, buttermilk, celery, onion, sweet red pepper, sweet green pepper, garlic cloves, dried oregano, ground coriander, chili powder, cornbread, chicken stock, dry white wine",skewer,23,"['t,c,s,in,f,l,skin,d,b,e,skewer,o,stuff,stuffing']"
4700,roast turkey with cornbread stuffing,"turkey, butter, dried sage, oregano, pepper, all-purpose flour, cornmeal, granulated sugar, baking powder, baking soda, salt, eggs, buttermilk, celery, onion, sweet red pepper, sweet green pepper, garlic cloves, dried oregano, ground coriander, chili powder, cornbread, chicken stock, dry white wine",closed,21,"['c,s,p,in,l,d,e,skewer,o']"
4700,roast turkey with cornbread stuffing,"turkey, butter, dried sage, oregano, pepper, all-purpose flour, cornmeal, granulated sugar, baking powder, baking soda, salt, eggs, buttermilk, celery, onion, sweet red pepper, sweet green pepper, garlic cloves, dried oregano, ground coriander, chili powder, cornbread, chicken stock, dry white wine",repeat,22,"['t,c,pea,p,re,e,y']"
4700,roast turkey with cornbread stuffing,"turkey, butter, dried sage, oregano, pepper, all-purpose flour, cornmeal, granulated sugar, baking powder, baking soda, salt, eggs, buttermilk, celery, onion, sweet red pepper, sweet green pepper, garlic cloves, dried oregano, ground coriander, chili powder, cornbread, chicken stock, dry white wine",back,23,"['t,c,s,in,f,l,skin,d,b,e,skewer,o,stuff,stuffing']"
4700,roast turkey with cornbread stuffing,"turkey, butter, dried sage, oregano, pepper, all-purpose flour, cornmeal, granulated sugar, baking powder, baking soda, salt, eggs, buttermilk, celery, onion, sweet red pepper, sweet green pepper, garlic cloves, dried oregano, ground coriander, chili powder, cornbread, chicken stock, dry white wine",tie,24,"['t,c,s,in,kitchen,legs,l,e,ring,o']"
4700,roast turkey with cornbread stuffing,"turkey, butter, dried sage, oregano, pepper, all-purpose flour, cornmeal, granulated sugar, baking powder, baking soda, salt, eggs, buttermilk, celery, onion, sweet red pepper, sweet green pepper, garlic cloves, dried oregano, ground coriander, chili powder, cornbread, chicken stock, dry white wine",roasting,26,"['breast,pan,t,c,rack,grease,roast,turkey,s,p,in,de,re,l,d,b,e,o,y']"
4700,roast turkey with cornbread stuffing,"turkey, butter, dried sage, oregano, pepper, all-purpose flour, cornmeal, granulated sugar, baking powder, baking soda, salt, eggs, buttermilk, celery, onion, sweet red pepper, sweet green pepper, garlic cloves, dried oregano, ground coriander, chili powder, cornbread, chicken stock, dry white wine",roasting,37,"['pan,t,roast,s,p,in,fat,f,l,e,skim,o']"
4700,roast turkey with cornbread stuffing,"turkey, butter, dried sage, oregano, pepper, all-purpose flour, cornmeal, granulated sugar, baking powder, baking soda, salt, eggs, buttermilk, celery, onion, sweet red pepper, sweet green pepper, garlic cloves, dried oregano, ground coriander, chili powder, cornbread, chicken stock, dry white wine",blend,27,"['pepper,butter,oregano,t,sage,blend,s,p,end,age,re,l,d,b,e,butt,o']"
4700,roast turkey with cornbread stuffing,"turkey, butter, dried sage, oregano, pepper, all-purpose flour, cornmeal, granulated sugar, baking powder, baking soda, salt, eggs, buttermilk, celery, onion, sweet red pepper, sweet green pepper, garlic cloves, dried oregano, ground coriander, chili powder, cornbread, chicken stock, dry white wine",rub,28,"['t,turkey,b,e,o,y']"
4700,roast turkey with cornbread stuffing,"turkey, butter, dried sage, oregano, pepper, all-purpose flour, cornmeal, granulated sugar, baking powder, baking soda, salt, eggs, buttermilk, celery, onion, sweet red pepper, sweet green pepper, garlic cloves, dried oregano, ground coriander, chili powder, cornbread, chicken stock, dry white wine",leaving,29,"['oil,t,s,p,in,vin,de,f,l,d,nt,e,foil,o,y']"
4700,roast turkey with cornbread stuffing,"turkey, butter, dried sage, oregano, pepper, all-purpose flour, cornmeal, granulated sugar, baking powder, baking soda, salt, eggs, buttermilk, celery, onion, sweet red pepper, sweet green pepper, garlic cloves, dried oregano, ground coriander, chili powder, cornbread, chicken stock, dry white wine",basting,30,"['t,min,roast,turkey,s,in,oven,f,-,b,e,nut,o,y']"
4700,roast turkey with cornbread stuffing,"turkey, butter, dried sage, oregano, pepper, all-purpose flour, cornmeal, granulated sugar, baking powder, baking soda, salt, eggs, buttermilk, celery, onion, sweet red pepper, sweet green pepper, garlic cloves, dried oregano, ground coriander, chili powder, cornbread, chicken stock, dry white wine",reserved,32,"['pan,t,c,s,p,in,de,oven,f,reserve,re,l,d,e,wrap,o,stuff,stuffing']"
4700,roast turkey with cornbread stuffing,"turkey, butter, dried sage, oregano, pepper, all-purpose flour, cornmeal, granulated sugar, baking powder, baking soda, salt, eggs, buttermilk, celery, onion, sweet red pepper, sweet green pepper, garlic cloves, dried oregano, ground coriander, chili powder, cornbread, chicken stock, dry white wine",wrapped,32,"['pan,t,c,s,p,in,de,oven,f,reserve,re,l,d,e,wrap,o,stuff,stuffing']"
4700,roast turkey with cornbread stuffing,"turkey, butter, dried sage, oregano, pepper, all-purpose flour, cornmeal, granulated sugar, baking powder, baking soda, salt, eggs, buttermilk, celery, onion, sweet red pepper, sweet green pepper, garlic cloves, dried oregano, ground coriander, chili powder, cornbread, chicken stock, dry white wine",run,33,"['juice,cook,t,c,ice,cooking,min,roast,turkey,s,p,in,meat,pie,f,re,l,d,b,nt,e,nut,o,y,thigh,stuff,juices,stuffing']"
4700,roast turkey with cornbread stuffing,"turkey, butter, dried sage, oregano, pepper, all-purpose flour, cornmeal, granulated sugar, baking powder, baking soda, salt, eggs, buttermilk, celery, onion, sweet red pepper, sweet green pepper, garlic cloves, dried oregano, ground coriander, chili powder, cornbread, chicken stock, dry white wine",pierced,33,"['juice,cook,t,c,ice,cooking,min,roast,turkey,s,p,in,meat,pie,f,re,l,d,b,nt,e,nut,o,y,thigh,stuff,juices,stuffing']"
4700,roast turkey with cornbread stuffing,"turkey, butter, dried sage, oregano, pepper, all-purpose flour, cornmeal, granulated sugar, baking powder, baking soda, salt, eggs, buttermilk, celery, onion, sweet red pepper, sweet green pepper, garlic cloves, dried oregano, ground coriander, chili powder, cornbread, chicken stock, dry white wine",transfer,34,"['t,s,p,f,l,warm,d,e,o']"
4700,roast turkey with cornbread stuffing,"turkey, butter, dried sage, oregano, pepper, all-purpose flour, cornmeal, granulated sugar, baking powder, baking soda, salt, eggs, buttermilk, celery, onion, sweet red pepper, sweet green pepper, garlic cloves, dried oregano, ground coriander, chili powder, cornbread, chicken stock, dry white wine",warmed,34,"['t,s,p,f,l,warm,d,e,o']"
4700,roast turkey with cornbread stuffing,"turkey, butter, dried sage, oregano, pepper, all-purpose flour, cornmeal, granulated sugar, baking powder, baking soda, salt, eggs, buttermilk, celery, onion, sweet red pepper, sweet green pepper, garlic cloves, dried oregano, ground coriander, chili powder, cornbread, chicken stock, dry white wine",warmed,44,"['t,oat,s,in,warm,d,b,nt,e,o,y,gravy']"
4700,roast turkey with cornbread stuffing,"turkey, butter, dried sage, oregano, pepper, all-purpose flour, cornmeal, granulated sugar, baking powder, baking soda, salt, eggs, buttermilk, celery, onion, sweet red pepper, sweet green pepper, garlic cloves, dried oregano, ground coriander, chili powder, cornbread, chicken stock, dry white wine",stand,35,"['oil,t,c,min,s,in,vin,f,re,l,d,b,nt,e,foil,nut,o']"
4700,roast turkey with cornbread stuffing,"turkey, butter, dried sage, oregano, pepper, all-purpose flour, cornmeal, granulated sugar, baking powder, baking soda, salt, eggs, buttermilk, celery, onion, sweet red pepper, sweet green pepper, garlic cloves, dried oregano, ground coriander, chili powder, cornbread, chicken stock, dry white wine",carving,35,"['oil,t,c,min,s,in,vin,f,re,l,d,b,nt,e,foil,nut,o']"
4700,roast turkey with cornbread stuffing,"turkey, butter, dried sage, oregano, pepper, all-purpose flour, cornmeal, granulated sugar, baking powder, baking soda, salt, eggs, buttermilk, celery, onion, sweet red pepper, sweet green pepper, garlic cloves, dried oregano, ground coriander, chili powder, cornbread, chicken stock, dry white wine",skim,37,"['pan,t,roast,s,p,in,fat,f,l,e,skim,o']"
4700,roast turkey with cornbread stuffing,"turkey, butter, dried sage, oregano, pepper, all-purpose flour, cornmeal, granulated sugar, baking powder, baking soda, salt, eggs, buttermilk, celery, onion, sweet red pepper, sweet green pepper, garlic cloves, dried oregano, ground coriander, chili powder, cornbread, chicken stock, dry white wine",using,38,"['flour,pan,t,s,p,in,de,f,l,d,nt,e,wood,o']"
4700,roast turkey with cornbread stuffing,"turkey, butter, dried sage, oregano, pepper, all-purpose flour, cornmeal, granulated sugar, baking powder, baking soda, salt, eggs, buttermilk, celery, onion, sweet red pepper, sweet green pepper, garlic cloves, dried oregano, ground coriander, chili powder, cornbread, chicken stock, dry white wine",cook,39,"['cook,t,c,min,heat,s,in,medium,f,d,e,ring,nut,o']"
4700,roast turkey with cornbread stuffing,"turkey, butter, dried sage, oregano, pepper, all-purpose flour, cornmeal, granulated sugar, baking powder, baking soda, salt, eggs, buttermilk, celery, onion, sweet red pepper, sweet green pepper, garlic cloves, dried oregano, ground coriander, chili powder, cornbread, chicken stock, dry white wine",bring,42,"['oil,brown,pan,t,c,boil,bits,s,p,in,f,l,b,e,ring,o,bit']"
4700,roast turkey with cornbread stuffing,"turkey, butter, dried sage, oregano, pepper, all-purpose flour, cornmeal, granulated sugar, baking powder, baking soda, salt, eggs, buttermilk, celery, onion, sweet red pepper, sweet green pepper, garlic cloves, dried oregano, ground coriander, chili powder, cornbread, chicken stock, dry white wine",boil,42,"['oil,brown,pan,t,c,boil,bits,s,p,in,f,l,b,e,ring,o,bit']"
4700,roast turkey with cornbread stuffing,"turkey, butter, dried sage, oregano, pepper, all-purpose flour, cornmeal, granulated sugar, baking powder, baking soda, salt, eggs, buttermilk, celery, onion, sweet red pepper, sweet green pepper, garlic cloves, dried oregano, ground coriander, chili powder, cornbread, chicken stock, dry white wine",scrape,42,"['oil,brown,pan,t,c,boil,bits,s,p,in,f,l,b,e,ring,o,bit']"
4700,roast turkey with cornbread stuffing,"turkey, butter, dried sage, oregano, pepper, all-purpose flour, cornmeal, granulated sugar, baking powder, baking soda, salt, eggs, buttermilk, celery, onion, sweet red pepper, sweet green pepper, garlic cloves, dried oregano, ground coriander, chili powder, cornbread, chicken stock, dry white wine",reduce,43,"['t,c,min,heat,s,in,f,re,red,d,b,e,ring,nut,o']"
4700,roast turkey with cornbread stuffing,"turkey, butter, dried sage, oregano, pepper, all-purpose flour, cornmeal, granulated sugar, baking powder, baking soda, salt, eggs, buttermilk, celery, onion, sweet red pepper, sweet green pepper, garlic cloves, dried oregano, ground coriander, chili powder, cornbread, chicken stock, dry white wine",simmer,43,"['t,c,min,heat,s,in,f,re,red,d,b,e,ring,nut,o']"
4700,roast turkey with cornbread stuffing,"turkey, butter, dried sage, oregano, pepper, all-purpose flour, cornmeal, granulated sugar, baking powder, baking soda, salt, eggs, buttermilk, celery, onion, sweet red pepper, sweet green pepper, garlic cloves, dried oregano, ground coriander, chili powder, cornbread, chicken stock, dry white wine",strain,44,"['t,oat,s,in,warm,d,b,nt,e,o,y,gravy']"
4700,roast turkey with cornbread stuffing,"turkey, butter, dried sage, oregano, pepper, all-purpose flour, cornmeal, granulated sugar, baking powder, baking soda, salt, eggs, buttermilk, celery, onion, sweet red pepper, sweet green pepper, garlic cloves, dried oregano, ground coriander, chili powder, cornbread, chicken stock, dry white wine",cover,46,"['water,t,c,turkey,s,p,in,f,l,d,e,gin,o,y']"
4700,roast turkey with cornbread stuffing,"turkey, butter, dried sage, oregano, pepper, all-purpose flour, cornmeal, granulated sugar, baking powder, baking soda, salt, eggs, buttermilk, celery, onion, sweet red pepper, sweet green pepper, garlic cloves, dried oregano, ground coriander, chili powder, cornbread, chicken stock, dry white wine",changing,46,"['water,t,c,turkey,s,p,in,f,l,d,e,gin,o,y']"
