Id,Name,AllIngredients,Verbs,Steps,Ingredient
47051,lumpia  build your own,"meat, minced beef, ground pork, shrimp, fish, tuna, chicken, ham, onion, vegetables, water chestnut, bamboo shoot, mushroom, green beans, cabbage, carrot, potato, salt, pepper, soy sauce, lumpia skins",fry,1,{}
47051,lumpia  build your own,"meat, minced beef, ground pork, shrimp, fish, tuna, chicken, ham, onion, vegetables, water chestnut, bamboo shoot, mushroom, green beans, cabbage, carrot, potato, salt, pepper, soy sauce, lumpia skins",done,1,"['pan,t,p,in,meat,de,f,one,l,d,e']"
47051,lumpia  build your own,"meat, minced beef, ground pork, shrimp, fish, tuna, chicken, ham, onion, vegetables, water chestnut, bamboo shoot, mushroom, green beans, cabbage, carrot, potato, salt, pepper, soy sauce, lumpia skins",done,2,"['soy,sauce,pepper,salt,vegetable,t,table,c,s,p,veg,f,au,-,one,ad,l,d,b,vegetables,nt,e']"
47051,lumpia  build your own,"meat, minced beef, ground pork, shrimp, fish, tuna, chicken, ham, onion, vegetables, water chestnut, bamboo shoot, mushroom, green beans, cabbage, carrot, potato, salt, pepper, soy sauce, lumpia skins",done,3,"['t,mix,s,p,in,pin,one,re,d,e']"
47051,lumpia  build your own,"meat, minced beef, ground pork, shrimp, fish, tuna, chicken, ham, onion, vegetables, water chestnut, bamboo shoot, mushroom, green beans, cabbage, carrot, potato, salt, pepper, soy sauce, lumpia skins",add,2,"['soy,sauce,pepper,salt,vegetable,t,table,c,s,p,veg,f,au,-,one,ad,l,d,b,vegetables,nt,e']"
47051,lumpia  build your own,"meat, minced beef, ground pork, shrimp, fish, tuna, chicken, ham, onion, vegetables, water chestnut, bamboo shoot, mushroom, green beans, cabbage, carrot, potato, salt, pepper, soy sauce, lumpia skins",stir,2,"['soy,sauce,pepper,salt,vegetable,t,table,c,s,p,veg,f,au,-,one,ad,l,d,b,vegetables,nt,e']"
47051,lumpia  build your own,"meat, minced beef, ground pork, shrimp, fish, tuna, chicken, ham, onion, vegetables, water chestnut, bamboo shoot, mushroom, green beans, cabbage, carrot, potato, salt, pepper, soy sauce, lumpia skins",drain,3,"['t,mix,s,p,in,pin,one,re,d,e']"
47051,lumpia  build your own,"meat, minced beef, ground pork, shrimp, fish, tuna, chicken, ham, onion, vegetables, water chestnut, bamboo shoot, mushroom, green beans, cabbage, carrot, potato, salt, pepper, soy sauce, lumpia skins",save,3,"['t,mix,s,p,in,pin,one,re,d,e']"
47051,lumpia  build your own,"meat, minced beef, ground pork, shrimp, fish, tuna, chicken, ham, onion, vegetables, water chestnut, bamboo shoot, mushroom, green beans, cabbage, carrot, potato, salt, pepper, soy sauce, lumpia skins",seal,4,"['sea,t,mix,s,p,in,pin,wrapper,re,l,d,e,wrap']"
47051,lumpia  build your own,"meat, minced beef, ground pork, shrimp, fish, tuna, chicken, ham, onion, vegetables, water chestnut, bamboo shoot, mushroom, green beans, cabbage, carrot, potato, salt, pepper, soy sauce, lumpia skins",hold,5,"['egg,sea,t,mix,s,in,f,liquid,l,d,b,e']"
47051,lumpia  build your own,"meat, minced beef, ground pork, shrimp, fish, tuna, chicken, ham, onion, vegetables, water chestnut, bamboo shoot, mushroom, green beans, cabbage, carrot, potato, salt, pepper, soy sauce, lumpia skins",mix,5,"['egg,sea,t,mix,s,in,f,liquid,l,d,b,e']"
