Id,Name,AllIngredients,Verbs,Steps,Ingredient
47551,wow them tamale pie,"olive oil, onion, garlic, ground cumin, ground coriander, dried oregano, water, carrot, red bell peppers, zucchini, green chili pepper, crushed tomatoes, pinto beans, salt & freshly ground black pepper, low-fat cheddar cheese, cornmeal, white flour, salt, baking powder, baking soda, egg whites, buttermilk, vegetable oil, scallion, fresh cilantro, nonfat sour cream",add,2,"['garlic,onion,cook,t,c,min,heat,s,in,medium,f,ad,l,d,b,e,nut,o,g,v,r']"
47551,wow them tamale pie,"olive oil, onion, garlic, ground cumin, ground coriander, dried oregano, water, carrot, red bell peppers, zucchini, green chili pepper, crushed tomatoes, pinto beans, salt & freshly ground black pepper, low-fat cheddar cheese, cornmeal, white flour, salt, baking powder, baking soda, egg whites, buttermilk, vegetable oil, scallion, fresh cilantro, nonfat sour cream",add,3,"['carrots,water,cumin,oregano,coriander,carrot,cook,t,c,min,stick,s,p,in,de,f,re,ad,d,nt,e,nut,o,g,ts,v,r']"
47551,wow them tamale pie,"olive oil, onion, garlic, ground cumin, ground coriander, dried oregano, water, carrot, red bell peppers, zucchini, green chili pepper, crushed tomatoes, pinto beans, salt & freshly ground black pepper, low-fat cheddar cheese, cornmeal, white flour, salt, baking powder, baking soda, egg whites, buttermilk, vegetable oil, scallion, fresh cilantro, nonfat sour cream",add,4,"['pepper,zucchini,peppers,bell,cook,t,c,min,s,p,chile,in,f,ad,l,d,b,e,nut,o,v,r']"
47551,wow them tamale pie,"olive oil, onion, garlic, ground cumin, ground coriander, dried oregano, water, carrot, red bell peppers, zucchini, green chili pepper, crushed tomatoes, pinto beans, salt & freshly ground black pepper, low-fat cheddar cheese, cornmeal, white flour, salt, baking powder, baking soda, egg whites, buttermilk, vegetable oil, scallion, fresh cilantro, nonfat sour cream",add,7,"['pepper,salt,t,c,s,p,ad,l,d,b,e,o,r']"
47551,wow them tamale pie,"olive oil, onion, garlic, ground cumin, ground coriander, dried oregano, water, carrot, red bell peppers, zucchini, green chili pepper, crushed tomatoes, pinto beans, salt & freshly ground black pepper, low-fat cheddar cheese, cornmeal, white flour, salt, baking powder, baking soda, egg whites, buttermilk, vegetable oil, scallion, fresh cilantro, nonfat sour cream",cook,2,"['garlic,onion,cook,t,c,min,heat,s,in,medium,f,ad,l,d,b,e,nut,o,g,v,r']"
47551,wow them tamale pie,"olive oil, onion, garlic, ground cumin, ground coriander, dried oregano, water, carrot, red bell peppers, zucchini, green chili pepper, crushed tomatoes, pinto beans, salt & freshly ground black pepper, low-fat cheddar cheese, cornmeal, white flour, salt, baking powder, baking soda, egg whites, buttermilk, vegetable oil, scallion, fresh cilantro, nonfat sour cream",cook,3,"['carrots,water,cumin,oregano,coriander,carrot,cook,t,c,min,stick,s,p,in,de,f,re,ad,d,nt,e,nut,o,g,ts,v,r']"
47551,wow them tamale pie,"olive oil, onion, garlic, ground cumin, ground coriander, dried oregano, water, carrot, red bell peppers, zucchini, green chili pepper, crushed tomatoes, pinto beans, salt & freshly ground black pepper, low-fat cheddar cheese, cornmeal, white flour, salt, baking powder, baking soda, egg whites, buttermilk, vegetable oil, scallion, fresh cilantro, nonfat sour cream",cook,4,"['pepper,zucchini,peppers,bell,cook,t,c,min,s,p,chile,in,f,ad,l,d,b,e,nut,o,v,r']"
47551,wow them tamale pie,"olive oil, onion, garlic, ground cumin, ground coriander, dried oregano, water, carrot, red bell peppers, zucchini, green chili pepper, crushed tomatoes, pinto beans, salt & freshly ground black pepper, low-fat cheddar cheese, cornmeal, white flour, salt, baking powder, baking soda, egg whites, buttermilk, vegetable oil, scallion, fresh cilantro, nonfat sour cream",prevent,3,"['carrots,water,cumin,oregano,coriander,carrot,cook,t,c,min,stick,s,p,in,de,f,re,ad,d,nt,e,nut,o,g,ts,v,r']"
47551,wow them tamale pie,"olive oil, onion, garlic, ground cumin, ground coriander, dried oregano, water, carrot, red bell peppers, zucchini, green chili pepper, crushed tomatoes, pinto beans, salt & freshly ground black pepper, low-fat cheddar cheese, cornmeal, white flour, salt, baking powder, baking soda, egg whites, buttermilk, vegetable oil, scallion, fresh cilantro, nonfat sour cream",cover,3,"['carrots,water,cumin,oregano,coriander,carrot,cook,t,c,min,stick,s,p,in,de,f,re,ad,d,nt,e,nut,o,g,ts,v,r']"
47551,wow them tamale pie,"olive oil, onion, garlic, ground cumin, ground coriander, dried oregano, water, carrot, red bell peppers, zucchini, green chili pepper, crushed tomatoes, pinto beans, salt & freshly ground black pepper, low-fat cheddar cheese, cornmeal, white flour, salt, baking powder, baking soda, egg whites, buttermilk, vegetable oil, scallion, fresh cilantro, nonfat sour cream",cover,4,"['pepper,zucchini,peppers,bell,cook,t,c,min,s,p,chile,in,f,ad,l,d,b,e,nut,o,v,r']"
47551,wow them tamale pie,"olive oil, onion, garlic, ground cumin, ground coriander, dried oregano, water, carrot, red bell peppers, zucchini, green chili pepper, crushed tomatoes, pinto beans, salt & freshly ground black pepper, low-fat cheddar cheese, cornmeal, white flour, salt, baking powder, baking soda, egg whites, buttermilk, vegetable oil, scallion, fresh cilantro, nonfat sour cream",cover,5,"['tomatoes,tomato,beans,bean,t,c,min,s,in,f,d,b,e,nut,o,tomatoe,v,r']"
47551,wow them tamale pie,"olive oil, onion, garlic, ground cumin, ground coriander, dried oregano, water, carrot, red bell peppers, zucchini, green chili pepper, crushed tomatoes, pinto beans, salt & freshly ground black pepper, low-fat cheddar cheese, cornmeal, white flour, salt, baking powder, baking soda, egg whites, buttermilk, vegetable oil, scallion, fresh cilantro, nonfat sour cream",stir,5,"['tomatoes,tomato,beans,bean,t,c,min,s,in,f,d,b,e,nut,o,tomatoe,v,r']"
47551,wow them tamale pie,"olive oil, onion, garlic, ground cumin, ground coriander, dried oregano, water, carrot, red bell peppers, zucchini, green chili pepper, crushed tomatoes, pinto beans, salt & freshly ground black pepper, low-fat cheddar cheese, cornmeal, white flour, salt, baking powder, baking soda, egg whites, buttermilk, vegetable oil, scallion, fresh cilantro, nonfat sour cream",stir,15,"['butter,oil,egg,buttermilk,whites,milk,t,star,pea,s,p,in,white,tar,l,d,b,nt,e,butt,o,y,tart,g,r']"
47551,wow them tamale pie,"olive oil, onion, garlic, ground cumin, ground coriander, dried oregano, water, carrot, red bell peppers, zucchini, green chili pepper, crushed tomatoes, pinto beans, salt & freshly ground black pepper, low-fat cheddar cheese, cornmeal, white flour, salt, baking powder, baking soda, egg whites, buttermilk, vegetable oil, scallion, fresh cilantro, nonfat sour cream",simmer,5,"['tomatoes,tomato,beans,bean,t,c,min,s,in,f,d,b,e,nut,o,tomatoe,v,r']"
47551,wow them tamale pie,"olive oil, onion, garlic, ground cumin, ground coriander, dried oregano, water, carrot, red bell peppers, zucchini, green chili pepper, crushed tomatoes, pinto beans, salt & freshly ground black pepper, low-fat cheddar cheese, cornmeal, white flour, salt, baking powder, baking soda, egg whites, buttermilk, vegetable oil, scallion, fresh cilantro, nonfat sour cream",remove,6,"['t,heat,f,re,e,o,v,r']"
47551,wow them tamale pie,"olive oil, onion, garlic, ground cumin, ground coriander, dried oregano, water, carrot, red bell peppers, zucchini, green chili pepper, crushed tomatoes, pinto beans, salt & freshly ground black pepper, low-fat cheddar cheese, cornmeal, white flour, salt, baking powder, baking soda, egg whites, buttermilk, vegetable oil, scallion, fresh cilantro, nonfat sour cream",taste,7,"['pepper,salt,t,c,s,p,ad,l,d,b,e,o,r']"
47551,wow them tamale pie,"olive oil, onion, garlic, ground cumin, ground coriander, dried oregano, water, carrot, red bell peppers, zucchini, green chili pepper, crushed tomatoes, pinto beans, salt & freshly ground black pepper, low-fat cheddar cheese, cornmeal, white flour, salt, baking powder, baking soda, egg whites, buttermilk, vegetable oil, scallion, fresh cilantro, nonfat sour cream",preheat,8,"['t,heat,p,oven,re,e,o,v,r']"
47551,wow them tamale pie,"olive oil, onion, garlic, ground cumin, ground coriander, dried oregano, water, carrot, red bell peppers, zucchini, green chili pepper, crushed tomatoes, pinto beans, salt & freshly ground black pepper, low-fat cheddar cheese, cornmeal, white flour, salt, baking powder, baking soda, egg whites, buttermilk, vegetable oil, scallion, fresh cilantro, nonfat sour cream",prepare,9,"['t,p,-,re,e,r']"
47551,wow them tamale pie,"olive oil, onion, garlic, ground cumin, ground coriander, dried oregano, water, carrot, red bell peppers, zucchini, green chili pepper, crushed tomatoes, pinto beans, salt & freshly ground black pepper, low-fat cheddar cheese, cornmeal, white flour, salt, baking powder, baking soda, egg whites, buttermilk, vegetable oil, scallion, fresh cilantro, nonfat sour cream",spread,11,"['vegetable,bean,read,t,table,mix,s,p,in,dish,veg,f,-,re,ad,l,d,b,e,o,g,v,r']"
47551,wow them tamale pie,"olive oil, onion, garlic, ground cumin, ground coriander, dried oregano, water, carrot, red bell peppers, zucchini, green chili pepper, crushed tomatoes, pinto beans, salt & freshly ground black pepper, low-fat cheddar cheese, cornmeal, white flour, salt, baking powder, baking soda, egg whites, buttermilk, vegetable oil, scallion, fresh cilantro, nonfat sour cream",using,12,"['cheese,t,c,cheddar,s,p,in,f,top,re,l,d,e,o,y,g,v,r,chees']"
47551,wow them tamale pie,"olive oil, onion, garlic, ground cumin, ground coriander, dried oregano, water, carrot, red bell peppers, zucchini, green chili pepper, crushed tomatoes, pinto beans, salt & freshly ground black pepper, low-fat cheddar cheese, cornmeal, white flour, salt, baking powder, baking soda, egg whites, buttermilk, vegetable oil, scallion, fresh cilantro, nonfat sour cream",sprinkle,12,"['cheese,t,c,cheddar,s,p,in,f,top,re,l,d,e,o,y,g,v,r,chees']"
47551,wow them tamale pie,"olive oil, onion, garlic, ground cumin, ground coriander, dried oregano, water, carrot, red bell peppers, zucchini, green chili pepper, crushed tomatoes, pinto beans, salt & freshly ground black pepper, low-fat cheddar cheese, cornmeal, white flour, salt, baking powder, baking soda, egg whites, buttermilk, vegetable oil, scallion, fresh cilantro, nonfat sour cream",set,13,"['t,s,de,d,e']"
47551,wow them tamale pie,"olive oil, onion, garlic, ground cumin, ground coriander, dried oregano, water, carrot, red bell peppers, zucchini, green chili pepper, crushed tomatoes, pinto beans, salt & freshly ground black pepper, low-fat cheddar cheese, cornmeal, white flour, salt, baking powder, baking soda, egg whites, buttermilk, vegetable oil, scallion, fresh cilantro, nonfat sour cream",mixing,14,"['powder,salt,flour,soda,corn,meal,cornmeal,t,c,baking,mix,s,p,in,de,f,l,d,b,e,o,y,g,r']"
47551,wow them tamale pie,"olive oil, onion, garlic, ground cumin, ground coriander, dried oregano, water, carrot, red bell peppers, zucchini, green chili pepper, crushed tomatoes, pinto beans, salt & freshly ground black pepper, low-fat cheddar cheese, cornmeal, white flour, salt, baking powder, baking soda, egg whites, buttermilk, vegetable oil, scallion, fresh cilantro, nonfat sour cream",combine,14,"['powder,salt,flour,soda,corn,meal,cornmeal,t,c,baking,mix,s,p,in,de,f,l,d,b,e,o,y,g,r']"
47551,wow them tamale pie,"olive oil, onion, garlic, ground cumin, ground coriander, dried oregano, water, carrot, red bell peppers, zucchini, green chili pepper, crushed tomatoes, pinto beans, salt & freshly ground black pepper, low-fat cheddar cheese, cornmeal, white flour, salt, baking powder, baking soda, egg whites, buttermilk, vegetable oil, scallion, fresh cilantro, nonfat sour cream",baking,14,"['powder,salt,flour,soda,corn,meal,cornmeal,t,c,baking,mix,s,p,in,de,f,l,d,b,e,o,y,g,r']"
47551,wow them tamale pie,"olive oil, onion, garlic, ground cumin, ground coriander, dried oregano, water, carrot, red bell peppers, zucchini, green chili pepper, crushed tomatoes, pinto beans, salt & freshly ground black pepper, low-fat cheddar cheese, cornmeal, white flour, salt, baking powder, baking soda, egg whites, buttermilk, vegetable oil, scallion, fresh cilantro, nonfat sour cream",beat,15,"['butter,oil,egg,buttermilk,whites,milk,t,star,pea,s,p,in,white,tar,l,d,b,nt,e,butt,o,y,tart,g,r']"
47551,wow them tamale pie,"olive oil, onion, garlic, ground cumin, ground coriander, dried oregano, water, carrot, red bell peppers, zucchini, green chili pepper, crushed tomatoes, pinto beans, salt & freshly ground black pepper, low-fat cheddar cheese, cornmeal, white flour, salt, baking powder, baking soda, egg whites, buttermilk, vegetable oil, scallion, fresh cilantro, nonfat sour cream",starting,15,"['butter,oil,egg,buttermilk,whites,milk,t,star,pea,s,p,in,white,tar,l,d,b,nt,e,butt,o,y,tart,g,r']"
47551,wow them tamale pie,"olive oil, onion, garlic, ground cumin, ground coriander, dried oregano, water, carrot, red bell peppers, zucchini, green chili pepper, crushed tomatoes, pinto beans, salt & freshly ground black pepper, low-fat cheddar cheese, cornmeal, white flour, salt, baking powder, baking soda, egg whites, buttermilk, vegetable oil, scallion, fresh cilantro, nonfat sour cream",peak,15,"['butter,oil,egg,buttermilk,whites,milk,t,star,pea,s,p,in,white,tar,l,d,b,nt,e,butt,o,y,tart,g,r']"
47551,wow them tamale pie,"olive oil, onion, garlic, ground cumin, ground coriander, dried oregano, water, carrot, red bell peppers, zucchini, green chili pepper, crushed tomatoes, pinto beans, salt & freshly ground black pepper, low-fat cheddar cheese, cornmeal, white flour, salt, baking powder, baking soda, egg whites, buttermilk, vegetable oil, scallion, fresh cilantro, nonfat sour cream",fold,16,"['t,mix,s,in,f,re,red,l,d,nt,e,ring,o,y,g,ts,r']"
47551,wow them tamale pie,"olive oil, onion, garlic, ground cumin, ground coriander, dried oregano, water, carrot, red bell peppers, zucchini, green chili pepper, crushed tomatoes, pinto beans, salt & freshly ground black pepper, low-fat cheddar cheese, cornmeal, white flour, salt, baking powder, baking soda, egg whites, buttermilk, vegetable oil, scallion, fresh cilantro, nonfat sour cream",pour,17,"['vegetable,bean,t,table,c,mix,s,p,in,veg,f,-,top,batter,press,re,l,d,b,e,o,y,g,v,r']"
47551,wow them tamale pie,"olive oil, onion, garlic, ground cumin, ground coriander, dried oregano, water, carrot, red bell peppers, zucchini, green chili pepper, crushed tomatoes, pinto beans, salt & freshly ground black pepper, low-fat cheddar cheese, cornmeal, white flour, salt, baking powder, baking soda, egg whites, buttermilk, vegetable oil, scallion, fresh cilantro, nonfat sour cream",pressing,17,"['vegetable,bean,t,table,c,mix,s,p,in,veg,f,-,top,batter,press,re,l,d,b,e,o,y,g,v,r']"
47551,wow them tamale pie,"olive oil, onion, garlic, ground cumin, ground coriander, dried oregano, water, carrot, red bell peppers, zucchini, green chili pepper, crushed tomatoes, pinto beans, salt & freshly ground black pepper, low-fat cheddar cheese, cornmeal, white flour, salt, baking powder, baking soda, egg whites, buttermilk, vegetable oil, scallion, fresh cilantro, nonfat sour cream",bake,18,"['t,c,min,s,p,in,pin,de,f,top,l,d,b,nt,e,gold,nut,o,g,r']"
47551,wow them tamale pie,"olive oil, onion, garlic, ground cumin, ground coriander, dried oregano, water, carrot, red bell peppers, zucchini, green chili pepper, crushed tomatoes, pinto beans, salt & freshly ground black pepper, low-fat cheddar cheese, cornmeal, white flour, salt, baking powder, baking soda, egg whites, buttermilk, vegetable oil, scallion, fresh cilantro, nonfat sour cream",is,18,"['t,c,min,s,p,in,pin,de,f,top,l,d,b,nt,e,gold,nut,o,g,r']"
47551,wow them tamale pie,"olive oil, onion, garlic, ground cumin, ground coriander, dried oregano, water, carrot, red bell peppers, zucchini, green chili pepper, crushed tomatoes, pinto beans, salt & freshly ground black pepper, low-fat cheddar cheese, cornmeal, white flour, salt, baking powder, baking soda, egg whites, buttermilk, vegetable oil, scallion, fresh cilantro, nonfat sour cream",inserted,18,"['t,c,min,s,p,in,pin,de,f,top,l,d,b,nt,e,gold,nut,o,g,r']"
47551,wow them tamale pie,"olive oil, onion, garlic, ground cumin, ground coriander, dried oregano, water, carrot, red bell peppers, zucchini, green chili pepper, crushed tomatoes, pinto beans, salt & freshly ground black pepper, low-fat cheddar cheese, cornmeal, white flour, salt, baking powder, baking soda, egg whites, buttermilk, vegetable oil, scallion, fresh cilantro, nonfat sour cream",comes,18,"['t,c,min,s,p,in,pin,de,f,top,l,d,b,nt,e,gold,nut,o,g,r']"
47551,wow them tamale pie,"olive oil, onion, garlic, ground cumin, ground coriander, dried oregano, water, carrot, red bell peppers, zucchini, green chili pepper, crushed tomatoes, pinto beans, salt & freshly ground black pepper, low-fat cheddar cheese, cornmeal, white flour, salt, baking powder, baking soda, egg whites, buttermilk, vegetable oil, scallion, fresh cilantro, nonfat sour cream",garnish,19,"['cilantro,cream,chop,scallions,t,c,min,scallion,s,p,in,fat,f,re,l,d,mince,nt,e,o,y,g,nonfat,r']"
47551,wow them tamale pie,"olive oil, onion, garlic, ground cumin, ground coriander, dried oregano, water, carrot, red bell peppers, zucchini, green chili pepper, crushed tomatoes, pinto beans, salt & freshly ground black pepper, low-fat cheddar cheese, cornmeal, white flour, salt, baking powder, baking soda, egg whites, buttermilk, vegetable oil, scallion, fresh cilantro, nonfat sour cream",minced,19,"['cilantro,cream,chop,scallions,t,c,min,scallion,s,p,in,fat,f,re,l,d,mince,nt,e,o,y,g,nonfat,r']"
47551,wow them tamale pie,"olive oil, onion, garlic, ground cumin, ground coriander, dried oregano, water, carrot, red bell peppers, zucchini, green chili pepper, crushed tomatoes, pinto beans, salt & freshly ground black pepper, low-fat cheddar cheese, cornmeal, white flour, salt, baking powder, baking soda, egg whites, buttermilk, vegetable oil, scallion, fresh cilantro, nonfat sour cream",chopped,19,"['cilantro,cream,chop,scallions,t,c,min,scallion,s,p,in,fat,f,re,l,d,mince,nt,e,o,y,g,nonfat,r']"
47551,wow them tamale pie,"olive oil, onion, garlic, ground cumin, ground coriander, dried oregano, water, carrot, red bell peppers, zucchini, green chili pepper, crushed tomatoes, pinto beans, salt & freshly ground black pepper, low-fat cheddar cheese, cornmeal, white flour, salt, baking powder, baking soda, egg whites, buttermilk, vegetable oil, scallion, fresh cilantro, nonfat sour cream",like,19,"['cilantro,cream,chop,scallions,t,c,min,scallion,s,p,in,fat,f,re,l,d,mince,nt,e,o,y,g,nonfat,r']"
47551,wow them tamale pie,"olive oil, onion, garlic, ground cumin, ground coriander, dried oregano, water, carrot, red bell peppers, zucchini, green chili pepper, crushed tomatoes, pinto beans, salt & freshly ground black pepper, low-fat cheddar cheese, cornmeal, white flour, salt, baking powder, baking soda, egg whites, buttermilk, vegetable oil, scallion, fresh cilantro, nonfat sour cream",enjoy,20,"['e,o,y']"
