Id,Name,AllIngredients,Verbs,Steps,Ingredient
50213,creamy spinach mushroom lasagna,"butter, sliced mushrooms, green onion, shallot, garlic, frozen chopped spinach, white pepper, salt, lasagna noodles, olive oil, flour, chicken broth, heavy cream, dry white vermouth, dried thyme, dried basil, jarlsberg cheese, smoked gouda cheese, half-and-half, parmesan cheese",cook,2,"['lasagna,noodles,cook,t,c,s,p,in,age,noodle,re,l']"
50213,creamy spinach mushroom lasagna,"butter, sliced mushrooms, green onion, shallot, garlic, frozen chopped spinach, white pepper, salt, lasagna noodles, olive oil, flour, chicken broth, heavy cream, dry white vermouth, dried thyme, dried basil, jarlsberg cheese, smoked gouda cheese, half-and-half, parmesan cheese",cook,13,"['cook,t,c,min,s,in,l']"
50213,creamy spinach mushroom lasagna,"butter, sliced mushrooms, green onion, shallot, garlic, frozen chopped spinach, white pepper, salt, lasagna noodles, olive oil, flour, chicken broth, heavy cream, dry white vermouth, dried thyme, dried basil, jarlsberg cheese, smoked gouda cheese, half-and-half, parmesan cheese",according,2,"['lasagna,noodles,cook,t,c,s,p,in,age,noodle,re,l']"
50213,creamy spinach mushroom lasagna,"butter, sliced mushrooms, green onion, shallot, garlic, frozen chopped spinach, white pepper, salt, lasagna noodles, olive oil, flour, chicken broth, heavy cream, dry white vermouth, dried thyme, dried basil, jarlsberg cheese, smoked gouda cheese, half-and-half, parmesan cheese",drain,3,"['water,t,c,s,in,tel,l']"
50213,creamy spinach mushroom lasagna,"butter, sliced mushrooms, green onion, shallot, garlic, frozen chopped spinach, white pepper, salt, lasagna noodles, olive oil, flour, chicken broth, heavy cream, dry white vermouth, dried thyme, dried basil, jarlsberg cheese, smoked gouda cheese, half-and-half, parmesan cheese",rinse,3,"['water,t,c,s,in,tel,l']"
50213,creamy spinach mushroom lasagna,"butter, sliced mushrooms, green onion, shallot, garlic, frozen chopped spinach, white pepper, salt, lasagna noodles, olive oil, flour, chicken broth, heavy cream, dry white vermouth, dried thyme, dried basil, jarlsberg cheese, smoked gouda cheese, half-and-half, parmesan cheese",toss,4,"['oil,olive,t,s,p,de,l']"
50213,creamy spinach mushroom lasagna,"butter, sliced mushrooms, green onion, shallot, garlic, frozen chopped spinach, white pepper, salt, lasagna noodles, olive oil, flour, chicken broth, heavy cream, dry white vermouth, dried thyme, dried basil, jarlsberg cheese, smoked gouda cheese, half-and-half, parmesan cheese",set,4,"['oil,olive,t,s,p,de,l']"
50213,creamy spinach mushroom lasagna,"butter, sliced mushrooms, green onion, shallot, garlic, frozen chopped spinach, white pepper, salt, lasagna noodles, olive oil, flour, chicken broth, heavy cream, dry white vermouth, dried thyme, dried basil, jarlsberg cheese, smoked gouda cheese, half-and-half, parmesan cheese",set,9,"['mushroom,room,spinach,t,c,mix,s,p,in,pin,de,f,mu,hr,re,l']"
50213,creamy spinach mushroom lasagna,"butter, sliced mushrooms, green onion, shallot, garlic, frozen chopped spinach, white pepper, salt, lasagna noodles, olive oil, flour, chicken broth, heavy cream, dry white vermouth, dried thyme, dried basil, jarlsberg cheese, smoked gouda cheese, half-and-half, parmesan cheese",melt,5,"['butter,pan,t,table,heat,s,p,in,medium,au,-,l']"
50213,creamy spinach mushroom lasagna,"butter, sliced mushrooms, green onion, shallot, garlic, frozen chopped spinach, white pepper, salt, lasagna noodles, olive oil, flour, chicken broth, heavy cream, dry white vermouth, dried thyme, dried basil, jarlsberg cheese, smoked gouda cheese, half-and-half, parmesan cheese",melt,10,"['sauce,butter,pan,t,c,heat,s,p,in,medium,au,-,re,l']"
50213,creamy spinach mushroom lasagna,"butter, sliced mushrooms, green onion, shallot, garlic, frozen chopped spinach, white pepper, salt, lasagna noodles, olive oil, flour, chicken broth, heavy cream, dry white vermouth, dried thyme, dried basil, jarlsberg cheese, smoked gouda cheese, half-and-half, parmesan cheese",add,6,"['mushrooms,mushroom,room,cook,t,c,min,s,in,shrooms,de,mu,hr,ad,l']"
50213,creamy spinach mushroom lasagna,"butter, sliced mushrooms, green onion, shallot, garlic, frozen chopped spinach, white pepper, salt, lasagna noodles, olive oil, flour, chicken broth, heavy cream, dry white vermouth, dried thyme, dried basil, jarlsberg cheese, smoked gouda cheese, half-and-half, parmesan cheese",add,7,"['garlic,onion,onions,t,c,min,heat,shallots,shallot,s,in,medium,f,au,re,ad,red,l']"
50213,creamy spinach mushroom lasagna,"butter, sliced mushrooms, green onion, shallot, garlic, frozen chopped spinach, white pepper, salt, lasagna noodles, olive oil, flour, chicken broth, heavy cream, dry white vermouth, dried thyme, dried basil, jarlsberg cheese, smoked gouda cheese, half-and-half, parmesan cheese",add,8,"['pepper,salt,spinach,chop,t,c,min,s,p,in,white,pin,f,au,ad,l']"
50213,creamy spinach mushroom lasagna,"butter, sliced mushrooms, green onion, shallot, garlic, frozen chopped spinach, white pepper, salt, lasagna noodles, olive oil, flour, chicken broth, heavy cream, dry white vermouth, dried thyme, dried basil, jarlsberg cheese, smoked gouda cheese, half-and-half, parmesan cheese",add,11,"['flour,brown,cook,t,c,s,p,in,f,ad,l']"
50213,creamy spinach mushroom lasagna,"butter, sliced mushrooms, green onion, shallot, garlic, frozen chopped spinach, white pepper, salt, lasagna noodles, olive oil, flour, chicken broth, heavy cream, dry white vermouth, dried thyme, dried basil, jarlsberg cheese, smoked gouda cheese, half-and-half, parmesan cheese",add,12,"['vegetable,chicken,cream,broth,t,table,c,vermouth,veg,re,chick,ad,l']"
50213,creamy spinach mushroom lasagna,"butter, sliced mushrooms, green onion, shallot, garlic, frozen chopped spinach, white pepper, salt, lasagna noodles, olive oil, flour, chicken broth, heavy cream, dry white vermouth, dried thyme, dried basil, jarlsberg cheese, smoked gouda cheese, half-and-half, parmesan cheese",reduce,7,"['garlic,onion,onions,t,c,min,heat,shallots,shallot,s,in,medium,f,au,re,ad,red,l']"
50213,creamy spinach mushroom lasagna,"butter, sliced mushrooms, green onion, shallot, garlic, frozen chopped spinach, white pepper, salt, lasagna noodles, olive oil, flour, chicken broth, heavy cream, dry white vermouth, dried thyme, dried basil, jarlsberg cheese, smoked gouda cheese, half-and-half, parmesan cheese",medium,7,"['garlic,onion,onions,t,c,min,heat,shallots,shallot,s,in,medium,f,au,re,ad,red,l']"
50213,creamy spinach mushroom lasagna,"butter, sliced mushrooms, green onion, shallot, garlic, frozen chopped spinach, white pepper, salt, lasagna noodles, olive oil, flour, chicken broth, heavy cream, dry white vermouth, dried thyme, dried basil, jarlsberg cheese, smoked gouda cheese, half-and-half, parmesan cheese",drained,8,"['pepper,salt,spinach,chop,t,c,min,s,p,in,white,pin,f,au,ad,l']"
50213,creamy spinach mushroom lasagna,"butter, sliced mushrooms, green onion, shallot, garlic, frozen chopped spinach, white pepper, salt, lasagna noodles, olive oil, flour, chicken broth, heavy cream, dry white vermouth, dried thyme, dried basil, jarlsberg cheese, smoked gouda cheese, half-and-half, parmesan cheese",chopped,8,"['pepper,salt,spinach,chop,t,c,min,s,p,in,white,pin,f,au,ad,l']"
50213,creamy spinach mushroom lasagna,"butter, sliced mushrooms, green onion, shallot, garlic, frozen chopped spinach, white pepper, salt, lasagna noodles, olive oil, flour, chicken broth, heavy cream, dry white vermouth, dried thyme, dried basil, jarlsberg cheese, smoked gouda cheese, half-and-half, parmesan cheese",stir,8,"['pepper,salt,spinach,chop,t,c,min,s,p,in,white,pin,f,au,ad,l']"
50213,creamy spinach mushroom lasagna,"butter, sliced mushrooms, green onion, shallot, garlic, frozen chopped spinach, white pepper, salt, lasagna noodles, olive oil, flour, chicken broth, heavy cream, dry white vermouth, dried thyme, dried basil, jarlsberg cheese, smoked gouda cheese, half-and-half, parmesan cheese",transfer,9,"['mushroom,room,spinach,t,c,mix,s,p,in,pin,de,f,mu,hr,re,l']"
50213,creamy spinach mushroom lasagna,"butter, sliced mushrooms, green onion, shallot, garlic, frozen chopped spinach, white pepper, salt, lasagna noodles, olive oil, flour, chicken broth, heavy cream, dry white vermouth, dried thyme, dried basil, jarlsberg cheese, smoked gouda cheese, half-and-half, parmesan cheese",remaining,10,"['sauce,butter,pan,t,c,heat,s,p,in,medium,au,-,re,l']"
50213,creamy spinach mushroom lasagna,"butter, sliced mushrooms, green onion, shallot, garlic, frozen chopped spinach, white pepper, salt, lasagna noodles, olive oil, flour, chicken broth, heavy cream, dry white vermouth, dried thyme, dried basil, jarlsberg cheese, smoked gouda cheese, half-and-half, parmesan cheese",used,10,"['sauce,butter,pan,t,c,heat,s,p,in,medium,au,-,re,l']"
50213,creamy spinach mushroom lasagna,"butter, sliced mushrooms, green onion, shallot, garlic, frozen chopped spinach, white pepper, salt, lasagna noodles, olive oil, flour, chicken broth, heavy cream, dry white vermouth, dried thyme, dried basil, jarlsberg cheese, smoked gouda cheese, half-and-half, parmesan cheese",stirring,11,"['flour,brown,cook,t,c,s,p,in,f,ad,l']"
50213,creamy spinach mushroom lasagna,"butter, sliced mushrooms, green onion, shallot, garlic, frozen chopped spinach, white pepper, salt, lasagna noodles, olive oil, flour, chicken broth, heavy cream, dry white vermouth, dried thyme, dried basil, jarlsberg cheese, smoked gouda cheese, half-and-half, parmesan cheese",stirring,13,"['cook,t,c,min,s,in,l']"
50213,creamy spinach mushroom lasagna,"butter, sliced mushrooms, green onion, shallot, garlic, frozen chopped spinach, white pepper, salt, lasagna noodles, olive oil, flour, chicken broth, heavy cream, dry white vermouth, dried thyme, dried basil, jarlsberg cheese, smoked gouda cheese, half-and-half, parmesan cheese",keep,11,"['flour,brown,cook,t,c,s,p,in,f,ad,l']"
50213,creamy spinach mushroom lasagna,"butter, sliced mushrooms, green onion, shallot, garlic, frozen chopped spinach, white pepper, salt, lasagna noodles, olive oil, flour, chicken broth, heavy cream, dry white vermouth, dried thyme, dried basil, jarlsberg cheese, smoked gouda cheese, half-and-half, parmesan cheese",browning,11,"['flour,brown,cook,t,c,s,p,in,f,ad,l']"
50213,creamy spinach mushroom lasagna,"butter, sliced mushrooms, green onion, shallot, garlic, frozen chopped spinach, white pepper, salt, lasagna noodles, olive oil, flour, chicken broth, heavy cream, dry white vermouth, dried thyme, dried basil, jarlsberg cheese, smoked gouda cheese, half-and-half, parmesan cheese",begins,14,"['sauce,oil,thyme,basil,season,sea,t,c,boil,heat,s,in,f,au,re,l']"
50213,creamy spinach mushroom lasagna,"butter, sliced mushrooms, green onion, shallot, garlic, frozen chopped spinach, white pepper, salt, lasagna noodles, olive oil, flour, chicken broth, heavy cream, dry white vermouth, dried thyme, dried basil, jarlsberg cheese, smoked gouda cheese, half-and-half, parmesan cheese",boil,14,"['sauce,oil,thyme,basil,season,sea,t,c,boil,heat,s,in,f,au,re,l']"
50213,creamy spinach mushroom lasagna,"butter, sliced mushrooms, green onion, shallot, garlic, frozen chopped spinach, white pepper, salt, lasagna noodles, olive oil, flour, chicken broth, heavy cream, dry white vermouth, dried thyme, dried basil, jarlsberg cheese, smoked gouda cheese, half-and-half, parmesan cheese",remove,14,"['sauce,oil,thyme,basil,season,sea,t,c,boil,heat,s,in,f,au,re,l']"
50213,creamy spinach mushroom lasagna,"butter, sliced mushrooms, green onion, shallot, garlic, frozen chopped spinach, white pepper, salt, lasagna noodles, olive oil, flour, chicken broth, heavy cream, dry white vermouth, dried thyme, dried basil, jarlsberg cheese, smoked gouda cheese, half-and-half, parmesan cheese",remove,22,"['oil,pan,t,c,min,s,p,in,f,re,l']"
50213,creamy spinach mushroom lasagna,"butter, sliced mushrooms, green onion, shallot, garlic, frozen chopped spinach, white pepper, salt, lasagna noodles, olive oil, flour, chicken broth, heavy cream, dry white vermouth, dried thyme, dried basil, jarlsberg cheese, smoked gouda cheese, half-and-half, parmesan cheese",remove,23,"['t,min,s,in,vin,oven,f,re,l']"
50213,creamy spinach mushroom lasagna,"butter, sliced mushrooms, green onion, shallot, garlic, frozen chopped spinach, white pepper, salt, lasagna noodles, olive oil, flour, chicken broth, heavy cream, dry white vermouth, dried thyme, dried basil, jarlsberg cheese, smoked gouda cheese, half-and-half, parmesan cheese",combine,15,"['cheese,t,c,mix,s,in,de,hr,re,red,l']"
50213,creamy spinach mushroom lasagna,"butter, sliced mushrooms, green onion, shallot, garlic, frozen chopped spinach, white pepper, salt, lasagna noodles, olive oil, flour, chicken broth, heavy cream, dry white vermouth, dried thyme, dried basil, jarlsberg cheese, smoked gouda cheese, half-and-half, parmesan cheese",shredded,15,"['cheese,t,c,mix,s,in,de,hr,re,red,l']"
50213,creamy spinach mushroom lasagna,"butter, sliced mushrooms, green onion, shallot, garlic, frozen chopped spinach, white pepper, salt, lasagna noodles, olive oil, flour, chicken broth, heavy cream, dry white vermouth, dried thyme, dried basil, jarlsberg cheese, smoked gouda cheese, half-and-half, parmesan cheese",spray,16,"['butter,oil,pan,t,c,spray,baking,s,p,in,f,-,l']"
50213,creamy spinach mushroom lasagna,"butter, sliced mushrooms, green onion, shallot, garlic, frozen chopped spinach, white pepper, salt, lasagna noodles, olive oil, flour, chicken broth, heavy cream, dry white vermouth, dried thyme, dried basil, jarlsberg cheese, smoked gouda cheese, half-and-half, parmesan cheese",pour,17,"['pan,t,baking,half,p,in,f,-,l']"
50213,creamy spinach mushroom lasagna,"butter, sliced mushrooms, green onion, shallot, garlic, frozen chopped spinach, white pepper, salt, lasagna noodles, olive oil, flour, chicken broth, heavy cream, dry white vermouth, dried thyme, dried basil, jarlsberg cheese, smoked gouda cheese, half-and-half, parmesan cheese",lay,18,"['pan,noodles,cook,t,c,s,p,in,noodle,l']"
50213,creamy spinach mushroom lasagna,"butter, sliced mushrooms, green onion, shallot, garlic, frozen chopped spinach, white pepper, salt, lasagna noodles, olive oil, flour, chicken broth, heavy cream, dry white vermouth, dried thyme, dried basil, jarlsberg cheese, smoked gouda cheese, half-and-half, parmesan cheese",coat,19,"['sauce,cheese,mushroom,room,spinach,t,c,oat,mix,s,p,in,pin,de,f,au,mu,hr,re,red,l']"
50213,creamy spinach mushroom lasagna,"butter, sliced mushrooms, green onion, shallot, garlic, frozen chopped spinach, white pepper, salt, lasagna noodles, olive oil, flour, chicken broth, heavy cream, dry white vermouth, dried thyme, dried basil, jarlsberg cheese, smoked gouda cheese, half-and-half, parmesan cheese",repeat,20,"['sauce,t,c,ice,pea,s,p,end,in,au,re']"
50213,creamy spinach mushroom lasagna,"butter, sliced mushrooms, green onion, shallot, garlic, frozen chopped spinach, white pepper, salt, lasagna noodles, olive oil, flour, chicken broth, heavy cream, dry white vermouth, dried thyme, dried basil, jarlsberg cheese, smoked gouda cheese, half-and-half, parmesan cheese",ending,20,"['sauce,t,c,ice,pea,s,p,end,in,au,re']"
50213,creamy spinach mushroom lasagna,"butter, sliced mushrooms, green onion, shallot, garlic, frozen chopped spinach, white pepper, salt, lasagna noodles, olive oil, flour, chicken broth, heavy cream, dry white vermouth, dried thyme, dried basil, jarlsberg cheese, smoked gouda cheese, half-and-half, parmesan cheese",sprinkle,21,"['parmesan,t,s,p,in,l']"
50213,creamy spinach mushroom lasagna,"butter, sliced mushrooms, green onion, shallot, garlic, frozen chopped spinach, white pepper, salt, lasagna noodles, olive oil, flour, chicken broth, heavy cream, dry white vermouth, dried thyme, dried basil, jarlsberg cheese, smoked gouda cheese, half-and-half, parmesan cheese",cover,22,"['oil,pan,t,c,min,s,p,in,f,re,l']"
50213,creamy spinach mushroom lasagna,"butter, sliced mushrooms, green onion, shallot, garlic, frozen chopped spinach, white pepper, salt, lasagna noodles, olive oil, flour, chicken broth, heavy cream, dry white vermouth, dried thyme, dried basil, jarlsberg cheese, smoked gouda cheese, half-and-half, parmesan cheese",bake,22,"['oil,pan,t,c,min,s,p,in,f,re,l']"
50213,creamy spinach mushroom lasagna,"butter, sliced mushrooms, green onion, shallot, garlic, frozen chopped spinach, white pepper, salt, lasagna noodles, olive oil, flour, chicken broth, heavy cream, dry white vermouth, dried thyme, dried basil, jarlsberg cheese, smoked gouda cheese, half-and-half, parmesan cheese",let,23,"['t,min,s,in,vin,oven,f,re,l']"
50213,creamy spinach mushroom lasagna,"butter, sliced mushrooms, green onion, shallot, garlic, frozen chopped spinach, white pepper, salt, lasagna noodles, olive oil, flour, chicken broth, heavy cream, dry white vermouth, dried thyme, dried basil, jarlsberg cheese, smoked gouda cheese, half-and-half, parmesan cheese",sit,23,"['t,min,s,in,vin,oven,f,re,l']"
50213,creamy spinach mushroom lasagna,"butter, sliced mushrooms, green onion, shallot, garlic, frozen chopped spinach, white pepper, salt, lasagna noodles, olive oil, flour, chicken broth, heavy cream, dry white vermouth, dried thyme, dried basil, jarlsberg cheese, smoked gouda cheese, half-and-half, parmesan cheese",serving,23,"['t,min,s,in,vin,oven,f,re,l']"
50213,creamy spinach mushroom lasagna,"butter, sliced mushrooms, green onion, shallot, garlic, frozen chopped spinach, white pepper, salt, lasagna noodles, olive oil, flour, chicken broth, heavy cream, dry white vermouth, dried thyme, dried basil, jarlsberg cheese, smoked gouda cheese, half-and-half, parmesan cheese",makes,24,"['t,s,in,vin']"
