Id,Name,AllIngredients,Verbs,Steps,Ingredient
50372,tagliatelle with meatballs,"lean ground beef, white breadcrumb, garlic, fresh parsley, dried oregano, nutmeg, ground coriander, parmesan cheese, milk, flour, olive oil, tagliatelle pasta noodles, butter, salt and pepper, onions, celery, chopped tomatoes, sun-dried tomatoes packed in oil, tomato paste, molasses, white wine",make,1,"['sauce,oil,pan,t,c,heat,s,p,in,au,l,e,o']"
50372,tagliatelle with meatballs,"lean ground beef, white breadcrumb, garlic, fresh parsley, dried oregano, nutmeg, ground coriander, parmesan cheese, milk, flour, olive oil, tagliatelle pasta noodles, butter, salt and pepper, onions, celery, chopped tomatoes, sun-dried tomatoes packed in oil, tomato paste, molasses, white wine",make,8,"['cheese,milk,paste,t,c,s,p,in,past,f,l,d,e,o,g']"
50372,tagliatelle with meatballs,"lean ground beef, white breadcrumb, garlic, fresh parsley, dried oregano, nutmeg, ground coriander, parmesan cheese, milk, flour, olive oil, tagliatelle pasta noodles, butter, salt and pepper, onions, celery, chopped tomatoes, sun-dried tomatoes packed in oil, tomato paste, molasses, white wine",heat,1,"['sauce,oil,pan,t,c,heat,s,p,in,au,l,e,o']"
50372,tagliatelle with meatballs,"lean ground beef, white breadcrumb, garlic, fresh parsley, dried oregano, nutmeg, ground coriander, parmesan cheese, milk, flour, olive oil, tagliatelle pasta noodles, butter, salt and pepper, onions, celery, chopped tomatoes, sun-dried tomatoes packed in oil, tomato paste, molasses, white wine",heat,10,"['oil,brown,cook,t,c,min,heat,meatballs,ball,s,in,meat,f,-,l,d,b,nt,e,nut,balls,o']"
50372,tagliatelle with meatballs,"lean ground beef, white breadcrumb, garlic, fresh parsley, dried oregano, nutmeg, ground coriander, parmesan cheese, milk, flour, olive oil, tagliatelle pasta noodles, butter, salt and pepper, onions, celery, chopped tomatoes, sun-dried tomatoes packed in oil, tomato paste, molasses, white wine",add,2,"['onion,celery,onions,cook,t,c,s,ad,l,d,nt,e,o,y']"
50372,tagliatelle with meatballs,"lean ground beef, white breadcrumb, garlic, fresh parsley, dried oregano, nutmeg, ground coriander, parmesan cheese, milk, flour, olive oil, tagliatelle pasta noodles, butter, salt and pepper, onions, celery, chopped tomatoes, sun-dried tomatoes packed in oil, tomato paste, molasses, white wine",add,3,"['garlic,cook,t,c,min,in,f,ad,l,d,e,nut,o,g']"
50372,tagliatelle with meatballs,"lean ground beef, white breadcrumb, garlic, fresh parsley, dried oregano, nutmeg, ground coriander, parmesan cheese, milk, flour, olive oil, tagliatelle pasta noodles, butter, salt and pepper, onions, celery, chopped tomatoes, sun-dried tomatoes packed in oil, tomato paste, molasses, white wine",add,13,"['sauce,water,t,c,s,in,f,au,ad,l,d,b,e,gin,o,y,g']"
50372,tagliatelle with meatballs,"lean ground beef, white breadcrumb, garlic, fresh parsley, dried oregano, nutmeg, ground coriander, parmesan cheese, milk, flour, olive oil, tagliatelle pasta noodles, butter, salt and pepper, onions, celery, chopped tomatoes, sun-dried tomatoes packed in oil, tomato paste, molasses, white wine",add,15,"['oil,pasta,cook,t,c,boil,min,tender,s,p,end,in,de,past,f,-,ad,l,d,b,nt,e,ring,nut,o,bit,g']"
50372,tagliatelle with meatballs,"lean ground beef, white breadcrumb, garlic, fresh parsley, dried oregano, nutmeg, ground coriander, parmesan cheese, milk, flour, olive oil, tagliatelle pasta noodles, butter, salt and pepper, onions, celery, chopped tomatoes, sun-dried tomatoes packed in oil, tomato paste, molasses, white wine",cook,3,"['garlic,cook,t,c,min,in,f,ad,l,d,e,nut,o,g']"
50372,tagliatelle with meatballs,"lean ground beef, white breadcrumb, garlic, fresh parsley, dried oregano, nutmeg, ground coriander, parmesan cheese, milk, flour, olive oil, tagliatelle pasta noodles, butter, salt and pepper, onions, celery, chopped tomatoes, sun-dried tomatoes packed in oil, tomato paste, molasses, white wine",cook,10,"['oil,brown,cook,t,c,min,heat,meatballs,ball,s,in,meat,f,-,l,d,b,nt,e,nut,balls,o']"
50372,tagliatelle with meatballs,"lean ground beef, white breadcrumb, garlic, fresh parsley, dried oregano, nutmeg, ground coriander, parmesan cheese, milk, flour, olive oil, tagliatelle pasta noodles, butter, salt and pepper, onions, celery, chopped tomatoes, sun-dried tomatoes packed in oil, tomato paste, molasses, white wine",cook,15,"['oil,pasta,cook,t,c,boil,min,tender,s,p,end,in,de,past,f,-,ad,l,d,b,nt,e,ring,nut,o,bit,g']"
50372,tagliatelle with meatballs,"lean ground beef, white breadcrumb, garlic, fresh parsley, dried oregano, nutmeg, ground coriander, parmesan cheese, milk, flour, olive oil, tagliatelle pasta noodles, butter, salt and pepper, onions, celery, chopped tomatoes, sun-dried tomatoes packed in oil, tomato paste, molasses, white wine",stir,4,"['pepper,salt,sugar,tomatoes,tomato,paste,wine,season,sea,t,s,p,in,past,l,d,e,o,tomatoe,g']"
50372,tagliatelle with meatballs,"lean ground beef, white breadcrumb, garlic, fresh parsley, dried oregano, nutmeg, ground coriander, parmesan cheese, milk, flour, olive oil, tagliatelle pasta noodles, butter, salt and pepper, onions, celery, chopped tomatoes, sun-dried tomatoes packed in oil, tomato paste, molasses, white wine",stir,7,"['garlic,crumbs,read,bread,spice,t,rum,c,ice,herbs,s,p,in,crumb,re,ad,l,spices,d,b,e,herb,g']"
50372,tagliatelle with meatballs,"lean ground beef, white breadcrumb, garlic, fresh parsley, dried oregano, nutmeg, ground coriander, parmesan cheese, milk, flour, olive oil, tagliatelle pasta noodles, butter, salt and pepper, onions, celery, chopped tomatoes, sun-dried tomatoes packed in oil, tomato paste, molasses, white wine",stir,8,"['cheese,milk,paste,t,c,s,p,in,past,f,l,d,e,o,g']"
50372,tagliatelle with meatballs,"lean ground beef, white breadcrumb, garlic, fresh parsley, dried oregano, nutmeg, ground coriander, parmesan cheese, milk, flour, olive oil, tagliatelle pasta noodles, butter, salt and pepper, onions, celery, chopped tomatoes, sun-dried tomatoes packed in oil, tomato paste, molasses, white wine",taste,4,"['pepper,salt,sugar,tomatoes,tomato,paste,wine,season,sea,t,s,p,in,past,l,d,e,o,tomatoe,g']"
50372,tagliatelle with meatballs,"lean ground beef, white breadcrumb, garlic, fresh parsley, dried oregano, nutmeg, ground coriander, parmesan cheese, milk, flour, olive oil, tagliatelle pasta noodles, butter, salt and pepper, onions, celery, chopped tomatoes, sun-dried tomatoes packed in oil, tomato paste, molasses, white wine",bring,5,"['oil,t,boil,min,s,in,f,l,d,b,e,ring,nut,o,g']"
50372,tagliatelle with meatballs,"lean ground beef, white breadcrumb, garlic, fresh parsley, dried oregano, nutmeg, ground coriander, parmesan cheese, milk, flour, olive oil, tagliatelle pasta noodles, butter, salt and pepper, onions, celery, chopped tomatoes, sun-dried tomatoes packed in oil, tomato paste, molasses, white wine",bring,14,"['salt,oil,water,pan,t,boil,s,p,in,f,l,d,light,b,e,ring,o,y,g']"
50372,tagliatelle with meatballs,"lean ground beef, white breadcrumb, garlic, fresh parsley, dried oregano, nutmeg, ground coriander, parmesan cheese, milk, flour, olive oil, tagliatelle pasta noodles, butter, salt and pepper, onions, celery, chopped tomatoes, sun-dried tomatoes packed in oil, tomato paste, molasses, white wine",bring,15,"['oil,pasta,cook,t,c,boil,min,tender,s,p,end,in,de,past,f,-,ad,l,d,b,nt,e,ring,nut,o,bit,g']"
50372,tagliatelle with meatballs,"lean ground beef, white breadcrumb, garlic, fresh parsley, dried oregano, nutmeg, ground coriander, parmesan cheese, milk, flour, olive oil, tagliatelle pasta noodles, butter, salt and pepper, onions, celery, chopped tomatoes, sun-dried tomatoes packed in oil, tomato paste, molasses, white wine",simmer,5,"['oil,t,boil,min,s,in,f,l,d,b,e,ring,nut,o,g']"
50372,tagliatelle with meatballs,"lean ground beef, white breadcrumb, garlic, fresh parsley, dried oregano, nutmeg, ground coriander, parmesan cheese, milk, flour, olive oil, tagliatelle pasta noodles, butter, salt and pepper, onions, celery, chopped tomatoes, sun-dried tomatoes packed in oil, tomato paste, molasses, white wine",simmer,12,"['pan,t,c,ice,min,heat,s,p,in,f,l,d,e,nut,o,g,v']"
50372,tagliatelle with meatballs,"lean ground beef, white breadcrumb, garlic, fresh parsley, dried oregano, nutmeg, ground coriander, parmesan cheese, milk, flour, olive oil, tagliatelle pasta noodles, butter, salt and pepper, onions, celery, chopped tomatoes, sun-dried tomatoes packed in oil, tomato paste, molasses, white wine",break,6,"['paste,t,c,stick,s,p,in,meat,de,past,re,l,d,b,nt,e,wood,o,y']"
50372,tagliatelle with meatballs,"lean ground beef, white breadcrumb, garlic, fresh parsley, dried oregano, nutmeg, ground coriander, parmesan cheese, milk, flour, olive oil, tagliatelle pasta noodles, butter, salt and pepper, onions, celery, chopped tomatoes, sun-dried tomatoes packed in oil, tomato paste, molasses, white wine",becomes,6,"['paste,t,c,stick,s,p,in,meat,de,past,re,l,d,b,nt,e,wood,o,y']"
50372,tagliatelle with meatballs,"lean ground beef, white breadcrumb, garlic, fresh parsley, dried oregano, nutmeg, ground coriander, parmesan cheese, milk, flour, olive oil, tagliatelle pasta noodles, butter, salt and pepper, onions, celery, chopped tomatoes, sun-dried tomatoes packed in oil, tomato paste, molasses, white wine",flour,9,"['flour,t,ball,mix,s,p,in,f,re,l,d,b,nt,e,balls,o,y,g']"
50372,tagliatelle with meatballs,"lean ground beef, white breadcrumb, garlic, fresh parsley, dried oregano, nutmeg, ground coriander, parmesan cheese, milk, flour, olive oil, tagliatelle pasta noodles, butter, salt and pepper, onions, celery, chopped tomatoes, sun-dried tomatoes packed in oil, tomato paste, molasses, white wine",take,9,"['flour,t,ball,mix,s,p,in,f,re,l,d,b,nt,e,balls,o,y,g']"
50372,tagliatelle with meatballs,"lean ground beef, white breadcrumb, garlic, fresh parsley, dried oregano, nutmeg, ground coriander, parmesan cheese, milk, flour, olive oil, tagliatelle pasta noodles, butter, salt and pepper, onions, celery, chopped tomatoes, sun-dried tomatoes packed in oil, tomato paste, molasses, white wine",shape,9,"['flour,t,ball,mix,s,p,in,f,re,l,d,b,nt,e,balls,o,y,g']"
50372,tagliatelle with meatballs,"lean ground beef, white breadcrumb, garlic, fresh parsley, dried oregano, nutmeg, ground coriander, parmesan cheese, milk, flour, olive oil, tagliatelle pasta noodles, butter, salt and pepper, onions, celery, chopped tomatoes, sun-dried tomatoes packed in oil, tomato paste, molasses, white wine",browned,10,"['oil,brown,cook,t,c,min,heat,meatballs,ball,s,in,meat,f,-,l,d,b,nt,e,nut,balls,o']"
50372,tagliatelle with meatballs,"lean ground beef, white breadcrumb, garlic, fresh parsley, dried oregano, nutmeg, ground coriander, parmesan cheese, milk, flour, olive oil, tagliatelle pasta noodles, butter, salt and pepper, onions, celery, chopped tomatoes, sun-dried tomatoes packed in oil, tomato paste, molasses, white wine",pour,11,"['sauce,tomato,t,c,meatballs,ball,s,p,meat,au,l,b,e,balls,o,v']"
50372,tagliatelle with meatballs,"lean ground beef, white breadcrumb, garlic, fresh parsley, dried oregano, nutmeg, ground coriander, parmesan cheese, milk, flour, olive oil, tagliatelle pasta noodles, butter, salt and pepper, onions, celery, chopped tomatoes, sun-dried tomatoes packed in oil, tomato paste, molasses, white wine",cover,12,"['pan,t,c,ice,min,heat,s,p,in,f,l,d,e,nut,o,g,v']"
50372,tagliatelle with meatballs,"lean ground beef, white breadcrumb, garlic, fresh parsley, dried oregano, nutmeg, ground coriander, parmesan cheese, milk, flour, olive oil, tagliatelle pasta noodles, butter, salt and pepper, onions, celery, chopped tomatoes, sun-dried tomatoes packed in oil, tomato paste, molasses, white wine",turning,12,"['pan,t,c,ice,min,heat,s,p,in,f,l,d,e,nut,o,g,v']"
50372,tagliatelle with meatballs,"lean ground beef, white breadcrumb, garlic, fresh parsley, dried oregano, nutmeg, ground coriander, parmesan cheese, milk, flour, olive oil, tagliatelle pasta noodles, butter, salt and pepper, onions, celery, chopped tomatoes, sun-dried tomatoes packed in oil, tomato paste, molasses, white wine",beginning,13,"['sauce,water,t,c,s,in,f,au,ad,l,d,b,e,gin,o,y,g']"
50372,tagliatelle with meatballs,"lean ground beef, white breadcrumb, garlic, fresh parsley, dried oregano, nutmeg, ground coriander, parmesan cheese, milk, flour, olive oil, tagliatelle pasta noodles, butter, salt and pepper, onions, celery, chopped tomatoes, sun-dried tomatoes packed in oil, tomato paste, molasses, white wine",become,13,"['sauce,water,t,c,s,in,f,au,ad,l,d,b,e,gin,o,y,g']"
50372,tagliatelle with meatballs,"lean ground beef, white breadcrumb, garlic, fresh parsley, dried oregano, nutmeg, ground coriander, parmesan cheese, milk, flour, olive oil, tagliatelle pasta noodles, butter, salt and pepper, onions, celery, chopped tomatoes, sun-dried tomatoes packed in oil, tomato paste, molasses, white wine",salted,14,"['salt,oil,water,pan,t,boil,s,p,in,f,l,d,light,b,e,ring,o,y,g']"
50372,tagliatelle with meatballs,"lean ground beef, white breadcrumb, garlic, fresh parsley, dried oregano, nutmeg, ground coriander, parmesan cheese, milk, flour, olive oil, tagliatelle pasta noodles, butter, salt and pepper, onions, celery, chopped tomatoes, sun-dried tomatoes packed in oil, tomato paste, molasses, white wine",drain,16,"['butter,pasta,t,s,p,in,vin,dish,past,f,warm,d,b,nt,e,butt,o,g,v']"
50372,tagliatelle with meatballs,"lean ground beef, white breadcrumb, garlic, fresh parsley, dried oregano, nutmeg, ground coriander, parmesan cheese, milk, flour, olive oil, tagliatelle pasta noodles, butter, salt and pepper, onions, celery, chopped tomatoes, sun-dried tomatoes packed in oil, tomato paste, molasses, white wine",turn,16,"['butter,pasta,t,s,p,in,vin,dish,past,f,warm,d,b,nt,e,butt,o,g,v']"
50372,tagliatelle with meatballs,"lean ground beef, white breadcrumb, garlic, fresh parsley, dried oregano, nutmeg, ground coriander, parmesan cheese, milk, flour, olive oil, tagliatelle pasta noodles, butter, salt and pepper, onions, celery, chopped tomatoes, sun-dried tomatoes packed in oil, tomato paste, molasses, white wine",warmed,16,"['butter,pasta,t,s,p,in,vin,dish,past,f,warm,d,b,nt,e,butt,o,g,v']"
50372,tagliatelle with meatballs,"lean ground beef, white breadcrumb, garlic, fresh parsley, dried oregano, nutmeg, ground coriander, parmesan cheese, milk, flour, olive oil, tagliatelle pasta noodles, butter, salt and pepper, onions, celery, chopped tomatoes, sun-dried tomatoes packed in oil, tomato paste, molasses, white wine",serving,16,"['butter,pasta,t,s,p,in,vin,dish,past,f,warm,d,b,nt,e,butt,o,g,v']"
50372,tagliatelle with meatballs,"lean ground beef, white breadcrumb, garlic, fresh parsley, dried oregano, nutmeg, ground coriander, parmesan cheese, milk, flour, olive oil, tagliatelle pasta noodles, butter, salt and pepper, onions, celery, chopped tomatoes, sun-dried tomatoes packed in oil, tomato paste, molasses, white wine",dot,16,"['butter,pasta,t,s,p,in,vin,dish,past,f,warm,d,b,nt,e,butt,o,g,v']"
50372,tagliatelle with meatballs,"lean ground beef, white breadcrumb, garlic, fresh parsley, dried oregano, nutmeg, ground coriander, parmesan cheese, milk, flour, olive oil, tagliatelle pasta noodles, butter, salt and pepper, onions, celery, chopped tomatoes, sun-dried tomatoes packed in oil, tomato paste, molasses, white wine",toss,16,"['butter,pasta,t,s,p,in,vin,dish,past,f,warm,d,b,nt,e,butt,o,g,v']"
50372,tagliatelle with meatballs,"lean ground beef, white breadcrumb, garlic, fresh parsley, dried oregano, nutmeg, ground coriander, parmesan cheese, milk, flour, olive oil, tagliatelle pasta noodles, butter, salt and pepper, onions, celery, chopped tomatoes, sun-dried tomatoes packed in oil, tomato paste, molasses, white wine",spoon,17,"['sauce,pasta,t,c,meatballs,ball,s,p,meat,past,au,tel,l,d,b,e,balls,o,y,v']"
50372,tagliatelle with meatballs,"lean ground beef, white breadcrumb, garlic, fresh parsley, dried oregano, nutmeg, ground coriander, parmesan cheese, milk, flour, olive oil, tagliatelle pasta noodles, butter, salt and pepper, onions, celery, chopped tomatoes, sun-dried tomatoes packed in oil, tomato paste, molasses, white wine",sauce,17,"['sauce,pasta,t,c,meatballs,ball,s,p,meat,past,au,tel,l,d,b,e,balls,o,y,v']"
50372,tagliatelle with meatballs,"lean ground beef, white breadcrumb, garlic, fresh parsley, dried oregano, nutmeg, ground coriander, parmesan cheese, milk, flour, olive oil, tagliatelle pasta noodles, butter, salt and pepper, onions, celery, chopped tomatoes, sun-dried tomatoes packed in oil, tomato paste, molasses, white wine",serve,17,"['sauce,pasta,t,c,meatballs,ball,s,p,meat,past,au,tel,l,d,b,e,balls,o,y,v']"
50372,tagliatelle with meatballs,"lean ground beef, white breadcrumb, garlic, fresh parsley, dried oregano, nutmeg, ground coriander, parmesan cheese, milk, flour, olive oil, tagliatelle pasta noodles, butter, salt and pepper, onions, celery, chopped tomatoes, sun-dried tomatoes packed in oil, tomato paste, molasses, white wine",enjoy,18,"['e,o,y']"
