Id,Name,AllIngredients,Verbs,Steps,Ingredient
51555,cobb salad with brown derby dressing,"iceberg lettuce, watercress, chicory lettuce, romaine lettuce, tomatoes, smoked turkey breast, crisp bacon, avocado, hardboiled egg, chives, blue cheese, water, sugar, kosher salt, worcestershire sauce, balsamic vinegar, fresh lemon juice, fresh ground black pepper, dijon mustard, olive oil, garlic",chop,1,{}
51555,cobb salad with brown derby dressing,"iceberg lettuce, watercress, chicory lettuce, romaine lettuce, tomatoes, smoked turkey breast, crisp bacon, avocado, hardboiled egg, chives, blue cheese, water, sugar, kosher salt, worcestershire sauce, balsamic vinegar, fresh lemon juice, fresh ground black pepper, dijon mustard, olive oil, garlic",chop,3,"['tomatoes,tomato,chop,seed,t,c,half,s,p,in,f']"
51555,cobb salad with brown derby dressing,"iceberg lettuce, watercress, chicory lettuce, romaine lettuce, tomatoes, smoked turkey breast, crisp bacon, avocado, hardboiled egg, chives, blue cheese, water, sugar, kosher salt, worcestershire sauce, balsamic vinegar, fresh lemon juice, fresh ground black pepper, dijon mustard, olive oil, garlic",arrange,2,"['salad,c,s,in']"
51555,cobb salad with brown derby dressing,"iceberg lettuce, watercress, chicory lettuce, romaine lettuce, tomatoes, smoked turkey breast, crisp bacon, avocado, hardboiled egg, chives, blue cheese, water, sugar, kosher salt, worcestershire sauce, balsamic vinegar, fresh lemon juice, fresh ground black pepper, dijon mustard, olive oil, garlic",arrange,5,"iceberg lettuce, watercress, chicory lettuce, romaine lettuce, tomatoes, smoked turkey breast, crisp bacon, avocado, hardboiled egg, chives, blue cheese, water, sugar, kosher salt, worcestershire sauce, balsamic vinegar, fresh lemon juice, fresh ground black pepper, dijon mustard, olive oil, garlic"
51555,cobb salad with brown derby dressing,"iceberg lettuce, watercress, chicory lettuce, romaine lettuce, tomatoes, smoked turkey breast, crisp bacon, avocado, hardboiled egg, chives, blue cheese, water, sugar, kosher salt, worcestershire sauce, balsamic vinegar, fresh lemon juice, fresh ground black pepper, dijon mustard, olive oil, garlic",cut,3,"['tomatoes,tomato,chop,seed,t,c,half,s,p,in,f']"
51555,cobb salad with brown derby dressing,"iceberg lettuce, watercress, chicory lettuce, romaine lettuce, tomatoes, smoked turkey breast, crisp bacon, avocado, hardboiled egg, chives, blue cheese, water, sugar, kosher salt, worcestershire sauce, balsamic vinegar, fresh lemon juice, fresh ground black pepper, dijon mustard, olive oil, garlic",including,5,"iceberg lettuce, watercress, chicory lettuce, romaine lettuce, tomatoes, smoked turkey breast, crisp bacon, avocado, hardboiled egg, chives, blue cheese, water, sugar, kosher salt, worcestershire sauce, balsamic vinegar, fresh lemon juice, fresh ground black pepper, dijon mustard, olive oil, garlic"
51555,cobb salad with brown derby dressing,"iceberg lettuce, watercress, chicory lettuce, romaine lettuce, tomatoes, smoked turkey breast, crisp bacon, avocado, hardboiled egg, chives, blue cheese, water, sugar, kosher salt, worcestershire sauce, balsamic vinegar, fresh lemon juice, fresh ground black pepper, dijon mustard, olive oil, garlic",sprinkle,6,"['chives,t,c,s,p,in']"
51555,cobb salad with brown derby dressing,"iceberg lettuce, watercress, chicory lettuce, romaine lettuce, tomatoes, smoked turkey breast, crisp bacon, avocado, hardboiled egg, chives, blue cheese, water, sugar, kosher salt, worcestershire sauce, balsamic vinegar, fresh lemon juice, fresh ground black pepper, dijon mustard, olive oil, garlic",toss,7,"['t,table,salad,c,min,dressing,s,p,in,f,re']"
51555,cobb salad with brown derby dressing,"iceberg lettuce, watercress, chicory lettuce, romaine lettuce, tomatoes, smoked turkey breast, crisp bacon, avocado, hardboiled egg, chives, blue cheese, water, sugar, kosher salt, worcestershire sauce, balsamic vinegar, fresh lemon juice, fresh ground black pepper, dijon mustard, olive oil, garlic",serve,7,"['t,table,salad,c,min,dressing,s,p,in,f,re']"
51555,cobb salad with brown derby dressing,"iceberg lettuce, watercress, chicory lettuce, romaine lettuce, tomatoes, smoked turkey breast, crisp bacon, avocado, hardboiled egg, chives, blue cheese, water, sugar, kosher salt, worcestershire sauce, balsamic vinegar, fresh lemon juice, fresh ground black pepper, dijon mustard, olive oil, garlic",serve,8,"['read,bread,t,c,s,f,re']"
51555,cobb salad with brown derby dressing,"iceberg lettuce, watercress, chicory lettuce, romaine lettuce, tomatoes, smoked turkey breast, crisp bacon, avocado, hardboiled egg, chives, blue cheese, water, sugar, kosher salt, worcestershire sauce, balsamic vinegar, fresh lemon juice, fresh ground black pepper, dijon mustard, olive oil, garlic",combine,9,"iceberg lettuce, watercress, chicory lettuce, romaine lettuce, tomatoes, smoked turkey breast, crisp bacon, avocado, hardboiled egg, chives, blue cheese, water, sugar, kosher salt, worcestershire sauce, balsamic vinegar, fresh lemon juice, fresh ground black pepper, dijon mustard, olive oil, garlic"
51555,cobb salad with brown derby dressing,"iceberg lettuce, watercress, chicory lettuce, romaine lettuce, tomatoes, smoked turkey breast, crisp bacon, avocado, hardboiled egg, chives, blue cheese, water, sugar, kosher salt, worcestershire sauce, balsamic vinegar, fresh lemon juice, fresh ground black pepper, dijon mustard, olive oil, garlic",blend,9,"iceberg lettuce, watercress, chicory lettuce, romaine lettuce, tomatoes, smoked turkey breast, crisp bacon, avocado, hardboiled egg, chives, blue cheese, water, sugar, kosher salt, worcestershire sauce, balsamic vinegar, fresh lemon juice, fresh ground black pepper, dijon mustard, olive oil, garlic"
51555,cobb salad with brown derby dressing,"iceberg lettuce, watercress, chicory lettuce, romaine lettuce, tomatoes, smoked turkey breast, crisp bacon, avocado, hardboiled egg, chives, blue cheese, water, sugar, kosher salt, worcestershire sauce, balsamic vinegar, fresh lemon juice, fresh ground black pepper, dijon mustard, olive oil, garlic",running,10,"['oil,t,c,blend,s,end,in']"
51555,cobb salad with brown derby dressing,"iceberg lettuce, watercress, chicory lettuce, romaine lettuce, tomatoes, smoked turkey breast, crisp bacon, avocado, hardboiled egg, chives, blue cheese, water, sugar, kosher salt, worcestershire sauce, balsamic vinegar, fresh lemon juice, fresh ground black pepper, dijon mustard, olive oil, garlic",add,10,"['oil,t,c,blend,s,end,in']"
51555,cobb salad with brown derby dressing,"iceberg lettuce, watercress, chicory lettuce, romaine lettuce, tomatoes, smoked turkey breast, crisp bacon, avocado, hardboiled egg, chives, blue cheese, water, sugar, kosher salt, worcestershire sauce, balsamic vinegar, fresh lemon juice, fresh ground black pepper, dijon mustard, olive oil, garlic",keep,11,"['t,p,f,re']"
51555,cobb salad with brown derby dressing,"iceberg lettuce, watercress, chicory lettuce, romaine lettuce, tomatoes, smoked turkey breast, crisp bacon, avocado, hardboiled egg, chives, blue cheese, water, sugar, kosher salt, worcestershire sauce, balsamic vinegar, fresh lemon juice, fresh ground black pepper, dijon mustard, olive oil, garlic",refrigerated,11,"['t,p,f,re']"
