Id,Name,AllIngredients,Verbs,Steps,Ingredient
5184,sun of a gun beef stew,"london broil beef, potatoes, stewed tomatoes, onion, garlic, carrots, celery, whole kernel corn, peas, broccoli, turnip, water, pearl barley, salt, black pepper, bay leaves, parsley, basil, oregano, cornstarch, cooking oil",add,2,"['garlic,beef,chop,c,p,f,ad,l,d,b,e,o,g']"
5184,sun of a gun beef stew,"london broil beef, potatoes, stewed tomatoes, onion, garlic, carrots, celery, whole kernel corn, peas, broccoli, turnip, water, pearl barley, salt, black pepper, bay leaves, parsley, basil, oregano, cornstarch, cooking oil",add,4,"['water,tomatoes,tomato,onion,t,s,f,ad,stew,d,e,o,tomatoe,ts']"
5184,sun of a gun beef stew,"london broil beef, potatoes, stewed tomatoes, onion, garlic, carrots, celery, whole kernel corn, peas, broccoli, turnip, water, pearl barley, salt, black pepper, bay leaves, parsley, basil, oregano, cornstarch, cooking oil",add,5,"['tomatoes,tomato,onion,vegetable,season,seasoning,pot,sea,potatoes,t,table,c,potato,pea,s,p,in,barley,pear,veg,f,re,ad,red,pearl,l,d,b,vegetables,nt,e,o,y,tomatoe,g,v']"
5184,sun of a gun beef stew,"london broil beef, potatoes, stewed tomatoes, onion, garlic, carrots, celery, whole kernel corn, peas, broccoli, turnip, water, pearl barley, salt, black pepper, bay leaves, parsley, basil, oregano, cornstarch, cooking oil",add,6,"['water,t,s,de,ad,d,e']"
5184,sun of a gun beef stew,"london broil beef, potatoes, stewed tomatoes, onion, garlic, carrots, celery, whole kernel corn, peas, broccoli, turnip, water, pearl barley, salt, black pepper, bay leaves, parsley, basil, oregano, cornstarch, cooking oil",chopped,2,"['garlic,beef,chop,c,p,f,ad,l,d,b,e,o,g']"
5184,sun of a gun beef stew,"london broil beef, potatoes, stewed tomatoes, onion, garlic, carrots, celery, whole kernel corn, peas, broccoli, turnip, water, pearl barley, salt, black pepper, bay leaves, parsley, basil, oregano, cornstarch, cooking oil",stewed,4,"['water,tomatoes,tomato,onion,t,s,f,ad,stew,d,e,o,tomatoe,ts']"
5184,sun of a gun beef stew,"london broil beef, potatoes, stewed tomatoes, onion, garlic, carrots, celery, whole kernel corn, peas, broccoli, turnip, water, pearl barley, salt, black pepper, bay leaves, parsley, basil, oregano, cornstarch, cooking oil",simmer,5,"['tomatoes,tomato,onion,vegetable,season,seasoning,pot,sea,potatoes,t,table,c,potato,pea,s,p,in,barley,pear,veg,f,re,ad,red,pearl,l,d,b,vegetables,nt,e,o,y,tomatoe,g,v']"
5184,sun of a gun beef stew,"london broil beef, potatoes, stewed tomatoes, onion, garlic, carrots, celery, whole kernel corn, peas, broccoli, turnip, water, pearl barley, salt, black pepper, bay leaves, parsley, basil, oregano, cornstarch, cooking oil",watching,5,"['tomatoes,tomato,onion,vegetable,season,seasoning,pot,sea,potatoes,t,table,c,potato,pea,s,p,in,barley,pear,veg,f,re,ad,red,pearl,l,d,b,vegetables,nt,e,o,y,tomatoe,g,v']"
5184,sun of a gun beef stew,"london broil beef, potatoes, stewed tomatoes, onion, garlic, carrots, celery, whole kernel corn, peas, broccoli, turnip, water, pearl barley, salt, black pepper, bay leaves, parsley, basil, oregano, cornstarch, cooking oil",be,5,"['tomatoes,tomato,onion,vegetable,season,seasoning,pot,sea,potatoes,t,table,c,potato,pea,s,p,in,barley,pear,veg,f,re,ad,red,pearl,l,d,b,vegetables,nt,e,o,y,tomatoe,g,v']"
5184,sun of a gun beef stew,"london broil beef, potatoes, stewed tomatoes, onion, garlic, carrots, celery, whole kernel corn, peas, broccoli, turnip, water, pearl barley, salt, black pepper, bay leaves, parsley, basil, oregano, cornstarch, cooking oil",go,5,"['tomatoes,tomato,onion,vegetable,season,seasoning,pot,sea,potatoes,t,table,c,potato,pea,s,p,in,barley,pear,veg,f,re,ad,red,pearl,l,d,b,vegetables,nt,e,o,y,tomatoe,g,v']"
5184,sun of a gun beef stew,"london broil beef, potatoes, stewed tomatoes, onion, garlic, carrots, celery, whole kernel corn, peas, broccoli, turnip, water, pearl barley, salt, black pepper, bay leaves, parsley, basil, oregano, cornstarch, cooking oil",covered,5,"['tomatoes,tomato,onion,vegetable,season,seasoning,pot,sea,potatoes,t,table,c,potato,pea,s,p,in,barley,pear,veg,f,re,ad,red,pearl,l,d,b,vegetables,nt,e,o,y,tomatoe,g,v']"
5184,sun of a gun beef stew,"london broil beef, potatoes, stewed tomatoes, onion, garlic, carrots, celery, whole kernel corn, peas, broccoli, turnip, water, pearl barley, salt, black pepper, bay leaves, parsley, basil, oregano, cornstarch, cooking oil",needed,6,"['water,t,s,de,ad,d,e']"
5184,sun of a gun beef stew,"london broil beef, potatoes, stewed tomatoes, onion, garlic, carrots, celery, whole kernel corn, peas, broccoli, turnip, water, pearl barley, salt, black pepper, bay leaves, parsley, basil, oregano, cornstarch, cooking oil",thicken,7,"['corn,starch,t,c,cornstarch,star,s,tar,stew,e,corns,o']"
