Id,Name,AllIngredients,Verbs,Steps,Ingredient
5282,highland meatballs with mustard and whisky sauce,"white bread, milk, egg, dried thyme, dried rosemary, coriander, onion, beef chuck, salt and black pepper, dry breadcrumbs, vegetable oil, unsalted butter, shallot, garlic clove, white mushrooms, scotch whisky, grainy mustard, flour, beef broth, bay leaf, carrots, sugar, leeks, celery, parsnips, parsley, potatoes",substitute,1,"['coriander,chicken,ground,thyme,season,sea,t,c,sage,poultry,turkey,mix,s,p,round,de,age,f,chick,l,d,b,e']"
5282,highland meatballs with mustard and whisky sauce,"white bread, milk, egg, dried thyme, dried rosemary, coriander, onion, beef chuck, salt and black pepper, dry breadcrumbs, vegetable oil, unsalted butter, shallot, garlic clove, white mushrooms, scotch whisky, grainy mustard, flour, beef broth, bay leaf, carrots, sugar, leeks, celery, parsnips, parsley, potatoes",season,1,"['coriander,chicken,ground,thyme,season,sea,t,c,sage,poultry,turkey,mix,s,p,round,de,age,f,chick,l,d,b,e']"
5282,highland meatballs with mustard and whisky sauce,"white bread, milk, egg, dried thyme, dried rosemary, coriander, onion, beef chuck, salt and black pepper, dry breadcrumbs, vegetable oil, unsalted butter, shallot, garlic clove, white mushrooms, scotch whisky, grainy mustard, flour, beef broth, bay leaf, carrots, sugar, leeks, celery, parsnips, parsley, potatoes",omit,1,"['coriander,chicken,ground,thyme,season,sea,t,c,sage,poultry,turkey,mix,s,p,round,de,age,f,chick,l,d,b,e']"
5282,highland meatballs with mustard and whisky sauce,"white bread, milk, egg, dried thyme, dried rosemary, coriander, onion, beef chuck, salt and black pepper, dry breadcrumbs, vegetable oil, unsalted butter, shallot, garlic clove, white mushrooms, scotch whisky, grainy mustard, flour, beef broth, bay leaf, carrots, sugar, leeks, celery, parsnips, parsley, potatoes",make,2,"['milk,read,bread,t,rum,c,min,meatballs,ball,s,in,meat,crumb,f,re,ad,l,d,b,nt,e']"
5282,highland meatballs with mustard and whisky sauce,"white bread, milk, egg, dried thyme, dried rosemary, coriander, onion, beef chuck, salt and black pepper, dry breadcrumbs, vegetable oil, unsalted butter, shallot, garlic clove, white mushrooms, scotch whisky, grainy mustard, flour, beef broth, bay leaf, carrots, sugar, leeks, celery, parsnips, parsley, potatoes",make,6,"['sauce,butter,oil,vegetable,cook,t,table,c,heat,meatballs,ball,s,p,in,meat,de,veg,f,au,-,l,d,b,e']"
5282,highland meatballs with mustard and whisky sauce,"white bread, milk, egg, dried thyme, dried rosemary, coriander, onion, beef chuck, salt and black pepper, dry breadcrumbs, vegetable oil, unsalted butter, shallot, garlic clove, white mushrooms, scotch whisky, grainy mustard, flour, beef broth, bay leaf, carrots, sugar, leeks, celery, parsnips, parsley, potatoes",make,16,"['vegetable,cook,t,table,c,cooking,heat,meatballs,ball,s,in,meat,veg,f,re,red,l,d,b,e']"
5282,highland meatballs with mustard and whisky sauce,"white bread, milk, egg, dried thyme, dried rosemary, coriander, onion, beef chuck, salt and black pepper, dry breadcrumbs, vegetable oil, unsalted butter, shallot, garlic clove, white mushrooms, scotch whisky, grainy mustard, flour, beef broth, bay leaf, carrots, sugar, leeks, celery, parsnips, parsley, potatoes",make,17,"['butter,vegetable,t,table,c,heat,s,p,in,de,veg,f,-,re,l,d,b,e']"
5282,highland meatballs with mustard and whisky sauce,"white bread, milk, egg, dried thyme, dried rosemary, coriander, onion, beef chuck, salt and black pepper, dry breadcrumbs, vegetable oil, unsalted butter, shallot, garlic clove, white mushrooms, scotch whisky, grainy mustard, flour, beef broth, bay leaf, carrots, sugar, leeks, celery, parsnips, parsley, potatoes",soak,2,"['milk,read,bread,t,rum,c,min,meatballs,ball,s,in,meat,crumb,f,re,ad,l,d,b,nt,e']"
5282,highland meatballs with mustard and whisky sauce,"white bread, milk, egg, dried thyme, dried rosemary, coriander, onion, beef chuck, salt and black pepper, dry breadcrumbs, vegetable oil, unsalted butter, shallot, garlic clove, white mushrooms, scotch whisky, grainy mustard, flour, beef broth, bay leaf, carrots, sugar, leeks, celery, parsnips, parsley, potatoes",crumbled,2,"['milk,read,bread,t,rum,c,min,meatballs,ball,s,in,meat,crumb,f,re,ad,l,d,b,nt,e']"
5282,highland meatballs with mustard and whisky sauce,"white bread, milk, egg, dried thyme, dried rosemary, coriander, onion, beef chuck, salt and black pepper, dry breadcrumbs, vegetable oil, unsalted butter, shallot, garlic clove, white mushrooms, scotch whisky, grainy mustard, flour, beef broth, bay leaf, carrots, sugar, leeks, celery, parsnips, parsley, potatoes",softened,2,"['milk,read,bread,t,rum,c,min,meatballs,ball,s,in,meat,crumb,f,re,ad,l,d,b,nt,e']"
5282,highland meatballs with mustard and whisky sauce,"white bread, milk, egg, dried thyme, dried rosemary, coriander, onion, beef chuck, salt and black pepper, dry breadcrumbs, vegetable oil, unsalted butter, shallot, garlic clove, white mushrooms, scotch whisky, grainy mustard, flour, beef broth, bay leaf, carrots, sugar, leeks, celery, parsnips, parsley, potatoes",squeeze,3,"['egg,coriander,read,bread,thyme,rosemary,t,c,s,p,food,de,f,re,ad,l,d,b,e']"
5282,highland meatballs with mustard and whisky sauce,"white bread, milk, egg, dried thyme, dried rosemary, coriander, onion, beef chuck, salt and black pepper, dry breadcrumbs, vegetable oil, unsalted butter, shallot, garlic clove, white mushrooms, scotch whisky, grainy mustard, flour, beef broth, bay leaf, carrots, sugar, leeks, celery, parsnips, parsley, potatoes",transfer,3,"['egg,coriander,read,bread,thyme,rosemary,t,c,s,p,food,de,f,re,ad,l,d,b,e']"
5282,highland meatballs with mustard and whisky sauce,"white bread, milk, egg, dried thyme, dried rosemary, coriander, onion, beef chuck, salt and black pepper, dry breadcrumbs, vegetable oil, unsalted butter, shallot, garlic clove, white mushrooms, scotch whisky, grainy mustard, flour, beef broth, bay leaf, carrots, sugar, leeks, celery, parsnips, parsley, potatoes",transfer,4,"['pepper,salt,onion,onions,cook,t,c,mix,blend,s,p,end,in,meat,de,f,re,ad,l,d,b,nt,e']"
5282,highland meatballs with mustard and whisky sauce,"white bread, milk, egg, dried thyme, dried rosemary, coriander, onion, beef chuck, salt and black pepper, dry breadcrumbs, vegetable oil, unsalted butter, shallot, garlic clove, white mushrooms, scotch whisky, grainy mustard, flour, beef broth, bay leaf, carrots, sugar, leeks, celery, parsnips, parsley, potatoes",soaked,3,"['egg,coriander,read,bread,thyme,rosemary,t,c,s,p,food,de,f,re,ad,l,d,b,e']"
5282,highland meatballs with mustard and whisky sauce,"white bread, milk, egg, dried thyme, dried rosemary, coriander, onion, beef chuck, salt and black pepper, dry breadcrumbs, vegetable oil, unsalted butter, shallot, garlic clove, white mushrooms, scotch whisky, grainy mustard, flour, beef broth, bay leaf, carrots, sugar, leeks, celery, parsnips, parsley, potatoes",combined,4,"['pepper,salt,onion,onions,cook,t,c,mix,blend,s,p,end,in,meat,de,f,re,ad,l,d,b,nt,e']"
5282,highland meatballs with mustard and whisky sauce,"white bread, milk, egg, dried thyme, dried rosemary, coriander, onion, beef chuck, salt and black pepper, dry breadcrumbs, vegetable oil, unsalted butter, shallot, garlic clove, white mushrooms, scotch whisky, grainy mustard, flour, beef broth, bay leaf, carrots, sugar, leeks, celery, parsnips, parsley, potatoes",add,4,"['pepper,salt,onion,onions,cook,t,c,mix,blend,s,p,end,in,meat,de,f,re,ad,l,d,b,nt,e']"
5282,highland meatballs with mustard and whisky sauce,"white bread, milk, egg, dried thyme, dried rosemary, coriander, onion, beef chuck, salt and black pepper, dry breadcrumbs, vegetable oil, unsalted butter, shallot, garlic clove, white mushrooms, scotch whisky, grainy mustard, flour, beef broth, bay leaf, carrots, sugar, leeks, celery, parsnips, parsley, potatoes",add,9,"['t,c,min,shallots,shallot,tender,s,p,end,in,fat,de,f,au,re,ad,l,d,nt,e']"
5282,highland meatballs with mustard and whisky sauce,"white bread, milk, egg, dried thyme, dried rosemary, coriander, onion, beef chuck, salt and black pepper, dry breadcrumbs, vegetable oil, unsalted butter, shallot, garlic clove, white mushrooms, scotch whisky, grainy mustard, flour, beef broth, bay leaf, carrots, sugar, leeks, celery, parsnips, parsley, potatoes",add,10,"['garlic,mushrooms,mushroom,room,t,c,min,tender,s,end,in,shrooms,de,f,au,mu,hr,ad,l,d,nt,e']"
5282,highland meatballs with mustard and whisky sauce,"white bread, milk, egg, dried thyme, dried rosemary, coriander, onion, beef chuck, salt and black pepper, dry breadcrumbs, vegetable oil, unsalted butter, shallot, garlic clove, white mushrooms, scotch whisky, grainy mustard, flour, beef broth, bay leaf, carrots, sugar, leeks, celery, parsnips, parsley, potatoes",add,11,"['oil,juice,t,c,ice,boil,min,s,p,in,pin,f,ad,whiskey,l,d,b,nt,e']"
5282,highland meatballs with mustard and whisky sauce,"white bread, milk, egg, dried thyme, dried rosemary, coriander, onion, beef chuck, salt and black pepper, dry breadcrumbs, vegetable oil, unsalted butter, shallot, garlic clove, white mushrooms, scotch whisky, grainy mustard, flour, beef broth, bay leaf, carrots, sugar, leeks, celery, parsnips, parsley, potatoes",add,12,"['flour,mustard,cook,t,c,min,star,s,must,in,tar,f,mu,ad,l,d,e']"
5282,highland meatballs with mustard and whisky sauce,"white bread, milk, egg, dried thyme, dried rosemary, coriander, onion, beef chuck, salt and black pepper, dry breadcrumbs, vegetable oil, unsalted butter, shallot, garlic clove, white mushrooms, scotch whisky, grainy mustard, flour, beef broth, bay leaf, carrots, sugar, leeks, celery, parsnips, parsley, potatoes",add,13,"['beef,broth,t,c,s,p,in,f,ad,l,skin,d,b,e,ring']"
5282,highland meatballs with mustard and whisky sauce,"white bread, milk, egg, dried thyme, dried rosemary, coriander, onion, beef chuck, salt and black pepper, dry breadcrumbs, vegetable oil, unsalted butter, shallot, garlic clove, white mushrooms, scotch whisky, grainy mustard, flour, beef broth, bay leaf, carrots, sugar, leeks, celery, parsnips, parsley, potatoes",add,14,"['bay,leaf,t,c,min,s,p,in,f,ad,l,d,b,e']"
5282,highland meatballs with mustard and whisky sauce,"white bread, milk, egg, dried thyme, dried rosemary, coriander, onion, beef chuck, salt and black pepper, dry breadcrumbs, vegetable oil, unsalted butter, shallot, garlic clove, white mushrooms, scotch whisky, grainy mustard, flour, beef broth, bay leaf, carrots, sugar, leeks, celery, parsnips, parsley, potatoes",add,18,"['sugar,carrots,beef,carrot,broth,t,c,s,p,in,f,re,ad,d,b,e']"
5282,highland meatballs with mustard and whisky sauce,"white bread, milk, egg, dried thyme, dried rosemary, coriander, onion, beef chuck, salt and black pepper, dry breadcrumbs, vegetable oil, unsalted butter, shallot, garlic clove, white mushrooms, scotch whisky, grainy mustard, flour, beef broth, bay leaf, carrots, sugar, leeks, celery, parsnips, parsley, potatoes",add,20,"['water,celery,leek,t,c,s,p,leeks,f,ad,l,d,e,parsnips']"
5282,highland meatballs with mustard and whisky sauce,"white bread, milk, egg, dried thyme, dried rosemary, coriander, onion, beef chuck, salt and black pepper, dry breadcrumbs, vegetable oil, unsalted butter, shallot, garlic clove, white mushrooms, scotch whisky, grainy mustard, flour, beef broth, bay leaf, carrots, sugar, leeks, celery, parsnips, parsley, potatoes",add,23,"['pepper,salt,butter,season,sea,t,table,s,p,in,f,re,ad,l,d,b,e']"
5282,highland meatballs with mustard and whisky sauce,"white bread, milk, egg, dried thyme, dried rosemary, coriander, onion, beef chuck, salt and black pepper, dry breadcrumbs, vegetable oil, unsalted butter, shallot, garlic clove, white mushrooms, scotch whisky, grainy mustard, flour, beef broth, bay leaf, carrots, sugar, leeks, celery, parsnips, parsley, potatoes",taste,4,"['pepper,salt,onion,onions,cook,t,c,mix,blend,s,p,end,in,meat,de,f,re,ad,l,d,b,nt,e']"
5282,highland meatballs with mustard and whisky sauce,"white bread, milk, egg, dried thyme, dried rosemary, coriander, onion, beef chuck, salt and black pepper, dry breadcrumbs, vegetable oil, unsalted butter, shallot, garlic clove, white mushrooms, scotch whisky, grainy mustard, flour, beef broth, bay leaf, carrots, sugar, leeks, celery, parsnips, parsley, potatoes",taste,23,"['pepper,salt,butter,season,sea,t,table,s,p,in,f,re,ad,l,d,b,e']"
5282,highland meatballs with mustard and whisky sauce,"white bread, milk, egg, dried thyme, dried rosemary, coriander, onion, beef chuck, salt and black pepper, dry breadcrumbs, vegetable oil, unsalted butter, shallot, garlic clove, white mushrooms, scotch whisky, grainy mustard, flour, beef broth, bay leaf, carrots, sugar, leeks, celery, parsnips, parsley, potatoes",blended,4,"['pepper,salt,onion,onions,cook,t,c,mix,blend,s,p,end,in,meat,de,f,re,ad,l,d,b,nt,e']"
5282,highland meatballs with mustard and whisky sauce,"white bread, milk, egg, dried thyme, dried rosemary, coriander, onion, beef chuck, salt and black pepper, dry breadcrumbs, vegetable oil, unsalted butter, shallot, garlic clove, white mushrooms, scotch whisky, grainy mustard, flour, beef broth, bay leaf, carrots, sugar, leeks, celery, parsnips, parsley, potatoes",remaining,4,"['pepper,salt,onion,onions,cook,t,c,mix,blend,s,p,end,in,meat,de,f,re,ad,l,d,b,nt,e']"
5282,highland meatballs with mustard and whisky sauce,"white bread, milk, egg, dried thyme, dried rosemary, coriander, onion, beef chuck, salt and black pepper, dry breadcrumbs, vegetable oil, unsalted butter, shallot, garlic clove, white mushrooms, scotch whisky, grainy mustard, flour, beef broth, bay leaf, carrots, sugar, leeks, celery, parsnips, parsley, potatoes",remaining,9,"['t,c,min,shallots,shallot,tender,s,p,end,in,fat,de,f,au,re,ad,l,d,nt,e']"
5282,highland meatballs with mustard and whisky sauce,"white bread, milk, egg, dried thyme, dried rosemary, coriander, onion, beef chuck, salt and black pepper, dry breadcrumbs, vegetable oil, unsalted butter, shallot, garlic clove, white mushrooms, scotch whisky, grainy mustard, flour, beef broth, bay leaf, carrots, sugar, leeks, celery, parsnips, parsley, potatoes",remaining,17,"['butter,vegetable,t,table,c,heat,s,p,in,de,veg,f,-,re,l,d,b,e']"
5282,highland meatballs with mustard and whisky sauce,"white bread, milk, egg, dried thyme, dried rosemary, coriander, onion, beef chuck, salt and black pepper, dry breadcrumbs, vegetable oil, unsalted butter, shallot, garlic clove, white mushrooms, scotch whisky, grainy mustard, flour, beef broth, bay leaf, carrots, sugar, leeks, celery, parsnips, parsley, potatoes",remaining,18,"['sugar,carrots,beef,carrot,broth,t,c,s,p,in,f,re,ad,d,b,e']"
5282,highland meatballs with mustard and whisky sauce,"white bread, milk, egg, dried thyme, dried rosemary, coriander, onion, beef chuck, salt and black pepper, dry breadcrumbs, vegetable oil, unsalted butter, shallot, garlic clove, white mushrooms, scotch whisky, grainy mustard, flour, beef broth, bay leaf, carrots, sugar, leeks, celery, parsnips, parsley, potatoes",remaining,23,"['pepper,salt,butter,season,sea,t,table,s,p,in,f,re,ad,l,d,b,e']"
5282,highland meatballs with mustard and whisky sauce,"white bread, milk, egg, dried thyme, dried rosemary, coriander, onion, beef chuck, salt and black pepper, dry breadcrumbs, vegetable oil, unsalted butter, shallot, garlic clove, white mushrooms, scotch whisky, grainy mustard, flour, beef broth, bay leaf, carrots, sugar, leeks, celery, parsnips, parsley, potatoes",mix,4,"['pepper,salt,onion,onions,cook,t,c,mix,blend,s,p,end,in,meat,de,f,re,ad,l,d,b,nt,e']"
5282,highland meatballs with mustard and whisky sauce,"white bread, milk, egg, dried thyme, dried rosemary, coriander, onion, beef chuck, salt and black pepper, dry breadcrumbs, vegetable oil, unsalted butter, shallot, garlic clove, white mushrooms, scotch whisky, grainy mustard, flour, beef broth, bay leaf, carrots, sugar, leeks, celery, parsnips, parsley, potatoes",roll,5,"['crumbs,read,bread,t,rum,c,oat,meatballs,ball,s,in,meat,roll,de,crumb,-,re,ad,l,d,b,nt,e']"
5282,highland meatballs with mustard and whisky sauce,"white bread, milk, egg, dried thyme, dried rosemary, coriander, onion, beef chuck, salt and black pepper, dry breadcrumbs, vegetable oil, unsalted butter, shallot, garlic clove, white mushrooms, scotch whisky, grainy mustard, flour, beef broth, bay leaf, carrots, sugar, leeks, celery, parsnips, parsley, potatoes",coating,5,"['crumbs,read,bread,t,rum,c,oat,meatballs,ball,s,in,meat,roll,de,crumb,-,re,ad,l,d,b,nt,e']"
5282,highland meatballs with mustard and whisky sauce,"white bread, milk, egg, dried thyme, dried rosemary, coriander, onion, beef chuck, salt and black pepper, dry breadcrumbs, vegetable oil, unsalted butter, shallot, garlic clove, white mushrooms, scotch whisky, grainy mustard, flour, beef broth, bay leaf, carrots, sugar, leeks, celery, parsnips, parsley, potatoes",cook,6,"['sauce,butter,oil,vegetable,cook,t,table,c,heat,meatballs,ball,s,p,in,meat,de,veg,f,au,-,l,d,b,e']"
5282,highland meatballs with mustard and whisky sauce,"white bread, milk, egg, dried thyme, dried rosemary, coriander, onion, beef chuck, salt and black pepper, dry breadcrumbs, vegetable oil, unsalted butter, shallot, garlic clove, white mushrooms, scotch whisky, grainy mustard, flour, beef broth, bay leaf, carrots, sugar, leeks, celery, parsnips, parsley, potatoes",cook,12,"['flour,mustard,cook,t,c,min,star,s,must,in,tar,f,mu,ad,l,d,e']"
5282,highland meatballs with mustard and whisky sauce,"white bread, milk, egg, dried thyme, dried rosemary, coriander, onion, beef chuck, salt and black pepper, dry breadcrumbs, vegetable oil, unsalted butter, shallot, garlic clove, white mushrooms, scotch whisky, grainy mustard, flour, beef broth, bay leaf, carrots, sugar, leeks, celery, parsnips, parsley, potatoes",heat,6,"['sauce,butter,oil,vegetable,cook,t,table,c,heat,meatballs,ball,s,p,in,meat,de,veg,f,au,-,l,d,b,e']"
5282,highland meatballs with mustard and whisky sauce,"white bread, milk, egg, dried thyme, dried rosemary, coriander, onion, beef chuck, salt and black pepper, dry breadcrumbs, vegetable oil, unsalted butter, shallot, garlic clove, white mushrooms, scotch whisky, grainy mustard, flour, beef broth, bay leaf, carrots, sugar, leeks, celery, parsnips, parsley, potatoes",heat,16,"['vegetable,cook,t,table,c,cooking,heat,meatballs,ball,s,in,meat,veg,f,re,red,l,d,b,e']"
5282,highland meatballs with mustard and whisky sauce,"white bread, milk, egg, dried thyme, dried rosemary, coriander, onion, beef chuck, salt and black pepper, dry breadcrumbs, vegetable oil, unsalted butter, shallot, garlic clove, white mushrooms, scotch whisky, grainy mustard, flour, beef broth, bay leaf, carrots, sugar, leeks, celery, parsnips, parsley, potatoes",brown,7,"['brown,t,c,meatballs,ball,s,p,in,meat,de,re,l,d,b,e']"
5282,highland meatballs with mustard and whisky sauce,"white bread, milk, egg, dried thyme, dried rosemary, coriander, onion, beef chuck, salt and black pepper, dry breadcrumbs, vegetable oil, unsalted butter, shallot, garlic clove, white mushrooms, scotch whisky, grainy mustard, flour, beef broth, bay leaf, carrots, sugar, leeks, celery, parsnips, parsley, potatoes",making,7,"['brown,t,c,meatballs,ball,s,p,in,meat,de,re,l,d,b,e']"
5282,highland meatballs with mustard and whisky sauce,"white bread, milk, egg, dried thyme, dried rosemary, coriander, onion, beef chuck, salt and black pepper, dry breadcrumbs, vegetable oil, unsalted butter, shallot, garlic clove, white mushrooms, scotch whisky, grainy mustard, flour, beef broth, bay leaf, carrots, sugar, leeks, celery, parsnips, parsley, potatoes",are,8,"['brown,t,s,p,re,l,d,b,e']"
5282,highland meatballs with mustard and whisky sauce,"white bread, milk, egg, dried thyme, dried rosemary, coriander, onion, beef chuck, salt and black pepper, dry breadcrumbs, vegetable oil, unsalted butter, shallot, garlic clove, white mushrooms, scotch whisky, grainy mustard, flour, beef broth, bay leaf, carrots, sugar, leeks, celery, parsnips, parsley, potatoes",are,21,"['vegetable,t,table,c,min,tender,s,end,in,de,veg,f,re,l,d,b,vegetables,nt,e']"
5282,highland meatballs with mustard and whisky sauce,"white bread, milk, egg, dried thyme, dried rosemary, coriander, onion, beef chuck, salt and black pepper, dry breadcrumbs, vegetable oil, unsalted butter, shallot, garlic clove, white mushrooms, scotch whisky, grainy mustard, flour, beef broth, bay leaf, carrots, sugar, leeks, celery, parsnips, parsley, potatoes",remove,8,"['brown,t,s,p,re,l,d,b,e']"
5282,highland meatballs with mustard and whisky sauce,"white bread, milk, egg, dried thyme, dried rosemary, coriander, onion, beef chuck, salt and black pepper, dry breadcrumbs, vegetable oil, unsalted butter, shallot, garlic clove, white mushrooms, scotch whisky, grainy mustard, flour, beef broth, bay leaf, carrots, sugar, leeks, celery, parsnips, parsley, potatoes",boil,11,"['oil,juice,t,c,ice,boil,min,s,p,in,pin,f,ad,whiskey,l,d,b,nt,e']"
5282,highland meatballs with mustard and whisky sauce,"white bread, milk, egg, dried thyme, dried rosemary, coriander, onion, beef chuck, salt and black pepper, dry breadcrumbs, vegetable oil, unsalted butter, shallot, garlic clove, white mushrooms, scotch whisky, grainy mustard, flour, beef broth, bay leaf, carrots, sugar, leeks, celery, parsnips, parsley, potatoes",scraping,11,"['oil,juice,t,c,ice,boil,min,s,p,in,pin,f,ad,whiskey,l,d,b,nt,e']"
5282,highland meatballs with mustard and whisky sauce,"white bread, milk, egg, dried thyme, dried rosemary, coriander, onion, beef chuck, salt and black pepper, dry breadcrumbs, vegetable oil, unsalted butter, shallot, garlic clove, white mushrooms, scotch whisky, grainy mustard, flour, beef broth, bay leaf, carrots, sugar, leeks, celery, parsnips, parsley, potatoes",simmer,11,"['oil,juice,t,c,ice,boil,min,s,p,in,pin,f,ad,whiskey,l,d,b,nt,e']"
5282,highland meatballs with mustard and whisky sauce,"white bread, milk, egg, dried thyme, dried rosemary, coriander, onion, beef chuck, salt and black pepper, dry breadcrumbs, vegetable oil, unsalted butter, shallot, garlic clove, white mushrooms, scotch whisky, grainy mustard, flour, beef broth, bay leaf, carrots, sugar, leeks, celery, parsnips, parsley, potatoes",simmer,14,"['bay,leaf,t,c,min,s,p,in,f,ad,l,d,b,e']"
5282,highland meatballs with mustard and whisky sauce,"white bread, milk, egg, dried thyme, dried rosemary, coriander, onion, beef chuck, salt and black pepper, dry breadcrumbs, vegetable oil, unsalted butter, shallot, garlic clove, white mushrooms, scotch whisky, grainy mustard, flour, beef broth, bay leaf, carrots, sugar, leeks, celery, parsnips, parsley, potatoes",simmer,16,"['vegetable,cook,t,table,c,cooking,heat,meatballs,ball,s,in,meat,veg,f,re,red,l,d,b,e']"
5282,highland meatballs with mustard and whisky sauce,"white bread, milk, egg, dried thyme, dried rosemary, coriander, onion, beef chuck, salt and black pepper, dry breadcrumbs, vegetable oil, unsalted butter, shallot, garlic clove, white mushrooms, scotch whisky, grainy mustard, flour, beef broth, bay leaf, carrots, sugar, leeks, celery, parsnips, parsley, potatoes",simmer,19,"['cook,t,c,min,s,p,in,f,l,d,nt,e']"
5282,highland meatballs with mustard and whisky sauce,"white bread, milk, egg, dried thyme, dried rosemary, coriander, onion, beef chuck, salt and black pepper, dry breadcrumbs, vegetable oil, unsalted butter, shallot, garlic clove, white mushrooms, scotch whisky, grainy mustard, flour, beef broth, bay leaf, carrots, sugar, leeks, celery, parsnips, parsley, potatoes",simmer,21,"['vegetable,t,table,c,min,tender,s,end,in,de,veg,f,re,l,d,b,vegetables,nt,e']"
5282,highland meatballs with mustard and whisky sauce,"white bread, milk, egg, dried thyme, dried rosemary, coriander, onion, beef chuck, salt and black pepper, dry breadcrumbs, vegetable oil, unsalted butter, shallot, garlic clove, white mushrooms, scotch whisky, grainy mustard, flour, beef broth, bay leaf, carrots, sugar, leeks, celery, parsnips, parsley, potatoes",evaporated,11,"['oil,juice,t,c,ice,boil,min,s,p,in,pin,f,ad,whiskey,l,d,b,nt,e']"
5282,highland meatballs with mustard and whisky sauce,"white bread, milk, egg, dried thyme, dried rosemary, coriander, onion, beef chuck, salt and black pepper, dry breadcrumbs, vegetable oil, unsalted butter, shallot, garlic clove, white mushrooms, scotch whisky, grainy mustard, flour, beef broth, bay leaf, carrots, sugar, leeks, celery, parsnips, parsley, potatoes",bring,13,"['beef,broth,t,c,s,p,in,f,ad,l,skin,d,b,e,ring']"
5282,highland meatballs with mustard and whisky sauce,"white bread, milk, egg, dried thyme, dried rosemary, coriander, onion, beef chuck, salt and black pepper, dry breadcrumbs, vegetable oil, unsalted butter, shallot, garlic clove, white mushrooms, scotch whisky, grainy mustard, flour, beef broth, bay leaf, carrots, sugar, leeks, celery, parsnips, parsley, potatoes",whisking,13,"['beef,broth,t,c,s,p,in,f,ad,l,skin,d,b,e,ring']"
5282,highland meatballs with mustard and whisky sauce,"white bread, milk, egg, dried thyme, dried rosemary, coriander, onion, beef chuck, salt and black pepper, dry breadcrumbs, vegetable oil, unsalted butter, shallot, garlic clove, white mushrooms, scotch whisky, grainy mustard, flour, beef broth, bay leaf, carrots, sugar, leeks, celery, parsnips, parsley, potatoes",adjust,15,"['sauce,season,seasoning,sea,t,c,meatballs,ball,s,in,meat,au,re,ad,l,d,b,e']"
5282,highland meatballs with mustard and whisky sauce,"white bread, milk, egg, dried thyme, dried rosemary, coriander, onion, beef chuck, salt and black pepper, dry breadcrumbs, vegetable oil, unsalted butter, shallot, garlic clove, white mushrooms, scotch whisky, grainy mustard, flour, beef broth, bay leaf, carrots, sugar, leeks, celery, parsnips, parsley, potatoes",return,15,"['sauce,season,seasoning,sea,t,c,meatballs,ball,s,in,meat,au,re,ad,l,d,b,e']"
5282,highland meatballs with mustard and whisky sauce,"white bread, milk, egg, dried thyme, dried rosemary, coriander, onion, beef chuck, salt and black pepper, dry breadcrumbs, vegetable oil, unsalted butter, shallot, garlic clove, white mushrooms, scotch whisky, grainy mustard, flour, beef broth, bay leaf, carrots, sugar, leeks, celery, parsnips, parsley, potatoes",uncovered,16,"['vegetable,cook,t,table,c,cooking,heat,meatballs,ball,s,in,meat,veg,f,re,red,l,d,b,e']"
5282,highland meatballs with mustard and whisky sauce,"white bread, milk, egg, dried thyme, dried rosemary, coriander, onion, beef chuck, salt and black pepper, dry breadcrumbs, vegetable oil, unsalted butter, shallot, garlic clove, white mushrooms, scotch whisky, grainy mustard, flour, beef broth, bay leaf, carrots, sugar, leeks, celery, parsnips, parsley, potatoes",finish,16,"['vegetable,cook,t,table,c,cooking,heat,meatballs,ball,s,in,meat,veg,f,re,red,l,d,b,e']"
5282,highland meatballs with mustard and whisky sauce,"white bread, milk, egg, dried thyme, dried rosemary, coriander, onion, beef chuck, salt and black pepper, dry breadcrumbs, vegetable oil, unsalted butter, shallot, garlic clove, white mushrooms, scotch whisky, grainy mustard, flour, beef broth, bay leaf, carrots, sugar, leeks, celery, parsnips, parsley, potatoes",cooking,16,"['vegetable,cook,t,table,c,cooking,heat,meatballs,ball,s,in,meat,veg,f,re,red,l,d,b,e']"
5282,highland meatballs with mustard and whisky sauce,"white bread, milk, egg, dried thyme, dried rosemary, coriander, onion, beef chuck, salt and black pepper, dry breadcrumbs, vegetable oil, unsalted butter, shallot, garlic clove, white mushrooms, scotch whisky, grainy mustard, flour, beef broth, bay leaf, carrots, sugar, leeks, celery, parsnips, parsley, potatoes",cover,19,"['cook,t,c,min,s,p,in,f,l,d,nt,e']"
5282,highland meatballs with mustard and whisky sauce,"white bread, milk, egg, dried thyme, dried rosemary, coriander, onion, beef chuck, salt and black pepper, dry breadcrumbs, vegetable oil, unsalted butter, shallot, garlic clove, white mushrooms, scotch whisky, grainy mustard, flour, beef broth, bay leaf, carrots, sugar, leeks, celery, parsnips, parsley, potatoes",cover,21,"['vegetable,t,table,c,min,tender,s,end,in,de,veg,f,re,l,d,b,vegetables,nt,e']"
5282,highland meatballs with mustard and whisky sauce,"white bread, milk, egg, dried thyme, dried rosemary, coriander, onion, beef chuck, salt and black pepper, dry breadcrumbs, vegetable oil, unsalted butter, shallot, garlic clove, white mushrooms, scotch whisky, grainy mustard, flour, beef broth, bay leaf, carrots, sugar, leeks, celery, parsnips, parsley, potatoes",cooked,19,"['cook,t,c,min,s,p,in,f,l,d,nt,e']"
5282,highland meatballs with mustard and whisky sauce,"white bread, milk, egg, dried thyme, dried rosemary, coriander, onion, beef chuck, salt and black pepper, dry breadcrumbs, vegetable oil, unsalted butter, shallot, garlic clove, white mushrooms, scotch whisky, grainy mustard, flour, beef broth, bay leaf, carrots, sugar, leeks, celery, parsnips, parsley, potatoes",uncover,22,"['vegetable,t,table,c,heat,glaze,s,p,veg,re,liquid,l,d,b,vegetables,nt,e']"
5282,highland meatballs with mustard and whisky sauce,"white bread, milk, egg, dried thyme, dried rosemary, coriander, onion, beef chuck, salt and black pepper, dry breadcrumbs, vegetable oil, unsalted butter, shallot, garlic clove, white mushrooms, scotch whisky, grainy mustard, flour, beef broth, bay leaf, carrots, sugar, leeks, celery, parsnips, parsley, potatoes",evaporate,22,"['vegetable,t,table,c,heat,glaze,s,p,veg,re,liquid,l,d,b,vegetables,nt,e']"
5282,highland meatballs with mustard and whisky sauce,"white bread, milk, egg, dried thyme, dried rosemary, coriander, onion, beef chuck, salt and black pepper, dry breadcrumbs, vegetable oil, unsalted butter, shallot, garlic clove, white mushrooms, scotch whisky, grainy mustard, flour, beef broth, bay leaf, carrots, sugar, leeks, celery, parsnips, parsley, potatoes",glazed,22,"['vegetable,t,table,c,heat,glaze,s,p,veg,re,liquid,l,d,b,vegetables,nt,e']"
5282,highland meatballs with mustard and whisky sauce,"white bread, milk, egg, dried thyme, dried rosemary, coriander, onion, beef chuck, salt and black pepper, dry breadcrumbs, vegetable oil, unsalted butter, shallot, garlic clove, white mushrooms, scotch whisky, grainy mustard, flour, beef broth, bay leaf, carrots, sugar, leeks, celery, parsnips, parsley, potatoes",glazed,26,"['vegetable,parsley,t,table,c,glaze,meatballs,ball,s,p,meat,veg,l,d,b,vegetables,e']"
5282,highland meatballs with mustard and whisky sauce,"white bread, milk, egg, dried thyme, dried rosemary, coriander, onion, beef chuck, salt and black pepper, dry breadcrumbs, vegetable oil, unsalted butter, shallot, garlic clove, white mushrooms, scotch whisky, grainy mustard, flour, beef broth, bay leaf, carrots, sugar, leeks, celery, parsnips, parsley, potatoes",serve,24,"['bay,leaf,t,c,s,dish,f,l,d,b,e']"
5282,highland meatballs with mustard and whisky sauce,"white bread, milk, egg, dried thyme, dried rosemary, coriander, onion, beef chuck, salt and black pepper, dry breadcrumbs, vegetable oil, unsalted butter, shallot, garlic clove, white mushrooms, scotch whisky, grainy mustard, flour, beef broth, bay leaf, carrots, sugar, leeks, celery, parsnips, parsley, potatoes",serve,27,"['oil,rice,pot,potatoes,t,c,ice,boil,potato,s,p,l,d,b,e']"
5282,highland meatballs with mustard and whisky sauce,"white bread, milk, egg, dried thyme, dried rosemary, coriander, onion, beef chuck, salt and black pepper, dry breadcrumbs, vegetable oil, unsalted butter, shallot, garlic clove, white mushrooms, scotch whisky, grainy mustard, flour, beef broth, bay leaf, carrots, sugar, leeks, celery, parsnips, parsley, potatoes",discard,24,"['bay,leaf,t,c,s,dish,f,l,d,b,e']"
5282,highland meatballs with mustard and whisky sauce,"white bread, milk, egg, dried thyme, dried rosemary, coriander, onion, beef chuck, salt and black pepper, dry breadcrumbs, vegetable oil, unsalted butter, shallot, garlic clove, white mushrooms, scotch whisky, grainy mustard, flour, beef broth, bay leaf, carrots, sugar, leeks, celery, parsnips, parsley, potatoes",spoon,25,"['mushrooms,mushroom,room,t,meatballs,ball,s,p,meat,shrooms,top,mu,hr,l,d,b,nt,e']"
5282,highland meatballs with mustard and whisky sauce,"white bread, milk, egg, dried thyme, dried rosemary, coriander, onion, beef chuck, salt and black pepper, dry breadcrumbs, vegetable oil, unsalted butter, shallot, garlic clove, white mushrooms, scotch whisky, grainy mustard, flour, beef broth, bay leaf, carrots, sugar, leeks, celery, parsnips, parsley, potatoes",scatter,26,"['vegetable,parsley,t,table,c,glaze,meatballs,ball,s,p,meat,veg,l,d,b,vegetables,e']"
5282,highland meatballs with mustard and whisky sauce,"white bread, milk, egg, dried thyme, dried rosemary, coriander, onion, beef chuck, salt and black pepper, dry breadcrumbs, vegetable oil, unsalted butter, shallot, garlic clove, white mushrooms, scotch whisky, grainy mustard, flour, beef broth, bay leaf, carrots, sugar, leeks, celery, parsnips, parsley, potatoes",garnish,26,"['vegetable,parsley,t,table,c,glaze,meatballs,ball,s,p,meat,veg,l,d,b,vegetables,e']"
5282,highland meatballs with mustard and whisky sauce,"white bread, milk, egg, dried thyme, dried rosemary, coriander, onion, beef chuck, salt and black pepper, dry breadcrumbs, vegetable oil, unsalted butter, shallot, garlic clove, white mushrooms, scotch whisky, grainy mustard, flour, beef broth, bay leaf, carrots, sugar, leeks, celery, parsnips, parsley, potatoes",boiled,27,"['oil,rice,pot,potatoes,t,c,ice,boil,potato,s,p,l,d,b,e']"
