Id,Name,AllIngredients,Verbs,Steps,Ingredient
52976,joerg s gumbo,"flour, olive oil, celery, yellow onion, bell peppers, sweet red pepper, carrot, garlic cloves, tomatoes, chicken broth, thyme, basil, bay leaves, worcestershire sauce, hot pepper sauce, salt, canned corn, zucchini, cumin, black pepper, okra, pork sausage, rice",heat,1,{}
52976,joerg s gumbo,"flour, olive oil, celery, yellow onion, bell peppers, sweet red pepper, carrot, garlic cloves, tomatoes, chicken broth, thyme, basil, bay leaves, worcestershire sauce, hot pepper sauce, salt, canned corn, zucchini, cumin, black pepper, okra, pork sausage, rice",add,1,"['flour,pan,t,heat,p,in,f,ad,l,d,e']"
52976,joerg s gumbo,"flour, olive oil, celery, yellow onion, bell peppers, sweet red pepper, carrot, garlic cloves, tomatoes, chicken broth, thyme, basil, bay leaves, worcestershire sauce, hot pepper sauce, salt, canned corn, zucchini, cumin, black pepper, okra, pork sausage, rice",add,4,"['garlic,pepper,oil,tomatoes,tomato,onion,celery,carrot,pot,cook,t,c,soup,tender,s,p,end,in,de,au,re,ad,l,d,nt,e,green,ring']"
52976,joerg s gumbo,"flour, olive oil, celery, yellow onion, bell peppers, sweet red pepper, carrot, garlic cloves, tomatoes, chicken broth, thyme, basil, bay leaves, worcestershire sauce, hot pepper sauce, salt, canned corn, zucchini, cumin, black pepper, okra, pork sausage, rice",add,6,"['vegetable,stock,chicken,season,seasoning,sea,t,table,c,min,tender,s,end,in,de,veg,f,re,chick,ad,l,d,b,vegetables,nt,e']"
52976,joerg s gumbo,"flour, olive oil, celery, yellow onion, bell peppers, sweet red pepper, carrot, garlic cloves, tomatoes, chicken broth, thyme, basil, bay leaves, worcestershire sauce, hot pepper sauce, salt, canned corn, zucchini, cumin, black pepper, okra, pork sausage, rice",add,8,"['vegetable,read,t,table,mix,veg,re,ad,l,d,b,e']"
52976,joerg s gumbo,"flour, olive oil, celery, yellow onion, bell peppers, sweet red pepper, carrot, garlic cloves, tomatoes, chicken broth, thyme, basil, bay leaves, worcestershire sauce, hot pepper sauce, salt, canned corn, zucchini, cumin, black pepper, okra, pork sausage, rice",add,10,"['t,okra,min,s,in,-,ad,d,e']"
52976,joerg s gumbo,"flour, olive oil, celery, yellow onion, bell peppers, sweet red pepper, carrot, garlic cloves, tomatoes, chicken broth, thyme, basil, bay leaves, worcestershire sauce, hot pepper sauce, salt, canned corn, zucchini, cumin, black pepper, okra, pork sausage, rice",toast,2,"['flour,brown,t,s,f,l,d,b,nt,e']"
52976,joerg s gumbo,"flour, olive oil, celery, yellow onion, bell peppers, sweet red pepper, carrot, garlic cloves, tomatoes, chicken broth, thyme, basil, bay leaves, worcestershire sauce, hot pepper sauce, salt, canned corn, zucchini, cumin, black pepper, okra, pork sausage, rice",browned,2,"['flour,brown,t,s,f,l,d,b,nt,e']"
52976,joerg s gumbo,"flour, olive oil, celery, yellow onion, bell peppers, sweet red pepper, carrot, garlic cloves, tomatoes, chicken broth, thyme, basil, bay leaves, worcestershire sauce, hot pepper sauce, salt, canned corn, zucchini, cumin, black pepper, okra, pork sausage, rice",remove,3,"['t,heat,f,re,e']"
52976,joerg s gumbo,"flour, olive oil, celery, yellow onion, bell peppers, sweet red pepper, carrot, garlic cloves, tomatoes, chicken broth, thyme, basil, bay leaves, worcestershire sauce, hot pepper sauce, salt, canned corn, zucchini, cumin, black pepper, okra, pork sausage, rice",saut,4,"['garlic,pepper,oil,tomatoes,tomato,onion,celery,carrot,pot,cook,t,c,soup,tender,s,p,end,in,de,au,re,ad,l,d,nt,e,green,ring']"
52976,joerg s gumbo,"flour, olive oil, celery, yellow onion, bell peppers, sweet red pepper, carrot, garlic cloves, tomatoes, chicken broth, thyme, basil, bay leaves, worcestershire sauce, hot pepper sauce, salt, canned corn, zucchini, cumin, black pepper, okra, pork sausage, rice",cook,4,"['garlic,pepper,oil,tomatoes,tomato,onion,celery,carrot,pot,cook,t,c,soup,tender,s,p,end,in,de,au,re,ad,l,d,nt,e,green,ring']"
52976,joerg s gumbo,"flour, olive oil, celery, yellow onion, bell peppers, sweet red pepper, carrot, garlic cloves, tomatoes, chicken broth, thyme, basil, bay leaves, worcestershire sauce, hot pepper sauce, salt, canned corn, zucchini, cumin, black pepper, okra, pork sausage, rice",stirring,4,"['garlic,pepper,oil,tomatoes,tomato,onion,celery,carrot,pot,cook,t,c,soup,tender,s,p,end,in,de,au,re,ad,l,d,nt,e,green,ring']"
52976,joerg s gumbo,"flour, olive oil, celery, yellow onion, bell peppers, sweet red pepper, carrot, garlic cloves, tomatoes, chicken broth, thyme, basil, bay leaves, worcestershire sauce, hot pepper sauce, salt, canned corn, zucchini, cumin, black pepper, okra, pork sausage, rice",stir,5,"['flour,egg,t,c,oat,s,in,veg,f,l,e']"
52976,joerg s gumbo,"flour, olive oil, celery, yellow onion, bell peppers, sweet red pepper, carrot, garlic cloves, tomatoes, chicken broth, thyme, basil, bay leaves, worcestershire sauce, hot pepper sauce, salt, canned corn, zucchini, cumin, black pepper, okra, pork sausage, rice",stir,9,"['t,c,min,star,s,in,tar,l,d,b,nt,e']"
52976,joerg s gumbo,"flour, olive oil, celery, yellow onion, bell peppers, sweet red pepper, carrot, garlic cloves, tomatoes, chicken broth, thyme, basil, bay leaves, worcestershire sauce, hot pepper sauce, salt, canned corn, zucchini, cumin, black pepper, okra, pork sausage, rice",coat,5,"['flour,egg,t,c,oat,s,in,veg,f,l,e']"
52976,joerg s gumbo,"flour, olive oil, celery, yellow onion, bell peppers, sweet red pepper, carrot, garlic cloves, tomatoes, chicken broth, thyme, basil, bay leaves, worcestershire sauce, hot pepper sauce, salt, canned corn, zucchini, cumin, black pepper, okra, pork sausage, rice",simmer,6,"['vegetable,stock,chicken,season,seasoning,sea,t,table,c,min,tender,s,end,in,de,veg,f,re,chick,ad,l,d,b,vegetables,nt,e']"
52976,joerg s gumbo,"flour, olive oil, celery, yellow onion, bell peppers, sweet red pepper, carrot, garlic cloves, tomatoes, chicken broth, thyme, basil, bay leaves, worcestershire sauce, hot pepper sauce, salt, canned corn, zucchini, cumin, black pepper, okra, pork sausage, rice",simmer,9,"['t,c,min,star,s,in,tar,l,d,b,nt,e']"
52976,joerg s gumbo,"flour, olive oil, celery, yellow onion, bell peppers, sweet red pepper, carrot, garlic cloves, tomatoes, chicken broth, thyme, basil, bay leaves, worcestershire sauce, hot pepper sauce, salt, canned corn, zucchini, cumin, black pepper, okra, pork sausage, rice",simmer,10,"['t,okra,min,s,in,-,ad,d,e']"
52976,joerg s gumbo,"flour, olive oil, celery, yellow onion, bell peppers, sweet red pepper, carrot, garlic cloves, tomatoes, chicken broth, thyme, basil, bay leaves, worcestershire sauce, hot pepper sauce, salt, canned corn, zucchini, cumin, black pepper, okra, pork sausage, rice",are,6,"['vegetable,stock,chicken,season,seasoning,sea,t,table,c,min,tender,s,end,in,de,veg,f,re,chick,ad,l,d,b,vegetables,nt,e']"
52976,joerg s gumbo,"flour, olive oil, celery, yellow onion, bell peppers, sweet red pepper, carrot, garlic cloves, tomatoes, chicken broth, thyme, basil, bay leaves, worcestershire sauce, hot pepper sauce, salt, canned corn, zucchini, cumin, black pepper, okra, pork sausage, rice",simmering,7,"['vegetable,brown,sausage,t,table,c,ice,sage,slice,mix,s,in,chunks,age,veg,au,re,l,d,b,nt,e,ring']"
52976,joerg s gumbo,"flour, olive oil, celery, yellow onion, bell peppers, sweet red pepper, carrot, garlic cloves, tomatoes, chicken broth, thyme, basil, bay leaves, worcestershire sauce, hot pepper sauce, salt, canned corn, zucchini, cumin, black pepper, okra, pork sausage, rice",slice,7,"['vegetable,brown,sausage,t,table,c,ice,sage,slice,mix,s,in,chunks,age,veg,au,re,l,d,b,nt,e,ring']"
52976,joerg s gumbo,"flour, olive oil, celery, yellow onion, bell peppers, sweet red pepper, carrot, garlic cloves, tomatoes, chicken broth, thyme, basil, bay leaves, worcestershire sauce, hot pepper sauce, salt, canned corn, zucchini, cumin, black pepper, okra, pork sausage, rice",starts,9,"['t,c,min,star,s,in,tar,l,d,b,nt,e']"
52976,joerg s gumbo,"flour, olive oil, celery, yellow onion, bell peppers, sweet red pepper, carrot, garlic cloves, tomatoes, chicken broth, thyme, basil, bay leaves, worcestershire sauce, hot pepper sauce, salt, canned corn, zucchini, cumin, black pepper, okra, pork sausage, rice",thicken,9,"['t,c,min,star,s,in,tar,l,d,b,nt,e']"
52976,joerg s gumbo,"flour, olive oil, celery, yellow onion, bell peppers, sweet red pepper, carrot, garlic cloves, tomatoes, chicken broth, thyme, basil, bay leaves, worcestershire sauce, hot pepper sauce, salt, canned corn, zucchini, cumin, black pepper, okra, pork sausage, rice",serve,11,"['sauce,rice,cook,t,c,ice,gumbo,s,p,au,d,b,e,gum']"
52976,joerg s gumbo,"flour, olive oil, celery, yellow onion, bell peppers, sweet red pepper, carrot, garlic cloves, tomatoes, chicken broth, thyme, basil, bay leaves, worcestershire sauce, hot pepper sauce, salt, canned corn, zucchini, cumin, black pepper, okra, pork sausage, rice",cooked,11,"['sauce,rice,cook,t,c,ice,gumbo,s,p,au,d,b,e,gum']"
52976,joerg s gumbo,"flour, olive oil, celery, yellow onion, bell peppers, sweet red pepper, carrot, garlic cloves, tomatoes, chicken broth, thyme, basil, bay leaves, worcestershire sauce, hot pepper sauce, salt, canned corn, zucchini, cumin, black pepper, okra, pork sausage, rice",pass,11,"['sauce,rice,cook,t,c,ice,gumbo,s,p,au,d,b,e,gum']"
