Id,Name,AllIngredients,Verbs,Steps,Ingredient
54796,elixir of portabella,"paprika, salt, dried basil, dried chipotle powder, cayenne, garlic powder, black pepper, dried tarragon, dried rosemary, bacon bits, hot sauce, olive oil, onion, fresh portabella mushrooms, green bell pepper, red bell pepper, celery, cane syrup, all-purpose flour, vegetable stock",combine,1,{}
54796,elixir of portabella,"paprika, salt, dried basil, dried chipotle powder, cayenne, garlic powder, black pepper, dried tarragon, dried rosemary, bacon bits, hot sauce, olive oil, onion, fresh portabella mushrooms, green bell pepper, red bell pepper, celery, cane syrup, all-purpose flour, vegetable stock",roast,2,"['onion,t,c,roast,s,p,in,round,f,re,red,l,skin,d']"
54796,elixir of portabella,"paprika, salt, dried basil, dried chipotle powder, cayenne, garlic powder, black pepper, dried tarragon, dried rosemary, bacon bits, hot sauce, olive oil, onion, fresh portabella mushrooms, green bell pepper, red bell pepper, celery, cane syrup, all-purpose flour, vegetable stock",roast,3,"['t,c,heat,roast,s,p,can,in,oven,f,re,l,d']"
54796,elixir of portabella,"paprika, salt, dried basil, dried chipotle powder, cayenne, garlic powder, black pepper, dried tarragon, dried rosemary, bacon bits, hot sauce, olive oil, onion, fresh portabella mushrooms, green bell pepper, red bell pepper, celery, cane syrup, all-purpose flour, vegetable stock",have,2,"['onion,t,c,roast,s,p,in,round,f,re,red,l,skin,d']"
54796,elixir of portabella,"paprika, salt, dried basil, dried chipotle powder, cayenne, garlic powder, black pepper, dried tarragon, dried rosemary, bacon bits, hot sauce, olive oil, onion, fresh portabella mushrooms, green bell pepper, red bell pepper, celery, cane syrup, all-purpose flour, vegetable stock",place,2,"['onion,t,c,roast,s,p,in,round,f,re,red,l,skin,d']"
54796,elixir of portabella,"paprika, salt, dried basil, dried chipotle powder, cayenne, garlic powder, black pepper, dried tarragon, dried rosemary, bacon bits, hot sauce, olive oil, onion, fresh portabella mushrooms, green bell pepper, red bell pepper, celery, cane syrup, all-purpose flour, vegetable stock",turning,2,"['onion,t,c,roast,s,p,in,round,f,re,red,l,skin,d']"
54796,elixir of portabella,"paprika, salt, dried basil, dried chipotle powder, cayenne, garlic powder, black pepper, dried tarragon, dried rosemary, bacon bits, hot sauce, olive oil, onion, fresh portabella mushrooms, green bell pepper, red bell pepper, celery, cane syrup, all-purpose flour, vegetable stock",charred,2,"['onion,t,c,roast,s,p,in,round,f,re,red,l,skin,d']"
54796,elixir of portabella,"paprika, salt, dried basil, dried chipotle powder, cayenne, garlic powder, black pepper, dried tarragon, dried rosemary, bacon bits, hot sauce, olive oil, onion, fresh portabella mushrooms, green bell pepper, red bell pepper, celery, cane syrup, all-purpose flour, vegetable stock",is,3,"['t,c,heat,roast,s,p,can,in,oven,f,re,l,d']"
54796,elixir of portabella,"paprika, salt, dried basil, dried chipotle powder, cayenne, garlic powder, black pepper, dried tarragon, dried rosemary, bacon bits, hot sauce, olive oil, onion, fresh portabella mushrooms, green bell pepper, red bell pepper, celery, cane syrup, all-purpose flour, vegetable stock",plunge,4,"['water,onion,cook,t,c,ice,cooking,roast,s,p,in,de,f,top,re,red,l,skin,d']"
54796,elixir of portabella,"paprika, salt, dried basil, dried chipotle powder, cayenne, garlic powder, black pepper, dried tarragon, dried rosemary, bacon bits, hot sauce, olive oil, onion, fresh portabella mushrooms, green bell pepper, red bell pepper, celery, cane syrup, all-purpose flour, vegetable stock",stop,4,"['water,onion,cook,t,c,ice,cooking,roast,s,p,in,de,f,top,re,red,l,skin,d']"
54796,elixir of portabella,"paprika, salt, dried basil, dried chipotle powder, cayenne, garlic powder, black pepper, dried tarragon, dried rosemary, bacon bits, hot sauce, olive oil, onion, fresh portabella mushrooms, green bell pepper, red bell pepper, celery, cane syrup, all-purpose flour, vegetable stock",rub,4,"['water,onion,cook,t,c,ice,cooking,roast,s,p,in,de,f,top,re,red,l,skin,d']"
54796,elixir of portabella,"paprika, salt, dried basil, dried chipotle powder, cayenne, garlic powder, black pepper, dried tarragon, dried rosemary, bacon bits, hot sauce, olive oil, onion, fresh portabella mushrooms, green bell pepper, red bell pepper, celery, cane syrup, all-purpose flour, vegetable stock",running,4,"['water,onion,cook,t,c,ice,cooking,roast,s,p,in,de,f,top,re,red,l,skin,d']"
54796,elixir of portabella,"paprika, salt, dried basil, dried chipotle powder, cayenne, garlic powder, black pepper, dried tarragon, dried rosemary, bacon bits, hot sauce, olive oil, onion, fresh portabella mushrooms, green bell pepper, red bell pepper, celery, cane syrup, all-purpose flour, vegetable stock",slip,5,"['pot,t,s,p,f,re,l,d']"
54796,elixir of portabella,"paprika, salt, dried basil, dried chipotle powder, cayenne, garlic powder, black pepper, dried tarragon, dried rosemary, bacon bits, hot sauce, olive oil, onion, fresh portabella mushrooms, green bell pepper, red bell pepper, celery, cane syrup, all-purpose flour, vegetable stock",are,5,"['pot,t,s,p,f,re,l,d']"
54796,elixir of portabella,"paprika, salt, dried basil, dried chipotle powder, cayenne, garlic powder, black pepper, dried tarragon, dried rosemary, bacon bits, hot sauce, olive oil, onion, fresh portabella mushrooms, green bell pepper, red bell pepper, celery, cane syrup, all-purpose flour, vegetable stock",remove,5,"['pot,t,s,p,f,re,l,d']"
54796,elixir of portabella,"paprika, salt, dried basil, dried chipotle powder, cayenne, garlic powder, black pepper, dried tarragon, dried rosemary, bacon bits, hot sauce, olive oil, onion, fresh portabella mushrooms, green bell pepper, red bell pepper, celery, cane syrup, all-purpose flour, vegetable stock",remove,10,"['t,heat,s,f,re,d']"
54796,elixir of portabella,"paprika, salt, dried basil, dried chipotle powder, cayenne, garlic powder, black pepper, dried tarragon, dried rosemary, bacon bits, hot sauce, olive oil, onion, fresh portabella mushrooms, green bell pepper, red bell pepper, celery, cane syrup, all-purpose flour, vegetable stock",put,6,"['pepper,oil,onion,mushrooms,celery,peppers,olive,mushroom,room,bell,pot,cook,t,c,min,heat,s,p,in,shrooms,f,-,mu,hr,ad,l,d']"
54796,elixir of portabella,"paprika, salt, dried basil, dried chipotle powder, cayenne, garlic powder, black pepper, dried tarragon, dried rosemary, bacon bits, hot sauce, olive oil, onion, fresh portabella mushrooms, green bell pepper, red bell pepper, celery, cane syrup, all-purpose flour, vegetable stock",add,6,"['pepper,oil,onion,mushrooms,celery,peppers,olive,mushroom,room,bell,pot,cook,t,c,min,heat,s,p,in,shrooms,f,-,mu,hr,ad,l,d']"
54796,elixir of portabella,"paprika, salt, dried basil, dried chipotle powder, cayenne, garlic powder, black pepper, dried tarragon, dried rosemary, bacon bits, hot sauce, olive oil, onion, fresh portabella mushrooms, green bell pepper, red bell pepper, celery, cane syrup, all-purpose flour, vegetable stock",add,7,"['flour,season,seasoning,syrup,sea,t,c,mix,s,p,in,f,tel,ad,l,d']"
54796,elixir of portabella,"paprika, salt, dried basil, dried chipotle powder, cayenne, garlic powder, black pepper, dried tarragon, dried rosemary, bacon bits, hot sauce, olive oil, onion, fresh portabella mushrooms, green bell pepper, red bell pepper, celery, cane syrup, all-purpose flour, vegetable stock",add,9,"['oil,mushrooms,mushroom,room,cook,t,c,boil,min,heat,s,in,shrooms,medium,f,-,mu,hr,re,ad,red,l,d']"
54796,elixir of portabella,"paprika, salt, dried basil, dried chipotle powder, cayenne, garlic powder, black pepper, dried tarragon, dried rosemary, bacon bits, hot sauce, olive oil, onion, fresh portabella mushrooms, green bell pepper, red bell pepper, celery, cane syrup, all-purpose flour, vegetable stock",stirring,6,"['pepper,oil,onion,mushrooms,celery,peppers,olive,mushroom,room,bell,pot,cook,t,c,min,heat,s,p,in,shrooms,f,-,mu,hr,ad,l,d']"
54796,elixir of portabella,"paprika, salt, dried basil, dried chipotle powder, cayenne, garlic powder, black pepper, dried tarragon, dried rosemary, bacon bits, hot sauce, olive oil, onion, fresh portabella mushrooms, green bell pepper, red bell pepper, celery, cane syrup, all-purpose flour, vegetable stock",stir,7,"['flour,season,seasoning,syrup,sea,t,c,mix,s,p,in,f,tel,ad,l,d']"
54796,elixir of portabella,"paprika, salt, dried basil, dried chipotle powder, cayenne, garlic powder, black pepper, dried tarragon, dried rosemary, bacon bits, hot sauce, olive oil, onion, fresh portabella mushrooms, green bell pepper, red bell pepper, celery, cane syrup, all-purpose flour, vegetable stock",stir,8,"['stock,pot,t,c,s,p,in,l,d']"
54796,elixir of portabella,"paprika, salt, dried basil, dried chipotle powder, cayenne, garlic powder, black pepper, dried tarragon, dried rosemary, bacon bits, hot sauce, olive oil, onion, fresh portabella mushrooms, green bell pepper, red bell pepper, celery, cane syrup, all-purpose flour, vegetable stock",absorbed,7,"['flour,season,seasoning,syrup,sea,t,c,mix,s,p,in,f,tel,ad,l,d']"
54796,elixir of portabella,"paprika, salt, dried basil, dried chipotle powder, cayenne, garlic powder, black pepper, dried tarragon, dried rosemary, bacon bits, hot sauce, olive oil, onion, fresh portabella mushrooms, green bell pepper, red bell pepper, celery, cane syrup, all-purpose flour, vegetable stock",scrape,8,"['stock,pot,t,c,s,p,in,l,d']"
54796,elixir of portabella,"paprika, salt, dried basil, dried chipotle powder, cayenne, garlic powder, black pepper, dried tarragon, dried rosemary, bacon bits, hot sauce, olive oil, onion, fresh portabella mushrooms, green bell pepper, red bell pepper, celery, cane syrup, all-purpose flour, vegetable stock",bring,9,"['oil,mushrooms,mushroom,room,cook,t,c,boil,min,heat,s,in,shrooms,medium,f,-,mu,hr,re,ad,red,l,d']"
54796,elixir of portabella,"paprika, salt, dried basil, dried chipotle powder, cayenne, garlic powder, black pepper, dried tarragon, dried rosemary, bacon bits, hot sauce, olive oil, onion, fresh portabella mushrooms, green bell pepper, red bell pepper, celery, cane syrup, all-purpose flour, vegetable stock",remaining,9,"['oil,mushrooms,mushroom,room,cook,t,c,boil,min,heat,s,in,shrooms,medium,f,-,mu,hr,re,ad,red,l,d']"
54796,elixir of portabella,"paprika, salt, dried basil, dried chipotle powder, cayenne, garlic powder, black pepper, dried tarragon, dried rosemary, bacon bits, hot sauce, olive oil, onion, fresh portabella mushrooms, green bell pepper, red bell pepper, celery, cane syrup, all-purpose flour, vegetable stock",reduce,9,"['oil,mushrooms,mushroom,room,cook,t,c,boil,min,heat,s,in,shrooms,medium,f,-,mu,hr,re,ad,red,l,d']"
54796,elixir of portabella,"paprika, salt, dried basil, dried chipotle powder, cayenne, garlic powder, black pepper, dried tarragon, dried rosemary, bacon bits, hot sauce, olive oil, onion, fresh portabella mushrooms, green bell pepper, red bell pepper, celery, cane syrup, all-purpose flour, vegetable stock",cook,9,"['oil,mushrooms,mushroom,room,cook,t,c,boil,min,heat,s,in,shrooms,medium,f,-,mu,hr,re,ad,red,l,d']"
54796,elixir of portabella,"paprika, salt, dried basil, dried chipotle powder, cayenne, garlic powder, black pepper, dried tarragon, dried rosemary, bacon bits, hot sauce, olive oil, onion, fresh portabella mushrooms, green bell pepper, red bell pepper, celery, cane syrup, all-purpose flour, vegetable stock",serve,10,"['t,heat,s,f,re,d']"
54796,elixir of portabella,"paprika, salt, dried basil, dried chipotle powder, cayenne, garlic powder, black pepper, dried tarragon, dried rosemary, bacon bits, hot sauce, olive oil, onion, fresh portabella mushrooms, green bell pepper, red bell pepper, celery, cane syrup, all-purpose flour, vegetable stock",enjoy,11,{}
