Id,Name,AllIngredients,Verbs,Steps,Ingredient
55631,couscous fruity salad,"olive oil, onion, paprika, salt, cumin, coriander, turmeric, ground ginger, ground cinnamon, ground allspice, chicken broth, couscous, cherry tomatoes, raisins, dates, dried apricot, of fresh mint, slivered almonds, scallions, lemon juice, olives, salt and pepper",add,1,"['oil,onion,pan,onions,spice,t,c,ice,heat,s,p,in,f,au,ad']"
55631,couscous fruity salad,"olive oil, onion, paprika, salt, cumin, coriander, turmeric, ground ginger, ground cinnamon, ground allspice, chicken broth, couscous, cherry tomatoes, raisins, dates, dried apricot, of fresh mint, slivered almonds, scallions, lemon juice, olives, salt and pepper",add,2,"['oil,chicken,broth,t,c,boil,in,chick,ad']"
55631,couscous fruity salad,"olive oil, onion, paprika, salt, cumin, coriander, turmeric, ground ginger, ground cinnamon, ground allspice, chicken broth, couscous, cherry tomatoes, raisins, dates, dried apricot, of fresh mint, slivered almonds, scallions, lemon juice, olives, salt and pepper",add,3,"['couscous,t,c,heat,s,cous,f,re,ad']"
55631,couscous fruity salad,"olive oil, onion, paprika, salt, cumin, coriander, turmeric, ground ginger, ground cinnamon, ground allspice, chicken broth, couscous, cherry tomatoes, raisins, dates, dried apricot, of fresh mint, slivered almonds, scallions, lemon juice, olives, salt and pepper",add,5,"['oil,t,s,in,re,ad,red']"
55631,couscous fruity salad,"olive oil, onion, paprika, salt, cumin, coriander, turmeric, ground ginger, ground cinnamon, ground allspice, chicken broth, couscous, cherry tomatoes, raisins, dates, dried apricot, of fresh mint, slivered almonds, scallions, lemon juice, olives, salt and pepper",stirring,1,"['oil,onion,pan,onions,spice,t,c,ice,heat,s,p,in,f,au,ad']"
55631,couscous fruity salad,"olive oil, onion, paprika, salt, cumin, coriander, turmeric, ground ginger, ground cinnamon, ground allspice, chicken broth, couscous, cherry tomatoes, raisins, dates, dried apricot, of fresh mint, slivered almonds, scallions, lemon juice, olives, salt and pepper",bring,2,"['oil,chicken,broth,t,c,boil,in,chick,ad']"
55631,couscous fruity salad,"olive oil, onion, paprika, salt, cumin, coriander, turmeric, ground ginger, ground cinnamon, ground allspice, chicken broth, couscous, cherry tomatoes, raisins, dates, dried apricot, of fresh mint, slivered almonds, scallions, lemon juice, olives, salt and pepper",boil,2,"['oil,chicken,broth,t,c,boil,in,chick,ad']"
55631,couscous fruity salad,"olive oil, onion, paprika, salt, cumin, coriander, turmeric, ground ginger, ground cinnamon, ground allspice, chicken broth, couscous, cherry tomatoes, raisins, dates, dried apricot, of fresh mint, slivered almonds, scallions, lemon juice, olives, salt and pepper",cover,3,"['couscous,t,c,heat,s,cous,f,re,ad']"
55631,couscous fruity salad,"olive oil, onion, paprika, salt, cumin, coriander, turmeric, ground ginger, ground cinnamon, ground allspice, chicken broth, couscous, cherry tomatoes, raisins, dates, dried apricot, of fresh mint, slivered almonds, scallions, lemon juice, olives, salt and pepper",remove,3,"['couscous,t,c,heat,s,cous,f,re,ad']"
55631,couscous fruity salad,"olive oil, onion, paprika, salt, cumin, coriander, turmeric, ground ginger, ground cinnamon, ground allspice, chicken broth, couscous, cherry tomatoes, raisins, dates, dried apricot, of fresh mint, slivered almonds, scallions, lemon juice, olives, salt and pepper",let,4,"['couscous,t,c,min,s,p,in,cous,f']"
55631,couscous fruity salad,"olive oil, onion, paprika, salt, cumin, coriander, turmeric, ground ginger, ground cinnamon, ground allspice, chicken broth, couscous, cherry tomatoes, raisins, dates, dried apricot, of fresh mint, slivered almonds, scallions, lemon juice, olives, salt and pepper",sit,4,"['couscous,t,c,min,s,p,in,cous,f']"
55631,couscous fruity salad,"olive oil, onion, paprika, salt, cumin, coriander, turmeric, ground ginger, ground cinnamon, ground allspice, chicken broth, couscous, cherry tomatoes, raisins, dates, dried apricot, of fresh mint, slivered almonds, scallions, lemon juice, olives, salt and pepper",pour,4,"['couscous,t,c,min,s,p,in,cous,f']"
55631,couscous fruity salad,"olive oil, onion, paprika, salt, cumin, coriander, turmeric, ground ginger, ground cinnamon, ground allspice, chicken broth, couscous, cherry tomatoes, raisins, dates, dried apricot, of fresh mint, slivered almonds, scallions, lemon juice, olives, salt and pepper",remaining,5,"['oil,t,s,in,re,ad,red']"
55631,couscous fruity salad,"olive oil, onion, paprika, salt, cumin, coriander, turmeric, ground ginger, ground cinnamon, ground allspice, chicken broth, couscous, cherry tomatoes, raisins, dates, dried apricot, of fresh mint, slivered almonds, scallions, lemon juice, olives, salt and pepper",toss,5,"['oil,t,s,in,re,ad,red']"
