Id,Name,AllIngredients,Verbs,Steps,Ingredient
56966,coq au vin  chicken red wine,"chicken legs, chicken thighs, carrots, celery, onion, leek, rosemary, thyme, bay leaves, whole black peppercorn, vegetable oil, demi-glace, butter, red wine, salt & freshly ground black pepper, white pearl onions, chicken stock, thick slab bacon, shiitake mushrooms, button mushrooms",put,1,{}
56966,coq au vin  chicken red wine,"chicken legs, chicken thighs, carrots, celery, onion, leek, rosemary, thyme, bay leaves, whole black peppercorn, vegetable oil, demi-glace, butter, red wine, salt & freshly ground black pepper, white pearl onions, chicken stock, thick slab bacon, shiitake mushrooms, button mushrooms",put,12,"['sauce,pan,t,c,half,s,p,in,de,f,reserve,au,re,ad,red']"
56966,coq au vin  chicken red wine,"chicken legs, chicken thighs, carrots, celery, onion, leek, rosemary, thyme, bay leaves, whole black peppercorn, vegetable oil, demi-glace, butter, red wine, salt & freshly ground black pepper, white pearl onions, chicken stock, thick slab bacon, shiitake mushrooms, button mushrooms",cover,1,"['pepper,carrots,onion,celery,chicken,corn,thyme,bay,carrot,peppercorns,wine,leek,rosemary,pot,leaves,t,c,s,p,in,f,tel,chick']"
56966,coq au vin  chicken red wine,"chicken legs, chicken thighs, carrots, celery, onion, leek, rosemary, thyme, bay leaves, whole black peppercorn, vegetable oil, demi-glace, butter, red wine, salt & freshly ground black pepper, white pearl onions, chicken stock, thick slab bacon, shiitake mushrooms, button mushrooms",cover,23,"['oil,onion,stock,chicken,pan,onions,cook,t,c,min,tender,s,p,end,in,de,oven,f,re,chick,ad']"
56966,coq au vin  chicken red wine,"chicken legs, chicken thighs, carrots, celery, onion, leek, rosemary, thyme, bay leaves, whole black peppercorn, vegetable oil, demi-glace, butter, red wine, salt & freshly ground black pepper, white pearl onions, chicken stock, thick slab bacon, shiitake mushrooms, button mushrooms",turning,2,"['chicken,t,c,s,in,f,re,chick']"
56966,coq au vin  chicken red wine,"chicken legs, chicken thighs, carrots, celery, onion, leek, rosemary, thyme, bay leaves, whole black peppercorn, vegetable oil, demi-glace, butter, red wine, salt & freshly ground black pepper, white pearl onions, chicken stock, thick slab bacon, shiitake mushrooms, button mushrooms",strain,3,"['vegetable,chicken,wine,t,table,c,s,p,in,veg,f,chick']"
56966,coq au vin  chicken red wine,"chicken legs, chicken thighs, carrots, celery, onion, leek, rosemary, thyme, bay leaves, whole black peppercorn, vegetable oil, demi-glace, butter, red wine, salt & freshly ground black pepper, white pearl onions, chicken stock, thick slab bacon, shiitake mushrooms, button mushrooms",strain,15,"['vegetable,chicken,t,table,c,s,p,in,veg,f,chick']"
56966,coq au vin  chicken red wine,"chicken legs, chicken thighs, carrots, celery, onion, leek, rosemary, thyme, bay leaves, whole black peppercorn, vegetable oil, demi-glace, butter, red wine, salt & freshly ground black pepper, white pearl onions, chicken stock, thick slab bacon, shiitake mushrooms, button mushrooms",separate,3,"['vegetable,chicken,wine,t,table,c,s,p,in,veg,f,chick']"
56966,coq au vin  chicken red wine,"chicken legs, chicken thighs, carrots, celery, onion, leek, rosemary, thyme, bay leaves, whole black peppercorn, vegetable oil, demi-glace, butter, red wine, salt & freshly ground black pepper, white pearl onions, chicken stock, thick slab bacon, shiitake mushrooms, button mushrooms",reserve,4,"['t,s,in,de,reserve,re,ad']"
56966,coq au vin  chicken red wine,"chicken legs, chicken thighs, carrots, celery, onion, leek, rosemary, thyme, bay leaves, whole black peppercorn, vegetable oil, demi-glace, butter, red wine, salt & freshly ground black pepper, white pearl onions, chicken stock, thick slab bacon, shiitake mushrooms, button mushrooms",pat,5,"['pepper,salt,chicken,season,sea,t,c,s,p,chick']"
56966,coq au vin  chicken red wine,"chicken legs, chicken thighs, carrots, celery, onion, leek, rosemary, thyme, bay leaves, whole black peppercorn, vegetable oil, demi-glace, butter, red wine, salt & freshly ground black pepper, white pearl onions, chicken stock, thick slab bacon, shiitake mushrooms, button mushrooms",season,5,"['pepper,salt,chicken,season,sea,t,c,s,p,chick']"
56966,coq au vin  chicken red wine,"chicken legs, chicken thighs, carrots, celery, onion, leek, rosemary, thyme, bay leaves, whole black peppercorn, vegetable oil, demi-glace, butter, red wine, salt & freshly ground black pepper, white pearl onions, chicken stock, thick slab bacon, shiitake mushrooms, button mushrooms",allow,6,"['vegetable,t,table,s,in,veg,f']"
56966,coq au vin  chicken red wine,"chicken legs, chicken thighs, carrots, celery, onion, leek, rosemary, thyme, bay leaves, whole black peppercorn, vegetable oil, demi-glace, butter, red wine, salt & freshly ground black pepper, white pearl onions, chicken stock, thick slab bacon, shiitake mushrooms, button mushrooms",drain,6,"['vegetable,t,table,s,in,veg,f']"
56966,coq au vin  chicken red wine,"chicken legs, chicken thighs, carrots, celery, onion, leek, rosemary, thyme, bay leaves, whole black peppercorn, vegetable oil, demi-glace, butter, red wine, salt & freshly ground black pepper, white pearl onions, chicken stock, thick slab bacon, shiitake mushrooms, button mushrooms",dry,6,"['vegetable,t,table,s,in,veg,f']"
56966,coq au vin  chicken red wine,"chicken legs, chicken thighs, carrots, celery, onion, leek, rosemary, thyme, bay leaves, whole black peppercorn, vegetable oil, demi-glace, butter, red wine, salt & freshly ground black pepper, white pearl onions, chicken stock, thick slab bacon, shiitake mushrooms, button mushrooms",smoking,7,"['oil,vegetable,pan,t,table,heat,s,p,in,veg,au']"
56966,coq au vin  chicken red wine,"chicken legs, chicken thighs, carrots, celery, onion, leek, rosemary, thyme, bay leaves, whole black peppercorn, vegetable oil, demi-glace, butter, red wine, salt & freshly ground black pepper, white pearl onions, chicken stock, thick slab bacon, shiitake mushrooms, button mushrooms",smoking,22,"['oil,onion,brown,pan,onions,t,table,heat,s,p,in,medium,oven,f,au,ad']"
56966,coq au vin  chicken red wine,"chicken legs, chicken thighs, carrots, celery, onion, leek, rosemary, thyme, bay leaves, whole black peppercorn, vegetable oil, demi-glace, butter, red wine, salt & freshly ground black pepper, white pearl onions, chicken stock, thick slab bacon, shiitake mushrooms, button mushrooms",smoking,26,"['oil,mushrooms,pan,mushroom,room,t,heat,s,p,in,shrooms,f,au,mu,hr,re,ad']"
56966,coq au vin  chicken red wine,"chicken legs, chicken thighs, carrots, celery, onion, leek, rosemary, thyme, bay leaves, whole black peppercorn, vegetable oil, demi-glace, butter, red wine, salt & freshly ground black pepper, white pearl onions, chicken stock, thick slab bacon, shiitake mushrooms, button mushrooms",add,8,"['brown,chicken,t,c,s,in,de,chick,ad']"
56966,coq au vin  chicken red wine,"chicken legs, chicken thighs, carrots, celery, onion, leek, rosemary, thyme, bay leaves, whole black peppercorn, vegetable oil, demi-glace, butter, red wine, salt & freshly ground black pepper, white pearl onions, chicken stock, thick slab bacon, shiitake mushrooms, button mushrooms",add,10,"['oil,vegetable,brown,pan,t,table,min,heat,star,s,p,in,medium,tar,veg,au,re,ad']"
56966,coq au vin  chicken red wine,"chicken legs, chicken thighs, carrots, celery, onion, leek, rosemary, thyme, bay leaves, whole black peppercorn, vegetable oil, demi-glace, butter, red wine, salt & freshly ground black pepper, white pearl onions, chicken stock, thick slab bacon, shiitake mushrooms, button mushrooms",add,11,"['vegetable,chicken,t,table,c,s,p,pie,veg,chick,ad']"
56966,coq au vin  chicken red wine,"chicken legs, chicken thighs, carrots, celery, onion, leek, rosemary, thyme, bay leaves, whole black peppercorn, vegetable oil, demi-glace, butter, red wine, salt & freshly ground black pepper, white pearl onions, chicken stock, thick slab bacon, shiitake mushrooms, button mushrooms",add,13,"['sauce,pan,wine,t,c,s,p,in,de,au,-,re,ad,demi,glace']"
56966,coq au vin  chicken red wine,"chicken legs, chicken thighs, carrots, celery, onion, leek, rosemary, thyme, bay leaves, whole black peppercorn, vegetable oil, demi-glace, butter, red wine, salt & freshly ground black pepper, white pearl onions, chicken stock, thick slab bacon, shiitake mushrooms, button mushrooms",add,22,"['oil,onion,brown,pan,onions,t,table,heat,s,p,in,medium,oven,f,au,ad']"
56966,coq au vin  chicken red wine,"chicken legs, chicken thighs, carrots, celery, onion, leek, rosemary, thyme, bay leaves, whole black peppercorn, vegetable oil, demi-glace, butter, red wine, salt & freshly ground black pepper, white pearl onions, chicken stock, thick slab bacon, shiitake mushrooms, button mushrooms",add,23,"['oil,onion,stock,chicken,pan,onions,cook,t,c,min,tender,s,p,end,in,de,oven,f,re,chick,ad']"
56966,coq au vin  chicken red wine,"chicken legs, chicken thighs, carrots, celery, onion, leek, rosemary, thyme, bay leaves, whole black peppercorn, vegetable oil, demi-glace, butter, red wine, salt & freshly ground black pepper, white pearl onions, chicken stock, thick slab bacon, shiitake mushrooms, button mushrooms",add,26,"['oil,mushrooms,pan,mushroom,room,t,heat,s,p,in,shrooms,f,au,mu,hr,re,ad']"
56966,coq au vin  chicken red wine,"chicken legs, chicken thighs, carrots, celery, onion, leek, rosemary, thyme, bay leaves, whole black peppercorn, vegetable oil, demi-glace, butter, red wine, salt & freshly ground black pepper, white pearl onions, chicken stock, thick slab bacon, shiitake mushrooms, button mushrooms",avoid,8,"['brown,chicken,t,c,s,in,de,chick,ad']"
56966,coq au vin  chicken red wine,"chicken legs, chicken thighs, carrots, celery, onion, leek, rosemary, thyme, bay leaves, whole black peppercorn, vegetable oil, demi-glace, butter, red wine, salt & freshly ground black pepper, white pearl onions, chicken stock, thick slab bacon, shiitake mushrooms, button mushrooms",transfer,9,"['sauce,chicken,pan,t,c,s,p,f,au,chick']"
56966,coq au vin  chicken red wine,"chicken legs, chicken thighs, carrots, celery, onion, leek, rosemary, thyme, bay leaves, whole black peppercorn, vegetable oil, demi-glace, butter, red wine, salt & freshly ground black pepper, white pearl onions, chicken stock, thick slab bacon, shiitake mushrooms, button mushrooms",transfer,19,"['onion,mushrooms,mushroom,bacon,thyme,room,rosemary,onions,t,c,sprigs,pea,s,p,in,shrooms,vin,pear,f,au,mu,hr,pearl']"
56966,coq au vin  chicken red wine,"chicken legs, chicken thighs, carrots, celery, onion, leek, rosemary, thyme, bay leaves, whole black peppercorn, vegetable oil, demi-glace, butter, red wine, salt & freshly ground black pepper, white pearl onions, chicken stock, thick slab bacon, shiitake mushrooms, button mushrooms",transfer,25,"['t,s,p,f']"
56966,coq au vin  chicken red wine,"chicken legs, chicken thighs, carrots, celery, onion, leek, rosemary, thyme, bay leaves, whole black peppercorn, vegetable oil, demi-glace, butter, red wine, salt & freshly ground black pepper, white pearl onions, chicken stock, thick slab bacon, shiitake mushrooms, button mushrooms",heat,10,"['oil,vegetable,brown,pan,t,table,min,heat,star,s,p,in,medium,tar,veg,au,re,ad']"
56966,coq au vin  chicken red wine,"chicken legs, chicken thighs, carrots, celery, onion, leek, rosemary, thyme, bay leaves, whole black peppercorn, vegetable oil, demi-glace, butter, red wine, salt & freshly ground black pepper, white pearl onions, chicken stock, thick slab bacon, shiitake mushrooms, button mushrooms",heat,22,"['oil,onion,brown,pan,onions,t,table,heat,s,p,in,medium,oven,f,au,ad']"
56966,coq au vin  chicken red wine,"chicken legs, chicken thighs, carrots, celery, onion, leek, rosemary, thyme, bay leaves, whole black peppercorn, vegetable oil, demi-glace, butter, red wine, salt & freshly ground black pepper, white pearl onions, chicken stock, thick slab bacon, shiitake mushrooms, button mushrooms",heat,26,"['oil,mushrooms,pan,mushroom,room,t,heat,s,p,in,shrooms,f,au,mu,hr,re,ad']"
56966,coq au vin  chicken red wine,"chicken legs, chicken thighs, carrots, celery, onion, leek, rosemary, thyme, bay leaves, whole black peppercorn, vegetable oil, demi-glace, butter, red wine, salt & freshly ground black pepper, white pearl onions, chicken stock, thick slab bacon, shiitake mushrooms, button mushrooms",remaining,10,"['oil,vegetable,brown,pan,t,table,min,heat,star,s,p,in,medium,tar,veg,au,re,ad']"
56966,coq au vin  chicken red wine,"chicken legs, chicken thighs, carrots, celery, onion, leek, rosemary, thyme, bay leaves, whole black peppercorn, vegetable oil, demi-glace, butter, red wine, salt & freshly ground black pepper, white pearl onions, chicken stock, thick slab bacon, shiitake mushrooms, button mushrooms",remaining,13,"['sauce,pan,wine,t,c,s,p,in,de,au,-,re,ad,demi,glace']"
56966,coq au vin  chicken red wine,"chicken legs, chicken thighs, carrots, celery, onion, leek, rosemary, thyme, bay leaves, whole black peppercorn, vegetable oil, demi-glace, butter, red wine, salt & freshly ground black pepper, white pearl onions, chicken stock, thick slab bacon, shiitake mushrooms, button mushrooms",remaining,26,"['oil,mushrooms,pan,mushroom,room,t,heat,s,p,in,shrooms,f,au,mu,hr,re,ad']"
56966,coq au vin  chicken red wine,"chicken legs, chicken thighs, carrots, celery, onion, leek, rosemary, thyme, bay leaves, whole black peppercorn, vegetable oil, demi-glace, butter, red wine, salt & freshly ground black pepper, white pearl onions, chicken stock, thick slab bacon, shiitake mushrooms, button mushrooms",start,10,"['oil,vegetable,brown,pan,t,table,min,heat,star,s,p,in,medium,tar,veg,au,re,ad']"
56966,coq au vin  chicken red wine,"chicken legs, chicken thighs, carrots, celery, onion, leek, rosemary, thyme, bay leaves, whole black peppercorn, vegetable oil, demi-glace, butter, red wine, salt & freshly ground black pepper, white pearl onions, chicken stock, thick slab bacon, shiitake mushrooms, button mushrooms",reserved,12,"['sauce,pan,t,c,half,s,p,in,de,f,reserve,au,re,ad,red']"
56966,coq au vin  chicken red wine,"chicken legs, chicken thighs, carrots, celery, onion, leek, rosemary, thyme, bay leaves, whole black peppercorn, vegetable oil, demi-glace, butter, red wine, salt & freshly ground black pepper, white pearl onions, chicken stock, thick slab bacon, shiitake mushrooms, button mushrooms",reduce,12,"['sauce,pan,t,c,half,s,p,in,de,f,reserve,au,re,ad,red']"
56966,coq au vin  chicken red wine,"chicken legs, chicken thighs, carrots, celery, onion, leek, rosemary, thyme, bay leaves, whole black peppercorn, vegetable oil, demi-glace, butter, red wine, salt & freshly ground black pepper, white pearl onions, chicken stock, thick slab bacon, shiitake mushrooms, button mushrooms",bring,13,"['sauce,pan,wine,t,c,s,p,in,de,au,-,re,ad,demi,glace']"
56966,coq au vin  chicken red wine,"chicken legs, chicken thighs, carrots, celery, onion, leek, rosemary, thyme, bay leaves, whole black peppercorn, vegetable oil, demi-glace, butter, red wine, salt & freshly ground black pepper, white pearl onions, chicken stock, thick slab bacon, shiitake mushrooms, button mushrooms",bring,18,"['sauce,chicken,read,t,c,s,in,au,re,chick,ad']"
56966,coq au vin  chicken red wine,"chicken legs, chicken thighs, carrots, celery, onion, leek, rosemary, thyme, bay leaves, whole black peppercorn, vegetable oil, demi-glace, butter, red wine, salt & freshly ground black pepper, white pearl onions, chicken stock, thick slab bacon, shiitake mushrooms, button mushrooms",pour,14,"['chicken,t,c,min,heat,s,p,in,medium,f,chick']"
56966,coq au vin  chicken red wine,"chicken legs, chicken thighs, carrots, celery, onion, leek, rosemary, thyme, bay leaves, whole black peppercorn, vegetable oil, demi-glace, butter, red wine, salt & freshly ground black pepper, white pearl onions, chicken stock, thick slab bacon, shiitake mushrooms, button mushrooms",set,14,"['chicken,t,c,min,heat,s,p,in,medium,f,chick']"
56966,coq au vin  chicken red wine,"chicken legs, chicken thighs, carrots, celery, onion, leek, rosemary, thyme, bay leaves, whole black peppercorn, vegetable oil, demi-glace, butter, red wine, salt & freshly ground black pepper, white pearl onions, chicken stock, thick slab bacon, shiitake mushrooms, button mushrooms",set,27,"['pepper,salt,season,sea,t,s,p,de']"
56966,coq au vin  chicken red wine,"chicken legs, chicken thighs, carrots, celery, onion, leek, rosemary, thyme, bay leaves, whole black peppercorn, vegetable oil, demi-glace, butter, red wine, salt & freshly ground black pepper, white pearl onions, chicken stock, thick slab bacon, shiitake mushrooms, button mushrooms",simmer,14,"['chicken,t,c,min,heat,s,p,in,medium,f,chick']"
56966,coq au vin  chicken red wine,"chicken legs, chicken thighs, carrots, celery, onion, leek, rosemary, thyme, bay leaves, whole black peppercorn, vegetable oil, demi-glace, butter, red wine, salt & freshly ground black pepper, white pearl onions, chicken stock, thick slab bacon, shiitake mushrooms, button mushrooms",discarding,15,"['vegetable,chicken,t,table,c,s,p,in,veg,f,chick']"
56966,coq au vin  chicken red wine,"chicken legs, chicken thighs, carrots, celery, onion, leek, rosemary, thyme, bay leaves, whole black peppercorn, vegetable oil, demi-glace, butter, red wine, salt & freshly ground black pepper, white pearl onions, chicken stock, thick slab bacon, shiitake mushrooms, button mushrooms",keep,15,"['vegetable,chicken,t,table,c,s,p,in,veg,f,chick']"
56966,coq au vin  chicken red wine,"chicken legs, chicken thighs, carrots, celery, onion, leek, rosemary, thyme, bay leaves, whole black peppercorn, vegetable oil, demi-glace, butter, red wine, salt & freshly ground black pepper, white pearl onions, chicken stock, thick slab bacon, shiitake mushrooms, button mushrooms",keep,25,"['t,s,p,f']"
56966,coq au vin  chicken red wine,"chicken legs, chicken thighs, carrots, celery, onion, leek, rosemary, thyme, bay leaves, whole black peppercorn, vegetable oil, demi-glace, butter, red wine, salt & freshly ground black pepper, white pearl onions, chicken stock, thick slab bacon, shiitake mushrooms, button mushrooms",return,16,"['sauce,cook,t,c,heat,s,medium,au,re,red']"
56966,coq au vin  chicken red wine,"chicken legs, chicken thighs, carrots, celery, onion, leek, rosemary, thyme, bay leaves, whole black peppercorn, vegetable oil, demi-glace, butter, red wine, salt & freshly ground black pepper, white pearl onions, chicken stock, thick slab bacon, shiitake mushrooms, button mushrooms",return,18,"['sauce,chicken,read,t,c,s,in,au,re,chick,ad']"
56966,coq au vin  chicken red wine,"chicken legs, chicken thighs, carrots, celery, onion, leek, rosemary, thyme, bay leaves, whole black peppercorn, vegetable oil, demi-glace, butter, red wine, salt & freshly ground black pepper, white pearl onions, chicken stock, thick slab bacon, shiitake mushrooms, button mushrooms",cook,16,"['sauce,cook,t,c,heat,s,medium,au,re,red']"
56966,coq au vin  chicken red wine,"chicken legs, chicken thighs, carrots, celery, onion, leek, rosemary, thyme, bay leaves, whole black peppercorn, vegetable oil, demi-glace, butter, red wine, salt & freshly ground black pepper, white pearl onions, chicken stock, thick slab bacon, shiitake mushrooms, button mushrooms",cook,23,"['oil,onion,stock,chicken,pan,onions,cook,t,c,min,tender,s,p,end,in,de,oven,f,re,chick,ad']"
56966,coq au vin  chicken red wine,"chicken legs, chicken thighs, carrots, celery, onion, leek, rosemary, thyme, bay leaves, whole black peppercorn, vegetable oil, demi-glace, butter, red wine, salt & freshly ground black pepper, white pearl onions, chicken stock, thick slab bacon, shiitake mushrooms, button mushrooms",cook,24,"['oil,brown,pan,bacon,cook,t,table,c,heat,s,p,in,de,au']"
56966,coq au vin  chicken red wine,"chicken legs, chicken thighs, carrots, celery, onion, leek, rosemary, thyme, bay leaves, whole black peppercorn, vegetable oil, demi-glace, butter, red wine, salt & freshly ground black pepper, white pearl onions, chicken stock, thick slab bacon, shiitake mushrooms, button mushrooms",reduced,16,"['sauce,cook,t,c,heat,s,medium,au,re,red']"
56966,coq au vin  chicken red wine,"chicken legs, chicken thighs, carrots, celery, onion, leek, rosemary, thyme, bay leaves, whole black peppercorn, vegetable oil, demi-glace, butter, red wine, salt & freshly ground black pepper, white pearl onions, chicken stock, thick slab bacon, shiitake mushrooms, button mushrooms",thickened,16,"['sauce,cook,t,c,heat,s,medium,au,re,red']"
56966,coq au vin  chicken red wine,"chicken legs, chicken thighs, carrots, celery, onion, leek, rosemary, thyme, bay leaves, whole black peppercorn, vegetable oil, demi-glace, butter, red wine, salt & freshly ground black pepper, white pearl onions, chicken stock, thick slab bacon, shiitake mushrooms, button mushrooms",whisk,17,"['pepper,salt,butter,season,sea,t,s,p,in,f']"
56966,coq au vin  chicken red wine,"chicken legs, chicken thighs, carrots, celery, onion, leek, rosemary, thyme, bay leaves, whole black peppercorn, vegetable oil, demi-glace, butter, red wine, salt & freshly ground black pepper, white pearl onions, chicken stock, thick slab bacon, shiitake mushrooms, button mushrooms",softened,17,"['pepper,salt,butter,season,sea,t,s,p,in,f']"
56966,coq au vin  chicken red wine,"chicken legs, chicken thighs, carrots, celery, onion, leek, rosemary, thyme, bay leaves, whole black peppercorn, vegetable oil, demi-glace, butter, red wine, salt & freshly ground black pepper, white pearl onions, chicken stock, thick slab bacon, shiitake mushrooms, button mushrooms",taste,17,"['pepper,salt,butter,season,sea,t,s,p,in,f']"
56966,coq au vin  chicken red wine,"chicken legs, chicken thighs, carrots, celery, onion, leek, rosemary, thyme, bay leaves, whole black peppercorn, vegetable oil, demi-glace, butter, red wine, salt & freshly ground black pepper, white pearl onions, chicken stock, thick slab bacon, shiitake mushrooms, button mushrooms",serve,18,"['sauce,chicken,read,t,c,s,in,au,re,chick,ad']"
56966,coq au vin  chicken red wine,"chicken legs, chicken thighs, carrots, celery, onion, leek, rosemary, thyme, bay leaves, whole black peppercorn, vegetable oil, demi-glace, butter, red wine, salt & freshly ground black pepper, white pearl onions, chicken stock, thick slab bacon, shiitake mushrooms, button mushrooms",serve,20,"['pot,potatoes,t,potato,s,p']"
56966,coq au vin  chicken red wine,"chicken legs, chicken thighs, carrots, celery, onion, leek, rosemary, thyme, bay leaves, whole black peppercorn, vegetable oil, demi-glace, butter, red wine, salt & freshly ground black pepper, white pearl onions, chicken stock, thick slab bacon, shiitake mushrooms, button mushrooms",serving,19,"['onion,mushrooms,mushroom,bacon,thyme,room,rosemary,onions,t,c,sprigs,pea,s,p,in,shrooms,vin,pear,f,au,mu,hr,pearl']"
56966,coq au vin  chicken red wine,"chicken legs, chicken thighs, carrots, celery, onion, leek, rosemary, thyme, bay leaves, whole black peppercorn, vegetable oil, demi-glace, butter, red wine, salt & freshly ground black pepper, white pearl onions, chicken stock, thick slab bacon, shiitake mushrooms, button mushrooms",garnish,19,"['onion,mushrooms,mushroom,bacon,thyme,room,rosemary,onions,t,c,sprigs,pea,s,p,in,shrooms,vin,pear,f,au,mu,hr,pearl']"
56966,coq au vin  chicken red wine,"chicken legs, chicken thighs, carrots, celery, onion, leek, rosemary, thyme, bay leaves, whole black peppercorn, vegetable oil, demi-glace, butter, red wine, salt & freshly ground black pepper, white pearl onions, chicken stock, thick slab bacon, shiitake mushrooms, button mushrooms",preheat,21,"['t,heat,s,p,de,oven,re']"
56966,coq au vin  chicken red wine,"chicken legs, chicken thighs, carrots, celery, onion, leek, rosemary, thyme, bay leaves, whole black peppercorn, vegetable oil, demi-glace, butter, red wine, salt & freshly ground black pepper, white pearl onions, chicken stock, thick slab bacon, shiitake mushrooms, button mushrooms",are,23,"['oil,onion,stock,chicken,pan,onions,cook,t,c,min,tender,s,p,end,in,de,oven,f,re,chick,ad']"
56966,coq au vin  chicken red wine,"chicken legs, chicken thighs, carrots, celery, onion, leek, rosemary, thyme, bay leaves, whole black peppercorn, vegetable oil, demi-glace, butter, red wine, salt & freshly ground black pepper, white pearl onions, chicken stock, thick slab bacon, shiitake mushrooms, button mushrooms",tested,23,"['oil,onion,stock,chicken,pan,onions,cook,t,c,min,tender,s,p,end,in,de,oven,f,re,chick,ad']"
56966,coq au vin  chicken red wine,"chicken legs, chicken thighs, carrots, celery, onion, leek, rosemary, thyme, bay leaves, whole black peppercorn, vegetable oil, demi-glace, butter, red wine, salt & freshly ground black pepper, white pearl onions, chicken stock, thick slab bacon, shiitake mushrooms, button mushrooms",let,24,"['oil,brown,pan,bacon,cook,t,table,c,heat,s,p,in,de,au']"
56966,coq au vin  chicken red wine,"chicken legs, chicken thighs, carrots, celery, onion, leek, rosemary, thyme, bay leaves, whole black peppercorn, vegetable oil, demi-glace, butter, red wine, salt & freshly ground black pepper, white pearl onions, chicken stock, thick slab bacon, shiitake mushrooms, button mushrooms",become,24,"['oil,brown,pan,bacon,cook,t,table,c,heat,s,p,in,de,au']"
