Id,Name,AllIngredients,Verbs,Steps,Ingredient
57284,tamale pie with cheddar   cornmeal crust,"olive oil, bell pepper, onion, ground beef, ground cumin, ground coriander, oregano, pepper, kidney beans, crushed tomatoes, salsa, tomato paste, black olives, hot pepper sauce, beer, yellow cornmeal, flour, baking powder, baking soda, salt, yogurt, eggs, sharp cheddar cheese, scallion, jalapeno",grease,1,{}
57284,tamale pie with cheddar   cornmeal crust,"olive oil, bell pepper, onion, ground beef, ground cumin, ground coriander, oregano, pepper, kidney beans, crushed tomatoes, salsa, tomato paste, black olives, hot pepper sauce, beer, yellow cornmeal, flour, baking powder, baking soda, salt, yogurt, eggs, sharp cheddar cheese, scallion, jalapeno",add,2,"['pepper,oil,onion,peppers,onions,t,min,heat,s,p,in,f,au,ad,l,d,e,nut,o,g']"
57284,tamale pie with cheddar   cornmeal crust,"olive oil, bell pepper, onion, ground beef, ground cumin, ground coriander, oregano, pepper, kidney beans, crushed tomatoes, salsa, tomato paste, black olives, hot pepper sauce, beer, yellow cornmeal, flour, baking powder, baking soda, salt, yogurt, eggs, sharp cheddar cheese, scallion, jalapeno",add,3,"['pan,beef,cook,t,rum,c,cooking,min,mix,s,p,in,crumb,f,ad,l,d,b,e,nut,crumble,o,g']"
57284,tamale pie with cheddar   cornmeal crust,"olive oil, bell pepper, onion, ground beef, ground cumin, ground coriander, oregano, pepper, kidney beans, crushed tomatoes, salsa, tomato paste, black olives, hot pepper sauce, beer, yellow cornmeal, flour, baking powder, baking soda, salt, yogurt, eggs, sharp cheddar cheese, scallion, jalapeno",pan,3,"['pan,beef,cook,t,rum,c,cooking,min,mix,s,p,in,crumb,f,ad,l,d,b,e,nut,crumble,o,g']"
57284,tamale pie with cheddar   cornmeal crust,"olive oil, bell pepper, onion, ground beef, ground cumin, ground coriander, oregano, pepper, kidney beans, crushed tomatoes, salsa, tomato paste, black olives, hot pepper sauce, beer, yellow cornmeal, flour, baking powder, baking soda, salt, yogurt, eggs, sharp cheddar cheese, scallion, jalapeno",mixing,3,"['pan,beef,cook,t,rum,c,cooking,min,mix,s,p,in,crumb,f,ad,l,d,b,e,nut,crumble,o,g']"
57284,tamale pie with cheddar   cornmeal crust,"olive oil, bell pepper, onion, ground beef, ground cumin, ground coriander, oregano, pepper, kidney beans, crushed tomatoes, salsa, tomato paste, black olives, hot pepper sauce, beer, yellow cornmeal, flour, baking powder, baking soda, salt, yogurt, eggs, sharp cheddar cheese, scallion, jalapeno",crumble,3,"['pan,beef,cook,t,rum,c,cooking,min,mix,s,p,in,crumb,f,ad,l,d,b,e,nut,crumble,o,g']"
57284,tamale pie with cheddar   cornmeal crust,"olive oil, bell pepper, onion, ground beef, ground cumin, ground coriander, oregano, pepper, kidney beans, crushed tomatoes, salsa, tomato paste, black olives, hot pepper sauce, beer, yellow cornmeal, flour, baking powder, baking soda, salt, yogurt, eggs, sharp cheddar cheese, scallion, jalapeno",stir,4,"['beer,t,c,s,p,in,re,red,l,d,b,nt,e,g,ts']"
57284,tamale pie with cheddar   cornmeal crust,"olive oil, bell pepper, onion, ground beef, ground cumin, ground coriander, oregano, pepper, kidney beans, crushed tomatoes, salsa, tomato paste, black olives, hot pepper sauce, beer, yellow cornmeal, flour, baking powder, baking soda, salt, yogurt, eggs, sharp cheddar cheese, scallion, jalapeno",stir,6,"['t,c,mix,s,in,re,red,l,d,b,nt,e,o,y,g,ts']"
57284,tamale pie with cheddar   cornmeal crust,"olive oil, bell pepper, onion, ground beef, ground cumin, ground coriander, oregano, pepper, kidney beans, crushed tomatoes, salsa, tomato paste, black olives, hot pepper sauce, beer, yellow cornmeal, flour, baking powder, baking soda, salt, yogurt, eggs, sharp cheddar cheese, scallion, jalapeno",stir,8,"['cheese,scallions,t,c,scallion,s,p,in,l,d,e,o']"
57284,tamale pie with cheddar   cornmeal crust,"olive oil, bell pepper, onion, ground beef, ground cumin, ground coriander, oregano, pepper, kidney beans, crushed tomatoes, salsa, tomato paste, black olives, hot pepper sauce, beer, yellow cornmeal, flour, baking powder, baking soda, salt, yogurt, eggs, sharp cheddar cheese, scallion, jalapeno",stir,9,"['corn,meal,cornmeal,t,c,mix,yogurt,blend,s,p,end,de,re,l,d,b,e,o,y,g,v']"
57284,tamale pie with cheddar   cornmeal crust,"olive oil, bell pepper, onion, ground beef, ground cumin, ground coriander, oregano, pepper, kidney beans, crushed tomatoes, salsa, tomato paste, black olives, hot pepper sauce, beer, yellow cornmeal, flour, baking powder, baking soda, salt, yogurt, eggs, sharp cheddar cheese, scallion, jalapeno",remaining,4,"['beer,t,c,s,p,in,re,red,l,d,b,nt,e,g,ts']"
57284,tamale pie with cheddar   cornmeal crust,"olive oil, bell pepper, onion, ground beef, ground cumin, ground coriander, oregano, pepper, kidney beans, crushed tomatoes, salsa, tomato paste, black olives, hot pepper sauce, beer, yellow cornmeal, flour, baking powder, baking soda, salt, yogurt, eggs, sharp cheddar cheese, scallion, jalapeno",remaining,11,"['cheese,t,c,min,s,p,in,f,top,re,l,d,b,e,nut,o,g']"
57284,tamale pie with cheddar   cornmeal crust,"olive oil, bell pepper, onion, ground beef, ground cumin, ground coriander, oregano, pepper, kidney beans, crushed tomatoes, salsa, tomato paste, black olives, hot pepper sauce, beer, yellow cornmeal, flour, baking powder, baking soda, salt, yogurt, eggs, sharp cheddar cheese, scallion, jalapeno",put,5,"['pan,t,s,p,in,de,re,red,d,nt,e,o']"
57284,tamale pie with cheddar   cornmeal crust,"olive oil, bell pepper, onion, ground beef, ground cumin, ground coriander, oregano, pepper, kidney beans, crushed tomatoes, salsa, tomato paste, black olives, hot pepper sauce, beer, yellow cornmeal, flour, baking powder, baking soda, salt, yogurt, eggs, sharp cheddar cheese, scallion, jalapeno",set,5,"['pan,t,s,p,in,de,re,red,d,nt,e,o']"
57284,tamale pie with cheddar   cornmeal crust,"olive oil, bell pepper, onion, ground beef, ground cumin, ground coriander, oregano, pepper, kidney beans, crushed tomatoes, salsa, tomato paste, black olives, hot pepper sauce, beer, yellow cornmeal, flour, baking powder, baking soda, salt, yogurt, eggs, sharp cheddar cheese, scallion, jalapeno",combine,6,"['t,c,mix,s,in,re,red,l,d,b,nt,e,o,y,g,ts']"
57284,tamale pie with cheddar   cornmeal crust,"olive oil, bell pepper, onion, ground beef, ground cumin, ground coriander, oregano, pepper, kidney beans, crushed tomatoes, salsa, tomato paste, black olives, hot pepper sauce, beer, yellow cornmeal, flour, baking powder, baking soda, salt, yogurt, eggs, sharp cheddar cheese, scallion, jalapeno",mix,6,"['t,c,mix,s,in,re,red,l,d,b,nt,e,o,y,g,ts']"
57284,tamale pie with cheddar   cornmeal crust,"olive oil, bell pepper, onion, ground beef, ground cumin, ground coriander, oregano, pepper, kidney beans, crushed tomatoes, salsa, tomato paste, black olives, hot pepper sauce, beer, yellow cornmeal, flour, baking powder, baking soda, salt, yogurt, eggs, sharp cheddar cheese, scallion, jalapeno",whisk,7,"['eggs,oil,egg,t,yogurt,blend,s,end,in,l,d,b,e,o,y,g']"
57284,tamale pie with cheddar   cornmeal crust,"olive oil, bell pepper, onion, ground beef, ground cumin, ground coriander, oregano, pepper, kidney beans, crushed tomatoes, salsa, tomato paste, black olives, hot pepper sauce, beer, yellow cornmeal, flour, baking powder, baking soda, salt, yogurt, eggs, sharp cheddar cheese, scallion, jalapeno",blend,7,"['eggs,oil,egg,t,yogurt,blend,s,end,in,l,d,b,e,o,y,g']"
57284,tamale pie with cheddar   cornmeal crust,"olive oil, bell pepper, onion, ground beef, ground cumin, ground coriander, oregano, pepper, kidney beans, crushed tomatoes, salsa, tomato paste, black olives, hot pepper sauce, beer, yellow cornmeal, flour, baking powder, baking soda, salt, yogurt, eggs, sharp cheddar cheese, scallion, jalapeno",pour,9,"['corn,meal,cornmeal,t,c,mix,yogurt,blend,s,p,end,de,re,l,d,b,e,o,y,g,v']"
57284,tamale pie with cheddar   cornmeal crust,"olive oil, bell pepper, onion, ground beef, ground cumin, ground coriander, oregano, pepper, kidney beans, crushed tomatoes, salsa, tomato paste, black olives, hot pepper sauce, beer, yellow cornmeal, flour, baking powder, baking soda, salt, yogurt, eggs, sharp cheddar cheese, scallion, jalapeno",blended,9,"['corn,meal,cornmeal,t,c,mix,yogurt,blend,s,p,end,de,re,l,d,b,e,o,y,g,v']"
57284,tamale pie with cheddar   cornmeal crust,"olive oil, bell pepper, onion, ground beef, ground cumin, ground coriander, oregano, pepper, kidney beans, crushed tomatoes, salsa, tomato paste, black olives, hot pepper sauce, beer, yellow cornmeal, flour, baking powder, baking soda, salt, yogurt, eggs, sharp cheddar cheese, scallion, jalapeno",top,10,"['t,c,mix,s,p,in,crust,f,top,re,l,e,o,g']"
57284,tamale pie with cheddar   cornmeal crust,"olive oil, bell pepper, onion, ground beef, ground cumin, ground coriander, oregano, pepper, kidney beans, crushed tomatoes, salsa, tomato paste, black olives, hot pepper sauce, beer, yellow cornmeal, flour, baking powder, baking soda, salt, yogurt, eggs, sharp cheddar cheese, scallion, jalapeno",sprinkle,11,"['cheese,t,c,min,s,p,in,f,top,re,l,d,b,e,nut,o,g']"
57284,tamale pie with cheddar   cornmeal crust,"olive oil, bell pepper, onion, ground beef, ground cumin, ground coriander, oregano, pepper, kidney beans, crushed tomatoes, salsa, tomato paste, black olives, hot pepper sauce, beer, yellow cornmeal, flour, baking powder, baking soda, salt, yogurt, eggs, sharp cheddar cheese, scallion, jalapeno",bake,11,"['cheese,t,c,min,s,p,in,f,top,re,l,d,b,e,nut,o,g']"
