Id,Name,AllIngredients,Verbs,Steps,Ingredient
57373,brennan s classic shrimp remoulade,"ketchup, prepared horseradish, creole mustard, prepared yellow mustard, white vinegar, lemon, juice of, green onion, celery, parsley, garlic, paprika, cayenne pepper, salt, tabasco sauce, egg, vegetable oil, shrimp, cucumbers, radish, frisee, vinaigrette dressing",put,1,{}
57373,brennan s classic shrimp remoulade,"ketchup, prepared horseradish, creole mustard, prepared yellow mustard, white vinegar, lemon, juice of, green onion, celery, parsley, garlic, paprika, cayenne pepper, salt, tabasco sauce, egg, vegetable oil, shrimp, cucumbers, radish, frisee, vinaigrette dressing",cover,2,"['t,c,mix,blend,s,p,end']"
57373,brennan s classic shrimp remoulade,"ketchup, prepared horseradish, creole mustard, prepared yellow mustard, white vinegar, lemon, juice of, green onion, celery, parsley, garlic, paprika, cayenne pepper, salt, tabasco sauce, egg, vegetable oil, shrimp, cucumbers, radish, frisee, vinaigrette dressing",mix,2,"['t,c,mix,blend,s,p,end']"
57373,brennan s classic shrimp remoulade,"ketchup, prepared horseradish, creole mustard, prepared yellow mustard, white vinegar, lemon, juice of, green onion, celery, parsley, garlic, paprika, cayenne pepper, salt, tabasco sauce, egg, vegetable oil, shrimp, cucumbers, radish, frisee, vinaigrette dressing",remove,3,"['oil,t,c,s,in']"
57373,brennan s classic shrimp remoulade,"ketchup, prepared horseradish, creole mustard, prepared yellow mustard, white vinegar, lemon, juice of, green onion, celery, parsley, garlic, paprika, cayenne pepper, salt, tabasco sauce, egg, vegetable oil, shrimp, cucumbers, radish, frisee, vinaigrette dressing",add,3,"['oil,t,c,s,in']"
57373,brennan s classic shrimp remoulade,"ketchup, prepared horseradish, creole mustard, prepared yellow mustard, white vinegar, lemon, juice of, green onion, celery, parsley, garlic, paprika, cayenne pepper, salt, tabasco sauce, egg, vegetable oil, shrimp, cucumbers, radish, frisee, vinaigrette dressing",thicken,4,"['sauce,cream,t,c,s,p']"
57373,brennan s classic shrimp remoulade,"ketchup, prepared horseradish, creole mustard, prepared yellow mustard, white vinegar, lemon, juice of, green onion, celery, parsley, garlic, paprika, cayenne pepper, salt, tabasco sauce, egg, vegetable oil, shrimp, cucumbers, radish, frisee, vinaigrette dressing",serving,6,"['sauce,oil,shrimp,t,c,boil,s,p,in']"
57373,brennan s classic shrimp remoulade,"ketchup, prepared horseradish, creole mustard, prepared yellow mustard, white vinegar, lemon, juice of, green onion, celery, parsley, garlic, paprika, cayenne pepper, salt, tabasco sauce, egg, vegetable oil, shrimp, cucumbers, radish, frisee, vinaigrette dressing",toss,6,"['sauce,oil,shrimp,t,c,boil,s,p,in']"
57373,brennan s classic shrimp remoulade,"ketchup, prepared horseradish, creole mustard, prepared yellow mustard, white vinegar, lemon, juice of, green onion, celery, parsley, garlic, paprika, cayenne pepper, salt, tabasco sauce, egg, vegetable oil, shrimp, cucumbers, radish, frisee, vinaigrette dressing",spoon,7,"['cucumber,t,c,ice,slice,dressing,s,p,in,cucumbers,frisee,vinaigrette']"
57373,brennan s classic shrimp remoulade,"ketchup, prepared horseradish, creole mustard, prepared yellow mustard, white vinegar, lemon, juice of, green onion, celery, parsley, garlic, paprika, cayenne pepper, salt, tabasco sauce, egg, vegetable oil, shrimp, cucumbers, radish, frisee, vinaigrette dressing",sliced,7,"['cucumber,t,c,ice,slice,dressing,s,p,in,cucumbers,frisee,vinaigrette']"
57373,brennan s classic shrimp remoulade,"ketchup, prepared horseradish, creole mustard, prepared yellow mustard, white vinegar, lemon, juice of, green onion, celery, parsley, garlic, paprika, cayenne pepper, salt, tabasco sauce, egg, vegetable oil, shrimp, cucumbers, radish, frisee, vinaigrette dressing",drizzled,7,"['cucumber,t,c,ice,slice,dressing,s,p,in,cucumbers,frisee,vinaigrette']"
57373,brennan s classic shrimp remoulade,"ketchup, prepared horseradish, creole mustard, prepared yellow mustard, white vinegar, lemon, juice of, green onion, celery, parsley, garlic, paprika, cayenne pepper, salt, tabasco sauce, egg, vegetable oil, shrimp, cucumbers, radish, frisee, vinaigrette dressing",dressing,7,"['cucumber,t,c,ice,slice,dressing,s,p,in,cucumbers,frisee,vinaigrette']"
