Id,Name,AllIngredients,Verbs,Steps,Ingredient
59037,beef noodle casserole,"salt, onion powder, garlic powder, dried oregano leaves, white pepper, dried thyme leaves, dry mustard, black pepper, medium egg noodles, vegetable oil, ground sirloin, cream cheese, sour cream, fresh lime juice, green onion, fresh parsley, onions, celery, fresh garlic, beef stock, unsalted butter, tomato sauce, monterey jack cheese, sharp cheddar cheese",combine,2,"['season,seasoning,sea,t,c,mix,s,in']"
59037,beef noodle casserole,"salt, onion powder, garlic powder, dried oregano leaves, white pepper, dried thyme leaves, dry mustard, black pepper, medium egg noodles, vegetable oil, ground sirloin, cream cheese, sour cream, fresh lime juice, green onion, fresh parsley, onions, celery, fresh garlic, beef stock, unsalted butter, tomato sauce, monterey jack cheese, sharp cheddar cheese",combine,9,"['juice,onion,cheese,parsley,cream,onions,t,c,ice,mix,blend,s,p,end,in']"
59037,beef noodle casserole,"salt, onion powder, garlic powder, dried oregano leaves, white pepper, dried thyme leaves, dry mustard, black pepper, medium egg noodles, vegetable oil, ground sirloin, cream cheese, sour cream, fresh lime juice, green onion, fresh parsley, onions, celery, fresh garlic, beef stock, unsalted butter, tomato sauce, monterey jack cheese, sharp cheddar cheese",makes,3,"['t,c,s,p']"
59037,beef noodle casserole,"salt, onion powder, garlic powder, dried oregano leaves, white pepper, dried thyme leaves, dry mustard, black pepper, medium egg noodles, vegetable oil, ground sirloin, cream cheese, sour cream, fresh lime juice, green onion, fresh parsley, onions, celery, fresh garlic, beef stock, unsalted butter, tomato sauce, monterey jack cheese, sharp cheddar cheese",cook,4,"['noodles,cook,t,c,s,p,in']"
59037,beef noodle casserole,"salt, onion powder, garlic powder, dried oregano leaves, white pepper, dried thyme leaves, dry mustard, black pepper, medium egg noodles, vegetable oil, ground sirloin, cream cheese, sour cream, fresh lime juice, green onion, fresh parsley, onions, celery, fresh garlic, beef stock, unsalted butter, tomato sauce, monterey jack cheese, sharp cheddar cheese",cook,11,"['garlic,onion,celery,vegetable,brown,season,seasoning,onions,cook,sea,t,table,c,min,mix,stick,s,in']"
59037,beef noodle casserole,"salt, onion powder, garlic powder, dried oregano leaves, white pepper, dried thyme leaves, dry mustard, black pepper, medium egg noodles, vegetable oil, ground sirloin, cream cheese, sour cream, fresh lime juice, green onion, fresh parsley, onions, celery, fresh garlic, beef stock, unsalted butter, tomato sauce, monterey jack cheese, sharp cheddar cheese",cook,12,"['stock,beef,cook,t,c,min,s,p,in']"
59037,beef noodle casserole,"salt, onion powder, garlic powder, dried oregano leaves, white pepper, dried thyme leaves, dry mustard, black pepper, medium egg noodles, vegetable oil, ground sirloin, cream cheese, sour cream, fresh lime juice, green onion, fresh parsley, onions, celery, fresh garlic, beef stock, unsalted butter, tomato sauce, monterey jack cheese, sharp cheddar cheese",cook,13,"['stock,cook,t,c,min,s,p,in']"
59037,beef noodle casserole,"salt, onion powder, garlic powder, dried oregano leaves, white pepper, dried thyme leaves, dry mustard, black pepper, medium egg noodles, vegetable oil, ground sirloin, cream cheese, sour cream, fresh lime juice, green onion, fresh parsley, onions, celery, fresh garlic, beef stock, unsalted butter, tomato sauce, monterey jack cheese, sharp cheddar cheese",cook,14,"['season,cook,sea,t,c,min,s,p,in,meat']"
59037,beef noodle casserole,"salt, onion powder, garlic powder, dried oregano leaves, white pepper, dried thyme leaves, dry mustard, black pepper, medium egg noodles, vegetable oil, ground sirloin, cream cheese, sour cream, fresh lime juice, green onion, fresh parsley, onions, celery, fresh garlic, beef stock, unsalted butter, tomato sauce, monterey jack cheese, sharp cheddar cheese",cook,15,"['butter,cook,t,c,min,s,in']"
59037,beef noodle casserole,"salt, onion powder, garlic powder, dried oregano leaves, white pepper, dried thyme leaves, dry mustard, black pepper, medium egg noodles, vegetable oil, ground sirloin, cream cheese, sour cream, fresh lime juice, green onion, fresh parsley, onions, celery, fresh garlic, beef stock, unsalted butter, tomato sauce, monterey jack cheese, sharp cheddar cheese",cook,16,"['sauce,tomato,cook,t,c,min,s,p,in']"
59037,beef noodle casserole,"salt, onion powder, garlic powder, dried oregano leaves, white pepper, dried thyme leaves, dry mustard, black pepper, medium egg noodles, vegetable oil, ground sirloin, cream cheese, sour cream, fresh lime juice, green onion, fresh parsley, onions, celery, fresh garlic, beef stock, unsalted butter, tomato sauce, monterey jack cheese, sharp cheddar cheese",according,4,"['noodles,cook,t,c,s,p,in']"
59037,beef noodle casserole,"salt, onion powder, garlic powder, dried oregano leaves, white pepper, dried thyme leaves, dry mustard, black pepper, medium egg noodles, vegetable oil, ground sirloin, cream cheese, sour cream, fresh lime juice, green onion, fresh parsley, onions, celery, fresh garlic, beef stock, unsalted butter, tomato sauce, monterey jack cheese, sharp cheddar cheese",rinse,5,"['water,t,c,s,in']"
59037,beef noodle casserole,"salt, onion powder, garlic powder, dried oregano leaves, white pepper, dried thyme leaves, dry mustard, black pepper, medium egg noodles, vegetable oil, ground sirloin, cream cheese, sour cream, fresh lime juice, green onion, fresh parsley, onions, celery, fresh garlic, beef stock, unsalted butter, tomato sauce, monterey jack cheese, sharp cheddar cheese",drain,5,"['water,t,c,s,in']"
59037,beef noodle casserole,"salt, onion powder, garlic powder, dried oregano leaves, white pepper, dried thyme leaves, dry mustard, black pepper, medium egg noodles, vegetable oil, ground sirloin, cream cheese, sour cream, fresh lime juice, green onion, fresh parsley, onions, celery, fresh garlic, beef stock, unsalted butter, tomato sauce, monterey jack cheese, sharp cheddar cheese",pour,6,"['oil,noodles,t,s,p,in']"
59037,beef noodle casserole,"salt, onion powder, garlic powder, dried oregano leaves, white pepper, dried thyme leaves, dry mustard, black pepper, medium egg noodles, vegetable oil, ground sirloin, cream cheese, sour cream, fresh lime juice, green onion, fresh parsley, onions, celery, fresh garlic, beef stock, unsalted butter, tomato sauce, monterey jack cheese, sharp cheddar cheese",pour,20,"['cheese,noodles,t,c,monterey,jack,mix,s,p,in,meat']"
59037,beef noodle casserole,"salt, onion powder, garlic powder, dried oregano leaves, white pepper, dried thyme leaves, dry mustard, black pepper, medium egg noodles, vegetable oil, ground sirloin, cream cheese, sour cream, fresh lime juice, green onion, fresh parsley, onions, celery, fresh garlic, beef stock, unsalted butter, tomato sauce, monterey jack cheese, sharp cheddar cheese",rub,6,"['oil,noodles,t,s,p,in']"
59037,beef noodle casserole,"salt, onion powder, garlic powder, dried oregano leaves, white pepper, dried thyme leaves, dry mustard, black pepper, medium egg noodles, vegetable oil, ground sirloin, cream cheese, sour cream, fresh lime juice, green onion, fresh parsley, onions, celery, fresh garlic, beef stock, unsalted butter, tomato sauce, monterey jack cheese, sharp cheddar cheese",sprinkle,7,"['noodles,season,seasoning,sea,t,mix,blend,s,p,end,in']"
59037,beef noodle casserole,"salt, onion powder, garlic powder, dried oregano leaves, white pepper, dried thyme leaves, dry mustard, black pepper, medium egg noodles, vegetable oil, ground sirloin, cream cheese, sour cream, fresh lime juice, green onion, fresh parsley, onions, celery, fresh garlic, beef stock, unsalted butter, tomato sauce, monterey jack cheese, sharp cheddar cheese",sprinkle,20,"['cheese,noodles,t,c,monterey,jack,mix,s,p,in,meat']"
59037,beef noodle casserole,"salt, onion powder, garlic powder, dried oregano leaves, white pepper, dried thyme leaves, dry mustard, black pepper, medium egg noodles, vegetable oil, ground sirloin, cream cheese, sour cream, fresh lime juice, green onion, fresh parsley, onions, celery, fresh garlic, beef stock, unsalted butter, tomato sauce, monterey jack cheese, sharp cheddar cheese",sprinkle,21,"['cheese,noodles,t,c,mix,cheddar,s,p,in,meat']"
59037,beef noodle casserole,"salt, onion powder, garlic powder, dried oregano leaves, white pepper, dried thyme leaves, dry mustard, black pepper, medium egg noodles, vegetable oil, ground sirloin, cream cheese, sour cream, fresh lime juice, green onion, fresh parsley, onions, celery, fresh garlic, beef stock, unsalted butter, tomato sauce, monterey jack cheese, sharp cheddar cheese",blend,7,"['noodles,season,seasoning,sea,t,mix,blend,s,p,end,in']"
59037,beef noodle casserole,"salt, onion powder, garlic powder, dried oregano leaves, white pepper, dried thyme leaves, dry mustard, black pepper, medium egg noodles, vegetable oil, ground sirloin, cream cheese, sour cream, fresh lime juice, green onion, fresh parsley, onions, celery, fresh garlic, beef stock, unsalted butter, tomato sauce, monterey jack cheese, sharp cheddar cheese",blend,8,"['ground,season,seasoning,sea,t,table,c,mix,blend,s,p,end,in,sirloin']"
59037,beef noodle casserole,"salt, onion powder, garlic powder, dried oregano leaves, white pepper, dried thyme leaves, dry mustard, black pepper, medium egg noodles, vegetable oil, ground sirloin, cream cheese, sour cream, fresh lime juice, green onion, fresh parsley, onions, celery, fresh garlic, beef stock, unsalted butter, tomato sauce, monterey jack cheese, sharp cheddar cheese",place,8,"['ground,season,seasoning,sea,t,table,c,mix,blend,s,p,end,in,sirloin']"
59037,beef noodle casserole,"salt, onion powder, garlic powder, dried oregano leaves, white pepper, dried thyme leaves, dry mustard, black pepper, medium egg noodles, vegetable oil, ground sirloin, cream cheese, sour cream, fresh lime juice, green onion, fresh parsley, onions, celery, fresh garlic, beef stock, unsalted butter, tomato sauce, monterey jack cheese, sharp cheddar cheese",add,8,"['ground,season,seasoning,sea,t,table,c,mix,blend,s,p,end,in,sirloin']"
59037,beef noodle casserole,"salt, onion powder, garlic powder, dried oregano leaves, white pepper, dried thyme leaves, dry mustard, black pepper, medium egg noodles, vegetable oil, ground sirloin, cream cheese, sour cream, fresh lime juice, green onion, fresh parsley, onions, celery, fresh garlic, beef stock, unsalted butter, tomato sauce, monterey jack cheese, sharp cheddar cheese",add,11,"['garlic,onion,celery,vegetable,brown,season,seasoning,onions,cook,sea,t,table,c,min,mix,stick,s,in']"
59037,beef noodle casserole,"salt, onion powder, garlic powder, dried oregano leaves, white pepper, dried thyme leaves, dry mustard, black pepper, medium egg noodles, vegetable oil, ground sirloin, cream cheese, sour cream, fresh lime juice, green onion, fresh parsley, onions, celery, fresh garlic, beef stock, unsalted butter, tomato sauce, monterey jack cheese, sharp cheddar cheese",add,12,"['stock,beef,cook,t,c,min,s,p,in']"
59037,beef noodle casserole,"salt, onion powder, garlic powder, dried oregano leaves, white pepper, dried thyme leaves, dry mustard, black pepper, medium egg noodles, vegetable oil, ground sirloin, cream cheese, sour cream, fresh lime juice, green onion, fresh parsley, onions, celery, fresh garlic, beef stock, unsalted butter, tomato sauce, monterey jack cheese, sharp cheddar cheese",add,13,"['stock,cook,t,c,min,s,p,in']"
59037,beef noodle casserole,"salt, onion powder, garlic powder, dried oregano leaves, white pepper, dried thyme leaves, dry mustard, black pepper, medium egg noodles, vegetable oil, ground sirloin, cream cheese, sour cream, fresh lime juice, green onion, fresh parsley, onions, celery, fresh garlic, beef stock, unsalted butter, tomato sauce, monterey jack cheese, sharp cheddar cheese",add,14,"['season,cook,sea,t,c,min,s,p,in,meat']"
59037,beef noodle casserole,"salt, onion powder, garlic powder, dried oregano leaves, white pepper, dried thyme leaves, dry mustard, black pepper, medium egg noodles, vegetable oil, ground sirloin, cream cheese, sour cream, fresh lime juice, green onion, fresh parsley, onions, celery, fresh garlic, beef stock, unsalted butter, tomato sauce, monterey jack cheese, sharp cheddar cheese",add,15,"['butter,cook,t,c,min,s,in']"
59037,beef noodle casserole,"salt, onion powder, garlic powder, dried oregano leaves, white pepper, dried thyme leaves, dry mustard, black pepper, medium egg noodles, vegetable oil, ground sirloin, cream cheese, sour cream, fresh lime juice, green onion, fresh parsley, onions, celery, fresh garlic, beef stock, unsalted butter, tomato sauce, monterey jack cheese, sharp cheddar cheese",add,17,"['oil,stock,t,c,boil,s,p,in']"
59037,beef noodle casserole,"salt, onion powder, garlic powder, dried oregano leaves, white pepper, dried thyme leaves, dry mustard, black pepper, medium egg noodles, vegetable oil, ground sirloin, cream cheese, sour cream, fresh lime juice, green onion, fresh parsley, onions, celery, fresh garlic, beef stock, unsalted butter, tomato sauce, monterey jack cheese, sharp cheddar cheese",add,21,"['cheese,noodles,t,c,mix,cheddar,s,p,in,meat']"
59037,beef noodle casserole,"salt, onion powder, garlic powder, dried oregano leaves, white pepper, dried thyme leaves, dry mustard, black pepper, medium egg noodles, vegetable oil, ground sirloin, cream cheese, sour cream, fresh lime juice, green onion, fresh parsley, onions, celery, fresh garlic, beef stock, unsalted butter, tomato sauce, monterey jack cheese, sharp cheddar cheese",mix,9,"['juice,onion,cheese,parsley,cream,onions,t,c,ice,mix,blend,s,p,end,in']"
59037,beef noodle casserole,"salt, onion powder, garlic powder, dried oregano leaves, white pepper, dried thyme leaves, dry mustard, black pepper, medium egg noodles, vegetable oil, ground sirloin, cream cheese, sour cream, fresh lime juice, green onion, fresh parsley, onions, celery, fresh garlic, beef stock, unsalted butter, tomato sauce, monterey jack cheese, sharp cheddar cheese",blended,9,"['juice,onion,cheese,parsley,cream,onions,t,c,ice,mix,blend,s,p,end,in']"
59037,beef noodle casserole,"salt, onion powder, garlic powder, dried oregano leaves, white pepper, dried thyme leaves, dry mustard, black pepper, medium egg noodles, vegetable oil, ground sirloin, cream cheese, sour cream, fresh lime juice, green onion, fresh parsley, onions, celery, fresh garlic, beef stock, unsalted butter, tomato sauce, monterey jack cheese, sharp cheddar cheese",blended,18,"['cream,t,c,heat,mix,blend,s,p,end,in']"
59037,beef noodle casserole,"salt, onion powder, garlic powder, dried oregano leaves, white pepper, dried thyme leaves, dry mustard, black pepper, medium egg noodles, vegetable oil, ground sirloin, cream cheese, sour cream, fresh lime juice, green onion, fresh parsley, onions, celery, fresh garlic, beef stock, unsalted butter, tomato sauce, monterey jack cheese, sharp cheddar cheese",heat,10,"['oil,t,table,c,min,heat,s,p,in']"
59037,beef noodle casserole,"salt, onion powder, garlic powder, dried oregano leaves, white pepper, dried thyme leaves, dry mustard, black pepper, medium egg noodles, vegetable oil, ground sirloin, cream cheese, sour cream, fresh lime juice, green onion, fresh parsley, onions, celery, fresh garlic, beef stock, unsalted butter, tomato sauce, monterey jack cheese, sharp cheddar cheese",remaining,10,"['oil,t,table,c,min,heat,s,p,in']"
59037,beef noodle casserole,"salt, onion powder, garlic powder, dried oregano leaves, white pepper, dried thyme leaves, dry mustard, black pepper, medium egg noodles, vegetable oil, ground sirloin, cream cheese, sour cream, fresh lime juice, green onion, fresh parsley, onions, celery, fresh garlic, beef stock, unsalted butter, tomato sauce, monterey jack cheese, sharp cheddar cheese",remaining,11,"['garlic,onion,celery,vegetable,brown,season,seasoning,onions,cook,sea,t,table,c,min,mix,stick,s,in']"
59037,beef noodle casserole,"salt, onion powder, garlic powder, dried oregano leaves, white pepper, dried thyme leaves, dry mustard, black pepper, medium egg noodles, vegetable oil, ground sirloin, cream cheese, sour cream, fresh lime juice, green onion, fresh parsley, onions, celery, fresh garlic, beef stock, unsalted butter, tomato sauce, monterey jack cheese, sharp cheddar cheese",remaining,17,"['oil,stock,t,c,boil,s,p,in']"
59037,beef noodle casserole,"salt, onion powder, garlic powder, dried oregano leaves, white pepper, dried thyme leaves, dry mustard, black pepper, medium egg noodles, vegetable oil, ground sirloin, cream cheese, sour cream, fresh lime juice, green onion, fresh parsley, onions, celery, fresh garlic, beef stock, unsalted butter, tomato sauce, monterey jack cheese, sharp cheddar cheese",remaining,21,"['cheese,noodles,t,c,mix,cheddar,s,p,in,meat']"
59037,beef noodle casserole,"salt, onion powder, garlic powder, dried oregano leaves, white pepper, dried thyme leaves, dry mustard, black pepper, medium egg noodles, vegetable oil, ground sirloin, cream cheese, sour cream, fresh lime juice, green onion, fresh parsley, onions, celery, fresh garlic, beef stock, unsalted butter, tomato sauce, monterey jack cheese, sharp cheddar cheese",stirring,11,"['garlic,onion,celery,vegetable,brown,season,seasoning,onions,cook,sea,t,table,c,min,mix,stick,s,in']"
59037,beef noodle casserole,"salt, onion powder, garlic powder, dried oregano leaves, white pepper, dried thyme leaves, dry mustard, black pepper, medium egg noodles, vegetable oil, ground sirloin, cream cheese, sour cream, fresh lime juice, green onion, fresh parsley, onions, celery, fresh garlic, beef stock, unsalted butter, tomato sauce, monterey jack cheese, sharp cheddar cheese",stirring,15,"['butter,cook,t,c,min,s,in']"
59037,beef noodle casserole,"salt, onion powder, garlic powder, dried oregano leaves, white pepper, dried thyme leaves, dry mustard, black pepper, medium egg noodles, vegetable oil, ground sirloin, cream cheese, sour cream, fresh lime juice, green onion, fresh parsley, onions, celery, fresh garlic, beef stock, unsalted butter, tomato sauce, monterey jack cheese, sharp cheddar cheese",are,11,"['garlic,onion,celery,vegetable,brown,season,seasoning,onions,cook,sea,t,table,c,min,mix,stick,s,in']"
59037,beef noodle casserole,"salt, onion powder, garlic powder, dried oregano leaves, white pepper, dried thyme leaves, dry mustard, black pepper, medium egg noodles, vegetable oil, ground sirloin, cream cheese, sour cream, fresh lime juice, green onion, fresh parsley, onions, celery, fresh garlic, beef stock, unsalted butter, tomato sauce, monterey jack cheese, sharp cheddar cheese",sticking,11,"['garlic,onion,celery,vegetable,brown,season,seasoning,onions,cook,sea,t,table,c,min,mix,stick,s,in']"
59037,beef noodle casserole,"salt, onion powder, garlic powder, dried oregano leaves, white pepper, dried thyme leaves, dry mustard, black pepper, medium egg noodles, vegetable oil, ground sirloin, cream cheese, sour cream, fresh lime juice, green onion, fresh parsley, onions, celery, fresh garlic, beef stock, unsalted butter, tomato sauce, monterey jack cheese, sharp cheddar cheese",scrape,12,"['stock,beef,cook,t,c,min,s,p,in']"
59037,beef noodle casserole,"salt, onion powder, garlic powder, dried oregano leaves, white pepper, dried thyme leaves, dry mustard, black pepper, medium egg noodles, vegetable oil, ground sirloin, cream cheese, sour cream, fresh lime juice, green onion, fresh parsley, onions, celery, fresh garlic, beef stock, unsalted butter, tomato sauce, monterey jack cheese, sharp cheddar cheese",scrape,13,"['stock,cook,t,c,min,s,p,in']"
59037,beef noodle casserole,"salt, onion powder, garlic powder, dried oregano leaves, white pepper, dried thyme leaves, dry mustard, black pepper, medium egg noodles, vegetable oil, ground sirloin, cream cheese, sour cream, fresh lime juice, green onion, fresh parsley, onions, celery, fresh garlic, beef stock, unsalted butter, tomato sauce, monterey jack cheese, sharp cheddar cheese",scrape,16,"['sauce,tomato,cook,t,c,min,s,p,in']"
59037,beef noodle casserole,"salt, onion powder, garlic powder, dried oregano leaves, white pepper, dried thyme leaves, dry mustard, black pepper, medium egg noodles, vegetable oil, ground sirloin, cream cheese, sour cream, fresh lime juice, green onion, fresh parsley, onions, celery, fresh garlic, beef stock, unsalted butter, tomato sauce, monterey jack cheese, sharp cheddar cheese",seasoned,14,"['season,cook,sea,t,c,min,s,p,in,meat']"
59037,beef noodle casserole,"salt, onion powder, garlic powder, dried oregano leaves, white pepper, dried thyme leaves, dry mustard, black pepper, medium egg noodles, vegetable oil, ground sirloin, cream cheese, sour cream, fresh lime juice, green onion, fresh parsley, onions, celery, fresh garlic, beef stock, unsalted butter, tomato sauce, monterey jack cheese, sharp cheddar cheese",seasoned,19,"['read,noodles,season,sea,t,c,half,s,p,in']"
59037,beef noodle casserole,"salt, onion powder, garlic powder, dried oregano leaves, white pepper, dried thyme leaves, dry mustard, black pepper, medium egg noodles, vegetable oil, ground sirloin, cream cheese, sour cream, fresh lime juice, green onion, fresh parsley, onions, celery, fresh garlic, beef stock, unsalted butter, tomato sauce, monterey jack cheese, sharp cheddar cheese",breaking,14,"['season,cook,sea,t,c,min,s,p,in,meat']"
59037,beef noodle casserole,"salt, onion powder, garlic powder, dried oregano leaves, white pepper, dried thyme leaves, dry mustard, black pepper, medium egg noodles, vegetable oil, ground sirloin, cream cheese, sour cream, fresh lime juice, green onion, fresh parsley, onions, celery, fresh garlic, beef stock, unsalted butter, tomato sauce, monterey jack cheese, sharp cheddar cheese",scraping,14,"['season,cook,sea,t,c,min,s,p,in,meat']"
59037,beef noodle casserole,"salt, onion powder, garlic powder, dried oregano leaves, white pepper, dried thyme leaves, dry mustard, black pepper, medium egg noodles, vegetable oil, ground sirloin, cream cheese, sour cream, fresh lime juice, green onion, fresh parsley, onions, celery, fresh garlic, beef stock, unsalted butter, tomato sauce, monterey jack cheese, sharp cheddar cheese",evaporated,14,"['season,cook,sea,t,c,min,s,p,in,meat']"
59037,beef noodle casserole,"salt, onion powder, garlic powder, dried oregano leaves, white pepper, dried thyme leaves, dry mustard, black pepper, medium egg noodles, vegetable oil, ground sirloin, cream cheese, sour cream, fresh lime juice, green onion, fresh parsley, onions, celery, fresh garlic, beef stock, unsalted butter, tomato sauce, monterey jack cheese, sharp cheddar cheese",allow,15,"['butter,cook,t,c,min,s,in']"
59037,beef noodle casserole,"salt, onion powder, garlic powder, dried oregano leaves, white pepper, dried thyme leaves, dry mustard, black pepper, medium egg noodles, vegetable oil, ground sirloin, cream cheese, sour cream, fresh lime juice, green onion, fresh parsley, onions, celery, fresh garlic, beef stock, unsalted butter, tomato sauce, monterey jack cheese, sharp cheddar cheese",form,15,"['butter,cook,t,c,min,s,in']"
59037,beef noodle casserole,"salt, onion powder, garlic powder, dried oregano leaves, white pepper, dried thyme leaves, dry mustard, black pepper, medium egg noodles, vegetable oil, ground sirloin, cream cheese, sour cream, fresh lime juice, green onion, fresh parsley, onions, celery, fresh garlic, beef stock, unsalted butter, tomato sauce, monterey jack cheese, sharp cheddar cheese",stir,16,"['sauce,tomato,cook,t,c,min,s,p,in']"
59037,beef noodle casserole,"salt, onion powder, garlic powder, dried oregano leaves, white pepper, dried thyme leaves, dry mustard, black pepper, medium egg noodles, vegetable oil, ground sirloin, cream cheese, sour cream, fresh lime juice, green onion, fresh parsley, onions, celery, fresh garlic, beef stock, unsalted butter, tomato sauce, monterey jack cheese, sharp cheddar cheese",stir,18,"['cream,t,c,heat,mix,blend,s,p,end,in']"
59037,beef noodle casserole,"salt, onion powder, garlic powder, dried oregano leaves, white pepper, dried thyme leaves, dry mustard, black pepper, medium egg noodles, vegetable oil, ground sirloin, cream cheese, sour cream, fresh lime juice, green onion, fresh parsley, onions, celery, fresh garlic, beef stock, unsalted butter, tomato sauce, monterey jack cheese, sharp cheddar cheese",bring,17,"['oil,stock,t,c,boil,s,p,in']"
59037,beef noodle casserole,"salt, onion powder, garlic powder, dried oregano leaves, white pepper, dried thyme leaves, dry mustard, black pepper, medium egg noodles, vegetable oil, ground sirloin, cream cheese, sour cream, fresh lime juice, green onion, fresh parsley, onions, celery, fresh garlic, beef stock, unsalted butter, tomato sauce, monterey jack cheese, sharp cheddar cheese",remove,18,"['cream,t,c,heat,mix,blend,s,p,end,in']"
59037,beef noodle casserole,"salt, onion powder, garlic powder, dried oregano leaves, white pepper, dried thyme leaves, dry mustard, black pepper, medium egg noodles, vegetable oil, ground sirloin, cream cheese, sour cream, fresh lime juice, green onion, fresh parsley, onions, celery, fresh garlic, beef stock, unsalted butter, tomato sauce, monterey jack cheese, sharp cheddar cheese",spread,19,"['read,noodles,season,sea,t,c,half,s,p,in']"
59037,beef noodle casserole,"salt, onion powder, garlic powder, dried oregano leaves, white pepper, dried thyme leaves, dry mustard, black pepper, medium egg noodles, vegetable oil, ground sirloin, cream cheese, sour cream, fresh lime juice, green onion, fresh parsley, onions, celery, fresh garlic, beef stock, unsalted butter, tomato sauce, monterey jack cheese, sharp cheddar cheese",cover,21,"['cheese,noodles,t,c,mix,cheddar,s,p,in,meat']"
59037,beef noodle casserole,"salt, onion powder, garlic powder, dried oregano leaves, white pepper, dried thyme leaves, dry mustard, black pepper, medium egg noodles, vegetable oil, ground sirloin, cream cheese, sour cream, fresh lime juice, green onion, fresh parsley, onions, celery, fresh garlic, beef stock, unsalted butter, tomato sauce, monterey jack cheese, sharp cheddar cheese",bake,22,"['brown,t,c,min,s,in']"
59037,beef noodle casserole,"salt, onion powder, garlic powder, dried oregano leaves, white pepper, dried thyme leaves, dry mustard, black pepper, medium egg noodles, vegetable oil, ground sirloin, cream cheese, sour cream, fresh lime juice, green onion, fresh parsley, onions, celery, fresh garlic, beef stock, unsalted butter, tomato sauce, monterey jack cheese, sharp cheddar cheese",uncovered,22,"['brown,t,c,min,s,in']"
59037,beef noodle casserole,"salt, onion powder, garlic powder, dried oregano leaves, white pepper, dried thyme leaves, dry mustard, black pepper, medium egg noodles, vegetable oil, ground sirloin, cream cheese, sour cream, fresh lime juice, green onion, fresh parsley, onions, celery, fresh garlic, beef stock, unsalted butter, tomato sauce, monterey jack cheese, sharp cheddar cheese",spoon,23,"['t,salad,c,s,p']"
59037,beef noodle casserole,"salt, onion powder, garlic powder, dried oregano leaves, white pepper, dried thyme leaves, dry mustard, black pepper, medium egg noodles, vegetable oil, ground sirloin, cream cheese, sour cream, fresh lime juice, green onion, fresh parsley, onions, celery, fresh garlic, beef stock, unsalted butter, tomato sauce, monterey jack cheese, sharp cheddar cheese",serve,23,"['t,salad,c,s,p']"
