Id,Name,AllIngredients,Verbs,Steps,Ingredient
59180,grilled jamaican  jerk  chicken,"skinless chicken breasts, vegetable oil, chili powder, garlic powder, onion salt, basil, thyme, vegetable seasoning, crushed red pepper flakes, cumin, coriander, ginger, black pepper, cinnamon, ground cloves, allspice, cayenne, salt, sugar, onion, green pepper",tenderize,1,"['chicken,t,c,tender,p,end,de,chick,d,e']"
59180,grilled jamaican  jerk  chicken,"skinless chicken breasts, vegetable oil, chili powder, garlic powder, onion salt, basil, thyme, vegetable seasoning, crushed red pepper flakes, cumin, coriander, ginger, black pepper, cinnamon, ground cloves, allspice, cayenne, salt, sugar, onion, green pepper",mix,2,"['pepper,sugar,oil,onion,chicken,season,seasoning,sea,t,c,mix,s,p,in,f,re,chick,l,d,b,e']"
59180,grilled jamaican  jerk  chicken,"skinless chicken breasts, vegetable oil, chili powder, garlic powder, onion salt, basil, thyme, vegetable seasoning, crushed red pepper flakes, cumin, coriander, ginger, black pepper, cinnamon, ground cloves, allspice, cayenne, salt, sugar, onion, green pepper",refrigerate,2,"['pepper,sugar,oil,onion,chicken,season,seasoning,sea,t,c,mix,s,p,in,f,re,chick,l,d,b,e']"
59180,grilled jamaican  jerk  chicken,"skinless chicken breasts, vegetable oil, chili powder, garlic powder, onion salt, basil, thyme, vegetable seasoning, crushed red pepper flakes, cumin, coriander, ginger, black pepper, cinnamon, ground cloves, allspice, cayenne, salt, sugar, onion, green pepper",done,3,"['t,s,one,grill,l,d,nt,e']"
59180,grilled jamaican  jerk  chicken,"skinless chicken breasts, vegetable oil, chili powder, garlic powder, onion salt, basil, thyme, vegetable seasoning, crushed red pepper flakes, cumin, coriander, ginger, black pepper, cinnamon, ground cloves, allspice, cayenne, salt, sugar, onion, green pepper",overcook,4,"['cook,t,c,d,e']"
59180,grilled jamaican  jerk  chicken,"skinless chicken breasts, vegetable oil, chili powder, garlic powder, onion salt, basil, thyme, vegetable seasoning, crushed red pepper flakes, cumin, coriander, ginger, black pepper, cinnamon, ground cloves, allspice, cayenne, salt, sugar, onion, green pepper",accompany,5,"['sauce,pan,apple,pot,t,c,ice,jicama,pineapple,salsa,pine,s,p,chile,in,chipotle,pin,chip,au,-,one,re,red,l,d,e']"
