Id,Name,AllIngredients,Verbs,Steps,Ingredient
61851,vegetarian tacos,"olive oil, yellow onion, celery, red peppers, jalapeno pepper, garlic clove, garbanzo beans, chunky salsa, cumin, chili powder, ground coriander, taco shells, cheddar cheese, iceberg lettuce, salsa, hot sauce, fresh cilantro, tomatoes, black olives, sour cream",cook,2,"['garlic,pepper,onion,celery,jalapeno,cook,t,c,s,p,f,re,red,l,d,nt,e,green,o,y,g,r']"
61851,vegetarian tacos,"olive oil, yellow onion, celery, red peppers, jalapeno pepper, garlic clove, garbanzo beans, chunky salsa, cumin, chili powder, ground coriander, taco shells, cheddar cheese, iceberg lettuce, salsa, hot sauce, fresh cilantro, tomatoes, black olives, sour cream",softened,2,"['garlic,pepper,onion,celery,jalapeno,cook,t,c,s,p,f,re,red,l,d,nt,e,green,o,y,g,r']"
61851,vegetarian tacos,"olive oil, yellow onion, celery, red peppers, jalapeno pepper, garlic clove, garbanzo beans, chunky salsa, cumin, chili powder, ground coriander, taco shells, cheddar cheese, iceberg lettuce, salsa, hot sauce, fresh cilantro, tomatoes, black olives, sour cream",add,3,"['beans,bean,spice,t,c,ice,salsa,s,p,garbanzo,f,ad,l,spices,d,b,e,o,g,ts,r']"
61851,vegetarian tacos,"olive oil, yellow onion, celery, red peppers, jalapeno pepper, garlic clove, garbanzo beans, chunky salsa, cumin, chili powder, ground coriander, taco shells, cheddar cheese, iceberg lettuce, salsa, hot sauce, fresh cilantro, tomatoes, black olives, sour cream",stir,4,"['t,heat,s,hr,l,d,nt,e,o,g,r']"
61851,vegetarian tacos,"olive oil, yellow onion, celery, red peppers, jalapeno pepper, garlic clove, garbanzo beans, chunky salsa, cumin, chili powder, ground coriander, taco shells, cheddar cheese, iceberg lettuce, salsa, hot sauce, fresh cilantro, tomatoes, black olives, sour cream",heated,4,"['t,heat,s,hr,l,d,nt,e,o,g,r']"
61851,vegetarian tacos,"olive oil, yellow onion, celery, red peppers, jalapeno pepper, garlic clove, garbanzo beans, chunky salsa, cumin, chili powder, ground coriander, taco shells, cheddar cheese, iceberg lettuce, salsa, hot sauce, fresh cilantro, tomatoes, black olives, sour cream",like,5,"['pan,t,c,min,baking,s,p,in,oven,f,l,taco,shells,d,b,nt,e,nut,o,y,g,v,r']"
61851,vegetarian tacos,"olive oil, yellow onion, celery, red peppers, jalapeno pepper, garlic clove, garbanzo beans, chunky salsa, cumin, chili powder, ground coriander, taco shells, cheddar cheese, iceberg lettuce, salsa, hot sauce, fresh cilantro, tomatoes, black olives, sour cream",fit,5,"['pan,t,c,min,baking,s,p,in,oven,f,l,taco,shells,d,b,nt,e,nut,o,y,g,v,r']"
61851,vegetarian tacos,"olive oil, yellow onion, celery, red peppers, jalapeno pepper, garlic clove, garbanzo beans, chunky salsa, cumin, chili powder, ground coriander, taco shells, cheddar cheese, iceberg lettuce, salsa, hot sauce, fresh cilantro, tomatoes, black olives, sour cream",spoon,5,"['pan,t,c,min,baking,s,p,in,oven,f,l,taco,shells,d,b,nt,e,nut,o,y,g,v,r']"
61851,vegetarian tacos,"olive oil, yellow onion, celery, red peppers, jalapeno pepper, garlic clove, garbanzo beans, chunky salsa, cumin, chili powder, ground coriander, taco shells, cheddar cheese, iceberg lettuce, salsa, hot sauce, fresh cilantro, tomatoes, black olives, sour cream",filling,5,"['pan,t,c,min,baking,s,p,in,oven,f,l,taco,shells,d,b,nt,e,nut,o,y,g,v,r']"
61851,vegetarian tacos,"olive oil, yellow onion, celery, red peppers, jalapeno pepper, garlic clove, garbanzo beans, chunky salsa, cumin, chili powder, ground coriander, taco shells, cheddar cheese, iceberg lettuce, salsa, hot sauce, fresh cilantro, tomatoes, black olives, sour cream",bake,5,"['pan,t,c,min,baking,s,p,in,oven,f,l,taco,shells,d,b,nt,e,nut,o,y,g,v,r']"
61851,vegetarian tacos,"olive oil, yellow onion, celery, red peppers, jalapeno pepper, garlic clove, garbanzo beans, chunky salsa, cumin, chili powder, ground coriander, taco shells, cheddar cheese, iceberg lettuce, salsa, hot sauce, fresh cilantro, tomatoes, black olives, sour cream",helps,6,"['t,s,p,in,f,l,shells,b,e,o,y,bit,g,part,r']"
61851,vegetarian tacos,"olive oil, yellow onion, celery, red peppers, jalapeno pepper, garlic clove, garbanzo beans, chunky salsa, cumin, chili powder, ground coriander, taco shells, cheddar cheese, iceberg lettuce, salsa, hot sauce, fresh cilantro, tomatoes, black olives, sour cream",falling,6,"['t,s,p,in,f,l,shells,b,e,o,y,bit,g,part,r']"
61851,vegetarian tacos,"olive oil, yellow onion, celery, red peppers, jalapeno pepper, garlic clove, garbanzo beans, chunky salsa, cumin, chili powder, ground coriander, taco shells, cheddar cheese, iceberg lettuce, salsa, hot sauce, fresh cilantro, tomatoes, black olives, sour cream",take,6,"['t,s,p,in,f,l,shells,b,e,o,y,bit,g,part,r']"
61851,vegetarian tacos,"olive oil, yellow onion, celery, red peppers, jalapeno pepper, garlic clove, garbanzo beans, chunky salsa, cumin, chili powder, ground coriander, taco shells, cheddar cheese, iceberg lettuce, salsa, hot sauce, fresh cilantro, tomatoes, black olives, sour cream",remove,7,"['t,s,p,in,pin,oven,f,top,re,d,e,o,y,g,v,r']"
61851,vegetarian tacos,"olive oil, yellow onion, celery, red peppers, jalapeno pepper, garlic clove, garbanzo beans, chunky salsa, cumin, chili powder, ground coriander, taco shells, cheddar cheese, iceberg lettuce, salsa, hot sauce, fresh cilantro, tomatoes, black olives, sour cream",top,7,"['t,s,p,in,pin,oven,f,top,re,d,e,o,y,g,v,r']"
