Id,Name,AllIngredients,Verbs,Steps,Ingredient
62394,salmon and rice phyllo packets,"fresh spinach, lemon juice, nutmeg, salmon fillets, phyllo pastry, butter, yellow onion, mushroom, vegetable stock, water, salt, pepper, wild rice, long grain rice, white wine vinegar, dry white wine, onions, unsalted butter, half-and-half, dill",melt,1,"['sauce,butter,pan,t,c,heat,s,p,in,medium,au,l,d,b,e,butt,o']"
62394,salmon and rice phyllo packets,"fresh spinach, lemon juice, nutmeg, salmon fillets, phyllo pastry, butter, yellow onion, mushroom, vegetable stock, water, salt, pepper, wild rice, long grain rice, white wine vinegar, dry white wine, onions, unsalted butter, half-and-half, dill",add,2,"['onion,mushrooms,mushroom,room,t,min,s,in,shrooms,f,mu,hr,ad,d,e,ring,nut,o,g']"
62394,salmon and rice phyllo packets,"fresh spinach, lemon juice, nutmeg, salmon fillets, phyllo pastry, butter, yellow onion, mushroom, vegetable stock, water, salt, pepper, wild rice, long grain rice, white wine vinegar, dry white wine, onions, unsalted butter, half-and-half, dill",add,3,"['pepper,salt,oil,water,stock,t,c,boil,s,p,in,ad,l,d,b,e,ring,gin,o,g']"
62394,salmon and rice phyllo packets,"fresh spinach, lemon juice, nutmeg, salmon fillets, phyllo pastry, butter, yellow onion, mushroom, vegetable stock, water, salt, pepper, wild rice, long grain rice, white wine vinegar, dry white wine, onions, unsalted butter, half-and-half, dill",add,4,"['oil,rice,pot,t,c,ice,boil,p,re,ad,l,d,b,e,o']"
62394,salmon and rice phyllo packets,"fresh spinach, lemon juice, nutmeg, salmon fillets, phyllo pastry, butter, yellow onion, mushroom, vegetable stock, water, salt, pepper, wild rice, long grain rice, white wine vinegar, dry white wine, onions, unsalted butter, half-and-half, dill",add,7,"['rice,t,c,ice,min,s,in,grain,f,re,ad,red,l,d,e,nut,o,g']"
62394,salmon and rice phyllo packets,"fresh spinach, lemon juice, nutmeg, salmon fillets, phyllo pastry, butter, yellow onion, mushroom, vegetable stock, water, salt, pepper, wild rice, long grain rice, white wine vinegar, dry white wine, onions, unsalted butter, half-and-half, dill",add,10,"['sauce,pan,cook,t,c,min,heat,s,p,can,in,medium,de,f,au,press,re,ad,l,d,e,nut,o,y']"
62394,salmon and rice phyllo packets,"fresh spinach, lemon juice, nutmeg, salmon fillets, phyllo pastry, butter, yellow onion, mushroom, vegetable stock, water, salt, pepper, wild rice, long grain rice, white wine vinegar, dry white wine, onions, unsalted butter, half-and-half, dill",stirring,2,"['onion,mushrooms,mushroom,room,t,min,s,in,shrooms,f,mu,hr,ad,d,e,ring,nut,o,g']"
62394,salmon and rice phyllo packets,"fresh spinach, lemon juice, nutmeg, salmon fillets, phyllo pastry, butter, yellow onion, mushroom, vegetable stock, water, salt, pepper, wild rice, long grain rice, white wine vinegar, dry white wine, onions, unsalted butter, half-and-half, dill",bringing,3,"['pepper,salt,oil,water,stock,t,c,boil,s,p,in,ad,l,d,b,e,ring,gin,o,g']"
62394,salmon and rice phyllo packets,"fresh spinach, lemon juice, nutmeg, salmon fillets, phyllo pastry, butter, yellow onion, mushroom, vegetable stock, water, salt, pepper, wild rice, long grain rice, white wine vinegar, dry white wine, onions, unsalted butter, half-and-half, dill",return,4,"['oil,rice,pot,t,c,ice,boil,p,re,ad,l,d,b,e,o']"
62394,salmon and rice phyllo packets,"fresh spinach, lemon juice, nutmeg, salmon fillets, phyllo pastry, butter, yellow onion, mushroom, vegetable stock, water, salt, pepper, wild rice, long grain rice, white wine vinegar, dry white wine, onions, unsalted butter, half-and-half, dill",reduce,5,"['t,c,s,re,red,d,e,o']"
62394,salmon and rice phyllo packets,"fresh spinach, lemon juice, nutmeg, salmon fillets, phyllo pastry, butter, yellow onion, mushroom, vegetable stock, water, salt, pepper, wild rice, long grain rice, white wine vinegar, dry white wine, onions, unsalted butter, half-and-half, dill",cover,5,"['t,c,s,re,red,d,e,o']"
62394,salmon and rice phyllo packets,"fresh spinach, lemon juice, nutmeg, salmon fillets, phyllo pastry, butter, yellow onion, mushroom, vegetable stock, water, salt, pepper, wild rice, long grain rice, white wine vinegar, dry white wine, onions, unsalted butter, half-and-half, dill",cook,6,"['cook,t,c,min,s,in,f,e,nut,o']"
62394,salmon and rice phyllo packets,"fresh spinach, lemon juice, nutmeg, salmon fillets, phyllo pastry, butter, yellow onion, mushroom, vegetable stock, water, salt, pepper, wild rice, long grain rice, white wine vinegar, dry white wine, onions, unsalted butter, half-and-half, dill",cook,10,"['sauce,pan,cook,t,c,min,heat,s,p,can,in,medium,de,f,au,press,re,ad,l,d,e,nut,o,y']"
62394,salmon and rice phyllo packets,"fresh spinach, lemon juice, nutmeg, salmon fillets, phyllo pastry, butter, yellow onion, mushroom, vegetable stock, water, salt, pepper, wild rice, long grain rice, white wine vinegar, dry white wine, onions, unsalted butter, half-and-half, dill",simmer,7,"['rice,t,c,ice,min,s,in,grain,f,re,ad,red,l,d,e,nut,o,g']"
62394,salmon and rice phyllo packets,"fresh spinach, lemon juice, nutmeg, salmon fillets, phyllo pastry, butter, yellow onion, mushroom, vegetable stock, water, salt, pepper, wild rice, long grain rice, white wine vinegar, dry white wine, onions, unsalted butter, half-and-half, dill",covered,7,"['rice,t,c,ice,min,s,in,grain,f,re,ad,red,l,d,e,nut,o,g']"
62394,salmon and rice phyllo packets,"fresh spinach, lemon juice, nutmeg, salmon fillets, phyllo pastry, butter, yellow onion, mushroom, vegetable stock, water, salt, pepper, wild rice, long grain rice, white wine vinegar, dry white wine, onions, unsalted butter, half-and-half, dill",remove,8,"['t,c,heat,f,re,l,d,e,o']"
62394,salmon and rice phyllo packets,"fresh spinach, lemon juice, nutmeg, salmon fillets, phyllo pastry, butter, yellow onion, mushroom, vegetable stock, water, salt, pepper, wild rice, long grain rice, white wine vinegar, dry white wine, onions, unsalted butter, half-and-half, dill",let,8,"['t,c,heat,f,re,l,d,e,o']"
62394,salmon and rice phyllo packets,"fresh spinach, lemon juice, nutmeg, salmon fillets, phyllo pastry, butter, yellow onion, mushroom, vegetable stock, water, salt, pepper, wild rice, long grain rice, white wine vinegar, dry white wine, onions, unsalted butter, half-and-half, dill",trim,9,"['water,spinach,t,c,s,p,in,pin,l,d,e,o']"
62394,salmon and rice phyllo packets,"fresh spinach, lemon juice, nutmeg, salmon fillets, phyllo pastry, butter, yellow onion, mushroom, vegetable stock, water, salt, pepper, wild rice, long grain rice, white wine vinegar, dry white wine, onions, unsalted butter, half-and-half, dill",rinse,9,"['water,spinach,t,c,s,p,in,pin,l,d,e,o']"
62394,salmon and rice phyllo packets,"fresh spinach, lemon juice, nutmeg, salmon fillets, phyllo pastry, butter, yellow onion, mushroom, vegetable stock, water, salt, pepper, wild rice, long grain rice, white wine vinegar, dry white wine, onions, unsalted butter, half-and-half, dill",cooked,10,"['sauce,pan,cook,t,c,min,heat,s,p,can,in,medium,de,f,au,press,re,ad,l,d,e,nut,o,y']"
62394,salmon and rice phyllo packets,"fresh spinach, lemon juice, nutmeg, salmon fillets, phyllo pastry, butter, yellow onion, mushroom, vegetable stock, water, salt, pepper, wild rice, long grain rice, white wine vinegar, dry white wine, onions, unsalted butter, half-and-half, dill",press,10,"['sauce,pan,cook,t,c,min,heat,s,p,can,in,medium,de,f,au,press,re,ad,l,d,e,nut,o,y']"
62394,salmon and rice phyllo packets,"fresh spinach, lemon juice, nutmeg, salmon fillets, phyllo pastry, butter, yellow onion, mushroom, vegetable stock, water, salt, pepper, wild rice, long grain rice, white wine vinegar, dry white wine, onions, unsalted butter, half-and-half, dill",toss,12,"['juice,nutmeg,lemon,t,c,ice,s,l,d,e,nut,o,g']"
62394,salmon and rice phyllo packets,"fresh spinach, lemon juice, nutmeg, salmon fillets, phyllo pastry, butter, yellow onion, mushroom, vegetable stock, water, salt, pepper, wild rice, long grain rice, white wine vinegar, dry white wine, onions, unsalted butter, half-and-half, dill",cut,13,"['t,c,salmon,s,p,in,pie,l,pieces,nt,e,o']"
62394,salmon and rice phyllo packets,"fresh spinach, lemon juice, nutmeg, salmon fillets, phyllo pastry, butter, yellow onion, mushroom, vegetable stock, water, salt, pepper, wild rice, long grain rice, white wine vinegar, dry white wine, onions, unsalted butter, half-and-half, dill",lay,16,"['butter,t,s,p,phyllo,sheet,f,one,top,re,l,d,b,e,butt,o,y']"
62394,salmon and rice phyllo packets,"fresh spinach, lemon juice, nutmeg, salmon fillets, phyllo pastry, butter, yellow onion, mushroom, vegetable stock, water, salt, pepper, wild rice, long grain rice, white wine vinegar, dry white wine, onions, unsalted butter, half-and-half, dill",leaving,17,"['rice,t,c,ice,mix,s,p,end,in,pastry,vin,de,past,f,hr,re,l,d,nt,e,o,y,g']"
62394,salmon and rice phyllo packets,"fresh spinach, lemon juice, nutmeg, salmon fillets, phyllo pastry, butter, yellow onion, mushroom, vegetable stock, water, salt, pepper, wild rice, long grain rice, white wine vinegar, dry white wine, onions, unsalted butter, half-and-half, dill",ont,17,"['rice,t,c,ice,mix,s,p,end,in,pastry,vin,de,past,f,hr,re,l,d,nt,e,o,y,g']"
62394,salmon and rice phyllo packets,"fresh spinach, lemon juice, nutmeg, salmon fillets, phyllo pastry, butter, yellow onion, mushroom, vegetable stock, water, salt, pepper, wild rice, long grain rice, white wine vinegar, dry white wine, onions, unsalted butter, half-and-half, dill",ends,17,"['rice,t,c,ice,mix,s,p,end,in,pastry,vin,de,past,f,hr,re,l,d,nt,e,o,y,g']"
62394,salmon and rice phyllo packets,"fresh spinach, lemon juice, nutmeg, salmon fillets, phyllo pastry, butter, yellow onion, mushroom, vegetable stock, water, salt, pepper, wild rice, long grain rice, white wine vinegar, dry white wine, onions, unsalted butter, half-and-half, dill",fold,20,"['t,salmon,s,p,in,de,f,top,l,d,e,edge,o,g']"
62394,salmon and rice phyllo packets,"fresh spinach, lemon juice, nutmeg, salmon fillets, phyllo pastry, butter, yellow onion, mushroom, vegetable stock, water, salt, pepper, wild rice, long grain rice, white wine vinegar, dry white wine, onions, unsalted butter, half-and-half, dill",taking,21,"['t,c,ice,s,p,in,roll,de,age,f,re,l,d,nt,e,o,y,g']"
62394,salmon and rice phyllo packets,"fresh spinach, lemon juice, nutmeg, salmon fillets, phyllo pastry, butter, yellow onion, mushroom, vegetable stock, water, salt, pepper, wild rice, long grain rice, white wine vinegar, dry white wine, onions, unsalted butter, half-and-half, dill",formed,21,"['t,c,ice,s,p,in,roll,de,age,f,re,l,d,nt,e,o,y,g']"
62394,salmon and rice phyllo packets,"fresh spinach, lemon juice, nutmeg, salmon fillets, phyllo pastry, butter, yellow onion, mushroom, vegetable stock, water, salt, pepper, wild rice, long grain rice, white wine vinegar, dry white wine, onions, unsalted butter, half-and-half, dill",brust,22,"['butter,sea,t,c,grease,baking,s,p,in,sheet,de,re,l,d,b,e,butt,o,g']"
62394,salmon and rice phyllo packets,"fresh spinach, lemon juice, nutmeg, salmon fillets, phyllo pastry, butter, yellow onion, mushroom, vegetable stock, water, salt, pepper, wild rice, long grain rice, white wine vinegar, dry white wine, onions, unsalted butter, half-and-half, dill",repeat,23,"['t,c,pea,s,p,age,re,red,l,d,nt,e,o,y,g']"
62394,salmon and rice phyllo packets,"fresh spinach, lemon juice, nutmeg, salmon fillets, phyllo pastry, butter, yellow onion, mushroom, vegetable stock, water, salt, pepper, wild rice, long grain rice, white wine vinegar, dry white wine, onions, unsalted butter, half-and-half, dill",have,23,"['t,c,pea,s,p,age,re,red,l,d,nt,e,o,y,g']"
62394,salmon and rice phyllo packets,"fresh spinach, lemon juice, nutmeg, salmon fillets, phyllo pastry, butter, yellow onion, mushroom, vegetable stock, water, salt, pepper, wild rice, long grain rice, white wine vinegar, dry white wine, onions, unsalted butter, half-and-half, dill",prepared,23,"['t,c,pea,s,p,age,re,red,l,d,nt,e,o,y,g']"
62394,salmon and rice phyllo packets,"fresh spinach, lemon juice, nutmeg, salmon fillets, phyllo pastry, butter, yellow onion, mushroom, vegetable stock, water, salt, pepper, wild rice, long grain rice, white wine vinegar, dry white wine, onions, unsalted butter, half-and-half, dill",bake,24,"['brown,t,c,ice,min,rack,heat,s,p,in,de,oven,f,re,l,d,b,nt,e,gold,nut,o,y,g']"
62394,salmon and rice phyllo packets,"fresh spinach, lemon juice, nutmeg, salmon fillets, phyllo pastry, butter, yellow onion, mushroom, vegetable stock, water, salt, pepper, wild rice, long grain rice, white wine vinegar, dry white wine, onions, unsalted butter, half-and-half, dill",are,25,"['t,c,fish,baking,s,p,in,age,f,re,l,b,e,g']"
62394,salmon and rice phyllo packets,"fresh spinach, lemon juice, nutmeg, salmon fillets, phyllo pastry, butter, yellow onion, mushroom, vegetable stock, water, salt, pepper, wild rice, long grain rice, white wine vinegar, dry white wine, onions, unsalted butter, half-and-half, dill",boil,26,"['sauce,pepper,salt,oil,onion,pan,vinegar,wine,onions,t,c,boil,min,s,p,in,medium,vin,f,au,l,d,b,e,vine,nut,o,g']"
62394,salmon and rice phyllo packets,"fresh spinach, lemon juice, nutmeg, salmon fillets, phyllo pastry, butter, yellow onion, mushroom, vegetable stock, water, salt, pepper, wild rice, long grain rice, white wine vinegar, dry white wine, onions, unsalted butter, half-and-half, dill",want,27,"['butter,cube,t,c,s,in,re,red,d,b,nt,e,butt,o,y,ts']"
62394,salmon and rice phyllo packets,"fresh spinach, lemon juice, nutmeg, salmon fillets, phyllo pastry, butter, yellow onion, mushroom, vegetable stock, water, salt, pepper, wild rice, long grain rice, white wine vinegar, dry white wine, onions, unsalted butter, half-and-half, dill",reduced,27,"['butter,cube,t,c,s,in,re,red,d,b,nt,e,butt,o,y,ts']"
62394,salmon and rice phyllo packets,"fresh spinach, lemon juice, nutmeg, salmon fillets, phyllo pastry, butter, yellow onion, mushroom, vegetable stock, water, salt, pepper, wild rice, long grain rice, white wine vinegar, dry white wine, onions, unsalted butter, half-and-half, dill",whisk,27,"['butter,cube,t,c,s,in,re,red,d,b,nt,e,butt,o,y,ts']"
62394,salmon and rice phyllo packets,"fresh spinach, lemon juice, nutmeg, salmon fillets, phyllo pastry, butter, yellow onion, mushroom, vegetable stock, water, salt, pepper, wild rice, long grain rice, white wine vinegar, dry white wine, onions, unsalted butter, half-and-half, dill",whisk,28,"['t,c,half,s,in,f,l,d,nt,e,o']"
62394,salmon and rice phyllo packets,"fresh spinach, lemon juice, nutmeg, salmon fillets, phyllo pastry, butter, yellow onion, mushroom, vegetable stock, water, salt, pepper, wild rice, long grain rice, white wine vinegar, dry white wine, onions, unsalted butter, half-and-half, dill",serve,29,"['t,c,salmon,s,p,age,l,e,o,g']"
