Id,Name,AllIngredients,Verbs,Steps,Ingredient
62470,curry devil,"chicken, pork spareribs, vienna sausages, carrots, white onions, cabbage, pineapple, tomatoes, green chilies, red chilies, potatoes, dried chilies, fresh chili peppers, onions, ginger, turmeric, mustard seeds, canola oil, white vinegar, tomato ketchup, english mustard, salt, dark soya sauce, water",grind,2,"chicken, pork spareribs, vienna sausages, carrots, white onions, cabbage, pineapple, tomatoes, green chilies, red chilies, potatoes, dried chilies, fresh chili peppers, onions, ginger, turmeric, mustard seeds, canola oil, white vinegar, tomato ketchup, english mustard, salt, dark soya sauce, water"
62470,curry devil,"chicken, pork spareribs, vienna sausages, carrots, white onions, cabbage, pineapple, tomatoes, green chilies, red chilies, potatoes, dried chilies, fresh chili peppers, onions, ginger, turmeric, mustard seeds, canola oil, white vinegar, tomato ketchup, english mustard, salt, dark soya sauce, water",get,2,"chicken, pork spareribs, vienna sausages, carrots, white onions, cabbage, pineapple, tomatoes, green chilies, red chilies, potatoes, dried chilies, fresh chili peppers, onions, ginger, turmeric, mustard seeds, canola oil, white vinegar, tomato ketchup, english mustard, salt, dark soya sauce, water"
62470,curry devil,"chicken, pork spareribs, vienna sausages, carrots, white onions, cabbage, pineapple, tomatoes, green chilies, red chilies, potatoes, dried chilies, fresh chili peppers, onions, ginger, turmeric, mustard seeds, canola oil, white vinegar, tomato ketchup, english mustard, salt, dark soya sauce, water",set,3,"['t,s,de']"
62470,curry devil,"chicken, pork spareribs, vienna sausages, carrots, white onions, cabbage, pineapple, tomatoes, green chilies, red chilies, potatoes, dried chilies, fresh chili peppers, onions, ginger, turmeric, mustard seeds, canola oil, white vinegar, tomato ketchup, english mustard, salt, dark soya sauce, water",heat,4,"['oil,pan,spice,t,c,ice,min,heat,mix,s,p,in,de,f,-,re,red,l']"
62470,curry devil,"chicken, pork spareribs, vienna sausages, carrots, white onions, cabbage, pineapple, tomatoes, green chilies, red chilies, potatoes, dried chilies, fresh chili peppers, onions, ginger, turmeric, mustard seeds, canola oil, white vinegar, tomato ketchup, english mustard, salt, dark soya sauce, water",stir,4,"['oil,pan,spice,t,c,ice,min,heat,mix,s,p,in,de,f,-,re,red,l']"
62470,curry devil,"chicken, pork spareribs, vienna sausages, carrots, white onions, cabbage, pineapple, tomatoes, green chilies, red chilies, potatoes, dried chilies, fresh chili peppers, onions, ginger, turmeric, mustard seeds, canola oil, white vinegar, tomato ketchup, english mustard, salt, dark soya sauce, water",stir,10,"['t,min,s,in,f,l']"
62470,curry devil,"chicken, pork spareribs, vienna sausages, carrots, white onions, cabbage, pineapple, tomatoes, green chilies, red chilies, potatoes, dried chilies, fresh chili peppers, onions, ginger, turmeric, mustard seeds, canola oil, white vinegar, tomato ketchup, english mustard, salt, dark soya sauce, water",stir,12,"['vegetable,cook,t,table,c,min,s,in,veg,f,re,l']"
62470,curry devil,"chicken, pork spareribs, vienna sausages, carrots, white onions, cabbage, pineapple, tomatoes, green chilies, red chilies, potatoes, dried chilies, fresh chili peppers, onions, ginger, turmeric, mustard seeds, canola oil, white vinegar, tomato ketchup, english mustard, salt, dark soya sauce, water",fry,4,"['oil,pan,spice,t,c,ice,min,heat,mix,s,p,in,de,f,-,re,red,l']"
62470,curry devil,"chicken, pork spareribs, vienna sausages, carrots, white onions, cabbage, pineapple, tomatoes, green chilies, red chilies, potatoes, dried chilies, fresh chili peppers, onions, ginger, turmeric, mustard seeds, canola oil, white vinegar, tomato ketchup, english mustard, salt, dark soya sauce, water",is,4,"['oil,pan,spice,t,c,ice,min,heat,mix,s,p,in,de,f,-,re,red,l']"
62470,curry devil,"chicken, pork spareribs, vienna sausages, carrots, white onions, cabbage, pineapple, tomatoes, green chilies, red chilies, potatoes, dried chilies, fresh chili peppers, onions, ginger, turmeric, mustard seeds, canola oil, white vinegar, tomato ketchup, english mustard, salt, dark soya sauce, water",exudes,4,"['oil,pan,spice,t,c,ice,min,heat,mix,s,p,in,de,f,-,re,red,l']"
62470,curry devil,"chicken, pork spareribs, vienna sausages, carrots, white onions, cabbage, pineapple, tomatoes, green chilies, red chilies, potatoes, dried chilies, fresh chili peppers, onions, ginger, turmeric, mustard seeds, canola oil, white vinegar, tomato ketchup, english mustard, salt, dark soya sauce, water",add,5,"['onion,wedges,t,min,s,wedge,in,f,-,ad']"
62470,curry devil,"chicken, pork spareribs, vienna sausages, carrots, white onions, cabbage, pineapple, tomatoes, green chilies, red chilies, potatoes, dried chilies, fresh chili peppers, onions, ginger, turmeric, mustard seeds, canola oil, white vinegar, tomato ketchup, english mustard, salt, dark soya sauce, water",add,6,"['ribs,chicken,t,c,s,p,f,-,re,chick,ad']"
62470,curry devil,"chicken, pork spareribs, vienna sausages, carrots, white onions, cabbage, pineapple, tomatoes, green chilies, red chilies, potatoes, dried chilies, fresh chili peppers, onions, ginger, turmeric, mustard seeds, canola oil, white vinegar, tomato ketchup, english mustard, salt, dark soya sauce, water",add,7,"['oil,season,seasoning,sea,t,boil,s,in,ad,l']"
62470,curry devil,"chicken, pork spareribs, vienna sausages, carrots, white onions, cabbage, pineapple, tomatoes, green chilies, red chilies, potatoes, dried chilies, fresh chili peppers, onions, ginger, turmeric, mustard seeds, canola oil, white vinegar, tomato ketchup, english mustard, salt, dark soya sauce, water",add,9,"['carrot,sausage,pot,potatoes,t,c,sage,potato,s,p,age,au,sausages,ad,l']"
62470,curry devil,"chicken, pork spareribs, vienna sausages, carrots, white onions, cabbage, pineapple, tomatoes, green chilies, red chilies, potatoes, dried chilies, fresh chili peppers, onions, ginger, turmeric, mustard seeds, canola oil, white vinegar, tomato ketchup, english mustard, salt, dark soya sauce, water",bring,7,"['oil,season,seasoning,sea,t,boil,s,in,ad,l']"
62470,curry devil,"chicken, pork spareribs, vienna sausages, carrots, white onions, cabbage, pineapple, tomatoes, green chilies, red chilies, potatoes, dried chilies, fresh chili peppers, onions, ginger, turmeric, mustard seeds, canola oil, white vinegar, tomato ketchup, english mustard, salt, dark soya sauce, water",boil,7,"['oil,season,seasoning,sea,t,boil,s,in,ad,l']"
62470,curry devil,"chicken, pork spareribs, vienna sausages, carrots, white onions, cabbage, pineapple, tomatoes, green chilies, red chilies, potatoes, dried chilies, fresh chili peppers, onions, ginger, turmeric, mustard seeds, canola oil, white vinegar, tomato ketchup, english mustard, salt, dark soya sauce, water",turn,8,"['t,c,min,heat,mix,s,in,f,re,red,l']"
62470,curry devil,"chicken, pork spareribs, vienna sausages, carrots, white onions, cabbage, pineapple, tomatoes, green chilies, red chilies, potatoes, dried chilies, fresh chili peppers, onions, ginger, turmeric, mustard seeds, canola oil, white vinegar, tomato ketchup, english mustard, salt, dark soya sauce, water",leave,8,"['t,c,min,heat,mix,s,in,f,re,red,l']"
62470,curry devil,"chicken, pork spareribs, vienna sausages, carrots, white onions, cabbage, pineapple, tomatoes, green chilies, red chilies, potatoes, dried chilies, fresh chili peppers, onions, ginger, turmeric, mustard seeds, canola oil, white vinegar, tomato ketchup, english mustard, salt, dark soya sauce, water",leave,11,"['vegetable,t,table,c,min,mix,s,p,in,veg,f,top,re,red,l']"
62470,curry devil,"chicken, pork spareribs, vienna sausages, carrots, white onions, cabbage, pineapple, tomatoes, green chilies, red chilies, potatoes, dried chilies, fresh chili peppers, onions, ginger, turmeric, mustard seeds, canola oil, white vinegar, tomato ketchup, english mustard, salt, dark soya sauce, water",leave,16,"['curry,t,c,heat,-,re,red,l']"
62470,curry devil,"chicken, pork spareribs, vienna sausages, carrots, white onions, cabbage, pineapple, tomatoes, green chilies, red chilies, potatoes, dried chilies, fresh chili peppers, onions, ginger, turmeric, mustard seeds, canola oil, white vinegar, tomato ketchup, english mustard, salt, dark soya sauce, water",simmer,8,"['t,c,min,heat,mix,s,in,f,re,red,l']"
62470,curry devil,"chicken, pork spareribs, vienna sausages, carrots, white onions, cabbage, pineapple, tomatoes, green chilies, red chilies, potatoes, dried chilies, fresh chili peppers, onions, ginger, turmeric, mustard seeds, canola oil, white vinegar, tomato ketchup, english mustard, salt, dark soya sauce, water",simmer,10,"['t,min,s,in,f,l']"
62470,curry devil,"chicken, pork spareribs, vienna sausages, carrots, white onions, cabbage, pineapple, tomatoes, green chilies, red chilies, potatoes, dried chilies, fresh chili peppers, onions, ginger, turmeric, mustard seeds, canola oil, white vinegar, tomato ketchup, english mustard, salt, dark soya sauce, water",simmer,11,"['vegetable,t,table,c,min,mix,s,p,in,veg,f,top,re,red,l']"
62470,curry devil,"chicken, pork spareribs, vienna sausages, carrots, white onions, cabbage, pineapple, tomatoes, green chilies, red chilies, potatoes, dried chilies, fresh chili peppers, onions, ginger, turmeric, mustard seeds, canola oil, white vinegar, tomato ketchup, english mustard, salt, dark soya sauce, water",covered,8,"['t,c,min,heat,mix,s,in,f,re,red,l']"
62470,curry devil,"chicken, pork spareribs, vienna sausages, carrots, white onions, cabbage, pineapple, tomatoes, green chilies, red chilies, potatoes, dried chilies, fresh chili peppers, onions, ginger, turmeric, mustard seeds, canola oil, white vinegar, tomato ketchup, english mustard, salt, dark soya sauce, water",covered,11,"['vegetable,t,table,c,min,mix,s,p,in,veg,f,top,re,red,l']"
62470,curry devil,"chicken, pork spareribs, vienna sausages, carrots, white onions, cabbage, pineapple, tomatoes, green chilies, red chilies, potatoes, dried chilies, fresh chili peppers, onions, ginger, turmeric, mustard seeds, canola oil, white vinegar, tomato ketchup, english mustard, salt, dark soya sauce, water",place,11,"['vegetable,t,table,c,min,mix,s,p,in,veg,f,top,re,red,l']"
62470,curry devil,"chicken, pork spareribs, vienna sausages, carrots, white onions, cabbage, pineapple, tomatoes, green chilies, red chilies, potatoes, dried chilies, fresh chili peppers, onions, ginger, turmeric, mustard seeds, canola oil, white vinegar, tomato ketchup, english mustard, salt, dark soya sauce, water",remove,12,"['vegetable,cook,t,table,c,min,s,in,veg,f,re,l']"
62470,curry devil,"chicken, pork spareribs, vienna sausages, carrots, white onions, cabbage, pineapple, tomatoes, green chilies, red chilies, potatoes, dried chilies, fresh chili peppers, onions, ginger, turmeric, mustard seeds, canola oil, white vinegar, tomato ketchup, english mustard, salt, dark soya sauce, water",cook,12,"['vegetable,cook,t,table,c,min,s,in,veg,f,re,l']"
62470,curry devil,"chicken, pork spareribs, vienna sausages, carrots, white onions, cabbage, pineapple, tomatoes, green chilies, red chilies, potatoes, dried chilies, fresh chili peppers, onions, ginger, turmeric, mustard seeds, canola oil, white vinegar, tomato ketchup, english mustard, salt, dark soya sauce, water",dish,13,"['t,c,ice,s,in,vin,dish,l']"
62470,curry devil,"chicken, pork spareribs, vienna sausages, carrots, white onions, cabbage, pineapple, tomatoes, green chilies, red chilies, potatoes, dried chilies, fresh chili peppers, onions, ginger, turmeric, mustard seeds, canola oil, white vinegar, tomato ketchup, english mustard, salt, dark soya sauce, water",serving,13,"['t,c,ice,s,in,vin,dish,l']"
62470,curry devil,"chicken, pork spareribs, vienna sausages, carrots, white onions, cabbage, pineapple, tomatoes, green chilies, red chilies, potatoes, dried chilies, fresh chili peppers, onions, ginger, turmeric, mustard seeds, canola oil, white vinegar, tomato ketchup, english mustard, salt, dark soya sauce, water",allows,14,"['t,s,in,f,l']"
62470,curry devil,"chicken, pork spareribs, vienna sausages, carrots, white onions, cabbage, pineapple, tomatoes, green chilies, red chilies, potatoes, dried chilies, fresh chili peppers, onions, ginger, turmeric, mustard seeds, canola oil, white vinegar, tomato ketchup, english mustard, salt, dark soya sauce, water",soak,14,"['t,s,in,f,l']"
62470,curry devil,"chicken, pork spareribs, vienna sausages, carrots, white onions, cabbage, pineapple, tomatoes, green chilies, red chilies, potatoes, dried chilies, fresh chili peppers, onions, ginger, turmeric, mustard seeds, canola oil, white vinegar, tomato ketchup, english mustard, salt, dark soya sauce, water",cool,16,"['curry,t,c,heat,-,re,red,l']"
62470,curry devil,"chicken, pork spareribs, vienna sausages, carrots, white onions, cabbage, pineapple, tomatoes, green chilies, red chilies, potatoes, dried chilies, fresh chili peppers, onions, ginger, turmeric, mustard seeds, canola oil, white vinegar, tomato ketchup, english mustard, salt, dark soya sauce, water",uncovered,16,"['curry,t,c,heat,-,re,red,l']"
62470,curry devil,"chicken, pork spareribs, vienna sausages, carrots, white onions, cabbage, pineapple, tomatoes, green chilies, red chilies, potatoes, dried chilies, fresh chili peppers, onions, ginger, turmeric, mustard seeds, canola oil, white vinegar, tomato ketchup, english mustard, salt, dark soya sauce, water",required,16,"['curry,t,c,heat,-,re,red,l']"
62470,curry devil,"chicken, pork spareribs, vienna sausages, carrots, white onions, cabbage, pineapple, tomatoes, green chilies, red chilies, potatoes, dried chilies, fresh chili peppers, onions, ginger, turmeric, mustard seeds, canola oil, white vinegar, tomato ketchup, english mustard, salt, dark soya sauce, water",re,16,"['curry,t,c,heat,-,re,red,l']"
