Id,Name,AllIngredients,Verbs,Steps,Ingredient
62778,california pizza kitchen thai chicken pizza,"peanut butter, hoisin sauce, honey, red wine vinegar, minced ginger, minced garlic cloves, toasted sesame oil, soy sauce, chili sauce, oyster sauce, water, olive oil, boneless skinless chicken breasts, pizza dough, cornmeal, mozzarella cheese, scallions, bean sprouts, carrot, roasted peanuts, fresh cilantro",combine,1,{}
62778,california pizza kitchen thai chicken pizza,"peanut butter, hoisin sauce, honey, red wine vinegar, minced ginger, minced garlic cloves, toasted sesame oil, soy sauce, chili sauce, oyster sauce, water, olive oil, boneless skinless chicken breasts, pizza dough, cornmeal, mozzarella cheese, scallions, bean sprouts, carrot, roasted peanuts, fresh cilantro",bring,2,"['sauce,oil,t,c,boil,s,in']"
62778,california pizza kitchen thai chicken pizza,"peanut butter, hoisin sauce, honey, red wine vinegar, minced ginger, minced garlic cloves, toasted sesame oil, soy sauce, chili sauce, oyster sauce, water, olive oil, boneless skinless chicken breasts, pizza dough, cornmeal, mozzarella cheese, scallions, bean sprouts, carrot, roasted peanuts, fresh cilantro",boil,3,"['oil,t,boil,min,in']"
62778,california pizza kitchen thai chicken pizza,"peanut butter, hoisin sauce, honey, red wine vinegar, minced ginger, minced garlic cloves, toasted sesame oil, soy sauce, chili sauce, oyster sauce, water, olive oil, boneless skinless chicken breasts, pizza dough, cornmeal, mozzarella cheese, scallions, bean sprouts, carrot, roasted peanuts, fresh cilantro",divide,4,"['chicken,t,c,s,p,in,pizza']"
62778,california pizza kitchen thai chicken pizza,"peanut butter, hoisin sauce, honey, red wine vinegar, minced ginger, minced garlic cloves, toasted sesame oil, soy sauce, chili sauce, oyster sauce, water, olive oil, boneless skinless chicken breasts, pizza dough, cornmeal, mozzarella cheese, scallions, bean sprouts, carrot, roasted peanuts, fresh cilantro",set,5,"['t,s']"
62778,california pizza kitchen thai chicken pizza,"peanut butter, hoisin sauce, honey, red wine vinegar, minced ginger, minced garlic cloves, toasted sesame oil, soy sauce, chili sauce, oyster sauce, water, olive oil, boneless skinless chicken breasts, pizza dough, cornmeal, mozzarella cheese, scallions, bean sprouts, carrot, roasted peanuts, fresh cilantro",set,8,"['t,c,s,in']"
62778,california pizza kitchen thai chicken pizza,"peanut butter, hoisin sauce, honey, red wine vinegar, minced ginger, minced garlic cloves, toasted sesame oil, soy sauce, chili sauce, oyster sauce, water, olive oil, boneless skinless chicken breasts, pizza dough, cornmeal, mozzarella cheese, scallions, bean sprouts, carrot, roasted peanuts, fresh cilantro",set,10,"['t,s,in']"
62778,california pizza kitchen thai chicken pizza,"peanut butter, hoisin sauce, honey, red wine vinegar, minced ginger, minced garlic cloves, toasted sesame oil, soy sauce, chili sauce, oyster sauce, water, olive oil, boneless skinless chicken breasts, pizza dough, cornmeal, mozzarella cheese, scallions, bean sprouts, carrot, roasted peanuts, fresh cilantro",make,6,"['oil,chicken,olive,cook,t,c,heat,s,in']"
62778,california pizza kitchen thai chicken pizza,"peanut butter, hoisin sauce, honey, red wine vinegar, minced ginger, minced garlic cloves, toasted sesame oil, soy sauce, chili sauce, oyster sauce, water, olive oil, boneless skinless chicken breasts, pizza dough, cornmeal, mozzarella cheese, scallions, bean sprouts, carrot, roasted peanuts, fresh cilantro",make,11,"['sauce,read,t,c,s,p,in,pizza,dough']"
62778,california pizza kitchen thai chicken pizza,"peanut butter, hoisin sauce, honey, red wine vinegar, minced ginger, minced garlic cloves, toasted sesame oil, soy sauce, chili sauce, oyster sauce, water, olive oil, boneless skinless chicken breasts, pizza dough, cornmeal, mozzarella cheese, scallions, bean sprouts, carrot, roasted peanuts, fresh cilantro",cook,6,"['oil,chicken,olive,cook,t,c,heat,s,in']"
62778,california pizza kitchen thai chicken pizza,"peanut butter, hoisin sauce, honey, red wine vinegar, minced ginger, minced garlic cloves, toasted sesame oil, soy sauce, chili sauce, oyster sauce, water, olive oil, boneless skinless chicken breasts, pizza dough, cornmeal, mozzarella cheese, scallions, bean sprouts, carrot, roasted peanuts, fresh cilantro",cooked,6,"['oil,chicken,olive,cook,t,c,heat,s,in']"
62778,california pizza kitchen thai chicken pizza,"peanut butter, hoisin sauce, honey, red wine vinegar, minced ginger, minced garlic cloves, toasted sesame oil, soy sauce, chili sauce, oyster sauce, water, olive oil, boneless skinless chicken breasts, pizza dough, cornmeal, mozzarella cheese, scallions, bean sprouts, carrot, roasted peanuts, fresh cilantro",cooked,17,"['cook,t,c,p,pizza']"
62778,california pizza kitchen thai chicken pizza,"peanut butter, hoisin sauce, honey, red wine vinegar, minced ginger, minced garlic cloves, toasted sesame oil, soy sauce, chili sauce, oyster sauce, water, olive oil, boneless skinless chicken breasts, pizza dough, cornmeal, mozzarella cheese, scallions, bean sprouts, carrot, roasted peanuts, fresh cilantro",overcook,7,"['cook,t,c,min,s,in']"
62778,california pizza kitchen thai chicken pizza,"peanut butter, hoisin sauce, honey, red wine vinegar, minced ginger, minced garlic cloves, toasted sesame oil, soy sauce, chili sauce, oyster sauce, water, olive oil, boneless skinless chicken breasts, pizza dough, cornmeal, mozzarella cheese, scallions, bean sprouts, carrot, roasted peanuts, fresh cilantro",chilled,8,"['t,c,s,in']"
62778,california pizza kitchen thai chicken pizza,"peanut butter, hoisin sauce, honey, red wine vinegar, minced ginger, minced garlic cloves, toasted sesame oil, soy sauce, chili sauce, oyster sauce, water, olive oil, boneless skinless chicken breasts, pizza dough, cornmeal, mozzarella cheese, scallions, bean sprouts, carrot, roasted peanuts, fresh cilantro",chilled,9,"['sauce,chicken,t,c,oat,s,p']"
62778,california pizza kitchen thai chicken pizza,"peanut butter, hoisin sauce, honey, red wine vinegar, minced ginger, minced garlic cloves, toasted sesame oil, soy sauce, chili sauce, oyster sauce, water, olive oil, boneless skinless chicken breasts, pizza dough, cornmeal, mozzarella cheese, scallions, bean sprouts, carrot, roasted peanuts, fresh cilantro",coat,9,"['sauce,chicken,t,c,oat,s,p']"
62778,california pizza kitchen thai chicken pizza,"peanut butter, hoisin sauce, honey, red wine vinegar, minced ginger, minced garlic cloves, toasted sesame oil, soy sauce, chili sauce, oyster sauce, water, olive oil, boneless skinless chicken breasts, pizza dough, cornmeal, mozzarella cheese, scallions, bean sprouts, carrot, roasted peanuts, fresh cilantro",use,11,"['sauce,read,t,c,s,p,in,pizza,dough']"
62778,california pizza kitchen thai chicken pizza,"peanut butter, hoisin sauce, honey, red wine vinegar, minced ginger, minced garlic cloves, toasted sesame oil, soy sauce, chili sauce, oyster sauce, water, olive oil, boneless skinless chicken breasts, pizza dough, cornmeal, mozzarella cheese, scallions, bean sprouts, carrot, roasted peanuts, fresh cilantro",spread,11,"['sauce,read,t,c,s,p,in,pizza,dough']"
62778,california pizza kitchen thai chicken pizza,"peanut butter, hoisin sauce, honey, red wine vinegar, minced ginger, minced garlic cloves, toasted sesame oil, soy sauce, chili sauce, oyster sauce, water, olive oil, boneless skinless chicken breasts, pizza dough, cornmeal, mozzarella cheese, scallions, bean sprouts, carrot, roasted peanuts, fresh cilantro",cover,12,"['sauce,cheese,t,c,s,p']"
62778,california pizza kitchen thai chicken pizza,"peanut butter, hoisin sauce, honey, red wine vinegar, minced ginger, minced garlic cloves, toasted sesame oil, soy sauce, chili sauce, oyster sauce, water, olive oil, boneless skinless chicken breasts, pizza dough, cornmeal, mozzarella cheese, scallions, bean sprouts, carrot, roasted peanuts, fresh cilantro",distribute,13,"['carrots,onion,cheese,bean,sprouts,chicken,carrot,onions,t,c,half,s,p']"
62778,california pizza kitchen thai chicken pizza,"peanut butter, hoisin sauce, honey, red wine vinegar, minced ginger, minced garlic cloves, toasted sesame oil, soy sauce, chili sauce, oyster sauce, water, olive oil, boneless skinless chicken breasts, pizza dough, cornmeal, mozzarella cheese, scallions, bean sprouts, carrot, roasted peanuts, fresh cilantro",followed,13,"['carrots,onion,cheese,bean,sprouts,chicken,carrot,onions,t,c,half,s,p']"
62778,california pizza kitchen thai chicken pizza,"peanut butter, hoisin sauce, honey, red wine vinegar, minced ginger, minced garlic cloves, toasted sesame oil, soy sauce, chili sauce, oyster sauce, water, olive oil, boneless skinless chicken breasts, pizza dough, cornmeal, mozzarella cheese, scallions, bean sprouts, carrot, roasted peanuts, fresh cilantro",sprinkle,14,"['cheese,peanuts,peanut,chop,nuts,t,c,pea,s,p,in,pizza']"
62778,california pizza kitchen thai chicken pizza,"peanut butter, hoisin sauce, honey, red wine vinegar, minced ginger, minced garlic cloves, toasted sesame oil, soy sauce, chili sauce, oyster sauce, water, olive oil, boneless skinless chicken breasts, pizza dough, cornmeal, mozzarella cheese, scallions, bean sprouts, carrot, roasted peanuts, fresh cilantro",sprinkle,18,"['cilantro,chop,t,c,s,p,in']"
62778,california pizza kitchen thai chicken pizza,"peanut butter, hoisin sauce, honey, red wine vinegar, minced ginger, minced garlic cloves, toasted sesame oil, soy sauce, chili sauce, oyster sauce, water, olive oil, boneless skinless chicken breasts, pizza dough, cornmeal, mozzarella cheese, scallions, bean sprouts, carrot, roasted peanuts, fresh cilantro",top,14,"['cheese,peanuts,peanut,chop,nuts,t,c,pea,s,p,in,pizza']"
62778,california pizza kitchen thai chicken pizza,"peanut butter, hoisin sauce, honey, red wine vinegar, minced ginger, minced garlic cloves, toasted sesame oil, soy sauce, chili sauce, oyster sauce, water, olive oil, boneless skinless chicken breasts, pizza dough, cornmeal, mozzarella cheese, scallions, bean sprouts, carrot, roasted peanuts, fresh cilantro",chopped,14,"['cheese,peanuts,peanut,chop,nuts,t,c,pea,s,p,in,pizza']"
62778,california pizza kitchen thai chicken pizza,"peanut butter, hoisin sauce, honey, red wine vinegar, minced ginger, minced garlic cloves, toasted sesame oil, soy sauce, chili sauce, oyster sauce, water, olive oil, boneless skinless chicken breasts, pizza dough, cornmeal, mozzarella cheese, scallions, bean sprouts, carrot, roasted peanuts, fresh cilantro",chopped,18,"['cilantro,chop,t,c,s,p,in']"
62778,california pizza kitchen thai chicken pizza,"peanut butter, hoisin sauce, honey, red wine vinegar, minced ginger, minced garlic cloves, toasted sesame oil, soy sauce, chili sauce, oyster sauce, water, olive oil, boneless skinless chicken breasts, pizza dough, cornmeal, mozzarella cheese, scallions, bean sprouts, carrot, roasted peanuts, fresh cilantro",transfer,15,"['t,s,p,pizza']"
62778,california pizza kitchen thai chicken pizza,"peanut butter, hoisin sauce, honey, red wine vinegar, minced ginger, minced garlic cloves, toasted sesame oil, soy sauce, chili sauce, oyster sauce, water, olive oil, boneless skinless chicken breasts, pizza dough, cornmeal, mozzarella cheese, scallions, bean sprouts, carrot, roasted peanuts, fresh cilantro",oven,15,"['t,s,p,pizza']"
62778,california pizza kitchen thai chicken pizza,"peanut butter, hoisin sauce, honey, red wine vinegar, minced ginger, minced garlic cloves, toasted sesame oil, soy sauce, chili sauce, oyster sauce, water, olive oil, boneless skinless chicken breasts, pizza dough, cornmeal, mozzarella cheese, scallions, bean sprouts, carrot, roasted peanuts, fresh cilantro",bake,16,"['cheese,t,c,min,s,p,in']"
62778,california pizza kitchen thai chicken pizza,"peanut butter, hoisin sauce, honey, red wine vinegar, minced ginger, minced garlic cloves, toasted sesame oil, soy sauce, chili sauce, oyster sauce, water, olive oil, boneless skinless chicken breasts, pizza dough, cornmeal, mozzarella cheese, scallions, bean sprouts, carrot, roasted peanuts, fresh cilantro",is,16,"['cheese,t,c,min,s,p,in']"
62778,california pizza kitchen thai chicken pizza,"peanut butter, hoisin sauce, honey, red wine vinegar, minced ginger, minced garlic cloves, toasted sesame oil, soy sauce, chili sauce, oyster sauce, water, olive oil, boneless skinless chicken breasts, pizza dough, cornmeal, mozzarella cheese, scallions, bean sprouts, carrot, roasted peanuts, fresh cilantro",remove,17,"['cook,t,c,p,pizza']"
62778,california pizza kitchen thai chicken pizza,"peanut butter, hoisin sauce, honey, red wine vinegar, minced ginger, minced garlic cloves, toasted sesame oil, soy sauce, chili sauce, oyster sauce, water, olive oil, boneless skinless chicken breasts, pizza dough, cornmeal, mozzarella cheese, scallions, bean sprouts, carrot, roasted peanuts, fresh cilantro",repeat,19,"['t,c,pea,s,p,in,pizza']"
62778,california pizza kitchen thai chicken pizza,"peanut butter, hoisin sauce, honey, red wine vinegar, minced ginger, minced garlic cloves, toasted sesame oil, soy sauce, chili sauce, oyster sauce, water, olive oil, boneless skinless chicken breasts, pizza dough, cornmeal, mozzarella cheese, scallions, bean sprouts, carrot, roasted peanuts, fresh cilantro",remaining,19,"['t,c,pea,s,p,in,pizza']"
