Id,Name,AllIngredients,Verbs,Steps,Ingredient
64045,some like it hot,"onion, garlic, ground coriander, ground cumin, red chili pepper, peanut oil, carrots, green beans, tomatoes, vegetable stock, bean sprouts, tempeh, soy sauce, ground cayenne pepper, sambal oelek, ginger, brown sugar, water, desiccated coconut, peanuts",start,1,{}
64045,some like it hot,"onion, garlic, ground coriander, ground cumin, red chili pepper, peanut oil, carrots, green beans, tomatoes, vegetable stock, bean sprouts, tempeh, soy sauce, ground cayenne pepper, sambal oelek, ginger, brown sugar, water, desiccated coconut, peanuts",fry,1,"['coconut,peanuts,brown']"
64045,some like it hot,"onion, garlic, ground coriander, ground cumin, red chili pepper, peanut oil, carrots, green beans, tomatoes, vegetable stock, bean sprouts, tempeh, soy sauce, ground cayenne pepper, sambal oelek, ginger, brown sugar, water, desiccated coconut, peanuts",fry,3,"['garlic,chili,pepper,oil,cumin,onion,coriander']"
64045,some like it hot,"onion, garlic, ground coriander, ground cumin, red chili pepper, peanut oil, carrots, green beans, tomatoes, vegetable stock, bean sprouts, tempeh, soy sauce, ground cayenne pepper, sambal oelek, ginger, brown sugar, water, desiccated coconut, peanuts",fry,4,"['oil,carrots,tomatoes,tomato,beans,stock']"
64045,some like it hot,"onion, garlic, ground coriander, ground cumin, red chili pepper, peanut oil, carrots, green beans, tomatoes, vegetable stock, bean sprouts, tempeh, soy sauce, ground cayenne pepper, sambal oelek, ginger, brown sugar, water, desiccated coconut, peanuts",fry,6,"['oil,tempeh']"
64045,some like it hot,"onion, garlic, ground coriander, ground cumin, red chili pepper, peanut oil, carrots, green beans, tomatoes, vegetable stock, bean sprouts, tempeh, soy sauce, ground cayenne pepper, sambal oelek, ginger, brown sugar, water, desiccated coconut, peanuts",fry,7,"['soy,vegetable']"
64045,some like it hot,"onion, garlic, ground coriander, ground cumin, red chili pepper, peanut oil, carrots, green beans, tomatoes, vegetable stock, bean sprouts, tempeh, soy sauce, ground cayenne pepper, sambal oelek, ginger, brown sugar, water, desiccated coconut, peanuts",tossing,1,"['coconut,peanuts,brown']"
64045,some like it hot,"onion, garlic, ground coriander, ground cumin, red chili pepper, peanut oil, carrots, green beans, tomatoes, vegetable stock, bean sprouts, tempeh, soy sauce, ground cayenne pepper, sambal oelek, ginger, brown sugar, water, desiccated coconut, peanuts",burn,1,"['coconut,peanuts,brown']"
64045,some like it hot,"onion, garlic, ground coriander, ground cumin, red chili pepper, peanut oil, carrots, green beans, tomatoes, vegetable stock, bean sprouts, tempeh, soy sauce, ground cayenne pepper, sambal oelek, ginger, brown sugar, water, desiccated coconut, peanuts",remove,1,"['coconut,peanuts,brown']"
64045,some like it hot,"onion, garlic, ground coriander, ground cumin, red chili pepper, peanut oil, carrots, green beans, tomatoes, vegetable stock, bean sprouts, tempeh, soy sauce, ground cayenne pepper, sambal oelek, ginger, brown sugar, water, desiccated coconut, peanuts",let,1,"['coconut,peanuts,brown']"
64045,some like it hot,"onion, garlic, ground coriander, ground cumin, red chili pepper, peanut oil, carrots, green beans, tomatoes, vegetable stock, bean sprouts, tempeh, soy sauce, ground cayenne pepper, sambal oelek, ginger, brown sugar, water, desiccated coconut, peanuts",mix,2,"['soy,sauce,garlic,ginger,sugar,water,cayenne,tempeh']"
64045,some like it hot,"onion, garlic, ground coriander, ground cumin, red chili pepper, peanut oil, carrots, green beans, tomatoes, vegetable stock, bean sprouts, tempeh, soy sauce, ground cayenne pepper, sambal oelek, ginger, brown sugar, water, desiccated coconut, peanuts",mix,7,"['soy,vegetable']"
64045,some like it hot,"onion, garlic, ground coriander, ground cumin, red chili pepper, peanut oil, carrots, green beans, tomatoes, vegetable stock, bean sprouts, tempeh, soy sauce, ground cayenne pepper, sambal oelek, ginger, brown sugar, water, desiccated coconut, peanuts",set,2,"['soy,sauce,garlic,ginger,sugar,water,cayenne,tempeh']"
64045,some like it hot,"onion, garlic, ground coriander, ground cumin, red chili pepper, peanut oil, carrots, green beans, tomatoes, vegetable stock, bean sprouts, tempeh, soy sauce, ground cayenne pepper, sambal oelek, ginger, brown sugar, water, desiccated coconut, peanuts",use,2,"['soy,sauce,garlic,ginger,sugar,water,cayenne,tempeh']"
64045,some like it hot,"onion, garlic, ground coriander, ground cumin, red chili pepper, peanut oil, carrots, green beans, tomatoes, vegetable stock, bean sprouts, tempeh, soy sauce, ground cayenne pepper, sambal oelek, ginger, brown sugar, water, desiccated coconut, peanuts",use,3,"['garlic,chili,pepper,oil,cumin,onion,coriander']"
64045,some like it hot,"onion, garlic, ground coriander, ground cumin, red chili pepper, peanut oil, carrots, green beans, tomatoes, vegetable stock, bean sprouts, tempeh, soy sauce, ground cayenne pepper, sambal oelek, ginger, brown sugar, water, desiccated coconut, peanuts",fried,2,"['soy,sauce,garlic,ginger,sugar,water,cayenne,tempeh']"
64045,some like it hot,"onion, garlic, ground coriander, ground cumin, red chili pepper, peanut oil, carrots, green beans, tomatoes, vegetable stock, bean sprouts, tempeh, soy sauce, ground cayenne pepper, sambal oelek, ginger, brown sugar, water, desiccated coconut, peanuts",heat,3,"['garlic,chili,pepper,oil,cumin,onion,coriander']"
64045,some like it hot,"onion, garlic, ground coriander, ground cumin, red chili pepper, peanut oil, carrots, green beans, tomatoes, vegetable stock, bean sprouts, tempeh, soy sauce, ground cayenne pepper, sambal oelek, ginger, brown sugar, water, desiccated coconut, peanuts",heat,5,"['oil,tempeh']"
64045,some like it hot,"onion, garlic, ground coriander, ground cumin, red chili pepper, peanut oil, carrots, green beans, tomatoes, vegetable stock, bean sprouts, tempeh, soy sauce, ground cayenne pepper, sambal oelek, ginger, brown sugar, water, desiccated coconut, peanuts",add,3,"['garlic,chili,pepper,oil,cumin,onion,coriander']"
64045,some like it hot,"onion, garlic, ground coriander, ground cumin, red chili pepper, peanut oil, carrots, green beans, tomatoes, vegetable stock, bean sprouts, tempeh, soy sauce, ground cayenne pepper, sambal oelek, ginger, brown sugar, water, desiccated coconut, peanuts",add,4,"['oil,carrots,tomatoes,tomato,beans,stock']"
64045,some like it hot,"onion, garlic, ground coriander, ground cumin, red chili pepper, peanut oil, carrots, green beans, tomatoes, vegetable stock, bean sprouts, tempeh, soy sauce, ground cayenne pepper, sambal oelek, ginger, brown sugar, water, desiccated coconut, peanuts",add,7,"['soy,vegetable']"
64045,some like it hot,"onion, garlic, ground coriander, ground cumin, red chili pepper, peanut oil, carrots, green beans, tomatoes, vegetable stock, bean sprouts, tempeh, soy sauce, ground cayenne pepper, sambal oelek, ginger, brown sugar, water, desiccated coconut, peanuts",add,9,['sugar']
64045,some like it hot,"onion, garlic, ground coriander, ground cumin, red chili pepper, peanut oil, carrots, green beans, tomatoes, vegetable stock, bean sprouts, tempeh, soy sauce, ground cayenne pepper, sambal oelek, ginger, brown sugar, water, desiccated coconut, peanuts",add,10,"['bean,sprouts']"
64045,some like it hot,"onion, garlic, ground coriander, ground cumin, red chili pepper, peanut oil, carrots, green beans, tomatoes, vegetable stock, bean sprouts, tempeh, soy sauce, ground cayenne pepper, sambal oelek, ginger, brown sugar, water, desiccated coconut, peanuts",see,4,"['oil,carrots,tomatoes,tomato,beans,stock']"
64045,some like it hot,"onion, garlic, ground coriander, ground cumin, red chili pepper, peanut oil, carrots, green beans, tomatoes, vegetable stock, bean sprouts, tempeh, soy sauce, ground cayenne pepper, sambal oelek, ginger, brown sugar, water, desiccated coconut, peanuts",see,7,"['soy,vegetable']"
64045,some like it hot,"onion, garlic, ground coriander, ground cumin, red chili pepper, peanut oil, carrots, green beans, tomatoes, vegetable stock, bean sprouts, tempeh, soy sauce, ground cayenne pepper, sambal oelek, ginger, brown sugar, water, desiccated coconut, peanuts",see,9,['sugar']
64045,some like it hot,"onion, garlic, ground coriander, ground cumin, red chili pepper, peanut oil, carrots, green beans, tomatoes, vegetable stock, bean sprouts, tempeh, soy sauce, ground cayenne pepper, sambal oelek, ginger, brown sugar, water, desiccated coconut, peanuts",see,10,"['bean,sprouts']"
64045,some like it hot,"onion, garlic, ground coriander, ground cumin, red chili pepper, peanut oil, carrots, green beans, tomatoes, vegetable stock, bean sprouts, tempeh, soy sauce, ground cayenne pepper, sambal oelek, ginger, brown sugar, water, desiccated coconut, peanuts",going,4,"['oil,carrots,tomatoes,tomato,beans,stock']"
64045,some like it hot,"onion, garlic, ground coriander, ground cumin, red chili pepper, peanut oil, carrots, green beans, tomatoes, vegetable stock, bean sprouts, tempeh, soy sauce, ground cayenne pepper, sambal oelek, ginger, brown sugar, water, desiccated coconut, peanuts",bring,4,"['oil,carrots,tomatoes,tomato,beans,stock']"
64045,some like it hot,"onion, garlic, ground coriander, ground cumin, red chili pepper, peanut oil, carrots, green beans, tomatoes, vegetable stock, bean sprouts, tempeh, soy sauce, ground cayenne pepper, sambal oelek, ginger, brown sugar, water, desiccated coconut, peanuts",simmer,4,"['oil,carrots,tomatoes,tomato,beans,stock']"
64045,some like it hot,"onion, garlic, ground coriander, ground cumin, red chili pepper, peanut oil, carrots, green beans, tomatoes, vegetable stock, bean sprouts, tempeh, soy sauce, ground cayenne pepper, sambal oelek, ginger, brown sugar, water, desiccated coconut, peanuts",hold,5,"['oil,tempeh']"
64045,some like it hot,"onion, garlic, ground coriander, ground cumin, red chili pepper, peanut oil, carrots, green beans, tomatoes, vegetable stock, bean sprouts, tempeh, soy sauce, ground cayenne pepper, sambal oelek, ginger, brown sugar, water, desiccated coconut, peanuts",soak,6,"['oil,tempeh']"
64045,some like it hot,"onion, garlic, ground coriander, ground cumin, red chili pepper, peanut oil, carrots, green beans, tomatoes, vegetable stock, bean sprouts, tempeh, soy sauce, ground cayenne pepper, sambal oelek, ginger, brown sugar, water, desiccated coconut, peanuts",starting,7,"['soy,vegetable']"
64045,some like it hot,"onion, garlic, ground coriander, ground cumin, red chili pepper, peanut oil, carrots, green beans, tomatoes, vegetable stock, bean sprouts, tempeh, soy sauce, ground cayenne pepper, sambal oelek, ginger, brown sugar, water, desiccated coconut, peanuts",color,7,"['soy,vegetable']"
64045,some like it hot,"onion, garlic, ground coriander, ground cumin, red chili pepper, peanut oil, carrots, green beans, tomatoes, vegetable stock, bean sprouts, tempeh, soy sauce, ground cayenne pepper, sambal oelek, ginger, brown sugar, water, desiccated coconut, peanuts",stir,7,"['soy,vegetable']"
64045,some like it hot,"onion, garlic, ground coriander, ground cumin, red chili pepper, peanut oil, carrots, green beans, tomatoes, vegetable stock, bean sprouts, tempeh, soy sauce, ground cayenne pepper, sambal oelek, ginger, brown sugar, water, desiccated coconut, peanuts",coat,7,"['soy,vegetable']"
64045,some like it hot,"onion, garlic, ground coriander, ground cumin, red chili pepper, peanut oil, carrots, green beans, tomatoes, vegetable stock, bean sprouts, tempeh, soy sauce, ground cayenne pepper, sambal oelek, ginger, brown sugar, water, desiccated coconut, peanuts",made,8,"['sauce,tomatoes,tomato']"
64045,some like it hot,"onion, garlic, ground coriander, ground cumin, red chili pepper, peanut oil, carrots, green beans, tomatoes, vegetable stock, bean sprouts, tempeh, soy sauce, ground cayenne pepper, sambal oelek, ginger, brown sugar, water, desiccated coconut, peanuts",dissolved,8,"['sauce,tomatoes,tomato']"
64045,some like it hot,"onion, garlic, ground coriander, ground cumin, red chili pepper, peanut oil, carrots, green beans, tomatoes, vegetable stock, bean sprouts, tempeh, soy sauce, ground cayenne pepper, sambal oelek, ginger, brown sugar, water, desiccated coconut, peanuts",taste,9,['sugar']
64045,some like it hot,"onion, garlic, ground coriander, ground cumin, red chili pepper, peanut oil, carrots, green beans, tomatoes, vegetable stock, bean sprouts, tempeh, soy sauce, ground cayenne pepper, sambal oelek, ginger, brown sugar, water, desiccated coconut, peanuts",want,9,['sugar']
64045,some like it hot,"onion, garlic, ground coriander, ground cumin, red chili pepper, peanut oil, carrots, green beans, tomatoes, vegetable stock, bean sprouts, tempeh, soy sauce, ground cayenne pepper, sambal oelek, ginger, brown sugar, water, desiccated coconut, peanuts",cook,10,"['bean,sprouts']"
64045,some like it hot,"onion, garlic, ground coriander, ground cumin, red chili pepper, peanut oil, carrots, green beans, tomatoes, vegetable stock, bean sprouts, tempeh, soy sauce, ground cayenne pepper, sambal oelek, ginger, brown sugar, water, desiccated coconut, peanuts",go,10,"['bean,sprouts']"
64045,some like it hot,"onion, garlic, ground coriander, ground cumin, red chili pepper, peanut oil, carrots, green beans, tomatoes, vegetable stock, bean sprouts, tempeh, soy sauce, ground cayenne pepper, sambal oelek, ginger, brown sugar, water, desiccated coconut, peanuts",transfer,11,"['coconut,peanut']"
64045,some like it hot,"onion, garlic, ground coriander, ground cumin, red chili pepper, peanut oil, carrots, green beans, tomatoes, vegetable stock, bean sprouts, tempeh, soy sauce, ground cayenne pepper, sambal oelek, ginger, brown sugar, water, desiccated coconut, peanuts",serving,11,"['coconut,peanut']"
64045,some like it hot,"onion, garlic, ground coriander, ground cumin, red chili pepper, peanut oil, carrots, green beans, tomatoes, vegetable stock, bean sprouts, tempeh, soy sauce, ground cayenne pepper, sambal oelek, ginger, brown sugar, water, desiccated coconut, peanuts",sprinkle,11,"['coconut,peanut']"
64045,some like it hot,"onion, garlic, ground coriander, ground cumin, red chili pepper, peanut oil, carrots, green beans, tomatoes, vegetable stock, bean sprouts, tempeh, soy sauce, ground cayenne pepper, sambal oelek, ginger, brown sugar, water, desiccated coconut, peanuts",serve,11,"['coconut,peanut']"
64045,some like it hot,"onion, garlic, ground coriander, ground cumin, red chili pepper, peanut oil, carrots, green beans, tomatoes, vegetable stock, bean sprouts, tempeh, soy sauce, ground cayenne pepper, sambal oelek, ginger, brown sugar, water, desiccated coconut, peanuts",remaining,11,"['coconut,peanut']"
