Id,Name,AllIngredients,Verbs,Steps,Ingredient
64509,mongolian lamb meatballs with spicy sauce,"ground lamb, fresh ginger, garlic cloves, onion, breadcrumbs, dry sherry, soy sauce, parsley, egg, vegetable oil, red pepper, shallots, lamb stock cube, cornflour, water, hoisin sauce, sweet chili sauce, peanut butter, five-spice powder, unsalted dry roasted peanuts",combine,1,{}
64509,mongolian lamb meatballs with spicy sauce,"ground lamb, fresh ginger, garlic cloves, onion, breadcrumbs, dry sherry, soy sauce, parsley, egg, vegetable oil, red pepper, shallots, lamb stock cube, cornflour, water, hoisin sauce, sweet chili sauce, peanut butter, five-spice powder, unsalted dry roasted peanuts",refrigerate,3,"['t,c,p,f,one,re,l,d,e']"
64509,mongolian lamb meatballs with spicy sauce,"ground lamb, fresh ginger, garlic cloves, onion, breadcrumbs, dry sherry, soy sauce, parsley, egg, vegetable oil, red pepper, shallots, lamb stock cube, cornflour, water, hoisin sauce, sweet chili sauce, peanut butter, five-spice powder, unsalted dry roasted peanuts",add,5,"['t,c,meatballs,ball,s,in,meat,ad,l,d,b,e,balls']"
64509,mongolian lamb meatballs with spicy sauce,"ground lamb, fresh ginger, garlic cloves, onion, breadcrumbs, dry sherry, soy sauce, parsley, egg, vegetable oil, red pepper, shallots, lamb stock cube, cornflour, water, hoisin sauce, sweet chili sauce, peanut butter, five-spice powder, unsalted dry roasted peanuts",add,7,"['pepper,t,shallot,s,p,ad,l,d,e']"
64509,mongolian lamb meatballs with spicy sauce,"ground lamb, fresh ginger, garlic cloves, onion, breadcrumbs, dry sherry, soy sauce, parsley, egg, vegetable oil, red pepper, shallots, lamb stock cube, cornflour, water, hoisin sauce, sweet chili sauce, peanut butter, five-spice powder, unsalted dry roasted peanuts",add,9,"['sauce,powder,flour,butter,water,stock,peanut,corn,cube,spice,t,rum,c,ice,meatballs,ball,blend,pea,s,p,cornflour,end,in,meat,de,crumb,f,au,re,ad,l,d,b,e,butt,nut,balls']"
64509,mongolian lamb meatballs with spicy sauce,"ground lamb, fresh ginger, garlic cloves, onion, breadcrumbs, dry sherry, soy sauce, parsley, egg, vegetable oil, red pepper, shallots, lamb stock cube, cornflour, water, hoisin sauce, sweet chili sauce, peanut butter, five-spice powder, unsalted dry roasted peanuts",stir,6,"['cook,t,c,meatballs,ball,s,meat,f,re,l,d,b,nt,e,balls']"
64509,mongolian lamb meatballs with spicy sauce,"ground lamb, fresh ginger, garlic cloves, onion, breadcrumbs, dry sherry, soy sauce, parsley, egg, vegetable oil, red pepper, shallots, lamb stock cube, cornflour, water, hoisin sauce, sweet chili sauce, peanut butter, five-spice powder, unsalted dry roasted peanuts",stir,8,"['t,s,f']"
64509,mongolian lamb meatballs with spicy sauce,"ground lamb, fresh ginger, garlic cloves, onion, breadcrumbs, dry sherry, soy sauce, parsley, egg, vegetable oil, red pepper, shallots, lamb stock cube, cornflour, water, hoisin sauce, sweet chili sauce, peanut butter, five-spice powder, unsalted dry roasted peanuts",stir,10,"['oil,t,c,boil,mix,s,re,l,d,light,b,nt,e']"
64509,mongolian lamb meatballs with spicy sauce,"ground lamb, fresh ginger, garlic cloves, onion, breadcrumbs, dry sherry, soy sauce, parsley, egg, vegetable oil, red pepper, shallots, lamb stock cube, cornflour, water, hoisin sauce, sweet chili sauce, peanut butter, five-spice powder, unsalted dry roasted peanuts",cooked,6,"['cook,t,c,meatballs,ball,s,meat,f,re,l,d,b,nt,e,balls']"
64509,mongolian lamb meatballs with spicy sauce,"ground lamb, fresh ginger, garlic cloves, onion, breadcrumbs, dry sherry, soy sauce, parsley, egg, vegetable oil, red pepper, shallots, lamb stock cube, cornflour, water, hoisin sauce, sweet chili sauce, peanut butter, five-spice powder, unsalted dry roasted peanuts",remove,6,"['cook,t,c,meatballs,ball,s,meat,f,re,l,d,b,nt,e,balls']"
64509,mongolian lamb meatballs with spicy sauce,"ground lamb, fresh ginger, garlic cloves, onion, breadcrumbs, dry sherry, soy sauce, parsley, egg, vegetable oil, red pepper, shallots, lamb stock cube, cornflour, water, hoisin sauce, sweet chili sauce, peanut butter, five-spice powder, unsalted dry roasted peanuts",remaining,9,"['sauce,powder,flour,butter,water,stock,peanut,corn,cube,spice,t,rum,c,ice,meatballs,ball,blend,pea,s,p,cornflour,end,in,meat,de,crumb,f,au,re,ad,l,d,b,e,butt,nut,balls']"
64509,mongolian lamb meatballs with spicy sauce,"ground lamb, fresh ginger, garlic cloves, onion, breadcrumbs, dry sherry, soy sauce, parsley, egg, vegetable oil, red pepper, shallots, lamb stock cube, cornflour, water, hoisin sauce, sweet chili sauce, peanut butter, five-spice powder, unsalted dry roasted peanuts",boils,10,"['oil,t,c,boil,mix,s,re,l,d,light,b,nt,e']"
64509,mongolian lamb meatballs with spicy sauce,"ground lamb, fresh ginger, garlic cloves, onion, breadcrumbs, dry sherry, soy sauce, parsley, egg, vegetable oil, red pepper, shallots, lamb stock cube, cornflour, water, hoisin sauce, sweet chili sauce, peanut butter, five-spice powder, unsalted dry roasted peanuts",thickens,10,"['oil,t,c,boil,mix,s,re,l,d,light,b,nt,e']"
64509,mongolian lamb meatballs with spicy sauce,"ground lamb, fresh ginger, garlic cloves, onion, breadcrumbs, dry sherry, soy sauce, parsley, egg, vegetable oil, red pepper, shallots, lamb stock cube, cornflour, water, hoisin sauce, sweet chili sauce, peanut butter, five-spice powder, unsalted dry roasted peanuts",serve,11,"['peanuts,peanut,nuts,t,pea,s,p,in,l,d,e,nut']"
64509,mongolian lamb meatballs with spicy sauce,"ground lamb, fresh ginger, garlic cloves, onion, breadcrumbs, dry sherry, soy sauce, parsley, egg, vegetable oil, red pepper, shallots, lamb stock cube, cornflour, water, hoisin sauce, sweet chili sauce, peanut butter, five-spice powder, unsalted dry roasted peanuts",sprinkled,11,"['peanuts,peanut,nuts,t,pea,s,p,in,l,d,e,nut']"
