Id,Name,AllIngredients,Verbs,Steps,Ingredient
64694,crabby tortilla wrap with 3 cheese filling,"whole wheat tortillas, crab, ricotta cheese, parmesan cheese, cayenne pepper, tabasco sauce, fresh cilantro, fresh spinach, roma tomatoes, fresh carrot, green bell pepper, sweet red pepper, yellow sweet pepper, pitted black olives, green olives, celery, green onions, extra virgin olive oil, sea salt, old cheddar cheese",cut,2,"['pepper,peppers,t,c,s,p,f,top,re,red']"
64694,crabby tortilla wrap with 3 cheese filling,"whole wheat tortillas, crab, ricotta cheese, parmesan cheese, cayenne pepper, tabasco sauce, fresh cilantro, fresh spinach, roma tomatoes, fresh carrot, green bell pepper, sweet red pepper, yellow sweet pepper, pitted black olives, green olives, celery, green onions, extra virgin olive oil, sea salt, old cheddar cheese",roast,3,"['pepper,peppers,pan,t,c,min,roast,s,p,in,oven,f,-']"
64694,crabby tortilla wrap with 3 cheese filling,"whole wheat tortillas, crab, ricotta cheese, parmesan cheese, cayenne pepper, tabasco sauce, fresh cilantro, fresh spinach, roma tomatoes, fresh carrot, green bell pepper, sweet red pepper, yellow sweet pepper, pitted black olives, green olives, celery, green onions, extra virgin olive oil, sea salt, old cheddar cheese",roast,4,"['t,roast,s,de,f,re']"
64694,crabby tortilla wrap with 3 cheese filling,"whole wheat tortillas, crab, ricotta cheese, parmesan cheese, cayenne pepper, tabasco sauce, fresh cilantro, fresh spinach, roma tomatoes, fresh carrot, green bell pepper, sweet red pepper, yellow sweet pepper, pitted black olives, green olives, celery, green onions, extra virgin olive oil, sea salt, old cheddar cheese",begins,3,"['pepper,peppers,pan,t,c,min,roast,s,p,in,oven,f,-']"
64694,crabby tortilla wrap with 3 cheese filling,"whole wheat tortillas, crab, ricotta cheese, parmesan cheese, cayenne pepper, tabasco sauce, fresh cilantro, fresh spinach, roma tomatoes, fresh carrot, green bell pepper, sweet red pepper, yellow sweet pepper, pitted black olives, green olives, celery, green onions, extra virgin olive oil, sea salt, old cheddar cheese",bubble,3,"['pepper,peppers,pan,t,c,min,roast,s,p,in,oven,f,-']"
64694,crabby tortilla wrap with 3 cheese filling,"whole wheat tortillas, crab, ricotta cheese, parmesan cheese, cayenne pepper, tabasco sauce, fresh cilantro, fresh spinach, roma tomatoes, fresh carrot, green bell pepper, sweet red pepper, yellow sweet pepper, pitted black olives, green olives, celery, green onions, extra virgin olive oil, sea salt, old cheddar cheese",separates,3,"['pepper,peppers,pan,t,c,min,roast,s,p,in,oven,f,-']"
64694,crabby tortilla wrap with 3 cheese filling,"whole wheat tortillas, crab, ricotta cheese, parmesan cheese, cayenne pepper, tabasco sauce, fresh cilantro, fresh spinach, roma tomatoes, fresh carrot, green bell pepper, sweet red pepper, yellow sweet pepper, pitted black olives, green olives, celery, green onions, extra virgin olive oil, sea salt, old cheddar cheese",turn,4,"['t,roast,s,de,f,re']"
64694,crabby tortilla wrap with 3 cheese filling,"whole wheat tortillas, crab, ricotta cheese, parmesan cheese, cayenne pepper, tabasco sauce, fresh cilantro, fresh spinach, roma tomatoes, fresh carrot, green bell pepper, sweet red pepper, yellow sweet pepper, pitted black olives, green olives, celery, green onions, extra virgin olive oil, sea salt, old cheddar cheese",turn,31,"['t,mix,s,in,f,re,red']"
64694,crabby tortilla wrap with 3 cheese filling,"whole wheat tortillas, crab, ricotta cheese, parmesan cheese, cayenne pepper, tabasco sauce, fresh cilantro, fresh spinach, roma tomatoes, fresh carrot, green bell pepper, sweet red pepper, yellow sweet pepper, pitted black olives, green olives, celery, green onions, extra virgin olive oil, sea salt, old cheddar cheese",allow,4,"['t,roast,s,de,f,re']"
64694,crabby tortilla wrap with 3 cheese filling,"whole wheat tortillas, crab, ricotta cheese, parmesan cheese, cayenne pepper, tabasco sauce, fresh cilantro, fresh spinach, roma tomatoes, fresh carrot, green bell pepper, sweet red pepper, yellow sweet pepper, pitted black olives, green olives, celery, green onions, extra virgin olive oil, sea salt, old cheddar cheese",remove,5,"['t,c,oven,f,re']"
64694,crabby tortilla wrap with 3 cheese filling,"whole wheat tortillas, crab, ricotta cheese, parmesan cheese, cayenne pepper, tabasco sauce, fresh cilantro, fresh spinach, roma tomatoes, fresh carrot, green bell pepper, sweet red pepper, yellow sweet pepper, pitted black olives, green olives, celery, green onions, extra virgin olive oil, sea salt, old cheddar cheese",remove,7,"['seed,t,c,seeds,s,re']"
64694,crabby tortilla wrap with 3 cheese filling,"whole wheat tortillas, crab, ricotta cheese, parmesan cheese, cayenne pepper, tabasco sauce, fresh cilantro, fresh spinach, roma tomatoes, fresh carrot, green bell pepper, sweet red pepper, yellow sweet pepper, pitted black olives, green olives, celery, green onions, extra virgin olive oil, sea salt, old cheddar cheese",remove,12,"['spinach,t,c,s,p,in,pin,f,re']"
64694,crabby tortilla wrap with 3 cheese filling,"whole wheat tortillas, crab, ricotta cheese, parmesan cheese, cayenne pepper, tabasco sauce, fresh cilantro, fresh spinach, roma tomatoes, fresh carrot, green bell pepper, sweet red pepper, yellow sweet pepper, pitted black olives, green olives, celery, green onions, extra virgin olive oil, sea salt, old cheddar cheese",remove,17,"['spinach,pot,cook,t,c,s,p,in,pin,de,f,re']"
64694,crabby tortilla wrap with 3 cheese filling,"whole wheat tortillas, crab, ricotta cheese, parmesan cheese, cayenne pepper, tabasco sauce, fresh cilantro, fresh spinach, roma tomatoes, fresh carrot, green bell pepper, sweet red pepper, yellow sweet pepper, pitted black olives, green olives, celery, green onions, extra virgin olive oil, sea salt, old cheddar cheese",remove,23,"['t,heat,s,de,f,re']"
64694,crabby tortilla wrap with 3 cheese filling,"whole wheat tortillas, crab, ricotta cheese, parmesan cheese, cayenne pepper, tabasco sauce, fresh cilantro, fresh spinach, roma tomatoes, fresh carrot, green bell pepper, sweet red pepper, yellow sweet pepper, pitted black olives, green olives, celery, green onions, extra virgin olive oil, sea salt, old cheddar cheese",remove,28,"['t,c,heat,f,re']"
64694,crabby tortilla wrap with 3 cheese filling,"whole wheat tortillas, crab, ricotta cheese, parmesan cheese, cayenne pepper, tabasco sauce, fresh cilantro, fresh spinach, roma tomatoes, fresh carrot, green bell pepper, sweet red pepper, yellow sweet pepper, pitted black olives, green olives, celery, green onions, extra virgin olive oil, sea salt, old cheddar cheese",let,5,"['t,c,oven,f,re']"
64694,crabby tortilla wrap with 3 cheese filling,"whole wheat tortillas, crab, ricotta cheese, parmesan cheese, cayenne pepper, tabasco sauce, fresh cilantro, fresh spinach, roma tomatoes, fresh carrot, green bell pepper, sweet red pepper, yellow sweet pepper, pitted black olives, green olives, celery, green onions, extra virgin olive oil, sea salt, old cheddar cheese",let,28,"['t,c,heat,f,re']"
64694,crabby tortilla wrap with 3 cheese filling,"whole wheat tortillas, crab, ricotta cheese, parmesan cheese, cayenne pepper, tabasco sauce, fresh cilantro, fresh spinach, roma tomatoes, fresh carrot, green bell pepper, sweet red pepper, yellow sweet pepper, pitted black olives, green olives, celery, green onions, extra virgin olive oil, sea salt, old cheddar cheese",peel,6,"['pepper,peppers,peel,t,s,p,in,one']"
64694,crabby tortilla wrap with 3 cheese filling,"whole wheat tortillas, crab, ricotta cheese, parmesan cheese, cayenne pepper, tabasco sauce, fresh cilantro, fresh spinach, roma tomatoes, fresh carrot, green bell pepper, sweet red pepper, yellow sweet pepper, pitted black olives, green olives, celery, green onions, extra virgin olive oil, sea salt, old cheddar cheese",make,6,"['pepper,peppers,peel,t,s,p,in,one']"
64694,crabby tortilla wrap with 3 cheese filling,"whole wheat tortillas, crab, ricotta cheese, parmesan cheese, cayenne pepper, tabasco sauce, fresh cilantro, fresh spinach, roma tomatoes, fresh carrot, green bell pepper, sweet red pepper, yellow sweet pepper, pitted black olives, green olives, celery, green onions, extra virgin olive oil, sea salt, old cheddar cheese",make,32,"['tortillas,tortilla,t,c,s,p,in,de,f']"
64694,crabby tortilla wrap with 3 cheese filling,"whole wheat tortillas, crab, ricotta cheese, parmesan cheese, cayenne pepper, tabasco sauce, fresh cilantro, fresh spinach, roma tomatoes, fresh carrot, green bell pepper, sweet red pepper, yellow sweet pepper, pitted black olives, green olives, celery, green onions, extra virgin olive oil, sea salt, old cheddar cheese",open,6,"['pepper,peppers,peel,t,s,p,in,one']"
64694,crabby tortilla wrap with 3 cheese filling,"whole wheat tortillas, crab, ricotta cheese, parmesan cheese, cayenne pepper, tabasco sauce, fresh cilantro, fresh spinach, roma tomatoes, fresh carrot, green bell pepper, sweet red pepper, yellow sweet pepper, pitted black olives, green olives, celery, green onions, extra virgin olive oil, sea salt, old cheddar cheese",discard,7,"['seed,t,c,seeds,s,re']"
64694,crabby tortilla wrap with 3 cheese filling,"whole wheat tortillas, crab, ricotta cheese, parmesan cheese, cayenne pepper, tabasco sauce, fresh cilantro, fresh spinach, roma tomatoes, fresh carrot, green bell pepper, sweet red pepper, yellow sweet pepper, pitted black olives, green olives, celery, green onions, extra virgin olive oil, sea salt, old cheddar cheese",discard,12,"['spinach,t,c,s,p,in,pin,f,re']"
64694,crabby tortilla wrap with 3 cheese filling,"whole wheat tortillas, crab, ricotta cheese, parmesan cheese, cayenne pepper, tabasco sauce, fresh cilantro, fresh spinach, roma tomatoes, fresh carrot, green bell pepper, sweet red pepper, yellow sweet pepper, pitted black olives, green olives, celery, green onions, extra virgin olive oil, sea salt, old cheddar cheese",chop,8,"['pepper,peppers,chop,t,c,roast,s,p,de,-']"
64694,crabby tortilla wrap with 3 cheese filling,"whole wheat tortillas, crab, ricotta cheese, parmesan cheese, cayenne pepper, tabasco sauce, fresh cilantro, fresh spinach, roma tomatoes, fresh carrot, green bell pepper, sweet red pepper, yellow sweet pepper, pitted black olives, green olives, celery, green onions, extra virgin olive oil, sea salt, old cheddar cheese",chop,19,"['spinach,chop,t,c,s,p,in,pin,f']"
64694,crabby tortilla wrap with 3 cheese filling,"whole wheat tortillas, crab, ricotta cheese, parmesan cheese, cayenne pepper, tabasco sauce, fresh cilantro, fresh spinach, roma tomatoes, fresh carrot, green bell pepper, sweet red pepper, yellow sweet pepper, pitted black olives, green olives, celery, green onions, extra virgin olive oil, sea salt, old cheddar cheese",set,8,"['pepper,peppers,chop,t,c,roast,s,p,de,-']"
64694,crabby tortilla wrap with 3 cheese filling,"whole wheat tortillas, crab, ricotta cheese, parmesan cheese, cayenne pepper, tabasco sauce, fresh cilantro, fresh spinach, roma tomatoes, fresh carrot, green bell pepper, sweet red pepper, yellow sweet pepper, pitted black olives, green olives, celery, green onions, extra virgin olive oil, sea salt, old cheddar cheese",set,10,"['cheese,t,c,cheddar,s,p,in,de,hr,re,red']"
64694,crabby tortilla wrap with 3 cheese filling,"whole wheat tortillas, crab, ricotta cheese, parmesan cheese, cayenne pepper, tabasco sauce, fresh cilantro, fresh spinach, roma tomatoes, fresh carrot, green bell pepper, sweet red pepper, yellow sweet pepper, pitted black olives, green olives, celery, green onions, extra virgin olive oil, sea salt, old cheddar cheese",set,20,"['cheese,ricotta,parmesan,t,c,mix,s,p,de']"
64694,crabby tortilla wrap with 3 cheese filling,"whole wheat tortillas, crab, ricotta cheese, parmesan cheese, cayenne pepper, tabasco sauce, fresh cilantro, fresh spinach, roma tomatoes, fresh carrot, green bell pepper, sweet red pepper, yellow sweet pepper, pitted black olives, green olives, celery, green onions, extra virgin olive oil, sea salt, old cheddar cheese",set,23,"['t,heat,s,de,f,re']"
64694,crabby tortilla wrap with 3 cheese filling,"whole wheat tortillas, crab, ricotta cheese, parmesan cheese, cayenne pepper, tabasco sauce, fresh cilantro, fresh spinach, roma tomatoes, fresh carrot, green bell pepper, sweet red pepper, yellow sweet pepper, pitted black olives, green olives, celery, green onions, extra virgin olive oil, sea salt, old cheddar cheese",use,9,"['t,s,oven']"
64694,crabby tortilla wrap with 3 cheese filling,"whole wheat tortillas, crab, ricotta cheese, parmesan cheese, cayenne pepper, tabasco sauce, fresh cilantro, fresh spinach, roma tomatoes, fresh carrot, green bell pepper, sweet red pepper, yellow sweet pepper, pitted black olives, green olives, celery, green onions, extra virgin olive oil, sea salt, old cheddar cheese",shred,10,"['cheese,t,c,cheddar,s,p,in,de,hr,re,red']"
64694,crabby tortilla wrap with 3 cheese filling,"whole wheat tortillas, crab, ricotta cheese, parmesan cheese, cayenne pepper, tabasco sauce, fresh cilantro, fresh spinach, roma tomatoes, fresh carrot, green bell pepper, sweet red pepper, yellow sweet pepper, pitted black olives, green olives, celery, green onions, extra virgin olive oil, sea salt, old cheddar cheese",wash,11,"['cheese,ricotta,spinach,leaves,t,c,mix,s,p,in,pin,re']"
64694,crabby tortilla wrap with 3 cheese filling,"whole wheat tortillas, crab, ricotta cheese, parmesan cheese, cayenne pepper, tabasco sauce, fresh cilantro, fresh spinach, roma tomatoes, fresh carrot, green bell pepper, sweet red pepper, yellow sweet pepper, pitted black olives, green olives, celery, green onions, extra virgin olive oil, sea salt, old cheddar cheese",leaves,11,"['cheese,ricotta,spinach,leaves,t,c,mix,s,p,in,pin,re']"
64694,crabby tortilla wrap with 3 cheese filling,"whole wheat tortillas, crab, ricotta cheese, parmesan cheese, cayenne pepper, tabasco sauce, fresh cilantro, fresh spinach, roma tomatoes, fresh carrot, green bell pepper, sweet red pepper, yellow sweet pepper, pitted black olives, green olives, celery, green onions, extra virgin olive oil, sea salt, old cheddar cheese",dry,13,"['spinach,t,c,s,p,in,pin']"
64694,crabby tortilla wrap with 3 cheese filling,"whole wheat tortillas, crab, ricotta cheese, parmesan cheese, cayenne pepper, tabasco sauce, fresh cilantro, fresh spinach, roma tomatoes, fresh carrot, green bell pepper, sweet red pepper, yellow sweet pepper, pitted black olives, green olives, celery, green onions, extra virgin olive oil, sea salt, old cheddar cheese",be,15,"['water,spinach,leaves,cook,t,c,s,p,in,pin,f,re']"
64694,crabby tortilla wrap with 3 cheese filling,"whole wheat tortillas, crab, ricotta cheese, parmesan cheese, cayenne pepper, tabasco sauce, fresh cilantro, fresh spinach, roma tomatoes, fresh carrot, green bell pepper, sweet red pepper, yellow sweet pepper, pitted black olives, green olives, celery, green onions, extra virgin olive oil, sea salt, old cheddar cheese",left,15,"['water,spinach,leaves,cook,t,c,s,p,in,pin,f,re']"
64694,crabby tortilla wrap with 3 cheese filling,"whole wheat tortillas, crab, ricotta cheese, parmesan cheese, cayenne pepper, tabasco sauce, fresh cilantro, fresh spinach, roma tomatoes, fresh carrot, green bell pepper, sweet red pepper, yellow sweet pepper, pitted black olives, green olives, celery, green onions, extra virgin olive oil, sea salt, old cheddar cheese",cook,15,"['water,spinach,leaves,cook,t,c,s,p,in,pin,f,re']"
64694,crabby tortilla wrap with 3 cheese filling,"whole wheat tortillas, crab, ricotta cheese, parmesan cheese, cayenne pepper, tabasco sauce, fresh cilantro, fresh spinach, roma tomatoes, fresh carrot, green bell pepper, sweet red pepper, yellow sweet pepper, pitted black olives, green olives, celery, green onions, extra virgin olive oil, sea salt, old cheddar cheese",cook,26,"['cook,t,c,min,mix,s,in,-']"
64694,crabby tortilla wrap with 3 cheese filling,"whole wheat tortillas, crab, ricotta cheese, parmesan cheese, cayenne pepper, tabasco sauce, fresh cilantro, fresh spinach, roma tomatoes, fresh carrot, green bell pepper, sweet red pepper, yellow sweet pepper, pitted black olives, green olives, celery, green onions, extra virgin olive oil, sea salt, old cheddar cheese",wilts,15,"['water,spinach,leaves,cook,t,c,s,p,in,pin,f,re']"
64694,crabby tortilla wrap with 3 cheese filling,"whole wheat tortillas, crab, ricotta cheese, parmesan cheese, cayenne pepper, tabasco sauce, fresh cilantro, fresh spinach, roma tomatoes, fresh carrot, green bell pepper, sweet red pepper, yellow sweet pepper, pitted black olives, green olives, celery, green onions, extra virgin olive oil, sea salt, old cheddar cheese",added,16,"['water,t,c,s,de,f,ad']"
64694,crabby tortilla wrap with 3 cheese filling,"whole wheat tortillas, crab, ricotta cheese, parmesan cheese, cayenne pepper, tabasco sauce, fresh cilantro, fresh spinach, roma tomatoes, fresh carrot, green bell pepper, sweet red pepper, yellow sweet pepper, pitted black olives, green olives, celery, green onions, extra virgin olive oil, sea salt, old cheddar cheese",feel,16,"['water,t,c,s,de,f,ad']"
64694,crabby tortilla wrap with 3 cheese filling,"whole wheat tortillas, crab, ricotta cheese, parmesan cheese, cayenne pepper, tabasco sauce, fresh cilantro, fresh spinach, roma tomatoes, fresh carrot, green bell pepper, sweet red pepper, yellow sweet pepper, pitted black olives, green olives, celery, green onions, extra virgin olive oil, sea salt, old cheddar cheese",drain,17,"['spinach,pot,cook,t,c,s,p,in,pin,de,f,re']"
64694,crabby tortilla wrap with 3 cheese filling,"whole wheat tortillas, crab, ricotta cheese, parmesan cheese, cayenne pepper, tabasco sauce, fresh cilantro, fresh spinach, roma tomatoes, fresh carrot, green bell pepper, sweet red pepper, yellow sweet pepper, pitted black olives, green olives, celery, green onions, extra virgin olive oil, sea salt, old cheddar cheese",squeeze,18,"['water,spinach,t,c,s,p,in,pin,f']"
64694,crabby tortilla wrap with 3 cheese filling,"whole wheat tortillas, crab, ricotta cheese, parmesan cheese, cayenne pepper, tabasco sauce, fresh cilantro, fresh spinach, roma tomatoes, fresh carrot, green bell pepper, sweet red pepper, yellow sweet pepper, pitted black olives, green olives, celery, green onions, extra virgin olive oil, sea salt, old cheddar cheese",mix,20,"['cheese,ricotta,parmesan,t,c,mix,s,p,de']"
64694,crabby tortilla wrap with 3 cheese filling,"whole wheat tortillas, crab, ricotta cheese, parmesan cheese, cayenne pepper, tabasco sauce, fresh cilantro, fresh spinach, roma tomatoes, fresh carrot, green bell pepper, sweet red pepper, yellow sweet pepper, pitted black olives, green olives, celery, green onions, extra virgin olive oil, sea salt, old cheddar cheese",mix,26,"['cook,t,c,min,mix,s,in,-']"
64694,crabby tortilla wrap with 3 cheese filling,"whole wheat tortillas, crab, ricotta cheese, parmesan cheese, cayenne pepper, tabasco sauce, fresh cilantro, fresh spinach, roma tomatoes, fresh carrot, green bell pepper, sweet red pepper, yellow sweet pepper, pitted black olives, green olives, celery, green onions, extra virgin olive oil, sea salt, old cheddar cheese",mix,31,"['t,mix,s,in,f,re,red']"
64694,crabby tortilla wrap with 3 cheese filling,"whole wheat tortillas, crab, ricotta cheese, parmesan cheese, cayenne pepper, tabasco sauce, fresh cilantro, fresh spinach, roma tomatoes, fresh carrot, green bell pepper, sweet red pepper, yellow sweet pepper, pitted black olives, green olives, celery, green onions, extra virgin olive oil, sea salt, old cheddar cheese",grated,20,"['cheese,ricotta,parmesan,t,c,mix,s,p,de']"
64694,crabby tortilla wrap with 3 cheese filling,"whole wheat tortillas, crab, ricotta cheese, parmesan cheese, cayenne pepper, tabasco sauce, fresh cilantro, fresh spinach, roma tomatoes, fresh carrot, green bell pepper, sweet red pepper, yellow sweet pepper, pitted black olives, green olives, celery, green onions, extra virgin olive oil, sea salt, old cheddar cheese",grated,25,"['salt,cayenne,celery,olive,carrot,tabasco,olives,t,c,s,f,re']"
64694,crabby tortilla wrap with 3 cheese filling,"whole wheat tortillas, crab, ricotta cheese, parmesan cheese, cayenne pepper, tabasco sauce, fresh cilantro, fresh spinach, roma tomatoes, fresh carrot, green bell pepper, sweet red pepper, yellow sweet pepper, pitted black olives, green olives, celery, green onions, extra virgin olive oil, sea salt, old cheddar cheese",chopped,22,"['onion,chop,onions,t,c,s,p,crab,meat,au,re']"
64694,crabby tortilla wrap with 3 cheese filling,"whole wheat tortillas, crab, ricotta cheese, parmesan cheese, cayenne pepper, tabasco sauce, fresh cilantro, fresh spinach, roma tomatoes, fresh carrot, green bell pepper, sweet red pepper, yellow sweet pepper, pitted black olives, green olives, celery, green onions, extra virgin olive oil, sea salt, old cheddar cheese",chopped,24,"['tomatoes,tomato,pan,chop,t,c,mix,s,p,in,roma,re,ad']"
64694,crabby tortilla wrap with 3 cheese filling,"whole wheat tortillas, crab, ricotta cheese, parmesan cheese, cayenne pepper, tabasco sauce, fresh cilantro, fresh spinach, roma tomatoes, fresh carrot, green bell pepper, sweet red pepper, yellow sweet pepper, pitted black olives, green olives, celery, green onions, extra virgin olive oil, sea salt, old cheddar cheese",add,24,"['tomatoes,tomato,pan,chop,t,c,mix,s,p,in,roma,re,ad']"
64694,crabby tortilla wrap with 3 cheese filling,"whole wheat tortillas, crab, ricotta cheese, parmesan cheese, cayenne pepper, tabasco sauce, fresh cilantro, fresh spinach, roma tomatoes, fresh carrot, green bell pepper, sweet red pepper, yellow sweet pepper, pitted black olives, green olives, celery, green onions, extra virgin olive oil, sea salt, old cheddar cheese",add,29,"['tomato,cheese,ricotta,t,c,mix,s,crab,in,meat,re,ad']"
64694,crabby tortilla wrap with 3 cheese filling,"whole wheat tortillas, crab, ricotta cheese, parmesan cheese, cayenne pepper, tabasco sauce, fresh cilantro, fresh spinach, roma tomatoes, fresh carrot, green bell pepper, sweet red pepper, yellow sweet pepper, pitted black olives, green olives, celery, green onions, extra virgin olive oil, sea salt, old cheddar cheese",heat,27,"['t,heat,s,in,re,red']"
64694,crabby tortilla wrap with 3 cheese filling,"whole wheat tortillas, crab, ricotta cheese, parmesan cheese, cayenne pepper, tabasco sauce, fresh cilantro, fresh spinach, roma tomatoes, fresh carrot, green bell pepper, sweet red pepper, yellow sweet pepper, pitted black olives, green olives, celery, green onions, extra virgin olive oil, sea salt, old cheddar cheese",mixing,29,"['tomato,cheese,ricotta,t,c,mix,s,crab,in,meat,re,ad']"
64694,crabby tortilla wrap with 3 cheese filling,"whole wheat tortillas, crab, ricotta cheese, parmesan cheese, cayenne pepper, tabasco sauce, fresh cilantro, fresh spinach, roma tomatoes, fresh carrot, green bell pepper, sweet red pepper, yellow sweet pepper, pitted black olives, green olives, celery, green onions, extra virgin olive oil, sea salt, old cheddar cheese",scoop,32,"['tortillas,tortilla,t,c,s,p,in,de,f']"
64694,crabby tortilla wrap with 3 cheese filling,"whole wheat tortillas, crab, ricotta cheese, parmesan cheese, cayenne pepper, tabasco sauce, fresh cilantro, fresh spinach, roma tomatoes, fresh carrot, green bell pepper, sweet red pepper, yellow sweet pepper, pitted black olives, green olives, celery, green onions, extra virgin olive oil, sea salt, old cheddar cheese",folding,32,"['tortillas,tortilla,t,c,s,p,in,de,f']"
64694,crabby tortilla wrap with 3 cheese filling,"whole wheat tortillas, crab, ricotta cheese, parmesan cheese, cayenne pepper, tabasco sauce, fresh cilantro, fresh spinach, roma tomatoes, fresh carrot, green bell pepper, sweet red pepper, yellow sweet pepper, pitted black olives, green olives, celery, green onions, extra virgin olive oil, sea salt, old cheddar cheese",shredded,33,"['cheese,t,c,s,p,de,top,hr,re,red']"
64694,crabby tortilla wrap with 3 cheese filling,"whole wheat tortillas, crab, ricotta cheese, parmesan cheese, cayenne pepper, tabasco sauce, fresh cilantro, fresh spinach, roma tomatoes, fresh carrot, green bell pepper, sweet red pepper, yellow sweet pepper, pitted black olives, green olives, celery, green onions, extra virgin olive oil, sea salt, old cheddar cheese",serve,34,"['t,c,ice,s,age,f']"
