Id,Name,AllIngredients,Verbs,Steps,Ingredient
64944,spicy tempeh crepes with a savoury carrot cream sauce,"tempeh, vegetable oil, lime, shiitake mushroom, garlic clove, asparagus, peanuts, vegetable broth, chunky peanut butter, soy sauce, lemongrass, lime juice, fresh ginger, shallot, curry powder, pepper, eggs, milk, flour, butter, cayenne pepper, salt, water, carrot, onion, garlic cloves, heavy cream",slice,1,{}
64944,spicy tempeh crepes with a savoury carrot cream sauce,"tempeh, vegetable oil, lime, shiitake mushroom, garlic clove, asparagus, peanuts, vegetable broth, chunky peanut butter, soy sauce, lemongrass, lime juice, fresh ginger, shallot, curry powder, pepper, eggs, milk, flour, butter, cayenne pepper, salt, water, carrot, onion, garlic cloves, heavy cream",combine,2,"['tempeh,t,c,s,p,in,de,re,ad,red,l,marinade,d,b,nt,e,o,g,ts']"
64944,spicy tempeh crepes with a savoury carrot cream sauce,"tempeh, vegetable oil, lime, shiitake mushroom, garlic clove, asparagus, peanuts, vegetable broth, chunky peanut butter, soy sauce, lemongrass, lime juice, fresh ginger, shallot, curry powder, pepper, eggs, milk, flour, butter, cayenne pepper, salt, water, carrot, onion, garlic cloves, heavy cream",add,2,"['tempeh,t,c,s,p,in,de,re,ad,red,l,marinade,d,b,nt,e,o,g,ts']"
64944,spicy tempeh crepes with a savoury carrot cream sauce,"tempeh, vegetable oil, lime, shiitake mushroom, garlic clove, asparagus, peanuts, vegetable broth, chunky peanut butter, soy sauce, lemongrass, lime juice, fresh ginger, shallot, curry powder, pepper, eggs, milk, flour, butter, cayenne pepper, salt, water, carrot, onion, garlic cloves, heavy cream",add,15,"['garlic,onion,carrot,t,c,min,s,in,f,au,ad,l,d,e,nut,o,g']"
64944,spicy tempeh crepes with a savoury carrot cream sauce,"tempeh, vegetable oil, lime, shiitake mushroom, garlic clove, asparagus, peanuts, vegetable broth, chunky peanut butter, soy sauce, lemongrass, lime juice, fresh ginger, shallot, curry powder, pepper, eggs, milk, flour, butter, cayenne pepper, salt, water, carrot, onion, garlic cloves, heavy cream",add,16,"['oil,cream,t,c,boil,in,re,ad,l,d,b,e,ring,o,y,g,v']"
64944,spicy tempeh crepes with a savoury carrot cream sauce,"tempeh, vegetable oil, lime, shiitake mushroom, garlic clove, asparagus, peanuts, vegetable broth, chunky peanut butter, soy sauce, lemongrass, lime juice, fresh ginger, shallot, curry powder, pepper, eggs, milk, flour, butter, cayenne pepper, salt, water, carrot, onion, garlic cloves, heavy cream",add,17,"['pepper,salt,t,c,min,mix,s,p,in,re,ad,red,l,d,light,nt,e,nut,o,y,g']"
64944,spicy tempeh crepes with a savoury carrot cream sauce,"tempeh, vegetable oil, lime, shiitake mushroom, garlic clove, asparagus, peanuts, vegetable broth, chunky peanut butter, soy sauce, lemongrass, lime juice, fresh ginger, shallot, curry powder, pepper, eggs, milk, flour, butter, cayenne pepper, salt, water, carrot, onion, garlic cloves, heavy cream",add,20,"['garlic,mushrooms,tempeh,mushroom,room,t,c,min,asparagus,s,p,in,shrooms,de,shiitake,mu,hr,ad,l,marinade,d,mince,e,ragu,o,g']"
64944,spicy tempeh crepes with a savoury carrot cream sauce,"tempeh, vegetable oil, lime, shiitake mushroom, garlic clove, asparagus, peanuts, vegetable broth, chunky peanut butter, soy sauce, lemongrass, lime juice, fresh ginger, shallot, curry powder, pepper, eggs, milk, flour, butter, cayenne pepper, salt, water, carrot, onion, garlic cloves, heavy cream",add,22,"['pepper,salt,t,s,p,ad,l,d,e,o']"
64944,spicy tempeh crepes with a savoury carrot cream sauce,"tempeh, vegetable oil, lime, shiitake mushroom, garlic clove, asparagus, peanuts, vegetable broth, chunky peanut butter, soy sauce, lemongrass, lime juice, fresh ginger, shallot, curry powder, pepper, eggs, milk, flour, butter, cayenne pepper, salt, water, carrot, onion, garlic cloves, heavy cream",cover,3,"['t,c,min,s,in,f,re,d,e,nut,o,g,v']"
64944,spicy tempeh crepes with a savoury carrot cream sauce,"tempeh, vegetable oil, lime, shiitake mushroom, garlic clove, asparagus, peanuts, vegetable broth, chunky peanut butter, soy sauce, lemongrass, lime juice, fresh ginger, shallot, curry powder, pepper, eggs, milk, flour, butter, cayenne pepper, salt, water, carrot, onion, garlic cloves, heavy cream",refrigerate,3,"['t,c,min,s,in,f,re,d,e,nut,o,g,v']"
64944,spicy tempeh crepes with a savoury carrot cream sauce,"tempeh, vegetable oil, lime, shiitake mushroom, garlic clove, asparagus, peanuts, vegetable broth, chunky peanut butter, soy sauce, lemongrass, lime juice, fresh ginger, shallot, curry powder, pepper, eggs, milk, flour, butter, cayenne pepper, salt, water, carrot, onion, garlic cloves, heavy cream",marinating,4,"['tempeh,t,c,s,p,in,re,red,l,d,b,crepe,crepes,nt,e,o,g,ts']"
64944,spicy tempeh crepes with a savoury carrot cream sauce,"tempeh, vegetable oil, lime, shiitake mushroom, garlic clove, asparagus, peanuts, vegetable broth, chunky peanut butter, soy sauce, lemongrass, lime juice, fresh ginger, shallot, curry powder, pepper, eggs, milk, flour, butter, cayenne pepper, salt, water, carrot, onion, garlic cloves, heavy cream",prepare,4,"['tempeh,t,c,s,p,in,re,red,l,d,b,crepe,crepes,nt,e,o,g,ts']"
64944,spicy tempeh crepes with a savoury carrot cream sauce,"tempeh, vegetable oil, lime, shiitake mushroom, garlic clove, asparagus, peanuts, vegetable broth, chunky peanut butter, soy sauce, lemongrass, lime juice, fresh ginger, shallot, curry powder, pepper, eggs, milk, flour, butter, cayenne pepper, salt, water, carrot, onion, garlic cloves, heavy cream",prepare,14,"['sauce,oil,pan,carrot,t,c,heat,s,p,in,medium,au,re,l,d,e,o,y,g,v']"
64944,spicy tempeh crepes with a savoury carrot cream sauce,"tempeh, vegetable oil, lime, shiitake mushroom, garlic clove, asparagus, peanuts, vegetable broth, chunky peanut butter, soy sauce, lemongrass, lime juice, fresh ginger, shallot, curry powder, pepper, eggs, milk, flour, butter, cayenne pepper, salt, water, carrot, onion, garlic cloves, heavy cream",whisk,4,"['tempeh,t,c,s,p,in,re,red,l,d,b,crepe,crepes,nt,e,o,g,ts']"
64944,spicy tempeh crepes with a savoury carrot cream sauce,"tempeh, vegetable oil, lime, shiitake mushroom, garlic clove, asparagus, peanuts, vegetable broth, chunky peanut butter, soy sauce, lemongrass, lime juice, fresh ginger, shallot, curry powder, pepper, eggs, milk, flour, butter, cayenne pepper, salt, water, carrot, onion, garlic cloves, heavy cream",heat,5,"['cook,t,c,cooking,spray,heat,oat,stick,s,p,in,nonstick,-,l,d,e,o,y,g,v']"
64944,spicy tempeh crepes with a savoury carrot cream sauce,"tempeh, vegetable oil, lime, shiitake mushroom, garlic clove, asparagus, peanuts, vegetable broth, chunky peanut butter, soy sauce, lemongrass, lime juice, fresh ginger, shallot, curry powder, pepper, eggs, milk, flour, butter, cayenne pepper, salt, water, carrot, onion, garlic cloves, heavy cream",coat,5,"['cook,t,c,cooking,spray,heat,oat,stick,s,p,in,nonstick,-,l,d,e,o,y,g,v']"
64944,spicy tempeh crepes with a savoury carrot cream sauce,"tempeh, vegetable oil, lime, shiitake mushroom, garlic clove, asparagus, peanuts, vegetable broth, chunky peanut butter, soy sauce, lemongrass, lime juice, fresh ginger, shallot, curry powder, pepper, eggs, milk, flour, butter, cayenne pepper, salt, water, carrot, onion, garlic cloves, heavy cream",coat,7,"['pan,t,c,oat,s,p,f,batter,l,b,e,o,y,v']"
64944,spicy tempeh crepes with a savoury carrot cream sauce,"tempeh, vegetable oil, lime, shiitake mushroom, garlic clove, asparagus, peanuts, vegetable broth, chunky peanut butter, soy sauce, lemongrass, lime juice, fresh ginger, shallot, curry powder, pepper, eggs, milk, flour, butter, cayenne pepper, salt, water, carrot, onion, garlic cloves, heavy cream",pour,6,"['pan,t,c,p,in,f,batter,re,b,crepe,nt,e,o']"
64944,spicy tempeh crepes with a savoury carrot cream sauce,"tempeh, vegetable oil, lime, shiitake mushroom, garlic clove, asparagus, peanuts, vegetable broth, chunky peanut butter, soy sauce, lemongrass, lime juice, fresh ginger, shallot, curry powder, pepper, eggs, milk, flour, butter, cayenne pepper, salt, water, carrot, onion, garlic cloves, heavy cream",tilt,7,"['pan,t,c,oat,s,p,f,batter,l,b,e,o,y,v']"
64944,spicy tempeh crepes with a savoury carrot cream sauce,"tempeh, vegetable oil, lime, shiitake mushroom, garlic clove, asparagus, peanuts, vegetable broth, chunky peanut butter, soy sauce, lemongrass, lime juice, fresh ginger, shallot, curry powder, pepper, eggs, milk, flour, butter, cayenne pepper, salt, water, carrot, onion, garlic cloves, heavy cream",cook,8,"['brown,pan,cook,t,c,min,star,s,p,in,tar,f,l,d,light,b,nt,e,nut,edge,o,y,tart,g']"
64944,spicy tempeh crepes with a savoury carrot cream sauce,"tempeh, vegetable oil, lime, shiitake mushroom, garlic clove, asparagus, peanuts, vegetable broth, chunky peanut butter, soy sauce, lemongrass, lime juice, fresh ginger, shallot, curry powder, pepper, eggs, milk, flour, butter, cayenne pepper, salt, water, carrot, onion, garlic cloves, heavy cream",cook,9,"['cook,t,c,s,p,de,f,re,l,d,crepe,e,o,g']"
64944,spicy tempeh crepes with a savoury carrot cream sauce,"tempeh, vegetable oil, lime, shiitake mushroom, garlic clove, asparagus, peanuts, vegetable broth, chunky peanut butter, soy sauce, lemongrass, lime juice, fresh ginger, shallot, curry powder, pepper, eggs, milk, flour, butter, cayenne pepper, salt, water, carrot, onion, garlic cloves, heavy cream",cook,19,"['oil,vegetable,tempeh,pan,cook,t,table,c,heat,s,p,in,veg,au,l,d,b,vegetables,e,o,g,v']"
64944,spicy tempeh crepes with a savoury carrot cream sauce,"tempeh, vegetable oil, lime, shiitake mushroom, garlic clove, asparagus, peanuts, vegetable broth, chunky peanut butter, soy sauce, lemongrass, lime juice, fresh ginger, shallot, curry powder, pepper, eggs, milk, flour, butter, cayenne pepper, salt, water, carrot, onion, garlic cloves, heavy cream",is,8,"['brown,pan,cook,t,c,min,star,s,p,in,tar,f,l,d,light,b,nt,e,nut,edge,o,y,tart,g']"
64944,spicy tempeh crepes with a savoury carrot cream sauce,"tempeh, vegetable oil, lime, shiitake mushroom, garlic clove, asparagus, peanuts, vegetable broth, chunky peanut butter, soy sauce, lemongrass, lime juice, fresh ginger, shallot, curry powder, pepper, eggs, milk, flour, butter, cayenne pepper, salt, water, carrot, onion, garlic cloves, heavy cream",is,18,"['sauce,t,c,heat,mix,stick,blend,s,end,in,de,f,au,re,l,d,b,nt,e,whiz,o,g,v']"
64944,spicy tempeh crepes with a savoury carrot cream sauce,"tempeh, vegetable oil, lime, shiitake mushroom, garlic clove, asparagus, peanuts, vegetable broth, chunky peanut butter, soy sauce, lemongrass, lime juice, fresh ginger, shallot, curry powder, pepper, eggs, milk, flour, butter, cayenne pepper, salt, water, carrot, onion, garlic cloves, heavy cream",start,8,"['brown,pan,cook,t,c,min,star,s,p,in,tar,f,l,d,light,b,nt,e,nut,edge,o,y,tart,g']"
64944,spicy tempeh crepes with a savoury carrot cream sauce,"tempeh, vegetable oil, lime, shiitake mushroom, garlic clove, asparagus, peanuts, vegetable broth, chunky peanut butter, soy sauce, lemongrass, lime juice, fresh ginger, shallot, curry powder, pepper, eggs, milk, flour, butter, cayenne pepper, salt, water, carrot, onion, garlic cloves, heavy cream",pull,8,"['brown,pan,cook,t,c,min,star,s,p,in,tar,f,l,d,light,b,nt,e,nut,edge,o,y,tart,g']"
64944,spicy tempeh crepes with a savoury carrot cream sauce,"tempeh, vegetable oil, lime, shiitake mushroom, garlic clove, asparagus, peanuts, vegetable broth, chunky peanut butter, soy sauce, lemongrass, lime juice, fresh ginger, shallot, curry powder, pepper, eggs, milk, flour, butter, cayenne pepper, salt, water, carrot, onion, garlic cloves, heavy cream",flip,9,"['cook,t,c,s,p,de,f,re,l,d,crepe,e,o,g']"
64944,spicy tempeh crepes with a savoury carrot cream sauce,"tempeh, vegetable oil, lime, shiitake mushroom, garlic clove, asparagus, peanuts, vegetable broth, chunky peanut butter, soy sauce, lemongrass, lime juice, fresh ginger, shallot, curry powder, pepper, eggs, milk, flour, butter, cayenne pepper, salt, water, carrot, onion, garlic cloves, heavy cream",consumed,10,"['t,c,pea,s,p,batter,re,l,d,b,crepe,nt,e,o']"
64944,spicy tempeh crepes with a savoury carrot cream sauce,"tempeh, vegetable oil, lime, shiitake mushroom, garlic clove, asparagus, peanuts, vegetable broth, chunky peanut butter, soy sauce, lemongrass, lime juice, fresh ginger, shallot, curry powder, pepper, eggs, milk, flour, butter, cayenne pepper, salt, water, carrot, onion, garlic cloves, heavy cream",yield,11,"['t,c,s,p,in,f,re,l,d,crepe,crepes,e,o,y']"
64944,spicy tempeh crepes with a savoury carrot cream sauce,"tempeh, vegetable oil, lime, shiitake mushroom, garlic clove, asparagus, peanuts, vegetable broth, chunky peanut butter, soy sauce, lemongrass, lime juice, fresh ginger, shallot, curry powder, pepper, eggs, milk, flour, butter, cayenne pepper, salt, water, carrot, onion, garlic cloves, heavy cream",stacked,12,"['read,t,c,s,p,can,kitchen,re,ad,red,l,d,b,crepe,crepes,nt,e,o,y,v']"
64944,spicy tempeh crepes with a savoury carrot cream sauce,"tempeh, vegetable oil, lime, shiitake mushroom, garlic clove, asparagus, peanuts, vegetable broth, chunky peanut butter, soy sauce, lemongrass, lime juice, fresh ginger, shallot, curry powder, pepper, eggs, milk, flour, butter, cayenne pepper, salt, water, carrot, onion, garlic cloves, heavy cream",covered,12,"['read,t,c,s,p,can,kitchen,re,ad,red,l,d,b,crepe,crepes,nt,e,o,y,v']"
64944,spicy tempeh crepes with a savoury carrot cream sauce,"tempeh, vegetable oil, lime, shiitake mushroom, garlic clove, asparagus, peanuts, vegetable broth, chunky peanut butter, soy sauce, lemongrass, lime juice, fresh ginger, shallot, curry powder, pepper, eggs, milk, flour, butter, cayenne pepper, salt, water, carrot, onion, garlic cloves, heavy cream",use,12,"['read,t,c,s,p,can,kitchen,re,ad,red,l,d,b,crepe,crepes,nt,e,o,y,v']"
64944,spicy tempeh crepes with a savoury carrot cream sauce,"tempeh, vegetable oil, lime, shiitake mushroom, garlic clove, asparagus, peanuts, vegetable broth, chunky peanut butter, soy sauce, lemongrass, lime juice, fresh ginger, shallot, curry powder, pepper, eggs, milk, flour, butter, cayenne pepper, salt, water, carrot, onion, garlic cloves, heavy cream",use,27,"['chicken,broth,t,c,s,tar,veg,f,chick,d,b,e,o,g,v']"
64944,spicy tempeh crepes with a savoury carrot cream sauce,"tempeh, vegetable oil, lime, shiitake mushroom, garlic clove, asparagus, peanuts, vegetable broth, chunky peanut butter, soy sauce, lemongrass, lime juice, fresh ginger, shallot, curry powder, pepper, eggs, milk, flour, butter, cayenne pepper, salt, water, carrot, onion, garlic cloves, heavy cream",begin,13,"['sauce,tempeh,read,carrot,t,c,s,p,in,au,one,re,ad,l,d,b,nt,e,gin,o,y,g,ts']"
64944,spicy tempeh crepes with a savoury carrot cream sauce,"tempeh, vegetable oil, lime, shiitake mushroom, garlic clove, asparagus, peanuts, vegetable broth, chunky peanut butter, soy sauce, lemongrass, lime juice, fresh ginger, shallot, curry powder, pepper, eggs, milk, flour, butter, cayenne pepper, salt, water, carrot, onion, garlic cloves, heavy cream",be,13,"['sauce,tempeh,read,carrot,t,c,s,p,in,au,one,re,ad,l,d,b,nt,e,gin,o,y,g,ts']"
64944,spicy tempeh crepes with a savoury carrot cream sauce,"tempeh, vegetable oil, lime, shiitake mushroom, garlic clove, asparagus, peanuts, vegetable broth, chunky peanut butter, soy sauce, lemongrass, lime juice, fresh ginger, shallot, curry powder, pepper, eggs, milk, flour, butter, cayenne pepper, salt, water, carrot, onion, garlic cloves, heavy cream",assemble,13,"['sauce,tempeh,read,carrot,t,c,s,p,in,au,one,re,ad,l,d,b,nt,e,gin,o,y,g,ts']"
64944,spicy tempeh crepes with a savoury carrot cream sauce,"tempeh, vegetable oil, lime, shiitake mushroom, garlic clove, asparagus, peanuts, vegetable broth, chunky peanut butter, soy sauce, lemongrass, lime juice, fresh ginger, shallot, curry powder, pepper, eggs, milk, flour, butter, cayenne pepper, salt, water, carrot, onion, garlic cloves, heavy cream",assemble,23,"['tempeh,t,c,mix,s,p,in,de,f,re,l,d,b,crepe,crepes,nt,e,edge,o,y,g,v']"
64944,spicy tempeh crepes with a savoury carrot cream sauce,"tempeh, vegetable oil, lime, shiitake mushroom, garlic clove, asparagus, peanuts, vegetable broth, chunky peanut butter, soy sauce, lemongrass, lime juice, fresh ginger, shallot, curry powder, pepper, eggs, milk, flour, butter, cayenne pepper, salt, water, carrot, onion, garlic cloves, heavy cream",bring,16,"['oil,cream,t,c,boil,in,re,ad,l,d,b,e,ring,o,y,g,v']"
64944,spicy tempeh crepes with a savoury carrot cream sauce,"tempeh, vegetable oil, lime, shiitake mushroom, garlic clove, asparagus, peanuts, vegetable broth, chunky peanut butter, soy sauce, lemongrass, lime juice, fresh ginger, shallot, curry powder, pepper, eggs, milk, flour, butter, cayenne pepper, salt, water, carrot, onion, garlic cloves, heavy cream",simmer,17,"['pepper,salt,t,c,min,mix,s,p,in,re,ad,red,l,d,light,nt,e,nut,o,y,g']"
64944,spicy tempeh crepes with a savoury carrot cream sauce,"tempeh, vegetable oil, lime, shiitake mushroom, garlic clove, asparagus, peanuts, vegetable broth, chunky peanut butter, soy sauce, lemongrass, lime juice, fresh ginger, shallot, curry powder, pepper, eggs, milk, flour, butter, cayenne pepper, salt, water, carrot, onion, garlic cloves, heavy cream",simmer,21,"['t,min,s,in,f,e,nut,o']"
64944,spicy tempeh crepes with a savoury carrot cream sauce,"tempeh, vegetable oil, lime, shiitake mushroom, garlic clove, asparagus, peanuts, vegetable broth, chunky peanut butter, soy sauce, lemongrass, lime juice, fresh ginger, shallot, curry powder, pepper, eggs, milk, flour, butter, cayenne pepper, salt, water, carrot, onion, garlic cloves, heavy cream",reduced,17,"['pepper,salt,t,c,min,mix,s,p,in,re,ad,red,l,d,light,nt,e,nut,o,y,g']"
64944,spicy tempeh crepes with a savoury carrot cream sauce,"tempeh, vegetable oil, lime, shiitake mushroom, garlic clove, asparagus, peanuts, vegetable broth, chunky peanut butter, soy sauce, lemongrass, lime juice, fresh ginger, shallot, curry powder, pepper, eggs, milk, flour, butter, cayenne pepper, salt, water, carrot, onion, garlic cloves, heavy cream",thickened,17,"['pepper,salt,t,c,min,mix,s,p,in,re,ad,red,l,d,light,nt,e,nut,o,y,g']"
64944,spicy tempeh crepes with a savoury carrot cream sauce,"tempeh, vegetable oil, lime, shiitake mushroom, garlic clove, asparagus, peanuts, vegetable broth, chunky peanut butter, soy sauce, lemongrass, lime juice, fresh ginger, shallot, curry powder, pepper, eggs, milk, flour, butter, cayenne pepper, salt, water, carrot, onion, garlic cloves, heavy cream",remove,18,"['sauce,t,c,heat,mix,stick,blend,s,end,in,de,f,au,re,l,d,b,nt,e,whiz,o,g,v']"
64944,spicy tempeh crepes with a savoury carrot cream sauce,"tempeh, vegetable oil, lime, shiitake mushroom, garlic clove, asparagus, peanuts, vegetable broth, chunky peanut butter, soy sauce, lemongrass, lime juice, fresh ginger, shallot, curry powder, pepper, eggs, milk, flour, butter, cayenne pepper, salt, water, carrot, onion, garlic cloves, heavy cream",whiz,18,"['sauce,t,c,heat,mix,stick,blend,s,end,in,de,f,au,re,l,d,b,nt,e,whiz,o,g,v']"
64944,spicy tempeh crepes with a savoury carrot cream sauce,"tempeh, vegetable oil, lime, shiitake mushroom, garlic clove, asparagus, peanuts, vegetable broth, chunky peanut butter, soy sauce, lemongrass, lime juice, fresh ginger, shallot, curry powder, pepper, eggs, milk, flour, butter, cayenne pepper, salt, water, carrot, onion, garlic cloves, heavy cream",using,18,"['sauce,t,c,heat,mix,stick,blend,s,end,in,de,f,au,re,l,d,b,nt,e,whiz,o,g,v']"
64944,spicy tempeh crepes with a savoury carrot cream sauce,"tempeh, vegetable oil, lime, shiitake mushroom, garlic clove, asparagus, peanuts, vegetable broth, chunky peanut butter, soy sauce, lemongrass, lime juice, fresh ginger, shallot, curry powder, pepper, eggs, milk, flour, butter, cayenne pepper, salt, water, carrot, onion, garlic cloves, heavy cream",taste,22,"['pepper,salt,t,s,p,ad,l,d,e,o']"
64944,spicy tempeh crepes with a savoury carrot cream sauce,"tempeh, vegetable oil, lime, shiitake mushroom, garlic clove, asparagus, peanuts, vegetable broth, chunky peanut butter, soy sauce, lemongrass, lime juice, fresh ginger, shallot, curry powder, pepper, eggs, milk, flour, butter, cayenne pepper, salt, water, carrot, onion, garlic cloves, heavy cream",lay,23,"['tempeh,t,c,mix,s,p,in,de,f,re,l,d,b,crepe,crepes,nt,e,edge,o,y,g,v']"
64944,spicy tempeh crepes with a savoury carrot cream sauce,"tempeh, vegetable oil, lime, shiitake mushroom, garlic clove, asparagus, peanuts, vegetable broth, chunky peanut butter, soy sauce, lemongrass, lime juice, fresh ginger, shallot, curry powder, pepper, eggs, milk, flour, butter, cayenne pepper, salt, water, carrot, onion, garlic cloves, heavy cream",divide,23,"['tempeh,t,c,mix,s,p,in,de,f,re,l,d,b,crepe,crepes,nt,e,edge,o,y,g,v']"
64944,spicy tempeh crepes with a savoury carrot cream sauce,"tempeh, vegetable oil, lime, shiitake mushroom, garlic clove, asparagus, peanuts, vegetable broth, chunky peanut butter, soy sauce, lemongrass, lime juice, fresh ginger, shallot, curry powder, pepper, eggs, milk, flour, butter, cayenne pepper, salt, water, carrot, onion, garlic cloves, heavy cream",spooning,23,"['tempeh,t,c,mix,s,p,in,de,f,re,l,d,b,crepe,crepes,nt,e,edge,o,y,g,v']"
64944,spicy tempeh crepes with a savoury carrot cream sauce,"tempeh, vegetable oil, lime, shiitake mushroom, garlic clove, asparagus, peanuts, vegetable broth, chunky peanut butter, soy sauce, lemongrass, lime juice, fresh ginger, shallot, curry powder, pepper, eggs, milk, flour, butter, cayenne pepper, salt, water, carrot, onion, garlic cloves, heavy cream",folding,23,"['tempeh,t,c,mix,s,p,in,de,f,re,l,d,b,crepe,crepes,nt,e,edge,o,y,g,v']"
64944,spicy tempeh crepes with a savoury carrot cream sauce,"tempeh, vegetable oil, lime, shiitake mushroom, garlic clove, asparagus, peanuts, vegetable broth, chunky peanut butter, soy sauce, lemongrass, lime juice, fresh ginger, shallot, curry powder, pepper, eggs, milk, flour, butter, cayenne pepper, salt, water, carrot, onion, garlic cloves, heavy cream",serving,24,"['t,c,s,p,in,vin,f,re,l,crepe,crepes,e,o,g,v']"
64944,spicy tempeh crepes with a savoury carrot cream sauce,"tempeh, vegetable oil, lime, shiitake mushroom, garlic clove, asparagus, peanuts, vegetable broth, chunky peanut butter, soy sauce, lemongrass, lime juice, fresh ginger, shallot, curry powder, pepper, eggs, milk, flour, butter, cayenne pepper, salt, water, carrot, onion, garlic cloves, heavy cream",spoon,25,"['sauce,carrot,t,c,s,p,round,f,au,re,l,d,crepe,crepes,e,o,hot']"
64944,spicy tempeh crepes with a savoury carrot cream sauce,"tempeh, vegetable oil, lime, shiitake mushroom, garlic clove, asparagus, peanuts, vegetable broth, chunky peanut butter, soy sauce, lemongrass, lime juice, fresh ginger, shallot, curry powder, pepper, eggs, milk, flour, butter, cayenne pepper, salt, water, carrot, onion, garlic cloves, heavy cream",filled,25,"['sauce,carrot,t,c,s,p,round,f,au,re,l,d,crepe,crepes,e,o,hot']"
64944,spicy tempeh crepes with a savoury carrot cream sauce,"tempeh, vegetable oil, lime, shiitake mushroom, garlic clove, asparagus, peanuts, vegetable broth, chunky peanut butter, soy sauce, lemongrass, lime juice, fresh ginger, shallot, curry powder, pepper, eggs, milk, flour, butter, cayenne pepper, salt, water, carrot, onion, garlic cloves, heavy cream",sprinkle,26,"['peanuts,peanut,lime,chop,nuts,t,c,pea,s,p,wedge,in,f,re,l,d,crepe,crepes,e,nut,edge,o,g,ts,v']"
64944,spicy tempeh crepes with a savoury carrot cream sauce,"tempeh, vegetable oil, lime, shiitake mushroom, garlic clove, asparagus, peanuts, vegetable broth, chunky peanut butter, soy sauce, lemongrass, lime juice, fresh ginger, shallot, curry powder, pepper, eggs, milk, flour, butter, cayenne pepper, salt, water, carrot, onion, garlic cloves, heavy cream",chopped,26,"['peanuts,peanut,lime,chop,nuts,t,c,pea,s,p,wedge,in,f,re,l,d,crepe,crepes,e,nut,edge,o,g,ts,v']"
64944,spicy tempeh crepes with a savoury carrot cream sauce,"tempeh, vegetable oil, lime, shiitake mushroom, garlic clove, asparagus, peanuts, vegetable broth, chunky peanut butter, soy sauce, lemongrass, lime juice, fresh ginger, shallot, curry powder, pepper, eggs, milk, flour, butter, cayenne pepper, salt, water, carrot, onion, garlic cloves, heavy cream",garnish,26,"['peanuts,peanut,lime,chop,nuts,t,c,pea,s,p,wedge,in,f,re,l,d,crepe,crepes,e,nut,edge,o,g,ts,v']"
