Id,Name,AllIngredients,Verbs,Steps,Ingredient
65110,french onion seafood   steak soup bowl by sy,"peanut oil, butter, yellow onions, shallots, fresh ginger, garlic, flour, dry sherry, beef stock, sesame oil, soy sauce, worcestershire sauce, granulated sugar, thin egg noodles, french baguettes, gruyere cheese, white button mushrooms, plum tomatoes, bean sprouts, peanuts, boneless sirloin steaks, shrimp, scallops, lobster meat, crabmeat, curry powder, water",topping,1,"['oil,water,vegetable,noodles,cook,t,table,c,boil,boiling,s,p,in,pin,de,veg,f,one,top,noodle,l,d,b,vegetables,nt']"
65110,french onion seafood   steak soup bowl by sy,"peanut oil, butter, yellow onions, shallots, fresh ginger, garlic, flour, dry sherry, beef stock, sesame oil, soy sauce, worcestershire sauce, granulated sugar, thin egg noodles, french baguettes, gruyere cheese, white button mushrooms, plum tomatoes, bean sprouts, peanuts, boneless sirloin steaks, shrimp, scallops, lobster meat, crabmeat, curry powder, water",topping,28,"['sea,t,c,ice,s,p,in,meat,round,food,pin,de,f,top,re,ad,l,seafood,d,b,nt']"
65110,french onion seafood   steak soup bowl by sy,"peanut oil, butter, yellow onions, shallots, fresh ginger, garlic, flour, dry sherry, beef stock, sesame oil, soy sauce, worcestershire sauce, granulated sugar, thin egg noodles, french baguettes, gruyere cheese, white button mushrooms, plum tomatoes, bean sprouts, peanuts, boneless sirloin steaks, shrimp, scallops, lobster meat, crabmeat, curry powder, water",boiling,1,"['oil,water,vegetable,noodles,cook,t,table,c,boil,boiling,s,p,in,pin,de,veg,f,one,top,noodle,l,d,b,vegetables,nt']"
65110,french onion seafood   steak soup bowl by sy,"peanut oil, butter, yellow onions, shallots, fresh ginger, garlic, flour, dry sherry, beef stock, sesame oil, soy sauce, worcestershire sauce, granulated sugar, thin egg noodles, french baguettes, gruyere cheese, white button mushrooms, plum tomatoes, bean sprouts, peanuts, boneless sirloin steaks, shrimp, scallops, lobster meat, crabmeat, curry powder, water",done,1,"['oil,water,vegetable,noodles,cook,t,table,c,boil,boiling,s,p,in,pin,de,veg,f,one,top,noodle,l,d,b,vegetables,nt']"
65110,french onion seafood   steak soup bowl by sy,"peanut oil, butter, yellow onions, shallots, fresh ginger, garlic, flour, dry sherry, beef stock, sesame oil, soy sauce, worcestershire sauce, granulated sugar, thin egg noodles, french baguettes, gruyere cheese, white button mushrooms, plum tomatoes, bean sprouts, peanuts, boneless sirloin steaks, shrimp, scallops, lobster meat, crabmeat, curry powder, water",drain,1,"['oil,water,vegetable,noodles,cook,t,table,c,boil,boiling,s,p,in,pin,de,veg,f,one,top,noodle,l,d,b,vegetables,nt']"
65110,french onion seafood   steak soup bowl by sy,"peanut oil, butter, yellow onions, shallots, fresh ginger, garlic, flour, dry sherry, beef stock, sesame oil, soy sauce, worcestershire sauce, granulated sugar, thin egg noodles, french baguettes, gruyere cheese, white button mushrooms, plum tomatoes, bean sprouts, peanuts, boneless sirloin steaks, shrimp, scallops, lobster meat, crabmeat, curry powder, water",set,1,"['oil,water,vegetable,noodles,cook,t,table,c,boil,boiling,s,p,in,pin,de,veg,f,one,top,noodle,l,d,b,vegetables,nt']"
65110,french onion seafood   steak soup bowl by sy,"peanut oil, butter, yellow onions, shallots, fresh ginger, garlic, flour, dry sherry, beef stock, sesame oil, soy sauce, worcestershire sauce, granulated sugar, thin egg noodles, french baguettes, gruyere cheese, white button mushrooms, plum tomatoes, bean sprouts, peanuts, boneless sirloin steaks, shrimp, scallops, lobster meat, crabmeat, curry powder, water",set,2,"['read,bread,t,c,s,baguette,de,f,bag,re,ad,d,b']"
65110,french onion seafood   steak soup bowl by sy,"peanut oil, butter, yellow onions, shallots, fresh ginger, garlic, flour, dry sherry, beef stock, sesame oil, soy sauce, worcestershire sauce, granulated sugar, thin egg noodles, french baguettes, gruyere cheese, white button mushrooms, plum tomatoes, bean sprouts, peanuts, boneless sirloin steaks, shrimp, scallops, lobster meat, crabmeat, curry powder, water",set,3,"['cheese,read,bread,t,c,ice,slice,gruyere,s,in,slices,de,re,ad,l,d,light,b,nt']"
65110,french onion seafood   steak soup bowl by sy,"peanut oil, butter, yellow onions, shallots, fresh ginger, garlic, flour, dry sherry, beef stock, sesame oil, soy sauce, worcestershire sauce, granulated sugar, thin egg noodles, french baguettes, gruyere cheese, white button mushrooms, plum tomatoes, bean sprouts, peanuts, boneless sirloin steaks, shrimp, scallops, lobster meat, crabmeat, curry powder, water",set,4,"['mushrooms,mushroom,room,t,c,half,s,in,shrooms,de,f,mu,hr,l,d']"
65110,french onion seafood   steak soup bowl by sy,"peanut oil, butter, yellow onions, shallots, fresh ginger, garlic, flour, dry sherry, beef stock, sesame oil, soy sauce, worcestershire sauce, granulated sugar, thin egg noodles, french baguettes, gruyere cheese, white button mushrooms, plum tomatoes, bean sprouts, peanuts, boneless sirloin steaks, shrimp, scallops, lobster meat, crabmeat, curry powder, water",set,5,"['tomatoes,tomato,t,c,s,p,in,de,pie,pieces,d,nt']"
65110,french onion seafood   steak soup bowl by sy,"peanut oil, butter, yellow onions, shallots, fresh ginger, garlic, flour, dry sherry, beef stock, sesame oil, soy sauce, worcestershire sauce, granulated sugar, thin egg noodles, french baguettes, gruyere cheese, white button mushrooms, plum tomatoes, bean sprouts, peanuts, boneless sirloin steaks, shrimp, scallops, lobster meat, crabmeat, curry powder, water",set,12,"['t,s,de,re,d']"
65110,french onion seafood   steak soup bowl by sy,"peanut oil, butter, yellow onions, shallots, fresh ginger, garlic, flour, dry sherry, beef stock, sesame oil, soy sauce, worcestershire sauce, granulated sugar, thin egg noodles, french baguettes, gruyere cheese, white button mushrooms, plum tomatoes, bean sprouts, peanuts, boneless sirloin steaks, shrimp, scallops, lobster meat, crabmeat, curry powder, water",toast,2,"['read,bread,t,c,s,baguette,de,f,bag,re,ad,d,b']"
65110,french onion seafood   steak soup bowl by sy,"peanut oil, butter, yellow onions, shallots, fresh ginger, garlic, flour, dry sherry, beef stock, sesame oil, soy sauce, worcestershire sauce, granulated sugar, thin egg noodles, french baguettes, gruyere cheese, white button mushrooms, plum tomatoes, bean sprouts, peanuts, boneless sirloin steaks, shrimp, scallops, lobster meat, crabmeat, curry powder, water",cut,3,"['cheese,read,bread,t,c,ice,slice,gruyere,s,in,slices,de,re,ad,l,d,light,b,nt']"
65110,french onion seafood   steak soup bowl by sy,"peanut oil, butter, yellow onions, shallots, fresh ginger, garlic, flour, dry sherry, beef stock, sesame oil, soy sauce, worcestershire sauce, granulated sugar, thin egg noodles, french baguettes, gruyere cheese, white button mushrooms, plum tomatoes, bean sprouts, peanuts, boneless sirloin steaks, shrimp, scallops, lobster meat, crabmeat, curry powder, water",cut,4,"['mushrooms,mushroom,room,t,c,half,s,in,shrooms,de,f,mu,hr,l,d']"
65110,french onion seafood   steak soup bowl by sy,"peanut oil, butter, yellow onions, shallots, fresh ginger, garlic, flour, dry sherry, beef stock, sesame oil, soy sauce, worcestershire sauce, granulated sugar, thin egg noodles, french baguettes, gruyere cheese, white button mushrooms, plum tomatoes, bean sprouts, peanuts, boneless sirloin steaks, shrimp, scallops, lobster meat, crabmeat, curry powder, water",cut,5,"['tomatoes,tomato,t,c,s,p,in,de,pie,pieces,d,nt']"
65110,french onion seafood   steak soup bowl by sy,"peanut oil, butter, yellow onions, shallots, fresh ginger, garlic, flour, dry sherry, beef stock, sesame oil, soy sauce, worcestershire sauce, granulated sugar, thin egg noodles, french baguettes, gruyere cheese, white button mushrooms, plum tomatoes, bean sprouts, peanuts, boneless sirloin steaks, shrimp, scallops, lobster meat, crabmeat, curry powder, water",toasted,3,"['cheese,read,bread,t,c,ice,slice,gruyere,s,in,slices,de,re,ad,l,d,light,b,nt']"
65110,french onion seafood   steak soup bowl by sy,"peanut oil, butter, yellow onions, shallots, fresh ginger, garlic, flour, dry sherry, beef stock, sesame oil, soy sauce, worcestershire sauce, granulated sugar, thin egg noodles, french baguettes, gruyere cheese, white button mushrooms, plum tomatoes, bean sprouts, peanuts, boneless sirloin steaks, shrimp, scallops, lobster meat, crabmeat, curry powder, water",add,6,"['oil,peanut,olive,t,table,pea,s,p,in,ad,l,d,b']"
65110,french onion seafood   steak soup bowl by sy,"peanut oil, butter, yellow onions, shallots, fresh ginger, garlic, flour, dry sherry, beef stock, sesame oil, soy sauce, worcestershire sauce, granulated sugar, thin egg noodles, french baguettes, gruyere cheese, white button mushrooms, plum tomatoes, bean sprouts, peanuts, boneless sirloin steaks, shrimp, scallops, lobster meat, crabmeat, curry powder, water",add,7,"['powder,cook,curry,t,c,min,s,p,in,de,f,-,ad,d,b']"
65110,french onion seafood   steak soup bowl by sy,"peanut oil, butter, yellow onions, shallots, fresh ginger, garlic, flour, dry sherry, beef stock, sesame oil, soy sauce, worcestershire sauce, granulated sugar, thin egg noodles, french baguettes, gruyere cheese, white button mushrooms, plum tomatoes, bean sprouts, peanuts, boneless sirloin steaks, shrimp, scallops, lobster meat, crabmeat, curry powder, water",add,8,"['t,min,steak,s,in,f,ad,d']"
65110,french onion seafood   steak soup bowl by sy,"peanut oil, butter, yellow onions, shallots, fresh ginger, garlic, flour, dry sherry, beef stock, sesame oil, soy sauce, worcestershire sauce, granulated sugar, thin egg noodles, french baguettes, gruyere cheese, white button mushrooms, plum tomatoes, bean sprouts, peanuts, boneless sirloin steaks, shrimp, scallops, lobster meat, crabmeat, curry powder, water",add,9,"['scallops,scallop,t,c,min,s,p,in,f,ad,l,d']"
65110,french onion seafood   steak soup bowl by sy,"peanut oil, butter, yellow onions, shallots, fresh ginger, garlic, flour, dry sherry, beef stock, sesame oil, soy sauce, worcestershire sauce, granulated sugar, thin egg noodles, french baguettes, gruyere cheese, white button mushrooms, plum tomatoes, bean sprouts, peanuts, boneless sirloin steaks, shrimp, scallops, lobster meat, crabmeat, curry powder, water",add,10,"['shrimp,t,min,s,p,in,f,hr,ad,d']"
65110,french onion seafood   steak soup bowl by sy,"peanut oil, butter, yellow onions, shallots, fresh ginger, garlic, flour, dry sherry, beef stock, sesame oil, soy sauce, worcestershire sauce, granulated sugar, thin egg noodles, french baguettes, gruyere cheese, white button mushrooms, plum tomatoes, bean sprouts, peanuts, boneless sirloin steaks, shrimp, scallops, lobster meat, crabmeat, curry powder, water",add,11,"['soy,sauce,t,c,s,f,au,ad,l,d,b']"
65110,french onion seafood   steak soup bowl by sy,"peanut oil, butter, yellow onions, shallots, fresh ginger, garlic, flour, dry sherry, beef stock, sesame oil, soy sauce, worcestershire sauce, granulated sugar, thin egg noodles, french baguettes, gruyere cheese, white button mushrooms, plum tomatoes, bean sprouts, peanuts, boneless sirloin steaks, shrimp, scallops, lobster meat, crabmeat, curry powder, water",add,13,"['butter,oil,pot,t,heat,soup,base,s,p,in,medium,f,ad,l,d,b']"
65110,french onion seafood   steak soup bowl by sy,"peanut oil, butter, yellow onions, shallots, fresh ginger, garlic, flour, dry sherry, beef stock, sesame oil, soy sauce, worcestershire sauce, granulated sugar, thin egg noodles, french baguettes, gruyere cheese, white button mushrooms, plum tomatoes, bean sprouts, peanuts, boneless sirloin steaks, shrimp, scallops, lobster meat, crabmeat, curry powder, water",add,14,"['onion,onions,t,s,au,ad,d']"
65110,french onion seafood   steak soup bowl by sy,"peanut oil, butter, yellow onions, shallots, fresh ginger, garlic, flour, dry sherry, beef stock, sesame oil, soy sauce, worcestershire sauce, granulated sugar, thin egg noodles, french baguettes, gruyere cheese, white button mushrooms, plum tomatoes, bean sprouts, peanuts, boneless sirloin steaks, shrimp, scallops, lobster meat, crabmeat, curry powder, water",add,17,"['flour,t,min,s,in,f,ad,l,d']"
65110,french onion seafood   steak soup bowl by sy,"peanut oil, butter, yellow onions, shallots, fresh ginger, garlic, flour, dry sherry, beef stock, sesame oil, soy sauce, worcestershire sauce, granulated sugar, thin egg noodles, french baguettes, gruyere cheese, white button mushrooms, plum tomatoes, bean sprouts, peanuts, boneless sirloin steaks, shrimp, scallops, lobster meat, crabmeat, curry powder, water",add,18,"['onion,wine,pot,onions,t,table,c,s,p,in,f,ad,l,d,b']"
65110,french onion seafood   steak soup bowl by sy,"peanut oil, butter, yellow onions, shallots, fresh ginger, garlic, flour, dry sherry, beef stock, sesame oil, soy sauce, worcestershire sauce, granulated sugar, thin egg noodles, french baguettes, gruyere cheese, white button mushrooms, plum tomatoes, bean sprouts, peanuts, boneless sirloin steaks, shrimp, scallops, lobster meat, crabmeat, curry powder, water",add,19,"['soy,sauce,sugar,oil,worcestershire,beef,sesame,broth,t,c,s,f,au,worcester,re,ad,l,d,b']"
65110,french onion seafood   steak soup bowl by sy,"peanut oil, butter, yellow onions, shallots, fresh ginger, garlic, flour, dry sherry, beef stock, sesame oil, soy sauce, worcestershire sauce, granulated sugar, thin egg noodles, french baguettes, gruyere cheese, white button mushrooms, plum tomatoes, bean sprouts, peanuts, boneless sirloin steaks, shrimp, scallops, lobster meat, crabmeat, curry powder, water",add,21,"['wine,t,table,s,p,in,f,ad,l,d,b']"
65110,french onion seafood   steak soup bowl by sy,"peanut oil, butter, yellow onions, shallots, fresh ginger, garlic, flour, dry sherry, beef stock, sesame oil, soy sauce, worcestershire sauce, granulated sugar, thin egg noodles, french baguettes, gruyere cheese, white button mushrooms, plum tomatoes, bean sprouts, peanuts, boneless sirloin steaks, shrimp, scallops, lobster meat, crabmeat, curry powder, water",add,23,"['noodles,t,c,s,p,in,f,noodle,ad,l,d,b']"
65110,french onion seafood   steak soup bowl by sy,"peanut oil, butter, yellow onions, shallots, fresh ginger, garlic, flour, dry sherry, beef stock, sesame oil, soy sauce, worcestershire sauce, granulated sugar, thin egg noodles, french baguettes, gruyere cheese, white button mushrooms, plum tomatoes, bean sprouts, peanuts, boneless sirloin steaks, shrimp, scallops, lobster meat, crabmeat, curry powder, water",add,24,"['tomatoes,tomato,mushrooms,peanuts,bean,sprouts,peanut,mushroom,room,nuts,t,pea,s,p,shrooms,f,mu,hr,ad,l,d,b']"
65110,french onion seafood   steak soup bowl by sy,"peanut oil, butter, yellow onions, shallots, fresh ginger, garlic, flour, dry sherry, beef stock, sesame oil, soy sauce, worcestershire sauce, granulated sugar, thin egg noodles, french baguettes, gruyere cheese, white button mushrooms, plum tomatoes, bean sprouts, peanuts, boneless sirloin steaks, shrimp, scallops, lobster meat, crabmeat, curry powder, water",add,26,"['read,bread,t,c,s,p,pie,f,re,ad,pieces,d,b']"
65110,french onion seafood   steak soup bowl by sy,"peanut oil, butter, yellow onions, shallots, fresh ginger, garlic, flour, dry sherry, beef stock, sesame oil, soy sauce, worcestershire sauce, granulated sugar, thin egg noodles, french baguettes, gruyere cheese, white button mushrooms, plum tomatoes, bean sprouts, peanuts, boneless sirloin steaks, shrimp, scallops, lobster meat, crabmeat, curry powder, water",add,28,"['sea,t,c,ice,s,p,in,meat,round,food,pin,de,f,top,re,ad,l,seafood,d,b,nt']"
65110,french onion seafood   steak soup bowl by sy,"peanut oil, butter, yellow onions, shallots, fresh ginger, garlic, flour, dry sherry, beef stock, sesame oil, soy sauce, worcestershire sauce, granulated sugar, thin egg noodles, french baguettes, gruyere cheese, white button mushrooms, plum tomatoes, bean sprouts, peanuts, boneless sirloin steaks, shrimp, scallops, lobster meat, crabmeat, curry powder, water",cook,7,"['powder,cook,curry,t,c,min,s,p,in,de,f,-,ad,d,b']"
65110,french onion seafood   steak soup bowl by sy,"peanut oil, butter, yellow onions, shallots, fresh ginger, garlic, flour, dry sherry, beef stock, sesame oil, soy sauce, worcestershire sauce, granulated sugar, thin egg noodles, french baguettes, gruyere cheese, white button mushrooms, plum tomatoes, bean sprouts, peanuts, boneless sirloin steaks, shrimp, scallops, lobster meat, crabmeat, curry powder, water",cook,15,"['onion,brown,onions,cook,t,c,s,in,de,re,l,d,light,b,nt']"
65110,french onion seafood   steak soup bowl by sy,"peanut oil, butter, yellow onions, shallots, fresh ginger, garlic, flour, dry sherry, beef stock, sesame oil, soy sauce, worcestershire sauce, granulated sugar, thin egg noodles, french baguettes, gruyere cheese, white button mushrooms, plum tomatoes, bean sprouts, peanuts, boneless sirloin steaks, shrimp, scallops, lobster meat, crabmeat, curry powder, water",cook,29,"['cheese,cook,t,c,min,s,p,in,oven,f,l,d,b,nt']"
65110,french onion seafood   steak soup bowl by sy,"peanut oil, butter, yellow onions, shallots, fresh ginger, garlic, flour, dry sherry, beef stock, sesame oil, soy sauce, worcestershire sauce, granulated sugar, thin egg noodles, french baguettes, gruyere cheese, white button mushrooms, plum tomatoes, bean sprouts, peanuts, boneless sirloin steaks, shrimp, scallops, lobster meat, crabmeat, curry powder, water",stir,8,"['t,min,steak,s,in,f,ad,d']"
65110,french onion seafood   steak soup bowl by sy,"peanut oil, butter, yellow onions, shallots, fresh ginger, garlic, flour, dry sherry, beef stock, sesame oil, soy sauce, worcestershire sauce, granulated sugar, thin egg noodles, french baguettes, gruyere cheese, white button mushrooms, plum tomatoes, bean sprouts, peanuts, boneless sirloin steaks, shrimp, scallops, lobster meat, crabmeat, curry powder, water",stir,9,"['scallops,scallop,t,c,min,s,p,in,f,ad,l,d']"
65110,french onion seafood   steak soup bowl by sy,"peanut oil, butter, yellow onions, shallots, fresh ginger, garlic, flour, dry sherry, beef stock, sesame oil, soy sauce, worcestershire sauce, granulated sugar, thin egg noodles, french baguettes, gruyere cheese, white button mushrooms, plum tomatoes, bean sprouts, peanuts, boneless sirloin steaks, shrimp, scallops, lobster meat, crabmeat, curry powder, water",stir,10,"['shrimp,t,min,s,p,in,f,hr,ad,d']"
65110,french onion seafood   steak soup bowl by sy,"peanut oil, butter, yellow onions, shallots, fresh ginger, garlic, flour, dry sherry, beef stock, sesame oil, soy sauce, worcestershire sauce, granulated sugar, thin egg noodles, french baguettes, gruyere cheese, white button mushrooms, plum tomatoes, bean sprouts, peanuts, boneless sirloin steaks, shrimp, scallops, lobster meat, crabmeat, curry powder, water",stir,11,"['soy,sauce,t,c,s,f,au,ad,l,d,b']"
65110,french onion seafood   steak soup bowl by sy,"peanut oil, butter, yellow onions, shallots, fresh ginger, garlic, flour, dry sherry, beef stock, sesame oil, soy sauce, worcestershire sauce, granulated sugar, thin egg noodles, french baguettes, gruyere cheese, white button mushrooms, plum tomatoes, bean sprouts, peanuts, boneless sirloin steaks, shrimp, scallops, lobster meat, crabmeat, curry powder, water",stir,17,"['flour,t,min,s,in,f,ad,l,d']"
65110,french onion seafood   steak soup bowl by sy,"peanut oil, butter, yellow onions, shallots, fresh ginger, garlic, flour, dry sherry, beef stock, sesame oil, soy sauce, worcestershire sauce, granulated sugar, thin egg noodles, french baguettes, gruyere cheese, white button mushrooms, plum tomatoes, bean sprouts, peanuts, boneless sirloin steaks, shrimp, scallops, lobster meat, crabmeat, curry powder, water",fry,8,"['t,min,steak,s,in,f,ad,d']"
65110,french onion seafood   steak soup bowl by sy,"peanut oil, butter, yellow onions, shallots, fresh ginger, garlic, flour, dry sherry, beef stock, sesame oil, soy sauce, worcestershire sauce, granulated sugar, thin egg noodles, french baguettes, gruyere cheese, white button mushrooms, plum tomatoes, bean sprouts, peanuts, boneless sirloin steaks, shrimp, scallops, lobster meat, crabmeat, curry powder, water",fry,11,"['soy,sauce,t,c,s,f,au,ad,l,d,b']"
65110,french onion seafood   steak soup bowl by sy,"peanut oil, butter, yellow onions, shallots, fresh ginger, garlic, flour, dry sherry, beef stock, sesame oil, soy sauce, worcestershire sauce, granulated sugar, thin egg noodles, french baguettes, gruyere cheese, white button mushrooms, plum tomatoes, bean sprouts, peanuts, boneless sirloin steaks, shrimp, scallops, lobster meat, crabmeat, curry powder, water",remove,12,"['t,s,de,re,d']"
65110,french onion seafood   steak soup bowl by sy,"peanut oil, butter, yellow onions, shallots, fresh ginger, garlic, flour, dry sherry, beef stock, sesame oil, soy sauce, worcestershire sauce, granulated sugar, thin egg noodles, french baguettes, gruyere cheese, white button mushrooms, plum tomatoes, bean sprouts, peanuts, boneless sirloin steaks, shrimp, scallops, lobster meat, crabmeat, curry powder, water",using,13,"['butter,oil,pot,t,heat,soup,base,s,p,in,medium,f,ad,l,d,b']"
65110,french onion seafood   steak soup bowl by sy,"peanut oil, butter, yellow onions, shallots, fresh ginger, garlic, flour, dry sherry, beef stock, sesame oil, soy sauce, worcestershire sauce, granulated sugar, thin egg noodles, french baguettes, gruyere cheese, white button mushrooms, plum tomatoes, bean sprouts, peanuts, boneless sirloin steaks, shrimp, scallops, lobster meat, crabmeat, curry powder, water",using,30,"['read,bread,chop,t,c,sticks,stick,s,p,in,pie,f,re,ad,l,warm,d,b']"
65110,french onion seafood   steak soup bowl by sy,"peanut oil, butter, yellow onions, shallots, fresh ginger, garlic, flour, dry sherry, beef stock, sesame oil, soy sauce, worcestershire sauce, granulated sugar, thin egg noodles, french baguettes, gruyere cheese, white button mushrooms, plum tomatoes, bean sprouts, peanuts, boneless sirloin steaks, shrimp, scallops, lobster meat, crabmeat, curry powder, water",melt,13,"['butter,oil,pot,t,heat,soup,base,s,p,in,medium,f,ad,l,d,b']"
65110,french onion seafood   steak soup bowl by sy,"peanut oil, butter, yellow onions, shallots, fresh ginger, garlic, flour, dry sherry, beef stock, sesame oil, soy sauce, worcestershire sauce, granulated sugar, thin egg noodles, french baguettes, gruyere cheese, white button mushrooms, plum tomatoes, bean sprouts, peanuts, boneless sirloin steaks, shrimp, scallops, lobster meat, crabmeat, curry powder, water",melt,32,"['cheese,t,c,min,heat,s,p,in,de,oven,f,-,re,l,d,b']"
65110,french onion seafood   steak soup bowl by sy,"peanut oil, butter, yellow onions, shallots, fresh ginger, garlic, flour, dry sherry, beef stock, sesame oil, soy sauce, worcestershire sauce, granulated sugar, thin egg noodles, french baguettes, gruyere cheese, white button mushrooms, plum tomatoes, bean sprouts, peanuts, boneless sirloin steaks, shrimp, scallops, lobster meat, crabmeat, curry powder, water",melt,33,"['oil,cheese,brown,pot,t,c,s,p,in,de,l,d,light,b']"
65110,french onion seafood   steak soup bowl by sy,"peanut oil, butter, yellow onions, shallots, fresh ginger, garlic, flour, dry sherry, beef stock, sesame oil, soy sauce, worcestershire sauce, granulated sugar, thin egg noodles, french baguettes, gruyere cheese, white button mushrooms, plum tomatoes, bean sprouts, peanuts, boneless sirloin steaks, shrimp, scallops, lobster meat, crabmeat, curry powder, water",stirring,15,"['onion,brown,onions,cook,t,c,s,in,de,re,l,d,light,b,nt']"
65110,french onion seafood   steak soup bowl by sy,"peanut oil, butter, yellow onions, shallots, fresh ginger, garlic, flour, dry sherry, beef stock, sesame oil, soy sauce, worcestershire sauce, granulated sugar, thin egg noodles, french baguettes, gruyere cheese, white button mushrooms, plum tomatoes, bean sprouts, peanuts, boneless sirloin steaks, shrimp, scallops, lobster meat, crabmeat, curry powder, water",are,15,"['onion,brown,onions,cook,t,c,s,in,de,re,l,d,light,b,nt']"
65110,french onion seafood   steak soup bowl by sy,"peanut oil, butter, yellow onions, shallots, fresh ginger, garlic, flour, dry sherry, beef stock, sesame oil, soy sauce, worcestershire sauce, granulated sugar, thin egg noodles, french baguettes, gruyere cheese, white button mushrooms, plum tomatoes, bean sprouts, peanuts, boneless sirloin steaks, shrimp, scallops, lobster meat, crabmeat, curry powder, water",put,16,"['garlic,ginger,cook,t,c,min,shallots,shallot,s,p,in,f,l,d']"
65110,french onion seafood   steak soup bowl by sy,"peanut oil, butter, yellow onions, shallots, fresh ginger, garlic, flour, dry sherry, beef stock, sesame oil, soy sauce, worcestershire sauce, granulated sugar, thin egg noodles, french baguettes, gruyere cheese, white button mushrooms, plum tomatoes, bean sprouts, peanuts, boneless sirloin steaks, shrimp, scallops, lobster meat, crabmeat, curry powder, water",put,23,"['noodles,t,c,s,p,in,f,noodle,ad,l,d,b']"
65110,french onion seafood   steak soup bowl by sy,"peanut oil, butter, yellow onions, shallots, fresh ginger, garlic, flour, dry sherry, beef stock, sesame oil, soy sauce, worcestershire sauce, granulated sugar, thin egg noodles, french baguettes, gruyere cheese, white button mushrooms, plum tomatoes, bean sprouts, peanuts, boneless sirloin steaks, shrimp, scallops, lobster meat, crabmeat, curry powder, water",scrap,18,"['onion,wine,pot,onions,t,table,c,s,p,in,f,ad,l,d,b']"
65110,french onion seafood   steak soup bowl by sy,"peanut oil, butter, yellow onions, shallots, fresh ginger, garlic, flour, dry sherry, beef stock, sesame oil, soy sauce, worcestershire sauce, granulated sugar, thin egg noodles, french baguettes, gruyere cheese, white button mushrooms, plum tomatoes, bean sprouts, peanuts, boneless sirloin steaks, shrimp, scallops, lobster meat, crabmeat, curry powder, water",simmer,20,"['t,min,heat,s,in,medium,f,l,d,b']"
65110,french onion seafood   steak soup bowl by sy,"peanut oil, butter, yellow onions, shallots, fresh ginger, garlic, flour, dry sherry, beef stock, sesame oil, soy sauce, worcestershire sauce, granulated sugar, thin egg noodles, french baguettes, gruyere cheese, white button mushrooms, plum tomatoes, bean sprouts, peanuts, boneless sirloin steaks, shrimp, scallops, lobster meat, crabmeat, curry powder, water",taste,21,"['wine,t,table,s,p,in,f,ad,l,d,b']"
65110,french onion seafood   steak soup bowl by sy,"peanut oil, butter, yellow onions, shallots, fresh ginger, garlic, flour, dry sherry, beef stock, sesame oil, soy sauce, worcestershire sauce, granulated sugar, thin egg noodles, french baguettes, gruyere cheese, white button mushrooms, plum tomatoes, bean sprouts, peanuts, boneless sirloin steaks, shrimp, scallops, lobster meat, crabmeat, curry powder, water",place,22,"['pot,t,c,heat,p,f,l']"
65110,french onion seafood   steak soup bowl by sy,"peanut oil, butter, yellow onions, shallots, fresh ginger, garlic, flour, dry sherry, beef stock, sesame oil, soy sauce, worcestershire sauce, granulated sugar, thin egg noodles, french baguettes, gruyere cheese, white button mushrooms, plum tomatoes, bean sprouts, peanuts, boneless sirloin steaks, shrimp, scallops, lobster meat, crabmeat, curry powder, water",place,27,"['cheese,read,bread,t,c,ice,slice,gruyere,s,p,slices,pie,f,re,ad,l,d,b']"
65110,french onion seafood   steak soup bowl by sy,"peanut oil, butter, yellow onions, shallots, fresh ginger, garlic, flour, dry sherry, beef stock, sesame oil, soy sauce, worcestershire sauce, granulated sugar, thin egg noodles, french baguettes, gruyere cheese, white button mushrooms, plum tomatoes, bean sprouts, peanuts, boneless sirloin steaks, shrimp, scallops, lobster meat, crabmeat, curry powder, water",place,29,"['cheese,cook,t,c,min,s,p,in,oven,f,l,d,b,nt']"
65110,french onion seafood   steak soup bowl by sy,"peanut oil, butter, yellow onions, shallots, fresh ginger, garlic, flour, dry sherry, beef stock, sesame oil, soy sauce, worcestershire sauce, granulated sugar, thin egg noodles, french baguettes, gruyere cheese, white button mushrooms, plum tomatoes, bean sprouts, peanuts, boneless sirloin steaks, shrimp, scallops, lobster meat, crabmeat, curry powder, water",keep,22,"['pot,t,c,heat,p,f,l']"
65110,french onion seafood   steak soup bowl by sy,"peanut oil, butter, yellow onions, shallots, fresh ginger, garlic, flour, dry sherry, beef stock, sesame oil, soy sauce, worcestershire sauce, granulated sugar, thin egg noodles, french baguettes, gruyere cheese, white button mushrooms, plum tomatoes, bean sprouts, peanuts, boneless sirloin steaks, shrimp, scallops, lobster meat, crabmeat, curry powder, water",melts,29,"['cheese,cook,t,c,min,s,p,in,oven,f,l,d,b,nt']"
65110,french onion seafood   steak soup bowl by sy,"peanut oil, butter, yellow onions, shallots, fresh ginger, garlic, flour, dry sherry, beef stock, sesame oil, soy sauce, worcestershire sauce, granulated sugar, thin egg noodles, french baguettes, gruyere cheese, white button mushrooms, plum tomatoes, bean sprouts, peanuts, boneless sirloin steaks, shrimp, scallops, lobster meat, crabmeat, curry powder, water",serve,30,"['read,bread,chop,t,c,sticks,stick,s,p,in,pie,f,re,ad,l,warm,d,b']"
65110,french onion seafood   steak soup bowl by sy,"peanut oil, butter, yellow onions, shallots, fresh ginger, garlic, flour, dry sherry, beef stock, sesame oil, soy sauce, worcestershire sauce, granulated sugar, thin egg noodles, french baguettes, gruyere cheese, white button mushrooms, plum tomatoes, bean sprouts, peanuts, boneless sirloin steaks, shrimp, scallops, lobster meat, crabmeat, curry powder, water",enjoy,31,{}
65110,french onion seafood   steak soup bowl by sy,"peanut oil, butter, yellow onions, shallots, fresh ginger, garlic, flour, dry sherry, beef stock, sesame oil, soy sauce, worcestershire sauce, granulated sugar, thin egg noodles, french baguettes, gruyere cheese, white button mushrooms, plum tomatoes, bean sprouts, peanuts, boneless sirloin steaks, shrimp, scallops, lobster meat, crabmeat, curry powder, water",use,33,"['oil,cheese,brown,pot,t,c,s,p,in,de,l,d,light,b']"
