Id,Name,AllIngredients,Verbs,Steps,Ingredient
65472,curried lentil  wild rice and orzo salad,"wild rice, green lentil, orzo pasta, currants, red onion, slivered almonds, white wine vinegar, ground cumin, dijon mustard, sugar, salt, ground coriander, turmeric, paprika, nutmeg, ground cardamom, cinnamon, clove, cayenne pepper, oil",cook,1,{}
65472,curried lentil  wild rice and orzo salad,"wild rice, green lentil, orzo pasta, currants, red onion, slivered almonds, white wine vinegar, ground cumin, dijon mustard, sugar, salt, ground coriander, turmeric, paprika, nutmeg, ground cardamom, cinnamon, clove, cayenne pepper, oil",salted,1,"['salt,oil,water,rice,pot,cook,t,c,ice,boil,min,boiling,s,p,in,f,re,red,l']"
65472,curried lentil  wild rice and orzo salad,"wild rice, green lentil, orzo pasta, currants, red onion, slivered almonds, white wine vinegar, ground cumin, dijon mustard, sugar, salt, ground coriander, turmeric, paprika, nutmeg, ground cardamom, cinnamon, clove, cayenne pepper, oil",add,2,"['oil,lentils,t,boil,min,lentil,s,in,f,ad,l']"
65472,curried lentil  wild rice and orzo salad,"wild rice, green lentil, orzo pasta, currants, red onion, slivered almonds, white wine vinegar, ground cumin, dijon mustard, sugar, salt, ground coriander, turmeric, paprika, nutmeg, ground cardamom, cinnamon, clove, cayenne pepper, oil",add,3,"['oil,t,boil,min,tender,s,end,in,de,f,ad,l,orzo']"
65472,curried lentil  wild rice and orzo salad,"wild rice, green lentil, orzo pasta, currants, red onion, slivered almonds, white wine vinegar, ground cumin, dijon mustard, sugar, salt, ground coriander, turmeric, paprika, nutmeg, ground cardamom, cinnamon, clove, cayenne pepper, oil",add,5,"['onion,onions,t,c,s,currants,de,ad']"
65472,curried lentil  wild rice and orzo salad,"wild rice, green lentil, orzo pasta, currants, red onion, slivered almonds, white wine vinegar, ground cumin, dijon mustard, sugar, salt, ground coriander, turmeric, paprika, nutmeg, ground cardamom, cinnamon, clove, cayenne pepper, oil",boil,2,"['oil,lentils,t,boil,min,lentil,s,in,f,ad,l']"
65472,curried lentil  wild rice and orzo salad,"wild rice, green lentil, orzo pasta, currants, red onion, slivered almonds, white wine vinegar, ground cumin, dijon mustard, sugar, salt, ground coriander, turmeric, paprika, nutmeg, ground cardamom, cinnamon, clove, cayenne pepper, oil",boil,3,"['oil,t,boil,min,tender,s,end,in,de,f,ad,l,orzo']"
65472,curried lentil  wild rice and orzo salad,"wild rice, green lentil, orzo pasta, currants, red onion, slivered almonds, white wine vinegar, ground cumin, dijon mustard, sugar, salt, ground coriander, turmeric, paprika, nutmeg, ground cardamom, cinnamon, clove, cayenne pepper, oil",tender,3,"['oil,t,boil,min,tender,s,end,in,de,f,ad,l,orzo']"
65472,curried lentil  wild rice and orzo salad,"wild rice, green lentil, orzo pasta, currants, red onion, slivered almonds, white wine vinegar, ground cumin, dijon mustard, sugar, salt, ground coriander, turmeric, paprika, nutmeg, ground cardamom, cinnamon, clove, cayenne pepper, oil",drain,4,"['t,s,in,f,l']"
65472,curried lentil  wild rice and orzo salad,"wild rice, green lentil, orzo pasta, currants, red onion, slivered almonds, white wine vinegar, ground cumin, dijon mustard, sugar, salt, ground coriander, turmeric, paprika, nutmeg, ground cardamom, cinnamon, clove, cayenne pepper, oil",transfer,4,"['t,s,in,f,l']"
65472,curried lentil  wild rice and orzo salad,"wild rice, green lentil, orzo pasta, currants, red onion, slivered almonds, white wine vinegar, ground cumin, dijon mustard, sugar, salt, ground coriander, turmeric, paprika, nutmeg, ground cardamom, cinnamon, clove, cayenne pepper, oil",set,5,"['onion,onions,t,c,s,currants,de,ad']"
65472,curried lentil  wild rice and orzo salad,"wild rice, green lentil, orzo pasta, currants, red onion, slivered almonds, white wine vinegar, ground cumin, dijon mustard, sugar, salt, ground coriander, turmeric, paprika, nutmeg, ground cardamom, cinnamon, clove, cayenne pepper, oil",dressing,6,"['t,dressing,s,in,re,red,l']"
65472,curried lentil  wild rice and orzo salad,"wild rice, green lentil, orzo pasta, currants, red onion, slivered almonds, white wine vinegar, ground cumin, dijon mustard, sugar, salt, ground coriander, turmeric, paprika, nutmeg, ground cardamom, cinnamon, clove, cayenne pepper, oil",whisk,6,"['t,dressing,s,in,re,red,l']"
65472,curried lentil  wild rice and orzo salad,"wild rice, green lentil, orzo pasta, currants, red onion, slivered almonds, white wine vinegar, ground cumin, dijon mustard, sugar, salt, ground coriander, turmeric, paprika, nutmeg, ground cardamom, cinnamon, clove, cayenne pepper, oil",pour,7,"['rice,t,c,ice,mix,s,p,re,l']"
65472,curried lentil  wild rice and orzo salad,"wild rice, green lentil, orzo pasta, currants, red onion, slivered almonds, white wine vinegar, ground cumin, dijon mustard, sugar, salt, ground coriander, turmeric, paprika, nutmeg, ground cardamom, cinnamon, clove, cayenne pepper, oil",toss,7,"['rice,t,c,ice,mix,s,p,re,l']"
65472,curried lentil  wild rice and orzo salad,"wild rice, green lentil, orzo pasta, currants, red onion, slivered almonds, white wine vinegar, ground cumin, dijon mustard, sugar, salt, ground coriander, turmeric, paprika, nutmeg, ground cardamom, cinnamon, clove, cayenne pepper, oil",let,8,"['t,salad,c,s,p,f,tel,re,ad,l']"
65472,curried lentil  wild rice and orzo salad,"wild rice, green lentil, orzo pasta, currants, red onion, slivered almonds, white wine vinegar, ground cumin, dijon mustard, sugar, salt, ground coriander, turmeric, paprika, nutmeg, ground cardamom, cinnamon, clove, cayenne pepper, oil",cover,8,"['t,salad,c,s,p,f,tel,re,ad,l']"
65472,curried lentil  wild rice and orzo salad,"wild rice, green lentil, orzo pasta, currants, red onion, slivered almonds, white wine vinegar, ground cumin, dijon mustard, sugar, salt, ground coriander, turmeric, paprika, nutmeg, ground cardamom, cinnamon, clove, cayenne pepper, oil",refrigerate,8,"['t,salad,c,s,p,f,tel,re,ad,l']"
65472,curried lentil  wild rice and orzo salad,"wild rice, green lentil, orzo pasta, currants, red onion, slivered almonds, white wine vinegar, ground cumin, dijon mustard, sugar, salt, ground coriander, turmeric, paprika, nutmeg, ground cardamom, cinnamon, clove, cayenne pepper, oil",sprinkle,9,"['almonds,t,s,p,almond,in,vin,f,re,l']"
65472,curried lentil  wild rice and orzo salad,"wild rice, green lentil, orzo pasta, currants, red onion, slivered almonds, white wine vinegar, ground cumin, dijon mustard, sugar, salt, ground coriander, turmeric, paprika, nutmeg, ground cardamom, cinnamon, clove, cayenne pepper, oil",serving,9,"['almonds,t,s,p,almond,in,vin,f,re,l']"
