Id,Name,AllIngredients,Verbs,Steps,Ingredient
6569,chicken big mamou on pasta,"hot water, vegetable oil, salt, spaghetti, dried thyme leaves, cayenne pepper, white pepper, black pepper, dried sweet basil leaves, unsalted butter, onion, garlic cloves, garlic, chicken stock, worcestershire sauce, tabasco sauce, tomato sauce, sugar, green onions, garlic powder, cumin, boneless chicken",calls,1,"['stock,t,c,star,s,p,in,tar']"
6569,chicken big mamou on pasta,"hot water, vegetable oil, salt, spaghetti, dried thyme leaves, cayenne pepper, white pepper, black pepper, dried sweet basil leaves, unsalted butter, onion, garlic cloves, garlic, chicken stock, worcestershire sauce, tabasco sauce, tomato sauce, sugar, green onions, garlic powder, cumin, boneless chicken",start,1,"['stock,t,c,star,s,p,in,tar']"
6569,chicken big mamou on pasta,"hot water, vegetable oil, salt, spaghetti, dried thyme leaves, cayenne pepper, white pepper, black pepper, dried sweet basil leaves, unsalted butter, onion, garlic cloves, garlic, chicken stock, worcestershire sauce, tabasco sauce, tomato sauce, sugar, green onions, garlic powder, cumin, boneless chicken",cut,2,"['cube,t,c,cubes,s,in,meat']"
6569,chicken big mamou on pasta,"hot water, vegetable oil, salt, spaghetti, dried thyme leaves, cayenne pepper, white pepper, black pepper, dried sweet basil leaves, unsalted butter, onion, garlic cloves, garlic, chicken stock, worcestershire sauce, tabasco sauce, tomato sauce, sugar, green onions, garlic powder, cumin, boneless chicken",cut,8,"['spaghetti,cook,t,c,cooking,half,s,p,end,in']"
6569,chicken big mamou on pasta,"hot water, vegetable oil, salt, spaghetti, dried thyme leaves, cayenne pepper, white pepper, black pepper, dried sweet basil leaves, unsalted butter, onion, garlic cloves, garlic, chicken stock, worcestershire sauce, tabasco sauce, tomato sauce, sugar, green onions, garlic powder, cumin, boneless chicken",cover,5,"['oil,t,c,boil,in']"
6569,chicken big mamou on pasta,"hot water, vegetable oil, salt, spaghetti, dried thyme leaves, cayenne pepper, white pepper, black pepper, dried sweet basil leaves, unsalted butter, onion, garlic cloves, garlic, chicken stock, worcestershire sauce, tabasco sauce, tomato sauce, sugar, green onions, garlic powder, cumin, boneless chicken",bring,5,"['oil,t,c,boil,in']"
6569,chicken big mamou on pasta,"hot water, vegetable oil, salt, spaghetti, dried thyme leaves, cayenne pepper, white pepper, black pepper, dried sweet basil leaves, unsalted butter, onion, garlic cloves, garlic, chicken stock, worcestershire sauce, tabasco sauce, tomato sauce, sugar, green onions, garlic powder, cumin, boneless chicken",bring,22,"['cook,t,c,min,s,in']"
6569,chicken big mamou on pasta,"hot water, vegetable oil, salt, spaghetti, dried thyme leaves, cayenne pepper, white pepper, black pepper, dried sweet basil leaves, unsalted butter, onion, garlic cloves, garlic, chicken stock, worcestershire sauce, tabasco sauce, tomato sauce, sugar, green onions, garlic powder, cumin, boneless chicken",bring,23,"['sauce,oil,tomato,t,c,boil,mix,s,in']"
6569,chicken big mamou on pasta,"hot water, vegetable oil, salt, spaghetti, dried thyme leaves, cayenne pepper, white pepper, black pepper, dried sweet basil leaves, unsalted butter, onion, garlic cloves, garlic, chicken stock, worcestershire sauce, tabasco sauce, tomato sauce, sugar, green onions, garlic powder, cumin, boneless chicken",reaches,6,"['oil,water,spaghetti,pot,t,c,boil,s,p,in,roll']"
6569,chicken big mamou on pasta,"hot water, vegetable oil, salt, spaghetti, dried thyme leaves, cayenne pepper, white pepper, black pepper, dried sweet basil leaves, unsalted butter, onion, garlic cloves, garlic, chicken stock, worcestershire sauce, tabasco sauce, tomato sauce, sugar, green onions, garlic powder, cumin, boneless chicken",add,6,"['oil,water,spaghetti,pot,t,c,boil,s,p,in,roll']"
6569,chicken big mamou on pasta,"hot water, vegetable oil, salt, spaghetti, dried thyme leaves, cayenne pepper, white pepper, black pepper, dried sweet basil leaves, unsalted butter, onion, garlic cloves, garlic, chicken stock, worcestershire sauce, tabasco sauce, tomato sauce, sugar, green onions, garlic powder, cumin, boneless chicken",add,19,"['garlic,season,seasoning,sea,t,c,min,mix,s,in']"
6569,chicken big mamou on pasta,"hot water, vegetable oil, salt, spaghetti, dried thyme leaves, cayenne pepper, white pepper, black pepper, dried sweet basil leaves, unsalted butter, onion, garlic cloves, garlic, chicken stock, worcestershire sauce, tabasco sauce, tomato sauce, sugar, green onions, garlic powder, cumin, boneless chicken",add,21,"['stock,worcestershire,tabasco,t,c,s,p']"
6569,chicken big mamou on pasta,"hot water, vegetable oil, salt, spaghetti, dried thyme leaves, cayenne pepper, white pepper, black pepper, dried sweet basil leaves, unsalted butter, onion, garlic cloves, garlic, chicken stock, worcestershire sauce, tabasco sauce, tomato sauce, sugar, green onions, garlic powder, cumin, boneless chicken",add,31,"['onion,onions,t,c,min,heat,s,p,in']"
6569,chicken big mamou on pasta,"hot water, vegetable oil, salt, spaghetti, dried thyme leaves, cayenne pepper, white pepper, black pepper, dried sweet basil leaves, unsalted butter, onion, garlic cloves, garlic, chicken stock, worcestershire sauce, tabasco sauce, tomato sauce, sugar, green onions, garlic powder, cumin, boneless chicken",add,32,"['chicken,cook,t,c,cooking,min,s,in']"
6569,chicken big mamou on pasta,"hot water, vegetable oil, salt, spaghetti, dried thyme leaves, cayenne pepper, white pepper, black pepper, dried sweet basil leaves, unsalted butter, onion, garlic cloves, garlic, chicken stock, worcestershire sauce, tabasco sauce, tomato sauce, sugar, green onions, garlic powder, cumin, boneless chicken",add,35,"['spaghetti,cook,t,c,s,p']"
6569,chicken big mamou on pasta,"hot water, vegetable oil, salt, spaghetti, dried thyme leaves, cayenne pepper, white pepper, black pepper, dried sweet basil leaves, unsalted butter, onion, garlic cloves, garlic, chicken stock, worcestershire sauce, tabasco sauce, tomato sauce, sugar, green onions, garlic powder, cumin, boneless chicken",add,37,"['sauce,stock,chicken,t,table,c,s,p,in']"
6569,chicken big mamou on pasta,"hot water, vegetable oil, salt, spaghetti, dried thyme leaves, cayenne pepper, white pepper, black pepper, dried sweet basil leaves, unsalted butter, onion, garlic cloves, garlic, chicken stock, worcestershire sauce, tabasco sauce, tomato sauce, sugar, green onions, garlic powder, cumin, boneless chicken",breaking,6,"['oil,water,spaghetti,pot,t,c,boil,s,p,in,roll']"
6569,chicken big mamou on pasta,"hot water, vegetable oil, salt, spaghetti, dried thyme leaves, cayenne pepper, white pepper, black pepper, dried sweet basil leaves, unsalted butter, onion, garlic cloves, garlic, chicken stock, worcestershire sauce, tabasco sauce, tomato sauce, sugar, green onions, garlic powder, cumin, boneless chicken",drop,6,"['oil,water,spaghetti,pot,t,c,boil,s,p,in,roll']"
6569,chicken big mamou on pasta,"hot water, vegetable oil, salt, spaghetti, dried thyme leaves, cayenne pepper, white pepper, black pepper, dried sweet basil leaves, unsalted butter, onion, garlic cloves, garlic, chicken stock, worcestershire sauce, tabasco sauce, tomato sauce, sugar, green onions, garlic powder, cumin, boneless chicken",return,7,"['oil,cook,t,c,boil,boiling,s,in,de,age']"
6569,chicken big mamou on pasta,"hot water, vegetable oil, salt, spaghetti, dried thyme leaves, cayenne pepper, white pepper, black pepper, dried sweet basil leaves, unsalted butter, onion, garlic cloves, garlic, chicken stock, worcestershire sauce, tabasco sauce, tomato sauce, sugar, green onions, garlic powder, cumin, boneless chicken",cook,7,"['oil,cook,t,c,boil,boiling,s,in,de,age']"
6569,chicken big mamou on pasta,"hot water, vegetable oil, salt, spaghetti, dried thyme leaves, cayenne pepper, white pepper, black pepper, dried sweet basil leaves, unsalted butter, onion, garlic cloves, garlic, chicken stock, worcestershire sauce, tabasco sauce, tomato sauce, sugar, green onions, garlic powder, cumin, boneless chicken",cook,22,"['cook,t,c,min,s,in']"
6569,chicken big mamou on pasta,"hot water, vegetable oil, salt, spaghetti, dried thyme leaves, cayenne pepper, white pepper, black pepper, dried sweet basil leaves, unsalted butter, onion, garlic cloves, garlic, chicken stock, worcestershire sauce, tabasco sauce, tomato sauce, sugar, green onions, garlic powder, cumin, boneless chicken",do,7,"['oil,cook,t,c,boil,boiling,s,in,de,age']"
6569,chicken big mamou on pasta,"hot water, vegetable oil, salt, spaghetti, dried thyme leaves, cayenne pepper, white pepper, black pepper, dried sweet basil leaves, unsalted butter, onion, garlic cloves, garlic, chicken stock, worcestershire sauce, tabasco sauce, tomato sauce, sugar, green onions, garlic powder, cumin, boneless chicken",test,8,"['spaghetti,cook,t,c,cooking,half,s,p,end,in']"
6569,chicken big mamou on pasta,"hot water, vegetable oil, salt, spaghetti, dried thyme leaves, cayenne pepper, white pepper, black pepper, dried sweet basil leaves, unsalted butter, onion, garlic cloves, garlic, chicken stock, worcestershire sauce, tabasco sauce, tomato sauce, sugar, green onions, garlic powder, cumin, boneless chicken",done,9,"['t,c,s,p,in,white']"
6569,chicken big mamou on pasta,"hot water, vegetable oil, salt, spaghetti, dried thyme leaves, cayenne pepper, white pepper, black pepper, dried sweet basil leaves, unsalted butter, onion, garlic cloves, garlic, chicken stock, worcestershire sauce, tabasco sauce, tomato sauce, sugar, green onions, garlic powder, cumin, boneless chicken",be,9,"['t,c,s,p,in,white']"
6569,chicken big mamou on pasta,"hot water, vegetable oil, salt, spaghetti, dried thyme leaves, cayenne pepper, white pepper, black pepper, dried sweet basil leaves, unsalted butter, onion, garlic cloves, garlic, chicken stock, worcestershire sauce, tabasco sauce, tomato sauce, sugar, green onions, garlic powder, cumin, boneless chicken",overcook,10,"['cook,t,c']"
6569,chicken big mamou on pasta,"hot water, vegetable oil, salt, spaghetti, dried thyme leaves, cayenne pepper, white pepper, black pepper, dried sweet basil leaves, unsalted butter, onion, garlic cloves, garlic, chicken stock, worcestershire sauce, tabasco sauce, tomato sauce, sugar, green onions, garlic powder, cumin, boneless chicken",use,11,"['oil,water,spaghetti,cook,t,c,boil,cooking,boiling,s,p,in,de']"
6569,chicken big mamou on pasta,"hot water, vegetable oil, salt, spaghetti, dried thyme leaves, cayenne pepper, white pepper, black pepper, dried sweet basil leaves, unsalted butter, onion, garlic cloves, garlic, chicken stock, worcestershire sauce, tabasco sauce, tomato sauce, sugar, green onions, garlic powder, cumin, boneless chicken",lift,11,"['oil,water,spaghetti,cook,t,c,boil,cooking,boiling,s,p,in,de']"
6569,chicken big mamou on pasta,"hot water, vegetable oil, salt, spaghetti, dried thyme leaves, cayenne pepper, white pepper, black pepper, dried sweet basil leaves, unsalted butter, onion, garlic cloves, garlic, chicken stock, worcestershire sauce, tabasco sauce, tomato sauce, sugar, green onions, garlic powder, cumin, boneless chicken",lift,40,"['spaghetti,t,heat,s,p,in,roll,vin']"
6569,chicken big mamou on pasta,"hot water, vegetable oil, salt, spaghetti, dried thyme leaves, cayenne pepper, white pepper, black pepper, dried sweet basil leaves, unsalted butter, onion, garlic cloves, garlic, chicken stock, worcestershire sauce, tabasco sauce, tomato sauce, sugar, green onions, garlic powder, cumin, boneless chicken",shake,11,"['oil,water,spaghetti,cook,t,c,boil,cooking,boiling,s,p,in,de']"
6569,chicken big mamou on pasta,"hot water, vegetable oil, salt, spaghetti, dried thyme leaves, cayenne pepper, white pepper, black pepper, dried sweet basil leaves, unsalted butter, onion, garlic cloves, garlic, chicken stock, worcestershire sauce, tabasco sauce, tomato sauce, sugar, green onions, garlic powder, cumin, boneless chicken",boiling,11,"['oil,water,spaghetti,cook,t,c,boil,cooking,boiling,s,p,in,de']"
6569,chicken big mamou on pasta,"hot water, vegetable oil, salt, spaghetti, dried thyme leaves, cayenne pepper, white pepper, black pepper, dried sweet basil leaves, unsalted butter, onion, garlic cloves, garlic, chicken stock, worcestershire sauce, tabasco sauce, tomato sauce, sugar, green onions, garlic powder, cumin, boneless chicken",drain,12,"['spaghetti,t,c,s,p,in,de']"
6569,chicken big mamou on pasta,"hot water, vegetable oil, salt, spaghetti, dried thyme leaves, cayenne pepper, white pepper, black pepper, dried sweet basil leaves, unsalted butter, onion, garlic cloves, garlic, chicken stock, worcestershire sauce, tabasco sauce, tomato sauce, sugar, green onions, garlic powder, cumin, boneless chicken",stop,13,"['water,cook,t,c,cooking,s,p,in']"
6569,chicken big mamou on pasta,"hot water, vegetable oil, salt, spaghetti, dried thyme leaves, cayenne pepper, white pepper, black pepper, dried sweet basil leaves, unsalted butter, onion, garlic cloves, garlic, chicken stock, worcestershire sauce, tabasco sauce, tomato sauce, sugar, green onions, garlic powder, cumin, boneless chicken",running,13,"['water,cook,t,c,cooking,s,p,in']"
6569,chicken big mamou on pasta,"hot water, vegetable oil, salt, spaghetti, dried thyme leaves, cayenne pepper, white pepper, black pepper, dried sweet basil leaves, unsalted butter, onion, garlic cloves, garlic, chicken stock, worcestershire sauce, tabasco sauce, tomato sauce, sugar, green onions, garlic powder, cumin, boneless chicken",cooled,14,"['oil,vegetable,spaghetti,pasta,t,table,c,min,s,p,in']"
6569,chicken big mamou on pasta,"hot water, vegetable oil, salt, spaghetti, dried thyme leaves, cayenne pepper, white pepper, black pepper, dried sweet basil leaves, unsalted butter, onion, garlic cloves, garlic, chicken stock, worcestershire sauce, tabasco sauce, tomato sauce, sugar, green onions, garlic powder, cumin, boneless chicken",pour,14,"['oil,vegetable,spaghetti,pasta,t,table,c,min,s,p,in']"
6569,chicken big mamou on pasta,"hot water, vegetable oil, salt, spaghetti, dried thyme leaves, cayenne pepper, white pepper, black pepper, dried sweet basil leaves, unsalted butter, onion, garlic cloves, garlic, chicken stock, worcestershire sauce, tabasco sauce, tomato sauce, sugar, green onions, garlic powder, cumin, boneless chicken",toss,14,"['oil,vegetable,spaghetti,pasta,t,table,c,min,s,p,in']"
6569,chicken big mamou on pasta,"hot water, vegetable oil, salt, spaghetti, dried thyme leaves, cayenne pepper, white pepper, black pepper, dried sweet basil leaves, unsalted butter, onion, garlic cloves, garlic, chicken stock, worcestershire sauce, tabasco sauce, tomato sauce, sugar, green onions, garlic powder, cumin, boneless chicken",set,15,"['t,c,s,in,de']"
6569,chicken big mamou on pasta,"hot water, vegetable oil, salt, spaghetti, dried thyme leaves, cayenne pepper, white pepper, black pepper, dried sweet basil leaves, unsalted butter, onion, garlic cloves, garlic, chicken stock, worcestershire sauce, tabasco sauce, tomato sauce, sugar, green onions, garlic powder, cumin, boneless chicken",set,16,"['season,seasoning,sea,t,c,mix,s,in,de']"
6569,chicken big mamou on pasta,"hot water, vegetable oil, salt, spaghetti, dried thyme leaves, cayenne pepper, white pepper, black pepper, dried sweet basil leaves, unsalted butter, onion, garlic cloves, garlic, chicken stock, worcestershire sauce, tabasco sauce, tomato sauce, sugar, green onions, garlic powder, cumin, boneless chicken",combine,16,"['season,seasoning,sea,t,c,mix,s,in,de']"
6569,chicken big mamou on pasta,"hot water, vegetable oil, salt, spaghetti, dried thyme leaves, cayenne pepper, white pepper, black pepper, dried sweet basil leaves, unsalted butter, onion, garlic cloves, garlic, chicken stock, worcestershire sauce, tabasco sauce, tomato sauce, sugar, green onions, garlic powder, cumin, boneless chicken",combine,17,"['sauce,garlic,butter,cloves,onion,pan,clove,onions,t,c,sticks,stick,s,p,in']"
6569,chicken big mamou on pasta,"hot water, vegetable oil, salt, spaghetti, dried thyme leaves, cayenne pepper, white pepper, black pepper, dried sweet basil leaves, unsalted butter, onion, garlic cloves, garlic, chicken stock, worcestershire sauce, tabasco sauce, tomato sauce, sugar, green onions, garlic powder, cumin, boneless chicken",combine,27,"['chicken,season,seasoning,sea,t,c,mix,s,in']"
6569,chicken big mamou on pasta,"hot water, vegetable oil, salt, spaghetti, dried thyme leaves, cayenne pepper, white pepper, black pepper, dried sweet basil leaves, unsalted butter, onion, garlic cloves, garlic, chicken stock, worcestershire sauce, tabasco sauce, tomato sauce, sugar, green onions, garlic powder, cumin, boneless chicken",stirring,18,"['t,c,min,heat,s,in,medium']"
6569,chicken big mamou on pasta,"hot water, vegetable oil, salt, spaghetti, dried thyme leaves, cayenne pepper, white pepper, black pepper, dried sweet basil leaves, unsalted butter, onion, garlic cloves, garlic, chicken stock, worcestershire sauce, tabasco sauce, tomato sauce, sugar, green onions, garlic powder, cumin, boneless chicken",stirring,20,"['onion,brown,onions,cook,t,c,cooking,min,heat,s,in,medium']"
6569,chicken big mamou on pasta,"hot water, vegetable oil, salt, spaghetti, dried thyme leaves, cayenne pepper, white pepper, black pepper, dried sweet basil leaves, unsalted butter, onion, garlic cloves, garlic, chicken stock, worcestershire sauce, tabasco sauce, tomato sauce, sugar, green onions, garlic powder, cumin, boneless chicken",stirring,22,"['cook,t,c,min,s,in']"
6569,chicken big mamou on pasta,"hot water, vegetable oil, salt, spaghetti, dried thyme leaves, cayenne pepper, white pepper, black pepper, dried sweet basil leaves, unsalted butter, onion, garlic cloves, garlic, chicken stock, worcestershire sauce, tabasco sauce, tomato sauce, sugar, green onions, garlic powder, cumin, boneless chicken",stirring,25,"['t,c,min,s,in']"
6569,chicken big mamou on pasta,"hot water, vegetable oil, salt, spaghetti, dried thyme leaves, cayenne pepper, white pepper, black pepper, dried sweet basil leaves, unsalted butter, onion, garlic cloves, garlic, chicken stock, worcestershire sauce, tabasco sauce, tomato sauce, sugar, green onions, garlic powder, cumin, boneless chicken",stirring,32,"['chicken,cook,t,c,cooking,min,s,in']"
6569,chicken big mamou on pasta,"hot water, vegetable oil, salt, spaghetti, dried thyme leaves, cayenne pepper, white pepper, black pepper, dried sweet basil leaves, unsalted butter, onion, garlic cloves, garlic, chicken stock, worcestershire sauce, tabasco sauce, tomato sauce, sugar, green onions, garlic powder, cumin, boneless chicken",stirring,36,"['spaghetti,t,c,min,heat,s,p,in']"
6569,chicken big mamou on pasta,"hot water, vegetable oil, salt, spaghetti, dried thyme leaves, cayenne pepper, white pepper, black pepper, dried sweet basil leaves, unsalted butter, onion, garlic cloves, garlic, chicken stock, worcestershire sauce, tabasco sauce, tomato sauce, sugar, green onions, garlic powder, cumin, boneless chicken",stirring,38,"['t,heat,s,in']"
6569,chicken big mamou on pasta,"hot water, vegetable oil, salt, spaghetti, dried thyme leaves, cayenne pepper, white pepper, black pepper, dried sweet basil leaves, unsalted butter, onion, garlic cloves, garlic, chicken stock, worcestershire sauce, tabasco sauce, tomato sauce, sugar, green onions, garlic powder, cumin, boneless chicken",minced,19,"['garlic,season,seasoning,sea,t,c,min,mix,s,in']"
6569,chicken big mamou on pasta,"hot water, vegetable oil, salt, spaghetti, dried thyme leaves, cayenne pepper, white pepper, black pepper, dried sweet basil leaves, unsalted butter, onion, garlic cloves, garlic, chicken stock, worcestershire sauce, tabasco sauce, tomato sauce, sugar, green onions, garlic powder, cumin, boneless chicken",continue,20,"['onion,brown,onions,cook,t,c,cooking,min,heat,s,in,medium']"
6569,chicken big mamou on pasta,"hot water, vegetable oil, salt, spaghetti, dried thyme leaves, cayenne pepper, white pepper, black pepper, dried sweet basil leaves, unsalted butter, onion, garlic cloves, garlic, chicken stock, worcestershire sauce, tabasco sauce, tomato sauce, sugar, green onions, garlic powder, cumin, boneless chicken",continue,32,"['chicken,cook,t,c,cooking,min,s,in']"
6569,chicken big mamou on pasta,"hot water, vegetable oil, salt, spaghetti, dried thyme leaves, cayenne pepper, white pepper, black pepper, dried sweet basil leaves, unsalted butter, onion, garlic cloves, garlic, chicken stock, worcestershire sauce, tabasco sauce, tomato sauce, sugar, green onions, garlic powder, cumin, boneless chicken",cooking,20,"['onion,brown,onions,cook,t,c,cooking,min,heat,s,in,medium']"
6569,chicken big mamou on pasta,"hot water, vegetable oil, salt, spaghetti, dried thyme leaves, cayenne pepper, white pepper, black pepper, dried sweet basil leaves, unsalted butter, onion, garlic cloves, garlic, chicken stock, worcestershire sauce, tabasco sauce, tomato sauce, sugar, green onions, garlic powder, cumin, boneless chicken",cooking,32,"['chicken,cook,t,c,cooking,min,s,in']"
6569,chicken big mamou on pasta,"hot water, vegetable oil, salt, spaghetti, dried thyme leaves, cayenne pepper, white pepper, black pepper, dried sweet basil leaves, unsalted butter, onion, garlic cloves, garlic, chicken stock, worcestershire sauce, tabasco sauce, tomato sauce, sugar, green onions, garlic powder, cumin, boneless chicken",are,20,"['onion,brown,onions,cook,t,c,cooking,min,heat,s,in,medium']"
6569,chicken big mamou on pasta,"hot water, vegetable oil, salt, spaghetti, dried thyme leaves, cayenne pepper, white pepper, black pepper, dried sweet basil leaves, unsalted butter, onion, garlic cloves, garlic, chicken stock, worcestershire sauce, tabasco sauce, tomato sauce, sugar, green onions, garlic powder, cumin, boneless chicken",burned,20,"['onion,brown,onions,cook,t,c,cooking,min,heat,s,in,medium']"
6569,chicken big mamou on pasta,"hot water, vegetable oil, salt, spaghetti, dried thyme leaves, cayenne pepper, white pepper, black pepper, dried sweet basil leaves, unsalted butter, onion, garlic cloves, garlic, chicken stock, worcestershire sauce, tabasco sauce, tomato sauce, sugar, green onions, garlic powder, cumin, boneless chicken",stir,23,"['sauce,oil,tomato,t,c,boil,mix,s,in']"
6569,chicken big mamou on pasta,"hot water, vegetable oil, salt, spaghetti, dried thyme leaves, cayenne pepper, white pepper, black pepper, dried sweet basil leaves, unsalted butter, onion, garlic cloves, garlic, chicken stock, worcestershire sauce, tabasco sauce, tomato sauce, sugar, green onions, garlic powder, cumin, boneless chicken",stir,24,"['sugar,onion,onions,t,c,s,p,in']"
6569,chicken big mamou on pasta,"hot water, vegetable oil, salt, spaghetti, dried thyme leaves, cayenne pepper, white pepper, black pepper, dried sweet basil leaves, unsalted butter, onion, garlic cloves, garlic, chicken stock, worcestershire sauce, tabasco sauce, tomato sauce, sugar, green onions, garlic powder, cumin, boneless chicken",stir,33,"['sauce,tomato,chicken,t,c,min,heat,mix,s,in']"
6569,chicken big mamou on pasta,"hot water, vegetable oil, salt, spaghetti, dried thyme leaves, cayenne pepper, white pepper, black pepper, dried sweet basil leaves, unsalted butter, onion, garlic cloves, garlic, chicken stock, worcestershire sauce, tabasco sauce, tomato sauce, sugar, green onions, garlic powder, cumin, boneless chicken",simmer,25,"['t,c,min,s,in']"
6569,chicken big mamou on pasta,"hot water, vegetable oil, salt, spaghetti, dried thyme leaves, cayenne pepper, white pepper, black pepper, dried sweet basil leaves, unsalted butter, onion, garlic cloves, garlic, chicken stock, worcestershire sauce, tabasco sauce, tomato sauce, sugar, green onions, garlic powder, cumin, boneless chicken",uncovered,25,"['t,c,min,s,in']"
6569,chicken big mamou on pasta,"hot water, vegetable oil, salt, spaghetti, dried thyme leaves, cayenne pepper, white pepper, black pepper, dried sweet basil leaves, unsalted butter, onion, garlic cloves, garlic, chicken stock, worcestershire sauce, tabasco sauce, tomato sauce, sugar, green onions, garlic powder, cumin, boneless chicken",heat,26,"['t,heat,s,p,in,vin,oven']"
6569,chicken big mamou on pasta,"hot water, vegetable oil, salt, spaghetti, dried thyme leaves, cayenne pepper, white pepper, black pepper, dried sweet basil leaves, unsalted butter, onion, garlic cloves, garlic, chicken stock, worcestershire sauce, tabasco sauce, tomato sauce, sugar, green onions, garlic powder, cumin, boneless chicken",heat,33,"['sauce,tomato,chicken,t,c,min,heat,mix,s,in']"
6569,chicken big mamou on pasta,"hot water, vegetable oil, salt, spaghetti, dried thyme leaves, cayenne pepper, white pepper, black pepper, dried sweet basil leaves, unsalted butter, onion, garlic cloves, garlic, chicken stock, worcestershire sauce, tabasco sauce, tomato sauce, sugar, green onions, garlic powder, cumin, boneless chicken",serving,26,"['t,heat,s,p,in,vin,oven']"
6569,chicken big mamou on pasta,"hot water, vegetable oil, salt, spaghetti, dried thyme leaves, cayenne pepper, white pepper, black pepper, dried sweet basil leaves, unsalted butter, onion, garlic cloves, garlic, chicken stock, worcestershire sauce, tabasco sauce, tomato sauce, sugar, green onions, garlic powder, cumin, boneless chicken",serving,34,"['butter,t,table,c,heat,s,p,in,medium,vin,dish']"
6569,chicken big mamou on pasta,"hot water, vegetable oil, salt, spaghetti, dried thyme leaves, cayenne pepper, white pepper, black pepper, dried sweet basil leaves, unsalted butter, onion, garlic cloves, garlic, chicken stock, worcestershire sauce, tabasco sauce, tomato sauce, sugar, green onions, garlic powder, cumin, boneless chicken",serving,40,"['spaghetti,t,heat,s,p,in,roll,vin']"
6569,chicken big mamou on pasta,"hot water, vegetable oil, salt, spaghetti, dried thyme leaves, cayenne pepper, white pepper, black pepper, dried sweet basil leaves, unsalted butter, onion, garlic cloves, garlic, chicken stock, worcestershire sauce, tabasco sauce, tomato sauce, sugar, green onions, garlic powder, cumin, boneless chicken",mix,28,['mix']
6569,chicken big mamou on pasta,"hot water, vegetable oil, salt, spaghetti, dried thyme leaves, cayenne pepper, white pepper, black pepper, dried sweet basil leaves, unsalted butter, onion, garlic cloves, garlic, chicken stock, worcestershire sauce, tabasco sauce, tomato sauce, sugar, green onions, garlic powder, cumin, boneless chicken",sprinkle,29,"['chicken,t,c,s,p,in']"
6569,chicken big mamou on pasta,"hot water, vegetable oil, salt, spaghetti, dried thyme leaves, cayenne pepper, white pepper, black pepper, dried sweet basil leaves, unsalted butter, onion, garlic cloves, garlic, chicken stock, worcestershire sauce, tabasco sauce, tomato sauce, sugar, green onions, garlic powder, cumin, boneless chicken",rubbing,29,"['chicken,t,c,s,p,in']"
6569,chicken big mamou on pasta,"hot water, vegetable oil, salt, spaghetti, dried thyme leaves, cayenne pepper, white pepper, black pepper, dried sweet basil leaves, unsalted butter, onion, garlic cloves, garlic, chicken stock, worcestershire sauce, tabasco sauce, tomato sauce, sugar, green onions, garlic powder, cumin, boneless chicken",melt,30,"['butter,t,c,heat,sticks,stick,s,in,medium']"
6569,chicken big mamou on pasta,"hot water, vegetable oil, salt, spaghetti, dried thyme leaves, cayenne pepper, white pepper, black pepper, dried sweet basil leaves, unsalted butter, onion, garlic cloves, garlic, chicken stock, worcestershire sauce, tabasco sauce, tomato sauce, sugar, green onions, garlic powder, cumin, boneless chicken",melt,34,"['butter,t,table,c,heat,s,p,in,medium,vin,dish']"
6569,chicken big mamou on pasta,"hot water, vegetable oil, salt, spaghetti, dried thyme leaves, cayenne pepper, white pepper, black pepper, dried sweet basil leaves, unsalted butter, onion, garlic cloves, garlic, chicken stock, worcestershire sauce, tabasco sauce, tomato sauce, sugar, green onions, garlic powder, cumin, boneless chicken",remaining,31,"['onion,onions,t,c,min,heat,s,p,in']"
6569,chicken big mamou on pasta,"hot water, vegetable oil, salt, spaghetti, dried thyme leaves, cayenne pepper, white pepper, black pepper, dried sweet basil leaves, unsalted butter, onion, garlic cloves, garlic, chicken stock, worcestershire sauce, tabasco sauce, tomato sauce, sugar, green onions, garlic powder, cumin, boneless chicken",remaining,37,"['sauce,stock,chicken,t,table,c,s,p,in']"
6569,chicken big mamou on pasta,"hot water, vegetable oil, salt, spaghetti, dried thyme leaves, cayenne pepper, white pepper, black pepper, dried sweet basil leaves, unsalted butter, onion, garlic cloves, garlic, chicken stock, worcestershire sauce, tabasco sauce, tomato sauce, sugar, green onions, garlic powder, cumin, boneless chicken",remaining,41,"['t,c,pea,s,p,in,vin']"
6569,chicken big mamou on pasta,"hot water, vegetable oil, salt, spaghetti, dried thyme leaves, cayenne pepper, white pepper, black pepper, dried sweet basil leaves, unsalted butter, onion, garlic cloves, garlic, chicken stock, worcestershire sauce, tabasco sauce, tomato sauce, sugar, green onions, garlic powder, cumin, boneless chicken",simmered,33,"['sauce,tomato,chicken,t,c,min,heat,mix,s,in']"
6569,chicken big mamou on pasta,"hot water, vegetable oil, salt, spaghetti, dried thyme leaves, cayenne pepper, white pepper, black pepper, dried sweet basil leaves, unsalted butter, onion, garlic cloves, garlic, chicken stock, worcestershire sauce, tabasco sauce, tomato sauce, sugar, green onions, garlic powder, cumin, boneless chicken",finish,34,"['butter,t,table,c,heat,s,p,in,medium,vin,dish']"
6569,chicken big mamou on pasta,"hot water, vegetable oil, salt, spaghetti, dried thyme leaves, cayenne pepper, white pepper, black pepper, dried sweet basil leaves, unsalted butter, onion, garlic cloves, garlic, chicken stock, worcestershire sauce, tabasco sauce, tomato sauce, sugar, green onions, garlic powder, cumin, boneless chicken",remove,39,"['t,heat']"
