Id,Name,AllIngredients,Verbs,Steps,Ingredient
69861,avocado fries with habanero ketchup,"oil, avocados, flour, ground cumin, chili powder, salt, white pepper, eggs, milk, breadcrumbs, olive oil, onion, garlic cloves, habanero pepper, red bell pepper, roma tomatoes, bay leaf, allspice, cinnamon, ground cloves, cider vinegar, brown sugar",prepare,1,{}
69861,avocado fries with habanero ketchup,"oil, avocados, flour, ground cumin, chili powder, salt, white pepper, eggs, milk, breadcrumbs, olive oil, onion, garlic cloves, habanero pepper, red bell pepper, roma tomatoes, bay leaf, allspice, cinnamon, ground cloves, cider vinegar, brown sugar",set,2,['t']
69861,avocado fries with habanero ketchup,"oil, avocados, flour, ground cumin, chili powder, salt, white pepper, eggs, milk, breadcrumbs, olive oil, onion, garlic cloves, habanero pepper, red bell pepper, roma tomatoes, bay leaf, allspice, cinnamon, ground cloves, cider vinegar, brown sugar",cut,4,"['avocados,avocado,seed,t,c,seeds']"
69861,avocado fries with habanero ketchup,"oil, avocados, flour, ground cumin, chili powder, salt, white pepper, eggs, milk, breadcrumbs, olive oil, onion, garlic cloves, habanero pepper, red bell pepper, roma tomatoes, bay leaf, allspice, cinnamon, ground cloves, cider vinegar, brown sugar",remove,4,"['avocados,avocado,seed,t,c,seeds']"
69861,avocado fries with habanero ketchup,"oil, avocados, flour, ground cumin, chili powder, salt, white pepper, eggs, milk, breadcrumbs, olive oil, onion, garlic cloves, habanero pepper, red bell pepper, roma tomatoes, bay leaf, allspice, cinnamon, ground cloves, cider vinegar, brown sugar",remove,5,"['wedges,t,c,ice,slice']"
69861,avocado fries with habanero ketchup,"oil, avocados, flour, ground cumin, chili powder, salt, white pepper, eggs, milk, breadcrumbs, olive oil, onion, garlic cloves, habanero pepper, red bell pepper, roma tomatoes, bay leaf, allspice, cinnamon, ground cloves, cider vinegar, brown sugar",remove,19,"['puree,bay,leaf']"
69861,avocado fries with habanero ketchup,"oil, avocados, flour, ground cumin, chili powder, salt, white pepper, eggs, milk, breadcrumbs, olive oil, onion, garlic cloves, habanero pepper, red bell pepper, roma tomatoes, bay leaf, allspice, cinnamon, ground cloves, cider vinegar, brown sugar",slice,5,"['wedges,t,c,ice,slice']"
69861,avocado fries with habanero ketchup,"oil, avocados, flour, ground cumin, chili powder, salt, white pepper, eggs, milk, breadcrumbs, olive oil, onion, garlic cloves, habanero pepper, red bell pepper, roma tomatoes, bay leaf, allspice, cinnamon, ground cloves, cider vinegar, brown sugar",combine,6,"['chili,powder,pepper,salt,flour,cumin,t,c,min']"
69861,avocado fries with habanero ketchup,"oil, avocados, flour, ground cumin, chili powder, salt, white pepper, eggs, milk, breadcrumbs, olive oil, onion, garlic cloves, habanero pepper, red bell pepper, roma tomatoes, bay leaf, allspice, cinnamon, ground cloves, cider vinegar, brown sugar",whisk,7,"['eggs,egg,milk,t,c']"
69861,avocado fries with habanero ketchup,"oil, avocados, flour, ground cumin, chili powder, salt, white pepper, eggs, milk, breadcrumbs, olive oil, onion, garlic cloves, habanero pepper, red bell pepper, roma tomatoes, bay leaf, allspice, cinnamon, ground cloves, cider vinegar, brown sugar",dredge,8,"['flour,egg,avocados,avocado,t,c,oat,mix']"
69861,avocado fries with habanero ketchup,"oil, avocados, flour, ground cumin, chili powder, salt, white pepper, eggs, milk, breadcrumbs, olive oil, onion, garlic cloves, habanero pepper, red bell pepper, roma tomatoes, bay leaf, allspice, cinnamon, ground cloves, cider vinegar, brown sugar",dip,8,"['flour,egg,avocados,avocado,t,c,oat,mix']"
69861,avocado fries with habanero ketchup,"oil, avocados, flour, ground cumin, chili powder, salt, white pepper, eggs, milk, breadcrumbs, olive oil, onion, garlic cloves, habanero pepper, red bell pepper, roma tomatoes, bay leaf, allspice, cinnamon, ground cloves, cider vinegar, brown sugar",coat,8,"['flour,egg,avocados,avocado,t,c,oat,mix']"
69861,avocado fries with habanero ketchup,"oil, avocados, flour, ground cumin, chili powder, salt, white pepper, eggs, milk, breadcrumbs, olive oil, onion, garlic cloves, habanero pepper, red bell pepper, roma tomatoes, bay leaf, allspice, cinnamon, ground cloves, cider vinegar, brown sugar",drain,11,['t']
69861,avocado fries with habanero ketchup,"oil, avocados, flour, ground cumin, chili powder, salt, white pepper, eggs, milk, breadcrumbs, olive oil, onion, garlic cloves, habanero pepper, red bell pepper, roma tomatoes, bay leaf, allspice, cinnamon, ground cloves, cider vinegar, brown sugar",serve,12,"['ketchup,t,c,habanero']"
69861,avocado fries with habanero ketchup,"oil, avocados, flour, ground cumin, chili powder, salt, white pepper, eggs, milk, breadcrumbs, olive oil, onion, garlic cloves, habanero pepper, red bell pepper, roma tomatoes, bay leaf, allspice, cinnamon, ground cloves, cider vinegar, brown sugar",is,14,"['garlic,onion,t,c']"
69861,avocado fries with habanero ketchup,"oil, avocados, flour, ground cumin, chili powder, salt, white pepper, eggs, milk, breadcrumbs, olive oil, onion, garlic cloves, habanero pepper, red bell pepper, roma tomatoes, bay leaf, allspice, cinnamon, ground cloves, cider vinegar, brown sugar",add,15,"['pepper,tomatoes,tomato,peppers,t']"
69861,avocado fries with habanero ketchup,"oil, avocados, flour, ground cumin, chili powder, salt, white pepper, eggs, milk, breadcrumbs, olive oil, onion, garlic cloves, habanero pepper, red bell pepper, roma tomatoes, bay leaf, allspice, cinnamon, ground cloves, cider vinegar, brown sugar",add,17,"['sugar,cinnamon,cloves,vinegar,bay,leaf,allspice,clove,spice,c,ice']"
69861,avocado fries with habanero ketchup,"oil, avocados, flour, ground cumin, chili powder, salt, white pepper, eggs, milk, breadcrumbs, olive oil, onion, garlic cloves, habanero pepper, red bell pepper, roma tomatoes, bay leaf, allspice, cinnamon, ground cloves, cider vinegar, brown sugar",add,21,"['salt,t,c']"
69861,avocado fries with habanero ketchup,"oil, avocados, flour, ground cumin, chili powder, salt, white pepper, eggs, milk, breadcrumbs, olive oil, onion, garlic cloves, habanero pepper, red bell pepper, roma tomatoes, bay leaf, allspice, cinnamon, ground cloves, cider vinegar, brown sugar",are,16,"['pepper,peppers,t,tender']"
69861,avocado fries with habanero ketchup,"oil, avocados, flour, ground cumin, chili powder, salt, white pepper, eggs, milk, breadcrumbs, olive oil, onion, garlic cloves, habanero pepper, red bell pepper, roma tomatoes, bay leaf, allspice, cinnamon, ground cloves, cider vinegar, brown sugar",simmer,18,"['t,mix']"
69861,avocado fries with habanero ketchup,"oil, avocados, flour, ground cumin, chili powder, salt, white pepper, eggs, milk, breadcrumbs, olive oil, onion, garlic cloves, habanero pepper, red bell pepper, roma tomatoes, bay leaf, allspice, cinnamon, ground cloves, cider vinegar, brown sugar",simmer,20,"['sauce,pan,t,c,min']"
69861,avocado fries with habanero ketchup,"oil, avocados, flour, ground cumin, chili powder, salt, white pepper, eggs, milk, breadcrumbs, olive oil, onion, garlic cloves, habanero pepper, red bell pepper, roma tomatoes, bay leaf, allspice, cinnamon, ground cloves, cider vinegar, brown sugar",puree,19,"['puree,bay,leaf']"
69861,avocado fries with habanero ketchup,"oil, avocados, flour, ground cumin, chili powder, salt, white pepper, eggs, milk, breadcrumbs, olive oil, onion, garlic cloves, habanero pepper, red bell pepper, roma tomatoes, bay leaf, allspice, cinnamon, ground cloves, cider vinegar, brown sugar",return,20,"['sauce,pan,t,c,min']"
69861,avocado fries with habanero ketchup,"oil, avocados, flour, ground cumin, chili powder, salt, white pepper, eggs, milk, breadcrumbs, olive oil, onion, garlic cloves, habanero pepper, red bell pepper, roma tomatoes, bay leaf, allspice, cinnamon, ground cloves, cider vinegar, brown sugar",saucepan,20,"['sauce,pan,t,c,min']"
69861,avocado fries with habanero ketchup,"oil, avocados, flour, ground cumin, chili powder, salt, white pepper, eggs, milk, breadcrumbs, olive oil, onion, garlic cloves, habanero pepper, red bell pepper, roma tomatoes, bay leaf, allspice, cinnamon, ground cloves, cider vinegar, brown sugar",taste,21,"['salt,t,c']"
69861,avocado fries with habanero ketchup,"oil, avocados, flour, ground cumin, chili powder, salt, white pepper, eggs, milk, breadcrumbs, olive oil, onion, garlic cloves, habanero pepper, red bell pepper, roma tomatoes, bay leaf, allspice, cinnamon, ground cloves, cider vinegar, brown sugar",cover,21,"['salt,t,c']"
69861,avocado fries with habanero ketchup,"oil, avocados, flour, ground cumin, chili powder, salt, white pepper, eggs, milk, breadcrumbs, olive oil, onion, garlic cloves, habanero pepper, red bell pepper, roma tomatoes, bay leaf, allspice, cinnamon, ground cloves, cider vinegar, brown sugar",refrigerate,21,"['salt,t,c']"
69861,avocado fries with habanero ketchup,"oil, avocados, flour, ground cumin, chili powder, salt, white pepper, eggs, milk, breadcrumbs, olive oil, onion, garlic cloves, habanero pepper, red bell pepper, roma tomatoes, bay leaf, allspice, cinnamon, ground cloves, cider vinegar, brown sugar",keeps,22,{}
