Id,Name,AllIngredients,Verbs,Steps,Ingredient
70859,louis seafood salad,"mixed greens, shrimp, hard-boiled eggs, lemon, juice of, crouton, green bell peppers, onion rings, chopped tomato, pepperoncini pepper, parmesan cheese, lemon wedges, chives, cider vinegar, cloves, mayonnaise, heavy cream, worcestershire sauce, chili sauce, green bell pepper, green onion, fresh lemon juice, salt & freshly ground black pepper, fresh parsley, dill pickles, stuffed green olives, prepared horseradish, garlic, paprika, tarragon vinegar, extra virgin olive oil",combine,1,{}
70859,louis seafood salad,"mixed greens, shrimp, hard-boiled eggs, lemon, juice of, crouton, green bell peppers, onion rings, chopped tomato, pepperoncini pepper, parmesan cheese, lemon wedges, chives, cider vinegar, cloves, mayonnaise, heavy cream, worcestershire sauce, chili sauce, green bell pepper, green onion, fresh lemon juice, salt & freshly ground black pepper, fresh parsley, dill pickles, stuffed green olives, prepared horseradish, garlic, paprika, tarragon vinegar, extra virgin olive oil",dressing,1,"['t,c,dressing,s,p,in,vin,de,f,re,red,l,d,b,nt,e']"
70859,louis seafood salad,"mixed greens, shrimp, hard-boiled eggs, lemon, juice of, crouton, green bell peppers, onion rings, chopped tomato, pepperoncini pepper, parmesan cheese, lemon wedges, chives, cider vinegar, cloves, mayonnaise, heavy cream, worcestershire sauce, chili sauce, green bell pepper, green onion, fresh lemon juice, salt & freshly ground black pepper, fresh parsley, dill pickles, stuffed green olives, prepared horseradish, garlic, paprika, tarragon vinegar, extra virgin olive oil",including,1,"['t,c,dressing,s,p,in,vin,de,f,re,red,l,d,b,nt,e']"
70859,louis seafood salad,"mixed greens, shrimp, hard-boiled eggs, lemon, juice of, crouton, green bell peppers, onion rings, chopped tomato, pepperoncini pepper, parmesan cheese, lemon wedges, chives, cider vinegar, cloves, mayonnaise, heavy cream, worcestershire sauce, chili sauce, green bell pepper, green onion, fresh lemon juice, salt & freshly ground black pepper, fresh parsley, dill pickles, stuffed green olives, prepared horseradish, garlic, paprika, tarragon vinegar, extra virgin olive oil",desired,1,"['t,c,dressing,s,p,in,vin,de,f,re,red,l,d,b,nt,e']"
70859,louis seafood salad,"mixed greens, shrimp, hard-boiled eggs, lemon, juice of, crouton, green bell peppers, onion rings, chopped tomato, pepperoncini pepper, parmesan cheese, lemon wedges, chives, cider vinegar, cloves, mayonnaise, heavy cream, worcestershire sauce, chili sauce, green bell pepper, green onion, fresh lemon juice, salt & freshly ground black pepper, fresh parsley, dill pickles, stuffed green olives, prepared horseradish, garlic, paprika, tarragon vinegar, extra virgin olive oil",refrigerate,1,"['t,c,dressing,s,p,in,vin,de,f,re,red,l,d,b,nt,e']"
70859,louis seafood salad,"mixed greens, shrimp, hard-boiled eggs, lemon, juice of, crouton, green bell peppers, onion rings, chopped tomato, pepperoncini pepper, parmesan cheese, lemon wedges, chives, cider vinegar, cloves, mayonnaise, heavy cream, worcestershire sauce, chili sauce, green bell pepper, green onion, fresh lemon juice, salt & freshly ground black pepper, fresh parsley, dill pickles, stuffed green olives, prepared horseradish, garlic, paprika, tarragon vinegar, extra virgin olive oil",covered,1,"['t,c,dressing,s,p,in,vin,de,f,re,red,l,d,b,nt,e']"
70859,louis seafood salad,"mixed greens, shrimp, hard-boiled eggs, lemon, juice of, crouton, green bell peppers, onion rings, chopped tomato, pepperoncini pepper, parmesan cheese, lemon wedges, chives, cider vinegar, cloves, mayonnaise, heavy cream, worcestershire sauce, chili sauce, green bell pepper, green onion, fresh lemon juice, salt & freshly ground black pepper, fresh parsley, dill pickles, stuffed green olives, prepared horseradish, garlic, paprika, tarragon vinegar, extra virgin olive oil",serving,1,"['t,c,dressing,s,p,in,vin,de,f,re,red,l,d,b,nt,e']"
70859,louis seafood salad,"mixed greens, shrimp, hard-boiled eggs, lemon, juice of, crouton, green bell peppers, onion rings, chopped tomato, pepperoncini pepper, parmesan cheese, lemon wedges, chives, cider vinegar, cloves, mayonnaise, heavy cream, worcestershire sauce, chili sauce, green bell pepper, green onion, fresh lemon juice, salt & freshly ground black pepper, fresh parsley, dill pickles, stuffed green olives, prepared horseradish, garlic, paprika, tarragon vinegar, extra virgin olive oil",serving,2,"['greens,t,salad,c,s,p,in,vin,de,re,ad,l,d,b,nt,e,green']"
70859,louis seafood salad,"mixed greens, shrimp, hard-boiled eggs, lemon, juice of, crouton, green bell peppers, onion rings, chopped tomato, pepperoncini pepper, parmesan cheese, lemon wedges, chives, cider vinegar, cloves, mayonnaise, heavy cream, worcestershire sauce, chili sauce, green bell pepper, green onion, fresh lemon juice, salt & freshly ground black pepper, fresh parsley, dill pickles, stuffed green olives, prepared horseradish, garlic, paprika, tarragon vinegar, extra virgin olive oil",serving,6,"['t,salad,c,dressing,s,p,in,vin,de,f,top,re,ad,l,d,e']"
70859,louis seafood salad,"mixed greens, shrimp, hard-boiled eggs, lemon, juice of, crouton, green bell peppers, onion rings, chopped tomato, pepperoncini pepper, parmesan cheese, lemon wedges, chives, cider vinegar, cloves, mayonnaise, heavy cream, worcestershire sauce, chili sauce, green bell pepper, green onion, fresh lemon juice, salt & freshly ground black pepper, fresh parsley, dill pickles, stuffed green olives, prepared horseradish, garlic, paprika, tarragon vinegar, extra virgin olive oil",serving,7,"['t,table,salad,dressing,s,p,in,vin,f,re,ad,l,d,b,nt,e']"
70859,louis seafood salad,"mixed greens, shrimp, hard-boiled eggs, lemon, juice of, crouton, green bell peppers, onion rings, chopped tomato, pepperoncini pepper, parmesan cheese, lemon wedges, chives, cider vinegar, cloves, mayonnaise, heavy cream, worcestershire sauce, chili sauce, green bell pepper, green onion, fresh lemon juice, salt & freshly ground black pepper, fresh parsley, dill pickles, stuffed green olives, prepared horseradish, garlic, paprika, tarragon vinegar, extra virgin olive oil",divide,2,"['greens,t,salad,c,s,p,in,vin,de,re,ad,l,d,b,nt,e,green']"
70859,louis seafood salad,"mixed greens, shrimp, hard-boiled eggs, lemon, juice of, crouton, green bell peppers, onion rings, chopped tomato, pepperoncini pepper, parmesan cheese, lemon wedges, chives, cider vinegar, cloves, mayonnaise, heavy cream, worcestershire sauce, chili sauce, green bell pepper, green onion, fresh lemon juice, salt & freshly ground black pepper, fresh parsley, dill pickles, stuffed green olives, prepared horseradish, garlic, paprika, tarragon vinegar, extra virgin olive oil",drizzle,3,"['juice,lemon,shrimp,t,c,ice,s,p,crab,top,hr,l,d,b,lobster,e']"
70859,louis seafood salad,"mixed greens, shrimp, hard-boiled eggs, lemon, juice of, crouton, green bell peppers, onion rings, chopped tomato, pepperoncini pepper, parmesan cheese, lemon wedges, chives, cider vinegar, cloves, mayonnaise, heavy cream, worcestershire sauce, chili sauce, green bell pepper, green onion, fresh lemon juice, salt & freshly ground black pepper, fresh parsley, dill pickles, stuffed green olives, prepared horseradish, garlic, paprika, tarragon vinegar, extra virgin olive oil",garnish,4,"['t,s,p,in,f,re,red,l,d,b,nt,e']"
70859,louis seafood salad,"mixed greens, shrimp, hard-boiled eggs, lemon, juice of, crouton, green bell peppers, onion rings, chopped tomato, pepperoncini pepper, parmesan cheese, lemon wedges, chives, cider vinegar, cloves, mayonnaise, heavy cream, worcestershire sauce, chili sauce, green bell pepper, green onion, fresh lemon juice, salt & freshly ground black pepper, fresh parsley, dill pickles, stuffed green olives, prepared horseradish, garlic, paprika, tarragon vinegar, extra virgin olive oil",sprinkle,5,"['chives,chop,t,c,s,p,in,l,d,e']"
70859,louis seafood salad,"mixed greens, shrimp, hard-boiled eggs, lemon, juice of, crouton, green bell peppers, onion rings, chopped tomato, pepperoncini pepper, parmesan cheese, lemon wedges, chives, cider vinegar, cloves, mayonnaise, heavy cream, worcestershire sauce, chili sauce, green bell pepper, green onion, fresh lemon juice, salt & freshly ground black pepper, fresh parsley, dill pickles, stuffed green olives, prepared horseradish, garlic, paprika, tarragon vinegar, extra virgin olive oil",chopped,5,"['chives,chop,t,c,s,p,in,l,d,e']"
70859,louis seafood salad,"mixed greens, shrimp, hard-boiled eggs, lemon, juice of, crouton, green bell peppers, onion rings, chopped tomato, pepperoncini pepper, parmesan cheese, lemon wedges, chives, cider vinegar, cloves, mayonnaise, heavy cream, worcestershire sauce, chili sauce, green bell pepper, green onion, fresh lemon juice, salt & freshly ground black pepper, fresh parsley, dill pickles, stuffed green olives, prepared horseradish, garlic, paprika, tarragon vinegar, extra virgin olive oil",top,6,"['t,salad,c,dressing,s,p,in,vin,de,f,top,re,ad,l,d,e']"
70859,louis seafood salad,"mixed greens, shrimp, hard-boiled eggs, lemon, juice of, crouton, green bell peppers, onion rings, chopped tomato, pepperoncini pepper, parmesan cheese, lemon wedges, chives, cider vinegar, cloves, mayonnaise, heavy cream, worcestershire sauce, chili sauce, green bell pepper, green onion, fresh lemon juice, salt & freshly ground black pepper, fresh parsley, dill pickles, stuffed green olives, prepared horseradish, garlic, paprika, tarragon vinegar, extra virgin olive oil",add,7,"['t,table,salad,dressing,s,p,in,vin,f,re,ad,l,d,b,nt,e']"
70859,louis seafood salad,"mixed greens, shrimp, hard-boiled eggs, lemon, juice of, crouton, green bell peppers, onion rings, chopped tomato, pepperoncini pepper, parmesan cheese, lemon wedges, chives, cider vinegar, cloves, mayonnaise, heavy cream, worcestershire sauce, chili sauce, green bell pepper, green onion, fresh lemon juice, salt & freshly ground black pepper, fresh parsley, dill pickles, stuffed green olives, prepared horseradish, garlic, paprika, tarragon vinegar, extra virgin olive oil",toss,7,"['t,table,salad,dressing,s,p,in,vin,f,re,ad,l,d,b,nt,e']"
70859,louis seafood salad,"mixed greens, shrimp, hard-boiled eggs, lemon, juice of, crouton, green bell peppers, onion rings, chopped tomato, pepperoncini pepper, parmesan cheese, lemon wedges, chives, cider vinegar, cloves, mayonnaise, heavy cream, worcestershire sauce, chili sauce, green bell pepper, green onion, fresh lemon juice, salt & freshly ground black pepper, fresh parsley, dill pickles, stuffed green olives, prepared horseradish, garlic, paprika, tarragon vinegar, extra virgin olive oil",serve,8,"['t,dressing,s,in,de,re,ad,l,d,e']"
