Id,Name,AllIngredients,Verbs,Steps,Ingredient
72438,amazing vegetable quiche,"oats, oat bran, butter, applesauce, water, eggplant, tomatoes, garlic, zucchini, summer squash, fresh spinach, mushroom, onion, basil, oregano, salt, garlic salt, black pepper, worcestershire sauce, egg beaters egg substitute, parmesan cheese, mozzarella cheese",vary,1,"['vegetable,season,sea,t,table,c,heat']"
72438,amazing vegetable quiche,"oats, oat bran, butter, applesauce, water, eggplant, tomatoes, garlic, zucchini, summer squash, fresh spinach, mushroom, onion, basil, oregano, salt, garlic salt, black pepper, worcestershire sauce, egg beaters egg substitute, parmesan cheese, mozzarella cheese",according,1,"['vegetable,season,sea,t,table,c,heat']"
72438,amazing vegetable quiche,"oats, oat bran, butter, applesauce, water, eggplant, tomatoes, garlic, zucchini, summer squash, fresh spinach, mushroom, onion, basil, oregano, salt, garlic salt, black pepper, worcestershire sauce, egg beaters egg substitute, parmesan cheese, mozzarella cheese",prepare,2,"['t,c,oats,oat,bran']"
72438,amazing vegetable quiche,"oats, oat bran, butter, applesauce, water, eggplant, tomatoes, garlic, zucchini, summer squash, fresh spinach, mushroom, onion, basil, oregano, salt, garlic salt, black pepper, worcestershire sauce, egg beaters egg substitute, parmesan cheese, mozzarella cheese",combine,2,"['t,c,oats,oat,bran']"
72438,amazing vegetable quiche,"oats, oat bran, butter, applesauce, water, eggplant, tomatoes, garlic, zucchini, summer squash, fresh spinach, mushroom, onion, basil, oregano, salt, garlic salt, black pepper, worcestershire sauce, egg beaters egg substitute, parmesan cheese, mozzarella cheese",combine,16,"['vegetable,t,table,c']"
72438,amazing vegetable quiche,"oats, oat bran, butter, applesauce, water, eggplant, tomatoes, garlic, zucchini, summer squash, fresh spinach, mushroom, onion, basil, oregano, salt, garlic salt, black pepper, worcestershire sauce, egg beaters egg substitute, parmesan cheese, mozzarella cheese",cut,3,"['sauce,butter,meal,apple,t,c,applesauce']"
72438,amazing vegetable quiche,"oats, oat bran, butter, applesauce, water, eggplant, tomatoes, garlic, zucchini, summer squash, fresh spinach, mushroom, onion, basil, oregano, salt, garlic salt, black pepper, worcestershire sauce, egg beaters egg substitute, parmesan cheese, mozzarella cheese",resembles,3,"['sauce,butter,meal,apple,t,c,applesauce']"
72438,amazing vegetable quiche,"oats, oat bran, butter, applesauce, water, eggplant, tomatoes, garlic, zucchini, summer squash, fresh spinach, mushroom, onion, basil, oregano, salt, garlic salt, black pepper, worcestershire sauce, egg beaters egg substitute, parmesan cheese, mozzarella cheese",add,4,"['water,t']"
72438,amazing vegetable quiche,"oats, oat bran, butter, applesauce, water, eggplant, tomatoes, garlic, zucchini, summer squash, fresh spinach, mushroom, onion, basil, oregano, salt, garlic salt, black pepper, worcestershire sauce, egg beaters egg substitute, parmesan cheese, mozzarella cheese",add,13,"['sauce,pepper,salt,oregano,onion,mushrooms,zucchini,worcestershire,mushroom,squash,room,basil,spinach,t,c']"
72438,amazing vegetable quiche,"oats, oat bran, butter, applesauce, water, eggplant, tomatoes, garlic, zucchini, summer squash, fresh spinach, mushroom, onion, basil, oregano, salt, garlic salt, black pepper, worcestershire sauce, egg beaters egg substitute, parmesan cheese, mozzarella cheese",stir,5,['t']
72438,amazing vegetable quiche,"oats, oat bran, butter, applesauce, water, eggplant, tomatoes, garlic, zucchini, summer squash, fresh spinach, mushroom, onion, basil, oregano, salt, garlic salt, black pepper, worcestershire sauce, egg beaters egg substitute, parmesan cheese, mozzarella cheese",cover,6,"['t,c']"
72438,amazing vegetable quiche,"oats, oat bran, butter, applesauce, water, eggplant, tomatoes, garlic, zucchini, summer squash, fresh spinach, mushroom, onion, basil, oregano, salt, garlic salt, black pepper, worcestershire sauce, egg beaters egg substitute, parmesan cheese, mozzarella cheese",covered,7,"['t,c']"
72438,amazing vegetable quiche,"oats, oat bran, butter, applesauce, water, eggplant, tomatoes, garlic, zucchini, summer squash, fresh spinach, mushroom, onion, basil, oregano, salt, garlic salt, black pepper, worcestershire sauce, egg beaters egg substitute, parmesan cheese, mozzarella cheese",remove,8,"['cook,t,c,cooking,spray,oat']"
72438,amazing vegetable quiche,"oats, oat bran, butter, applesauce, water, eggplant, tomatoes, garlic, zucchini, summer squash, fresh spinach, mushroom, onion, basil, oregano, salt, garlic salt, black pepper, worcestershire sauce, egg beaters egg substitute, parmesan cheese, mozzarella cheese",remove,9,['t']
72438,amazing vegetable quiche,"oats, oat bran, butter, applesauce, water, eggplant, tomatoes, garlic, zucchini, summer squash, fresh spinach, mushroom, onion, basil, oregano, salt, garlic salt, black pepper, worcestershire sauce, egg beaters egg substitute, parmesan cheese, mozzarella cheese",fit,8,"['cook,t,c,cooking,spray,oat']"
72438,amazing vegetable quiche,"oats, oat bran, butter, applesauce, water, eggplant, tomatoes, garlic, zucchini, summer squash, fresh spinach, mushroom, onion, basil, oregano, salt, garlic salt, black pepper, worcestershire sauce, egg beaters egg substitute, parmesan cheese, mozzarella cheese",coated,8,"['cook,t,c,cooking,spray,oat']"
72438,amazing vegetable quiche,"oats, oat bran, butter, applesauce, water, eggplant, tomatoes, garlic, zucchini, summer squash, fresh spinach, mushroom, onion, basil, oregano, salt, garlic salt, black pepper, worcestershire sauce, egg beaters egg substitute, parmesan cheese, mozzarella cheese",bake,10,"['t,min']"
72438,amazing vegetable quiche,"oats, oat bran, butter, applesauce, water, eggplant, tomatoes, garlic, zucchini, summer squash, fresh spinach, mushroom, onion, basil, oregano, salt, garlic salt, black pepper, worcestershire sauce, egg beaters egg substitute, parmesan cheese, mozzarella cheese",bake,19,"['cheese,vegetable,mozzarella,t,table,c,min']"
72438,amazing vegetable quiche,"oats, oat bran, butter, applesauce, water, eggplant, tomatoes, garlic, zucchini, summer squash, fresh spinach, mushroom, onion, basil, oregano, salt, garlic salt, black pepper, worcestershire sauce, egg beaters egg substitute, parmesan cheese, mozzarella cheese",adjust,12,"['garlic,egg,tomatoes,tomato,pan,cook,t,c,eggplant']"
72438,amazing vegetable quiche,"oats, oat bran, butter, applesauce, water, eggplant, tomatoes, garlic, zucchini, summer squash, fresh spinach, mushroom, onion, basil, oregano, salt, garlic salt, black pepper, worcestershire sauce, egg beaters egg substitute, parmesan cheese, mozzarella cheese",blend,14,"['juice,cook,t,c,ice,cooking']"
72438,amazing vegetable quiche,"oats, oat bran, butter, applesauce, water, eggplant, tomatoes, garlic, zucchini, summer squash, fresh spinach, mushroom, onion, basil, oregano, salt, garlic salt, black pepper, worcestershire sauce, egg beaters egg substitute, parmesan cheese, mozzarella cheese",continue,14,"['juice,cook,t,c,ice,cooking']"
72438,amazing vegetable quiche,"oats, oat bran, butter, applesauce, water, eggplant, tomatoes, garlic, zucchini, summer squash, fresh spinach, mushroom, onion, basil, oregano, salt, garlic salt, black pepper, worcestershire sauce, egg beaters egg substitute, parmesan cheese, mozzarella cheese",cooking,14,"['juice,cook,t,c,ice,cooking']"
72438,amazing vegetable quiche,"oats, oat bran, butter, applesauce, water, eggplant, tomatoes, garlic, zucchini, summer squash, fresh spinach, mushroom, onion, basil, oregano, salt, garlic salt, black pepper, worcestershire sauce, egg beaters egg substitute, parmesan cheese, mozzarella cheese",evaporated,14,"['juice,cook,t,c,ice,cooking']"
72438,amazing vegetable quiche,"oats, oat bran, butter, applesauce, water, eggplant, tomatoes, garlic, zucchini, summer squash, fresh spinach, mushroom, onion, basil, oregano, salt, garlic salt, black pepper, worcestershire sauce, egg beaters egg substitute, parmesan cheese, mozzarella cheese",place,15,"['egg,cheese,vegetable,parmesan,t,table,c']"
72438,amazing vegetable quiche,"oats, oat bran, butter, applesauce, water, eggplant, tomatoes, garlic, zucchini, summer squash, fresh spinach, mushroom, onion, basil, oregano, salt, garlic salt, black pepper, worcestershire sauce, egg beaters egg substitute, parmesan cheese, mozzarella cheese",cool,15,"['egg,cheese,vegetable,parmesan,t,table,c']"
72438,amazing vegetable quiche,"oats, oat bran, butter, applesauce, water, eggplant, tomatoes, garlic, zucchini, summer squash, fresh spinach, mushroom, onion, basil, oregano, salt, garlic salt, black pepper, worcestershire sauce, egg beaters egg substitute, parmesan cheese, mozzarella cheese",beat,15,"['egg,cheese,vegetable,parmesan,t,table,c']"
72438,amazing vegetable quiche,"oats, oat bran, butter, applesauce, water, eggplant, tomatoes, garlic, zucchini, summer squash, fresh spinach, mushroom, onion, basil, oregano, salt, garlic salt, black pepper, worcestershire sauce, egg beaters egg substitute, parmesan cheese, mozzarella cheese",pour,17,"['vegetable,t,table,c']"
72438,amazing vegetable quiche,"oats, oat bran, butter, applesauce, water, eggplant, tomatoes, garlic, zucchini, summer squash, fresh spinach, mushroom, onion, basil, oregano, salt, garlic salt, black pepper, worcestershire sauce, egg beaters egg substitute, parmesan cheese, mozzarella cheese",pour,19,"['cheese,vegetable,mozzarella,t,table,c,min']"
72438,amazing vegetable quiche,"oats, oat bran, butter, applesauce, water, eggplant, tomatoes, garlic, zucchini, summer squash, fresh spinach, mushroom, onion, basil, oregano, salt, garlic salt, black pepper, worcestershire sauce, egg beaters egg substitute, parmesan cheese, mozzarella cheese",sprinkle,18,"['cheese,mozzarella,parmesan,t,c']"
72438,amazing vegetable quiche,"oats, oat bran, butter, applesauce, water, eggplant, tomatoes, garlic, zucchini, summer squash, fresh spinach, mushroom, onion, basil, oregano, salt, garlic salt, black pepper, worcestershire sauce, egg beaters egg substitute, parmesan cheese, mozzarella cheese",remaining,19,"['cheese,vegetable,mozzarella,t,table,c,min']"
72438,amazing vegetable quiche,"oats, oat bran, butter, applesauce, water, eggplant, tomatoes, garlic, zucchini, summer squash, fresh spinach, mushroom, onion, basil, oregano, salt, garlic salt, black pepper, worcestershire sauce, egg beaters egg substitute, parmesan cheese, mozzarella cheese",set,20,"['brown,t,c']"
72438,amazing vegetable quiche,"oats, oat bran, butter, applesauce, water, eggplant, tomatoes, garlic, zucchini, summer squash, fresh spinach, mushroom, onion, basil, oregano, salt, garlic salt, black pepper, worcestershire sauce, egg beaters egg substitute, parmesan cheese, mozzarella cheese",serve,22,"['t,c']"
