Id,Name,AllIngredients,Verbs,Steps,Ingredient
72814,falafel with taratoor sauce,"dried garbanzo beans, onion, garlic cloves, stale bread, parsley, sweet red pepper, salt, black pepper, cumin, oregano, ground coriander, hot red pepper flakes, flour, baking powder, water, vegetable oil, tahini, garlic clove, lemon, juice of, tomatoes, dill pickle slices, fresh spearmint",cover,1,"['water,chickpeas,t,c,peas,pea,s,p,in,chickpea,chick,l,d,b']"
72814,falafel with taratoor sauce,"dried garbanzo beans, onion, garlic cloves, stale bread, parsley, sweet red pepper, salt, black pepper, cumin, oregano, ground coriander, hot red pepper flakes, flour, baking powder, water, vegetable oil, tahini, garlic clove, lemon, juice of, tomatoes, dill pickle slices, fresh spearmint",soak,1,"['water,chickpeas,t,c,peas,pea,s,p,in,chickpea,chick,l,d,b']"
72814,falafel with taratoor sauce,"dried garbanzo beans, onion, garlic cloves, stale bread, parsley, sweet red pepper, salt, black pepper, cumin, oregano, ground coriander, hot red pepper flakes, flour, baking powder, water, vegetable oil, tahini, garlic clove, lemon, juice of, tomatoes, dill pickle slices, fresh spearmint",add,3,"['garlic,pepper,onion,parsley,read,bread,t,c,s,p,re,ad,red,l,d,b']"
72814,falafel with taratoor sauce,"dried garbanzo beans, onion, garlic cloves, stale bread, parsley, sweet red pepper, salt, black pepper, cumin, oregano, ground coriander, hot red pepper flakes, flour, baking powder, water, vegetable oil, tahini, garlic clove, lemon, juice of, tomatoes, dill pickle slices, fresh spearmint",add,5,"['powder,flour,water,spice,t,c,ice,baking,s,p,in,de,f,ad,l,spices,d,b']"
72814,falafel with taratoor sauce,"dried garbanzo beans, onion, garlic cloves, stale bread, parsley, sweet red pepper, salt, black pepper, cumin, oregano, ground coriander, hot red pepper flakes, flour, baking powder, water, vegetable oil, tahini, garlic clove, lemon, juice of, tomatoes, dill pickle slices, fresh spearmint",add,13,"['t,c,ice,s,p,in,pita,f,ad,d']"
72814,falafel with taratoor sauce,"dried garbanzo beans, onion, garlic cloves, stale bread, parsley, sweet red pepper, salt, black pepper, cumin, oregano, ground coriander, hot red pepper flakes, flour, baking powder, water, vegetable oil, tahini, garlic clove, lemon, juice of, tomatoes, dill pickle slices, fresh spearmint",add,18,"dried garbanzo beans, onion, garlic cloves, stale bread, parsley, sweet red pepper, salt, black pepper, cumin, oregano, ground coriander, hot red pepper flakes, flour, baking powder, water, vegetable oil, tahini, garlic clove, lemon, juice of, tomatoes, dill pickle slices, fresh spearmint"
72814,falafel with taratoor sauce,"dried garbanzo beans, onion, garlic cloves, stale bread, parsley, sweet red pepper, salt, black pepper, cumin, oregano, ground coriander, hot red pepper flakes, flour, baking powder, water, vegetable oil, tahini, garlic clove, lemon, juice of, tomatoes, dill pickle slices, fresh spearmint",add,19,"['salt,parsley,t,s,p,ad,l,d']"
72814,falafel with taratoor sauce,"dried garbanzo beans, onion, garlic cloves, stale bread, parsley, sweet red pepper, salt, black pepper, cumin, oregano, ground coriander, hot red pepper flakes, flour, baking powder, water, vegetable oil, tahini, garlic clove, lemon, juice of, tomatoes, dill pickle slices, fresh spearmint",add,20,"['sauce,juice,lemon,t,c,ice,s,de,f,au,-,re,ad,l,d,b']"
72814,falafel with taratoor sauce,"dried garbanzo beans, onion, garlic cloves, stale bread, parsley, sweet red pepper, salt, black pepper, cumin, oregano, ground coriander, hot red pepper flakes, flour, baking powder, water, vegetable oil, tahini, garlic clove, lemon, juice of, tomatoes, dill pickle slices, fresh spearmint",run,4,"['t,rind,in,meat,de,f,hr,ad,l,d,b']"
72814,falafel with taratoor sauce,"dried garbanzo beans, onion, garlic cloves, stale bread, parsley, sweet red pepper, salt, black pepper, cumin, oregano, ground coriander, hot red pepper flakes, flour, baking powder, water, vegetable oil, tahini, garlic clove, lemon, juice of, tomatoes, dill pickle slices, fresh spearmint",baking,5,"['powder,flour,water,spice,t,c,ice,baking,s,p,in,de,f,ad,l,spices,d,b']"
72814,falafel with taratoor sauce,"dried garbanzo beans, onion, garlic cloves, stale bread, parsley, sweet red pepper, salt, black pepper, cumin, oregano, ground coriander, hot red pepper flakes, flour, baking powder, water, vegetable oil, tahini, garlic clove, lemon, juice of, tomatoes, dill pickle slices, fresh spearmint",baking,7,"['powder,water,t,baking,mix,s,p,in,dish,de,re,l,d,b']"
72814,falafel with taratoor sauce,"dried garbanzo beans, onion, garlic cloves, stale bread, parsley, sweet red pepper, salt, black pepper, cumin, oregano, ground coriander, hot red pepper flakes, flour, baking powder, water, vegetable oil, tahini, garlic clove, lemon, juice of, tomatoes, dill pickle slices, fresh spearmint",mix,6,"['mix,l']"
72814,falafel with taratoor sauce,"dried garbanzo beans, onion, garlic cloves, stale bread, parsley, sweet red pepper, salt, black pepper, cumin, oregano, ground coriander, hot red pepper flakes, flour, baking powder, water, vegetable oil, tahini, garlic clove, lemon, juice of, tomatoes, dill pickle slices, fresh spearmint",remaining,7,"['powder,water,t,baking,mix,s,p,in,dish,de,re,l,d,b']"
72814,falafel with taratoor sauce,"dried garbanzo beans, onion, garlic cloves, stale bread, parsley, sweet red pepper, salt, black pepper, cumin, oregano, ground coriander, hot red pepper flakes, flour, baking powder, water, vegetable oil, tahini, garlic clove, lemon, juice of, tomatoes, dill pickle slices, fresh spearmint",use,8,"['nuts,palm,t,c,walnuts,ball,mix,pea,s,p,flat,f,chickpea,re,chick,walnut,l,d,b']"
72814,falafel with taratoor sauce,"dried garbanzo beans, onion, garlic cloves, stale bread, parsley, sweet red pepper, salt, black pepper, cumin, oregano, ground coriander, hot red pepper flakes, flour, baking powder, water, vegetable oil, tahini, garlic clove, lemon, juice of, tomatoes, dill pickle slices, fresh spearmint",use,21,"['read,t,s,f,re,ad,l,d']"
72814,falafel with taratoor sauce,"dried garbanzo beans, onion, garlic cloves, stale bread, parsley, sweet red pepper, salt, black pepper, cumin, oregano, ground coriander, hot red pepper flakes, flour, baking powder, water, vegetable oil, tahini, garlic clove, lemon, juice of, tomatoes, dill pickle slices, fresh spearmint",moisten,8,"['nuts,palm,t,c,walnuts,ball,mix,pea,s,p,flat,f,chickpea,re,chick,walnut,l,d,b']"
72814,falafel with taratoor sauce,"dried garbanzo beans, onion, garlic cloves, stale bread, parsley, sweet red pepper, salt, black pepper, cumin, oregano, ground coriander, hot red pepper flakes, flour, baking powder, water, vegetable oil, tahini, garlic clove, lemon, juice of, tomatoes, dill pickle slices, fresh spearmint",form,8,"['nuts,palm,t,c,walnuts,ball,mix,pea,s,p,flat,f,chickpea,re,chick,walnut,l,d,b']"
72814,falafel with taratoor sauce,"dried garbanzo beans, onion, garlic cloves, stale bread, parsley, sweet red pepper, salt, black pepper, cumin, oregano, ground coriander, hot red pepper flakes, flour, baking powder, water, vegetable oil, tahini, garlic clove, lemon, juice of, tomatoes, dill pickle slices, fresh spearmint",flatten,8,"['nuts,palm,t,c,walnuts,ball,mix,pea,s,p,flat,f,chickpea,re,chick,walnut,l,d,b']"
72814,falafel with taratoor sauce,"dried garbanzo beans, onion, garlic cloves, stale bread, parsley, sweet red pepper, salt, black pepper, cumin, oregano, ground coriander, hot red pepper flakes, flour, baking powder, water, vegetable oil, tahini, garlic clove, lemon, juice of, tomatoes, dill pickle slices, fresh spearmint",serve,10,"['t,s,p,in,pin']"
72814,falafel with taratoor sauce,"dried garbanzo beans, onion, garlic cloves, stale bread, parsley, sweet red pepper, salt, black pepper, cumin, oregano, ground coriander, hot red pepper flakes, flour, baking powder, water, vegetable oil, tahini, garlic clove, lemon, juice of, tomatoes, dill pickle slices, fresh spearmint",piping,10,"['t,s,p,in,pin']"
72814,falafel with taratoor sauce,"dried garbanzo beans, onion, garlic cloves, stale bread, parsley, sweet red pepper, salt, black pepper, cumin, oregano, ground coriander, hot red pepper flakes, flour, baking powder, water, vegetable oil, tahini, garlic clove, lemon, juice of, tomatoes, dill pickle slices, fresh spearmint",serving,11,"['read,bread,t,c,s,p,in,vin,pita,f,-,re,ad,l,d,b']"
72814,falafel with taratoor sauce,"dried garbanzo beans, onion, garlic cloves, stale bread, parsley, sweet red pepper, salt, black pepper, cumin, oregano, ground coriander, hot red pepper flakes, flour, baking powder, water, vegetable oil, tahini, garlic clove, lemon, juice of, tomatoes, dill pickle slices, fresh spearmint",using,11,"['read,bread,t,c,s,p,in,vin,pita,f,-,re,ad,l,d,b']"
72814,falafel with taratoor sauce,"dried garbanzo beans, onion, garlic cloves, stale bread, parsley, sweet red pepper, salt, black pepper, cumin, oregano, ground coriander, hot red pepper flakes, flour, baking powder, water, vegetable oil, tahini, garlic clove, lemon, juice of, tomatoes, dill pickle slices, fresh spearmint",using,12,"['t,s,p,in,pita,f,l,d']"
72814,falafel with taratoor sauce,"dried garbanzo beans, onion, garlic cloves, stale bread, parsley, sweet red pepper, salt, black pepper, cumin, oregano, ground coriander, hot red pepper flakes, flour, baking powder, water, vegetable oil, tahini, garlic clove, lemon, juice of, tomatoes, dill pickle slices, fresh spearmint",using,18,"dried garbanzo beans, onion, garlic cloves, stale bread, parsley, sweet red pepper, salt, black pepper, cumin, oregano, ground coriander, hot red pepper flakes, flour, baking powder, water, vegetable oil, tahini, garlic clove, lemon, juice of, tomatoes, dill pickle slices, fresh spearmint"
72814,falafel with taratoor sauce,"dried garbanzo beans, onion, garlic cloves, stale bread, parsley, sweet red pepper, salt, black pepper, cumin, oregano, ground coriander, hot red pepper flakes, flour, baking powder, water, vegetable oil, tahini, garlic clove, lemon, juice of, tomatoes, dill pickle slices, fresh spearmint",lay,11,"['read,bread,t,c,s,p,in,vin,pita,f,-,re,ad,l,d,b']"
72814,falafel with taratoor sauce,"dried garbanzo beans, onion, garlic cloves, stale bread, parsley, sweet red pepper, salt, black pepper, cumin, oregano, ground coriander, hot red pepper flakes, flour, baking powder, water, vegetable oil, tahini, garlic clove, lemon, juice of, tomatoes, dill pickle slices, fresh spearmint",turn,12,"['t,s,p,in,pita,f,l,d']"
72814,falafel with taratoor sauce,"dried garbanzo beans, onion, garlic cloves, stale bread, parsley, sweet red pepper, salt, black pepper, cumin, oregano, ground coriander, hot red pepper flakes, flour, baking powder, water, vegetable oil, tahini, garlic clove, lemon, juice of, tomatoes, dill pickle slices, fresh spearmint",open,13,"['t,c,ice,s,p,in,pita,f,ad,d']"
72814,falafel with taratoor sauce,"dried garbanzo beans, onion, garlic cloves, stale bread, parsley, sweet red pepper, salt, black pepper, cumin, oregano, ground coriander, hot red pepper flakes, flour, baking powder, water, vegetable oil, tahini, garlic clove, lemon, juice of, tomatoes, dill pickle slices, fresh spearmint",like,14,"['tomato,parsley,mint,t,c,ice,min,slice,dill,pea,s,p,in,spearmint,slices,pear,f,re,pickle,l,d']"
72814,falafel with taratoor sauce,"dried garbanzo beans, onion, garlic cloves, stale bread, parsley, sweet red pepper, salt, black pepper, cumin, oregano, ground coriander, hot red pepper flakes, flour, baking powder, water, vegetable oil, tahini, garlic clove, lemon, juice of, tomatoes, dill pickle slices, fresh spearmint",dress,15,"['sauce,t,c,s,au,re,d']"
72814,falafel with taratoor sauce,"dried garbanzo beans, onion, garlic cloves, stale bread, parsley, sweet red pepper, salt, black pepper, cumin, oregano, ground coriander, hot red pepper flakes, flour, baking powder, water, vegetable oil, tahini, garlic clove, lemon, juice of, tomatoes, dill pickle slices, fresh spearmint",roll,16,"['t,c,s,p,in,roll,sandwich,f,re,l,d']"
72814,falafel with taratoor sauce,"dried garbanzo beans, onion, garlic cloves, stale bread, parsley, sweet red pepper, salt, black pepper, cumin, oregano, ground coriander, hot red pepper flakes, flour, baking powder, water, vegetable oil, tahini, garlic clove, lemon, juice of, tomatoes, dill pickle slices, fresh spearmint",enjoy,16,"['t,c,s,p,in,roll,sandwich,f,re,l,d']"
72814,falafel with taratoor sauce,"dried garbanzo beans, onion, garlic cloves, stale bread, parsley, sweet red pepper, salt, black pepper, cumin, oregano, ground coriander, hot red pepper flakes, flour, baking powder, water, vegetable oil, tahini, garlic clove, lemon, juice of, tomatoes, dill pickle slices, fresh spearmint",beat,17,"['sauce,garlic,juice,cream,lemon,t,ahi,c,ice,s,p,in,tahini,de,tar,f,au,re,l,d,b']"
72814,falafel with taratoor sauce,"dried garbanzo beans, onion, garlic cloves, stale bread, parsley, sweet red pepper, salt, black pepper, cumin, oregano, ground coriander, hot red pepper flakes, flour, baking powder, water, vegetable oil, tahini, garlic clove, lemon, juice of, tomatoes, dill pickle slices, fresh spearmint",crushed,17,"['sauce,garlic,juice,cream,lemon,t,ahi,c,ice,s,p,in,tahini,de,tar,f,au,re,l,d,b']"
72814,falafel with taratoor sauce,"dried garbanzo beans, onion, garlic cloves, stale bread, parsley, sweet red pepper, salt, black pepper, cumin, oregano, ground coriander, hot red pepper flakes, flour, baking powder, water, vegetable oil, tahini, garlic clove, lemon, juice of, tomatoes, dill pickle slices, fresh spearmint",beating,18,"dried garbanzo beans, onion, garlic cloves, stale bread, parsley, sweet red pepper, salt, black pepper, cumin, oregano, ground coriander, hot red pepper flakes, flour, baking powder, water, vegetable oil, tahini, garlic clove, lemon, juice of, tomatoes, dill pickle slices, fresh spearmint"
72814,falafel with taratoor sauce,"dried garbanzo beans, onion, garlic cloves, stale bread, parsley, sweet red pepper, salt, black pepper, cumin, oregano, ground coriander, hot red pepper flakes, flour, baking powder, water, vegetable oil, tahini, garlic clove, lemon, juice of, tomatoes, dill pickle slices, fresh spearmint",put,18,"dried garbanzo beans, onion, garlic cloves, stale bread, parsley, sweet red pepper, salt, black pepper, cumin, oregano, ground coriander, hot red pepper flakes, flour, baking powder, water, vegetable oil, tahini, garlic clove, lemon, juice of, tomatoes, dill pickle slices, fresh spearmint"
72814,falafel with taratoor sauce,"dried garbanzo beans, onion, garlic cloves, stale bread, parsley, sweet red pepper, salt, black pepper, cumin, oregano, ground coriander, hot red pepper flakes, flour, baking powder, water, vegetable oil, tahini, garlic clove, lemon, juice of, tomatoes, dill pickle slices, fresh spearmint",blend,18,"dried garbanzo beans, onion, garlic cloves, stale bread, parsley, sweet red pepper, salt, black pepper, cumin, oregano, ground coriander, hot red pepper flakes, flour, baking powder, water, vegetable oil, tahini, garlic clove, lemon, juice of, tomatoes, dill pickle slices, fresh spearmint"
72814,falafel with taratoor sauce,"dried garbanzo beans, onion, garlic cloves, stale bread, parsley, sweet red pepper, salt, black pepper, cumin, oregano, ground coriander, hot red pepper flakes, flour, baking powder, water, vegetable oil, tahini, garlic clove, lemon, juice of, tomatoes, dill pickle slices, fresh spearmint",stir,19,"['salt,parsley,t,s,p,ad,l,d']"
72814,falafel with taratoor sauce,"dried garbanzo beans, onion, garlic cloves, stale bread, parsley, sweet red pepper, salt, black pepper, cumin, oregano, ground coriander, hot red pepper flakes, flour, baking powder, water, vegetable oil, tahini, garlic clove, lemon, juice of, tomatoes, dill pickle slices, fresh spearmint",taste,20,"['sauce,juice,lemon,t,c,ice,s,de,f,au,-,re,ad,l,d,b']"
72814,falafel with taratoor sauce,"dried garbanzo beans, onion, garlic cloves, stale bread, parsley, sweet red pepper, salt, black pepper, cumin, oregano, ground coriander, hot red pepper flakes, flour, baking powder, water, vegetable oil, tahini, garlic clove, lemon, juice of, tomatoes, dill pickle slices, fresh spearmint",needed,20,"['sauce,juice,lemon,t,c,ice,s,de,f,au,-,re,ad,l,d,b']"
72814,falafel with taratoor sauce,"dried garbanzo beans, onion, garlic cloves, stale bread, parsley, sweet red pepper, salt, black pepper, cumin, oregano, ground coriander, hot red pepper flakes, flour, baking powder, water, vegetable oil, tahini, garlic clove, lemon, juice of, tomatoes, dill pickle slices, fresh spearmint",be,20,"['sauce,juice,lemon,t,c,ice,s,de,f,au,-,re,ad,l,d,b']"
