Id,Name,AllIngredients,Verbs,Steps,Ingredient
73124,buche de noel  yule log,"cake flour, cocoa, baking powder, salt, eggs, granulated sugar, water, ""confectioners sugar"", unflavored gelatin, whipping cream, almond extract, unsweetened chocolate, instant coffee, butter, vanilla, egg white, almonds, cherries, maraschino cherry, spearmint candy leaf",making,1,{}
73124,buche de noel  yule log,"cake flour, cocoa, baking powder, salt, eggs, granulated sugar, water, ""confectioners sugar"", unflavored gelatin, whipping cream, almond extract, unsweetened chocolate, instant coffee, butter, vanilla, egg white, almonds, cherries, maraschino cherry, spearmint candy leaf",sift,6,"['powder,salt,flour,cocoa,t,c,baking,s,p,in']"
73124,buche de noel  yule log,"cake flour, cocoa, baking powder, salt, eggs, granulated sugar, water, ""confectioners sugar"", unflavored gelatin, whipping cream, almond extract, unsweetened chocolate, instant coffee, butter, vanilla, egg white, almonds, cherries, maraschino cherry, spearmint candy leaf",baking,6,"['powder,salt,flour,cocoa,t,c,baking,s,p,in']"
73124,buche de noel  yule log,"cake flour, cocoa, baking powder, salt, eggs, granulated sugar, water, ""confectioners sugar"", unflavored gelatin, whipping cream, almond extract, unsweetened chocolate, instant coffee, butter, vanilla, egg white, almonds, cherries, maraschino cherry, spearmint candy leaf",set,7,"['t,s']"
73124,buche de noel  yule log,"cake flour, cocoa, baking powder, salt, eggs, granulated sugar, water, ""confectioners sugar"", unflavored gelatin, whipping cream, almond extract, unsweetened chocolate, instant coffee, butter, vanilla, egg white, almonds, cherries, maraschino cherry, spearmint candy leaf",beat,8,"['eggs,egg,lemon,t,c,s,color']"
73124,buche de noel  yule log,"cake flour, cocoa, baking powder, salt, eggs, granulated sugar, water, ""confectioners sugar"", unflavored gelatin, whipping cream, almond extract, unsweetened chocolate, instant coffee, butter, vanilla, egg white, almonds, cherries, maraschino cherry, spearmint candy leaf",beat,10,"['t,c']"
73124,buche de noel  yule log,"cake flour, cocoa, baking powder, salt, eggs, granulated sugar, water, ""confectioners sugar"", unflavored gelatin, whipping cream, almond extract, unsweetened chocolate, instant coffee, butter, vanilla, egg white, almonds, cherries, maraschino cherry, spearmint candy leaf",beat,21,"['cream,t,c,pea,s,p']"
73124,buche de noel  yule log,"cake flour, cocoa, baking powder, salt, eggs, granulated sugar, water, ""confectioners sugar"", unflavored gelatin, whipping cream, almond extract, unsweetened chocolate, instant coffee, butter, vanilla, egg white, almonds, cherries, maraschino cherry, spearmint candy leaf",beat,29,"['salt,sugar,vanilla,t,c,chocolate,confectioners,mix,blend,s,p,end,in']"
73124,buche de noel  yule log,"cake flour, cocoa, baking powder, salt, eggs, granulated sugar, water, ""confectioners sugar"", unflavored gelatin, whipping cream, almond extract, unsweetened chocolate, instant coffee, butter, vanilla, egg white, almonds, cherries, maraschino cherry, spearmint candy leaf",beat,30,"['egg,whites,t,pea,s,p']"
73124,buche de noel  yule log,"cake flour, cocoa, baking powder, salt, eggs, granulated sugar, water, ""confectioners sugar"", unflavored gelatin, whipping cream, almond extract, unsweetened chocolate, instant coffee, butter, vanilla, egg white, almonds, cherries, maraschino cherry, spearmint candy leaf",beat,31,"['sugar,egg,whites,t,c,chocolate,confectioners,mix,pea,s,p,in']"
73124,buche de noel  yule log,"cake flour, cocoa, baking powder, salt, eggs, granulated sugar, water, ""confectioners sugar"", unflavored gelatin, whipping cream, almond extract, unsweetened chocolate, instant coffee, butter, vanilla, egg white, almonds, cherries, maraschino cherry, spearmint candy leaf",add,9,"['sugar,t,c,s,in']"
73124,buche de noel  yule log,"cake flour, cocoa, baking powder, salt, eggs, granulated sugar, water, ""confectioners sugar"", unflavored gelatin, whipping cream, almond extract, unsweetened chocolate, instant coffee, butter, vanilla, egg white, almonds, cherries, maraschino cherry, spearmint candy leaf",add,29,"['salt,sugar,vanilla,t,c,chocolate,confectioners,mix,blend,s,p,end,in']"
73124,buche de noel  yule log,"cake flour, cocoa, baking powder, salt, eggs, granulated sugar, water, ""confectioners sugar"", unflavored gelatin, whipping cream, almond extract, unsweetened chocolate, instant coffee, butter, vanilla, egg white, almonds, cherries, maraschino cherry, spearmint candy leaf",beating,9,"['sugar,t,c,s,in']"
73124,buche de noel  yule log,"cake flour, cocoa, baking powder, salt, eggs, granulated sugar, water, ""confectioners sugar"", unflavored gelatin, whipping cream, almond extract, unsweetened chocolate, instant coffee, butter, vanilla, egg white, almonds, cherries, maraschino cherry, spearmint candy leaf",fold,11,"['flour,water,vanilla,t,mix,s,in']"
73124,buche de noel  yule log,"cake flour, cocoa, baking powder, salt, eggs, granulated sugar, water, ""confectioners sugar"", unflavored gelatin, whipping cream, almond extract, unsweetened chocolate, instant coffee, butter, vanilla, egg white, almonds, cherries, maraschino cherry, spearmint candy leaf",fold,22,"['sugar,t,c,min,confectioners,mix,s,almond,extract,in,gelatin']"
73124,buche de noel  yule log,"cake flour, cocoa, baking powder, salt, eggs, granulated sugar, water, ""confectioners sugar"", unflavored gelatin, whipping cream, almond extract, unsweetened chocolate, instant coffee, butter, vanilla, egg white, almonds, cherries, maraschino cherry, spearmint candy leaf",fold,31,"['sugar,egg,whites,t,c,chocolate,confectioners,mix,pea,s,p,in']"
73124,buche de noel  yule log,"cake flour, cocoa, baking powder, salt, eggs, granulated sugar, water, ""confectioners sugar"", unflavored gelatin, whipping cream, almond extract, unsweetened chocolate, instant coffee, butter, vanilla, egg white, almonds, cherries, maraschino cherry, spearmint candy leaf",stir,11,"['flour,water,vanilla,t,mix,s,in']"
73124,buche de noel  yule log,"cake flour, cocoa, baking powder, salt, eggs, granulated sugar, water, ""confectioners sugar"", unflavored gelatin, whipping cream, almond extract, unsweetened chocolate, instant coffee, butter, vanilla, egg white, almonds, cherries, maraschino cherry, spearmint candy leaf",smooth,11,"['flour,water,vanilla,t,mix,s,in']"
73124,buche de noel  yule log,"cake flour, cocoa, baking powder, salt, eggs, granulated sugar, water, ""confectioners sugar"", unflavored gelatin, whipping cream, almond extract, unsweetened chocolate, instant coffee, butter, vanilla, egg white, almonds, cherries, maraschino cherry, spearmint candy leaf",spread,12,"['pan,read,t,min,mix,s,p,in']"
73124,buche de noel  yule log,"cake flour, cocoa, baking powder, salt, eggs, granulated sugar, water, ""confectioners sugar"", unflavored gelatin, whipping cream, almond extract, unsweetened chocolate, instant coffee, butter, vanilla, egg white, almonds, cherries, maraschino cherry, spearmint candy leaf",spread,23,"['read,cream,t,c,s,p,whip,in,roll,cake']"
73124,buche de noel  yule log,"cake flour, cocoa, baking powder, salt, eggs, granulated sugar, water, ""confectioners sugar"", unflavored gelatin, whipping cream, almond extract, unsweetened chocolate, instant coffee, butter, vanilla, egg white, almonds, cherries, maraschino cherry, spearmint candy leaf",bake,12,"['pan,read,t,min,mix,s,p,in']"
73124,buche de noel  yule log,"cake flour, cocoa, baking powder, salt, eggs, granulated sugar, water, ""confectioners sugar"", unflavored gelatin, whipping cream, almond extract, unsweetened chocolate, instant coffee, butter, vanilla, egg white, almonds, cherries, maraschino cherry, spearmint candy leaf",sprinkle,13,"['flour,t,c,s,p,in,kitchen,cake']"
73124,buche de noel  yule log,"cake flour, cocoa, baking powder, salt, eggs, granulated sugar, water, ""confectioners sugar"", unflavored gelatin, whipping cream, almond extract, unsweetened chocolate, instant coffee, butter, vanilla, egg white, almonds, cherries, maraschino cherry, spearmint candy leaf",sprinkle,18,"['water,t,c,s,p,in,cake,gelatin']"
73124,buche de noel  yule log,"cake flour, cocoa, baking powder, salt, eggs, granulated sugar, water, ""confectioners sugar"", unflavored gelatin, whipping cream, almond extract, unsweetened chocolate, instant coffee, butter, vanilla, egg white, almonds, cherries, maraschino cherry, spearmint candy leaf",removing,14,"['t,c,s,in,vin,cake']"
73124,buche de noel  yule log,"cake flour, cocoa, baking powder, salt, eggs, granulated sugar, water, ""confectioners sugar"", unflavored gelatin, whipping cream, almond extract, unsweetened chocolate, instant coffee, butter, vanilla, egg white, almonds, cherries, maraschino cherry, spearmint candy leaf",loosen,14,"['t,c,s,in,vin,cake']"
73124,buche de noel  yule log,"cake flour, cocoa, baking powder, salt, eggs, granulated sugar, water, ""confectioners sugar"", unflavored gelatin, whipping cream, almond extract, unsweetened chocolate, instant coffee, butter, vanilla, egg white, almonds, cherries, maraschino cherry, spearmint candy leaf",turn,14,"['t,c,s,in,vin,cake']"
73124,buche de noel  yule log,"cake flour, cocoa, baking powder, salt, eggs, granulated sugar, water, ""confectioners sugar"", unflavored gelatin, whipping cream, almond extract, unsweetened chocolate, instant coffee, butter, vanilla, egg white, almonds, cherries, maraschino cherry, spearmint candy leaf",peel,15,"['peel,t,s,p']"
73124,buche de noel  yule log,"cake flour, cocoa, baking powder, salt, eggs, granulated sugar, water, ""confectioners sugar"", unflavored gelatin, whipping cream, almond extract, unsweetened chocolate, instant coffee, butter, vanilla, egg white, almonds, cherries, maraschino cherry, spearmint candy leaf",trim,15,"['peel,t,s,p']"
73124,buche de noel  yule log,"cake flour, cocoa, baking powder, salt, eggs, granulated sugar, water, ""confectioners sugar"", unflavored gelatin, whipping cream, almond extract, unsweetened chocolate, instant coffee, butter, vanilla, egg white, almonds, cherries, maraschino cherry, spearmint candy leaf",staring,16,"['t,c,star,s,p,end,in,roll,cake']"
73124,buche de noel  yule log,"cake flour, cocoa, baking powder, salt, eggs, granulated sugar, water, ""confectioners sugar"", unflavored gelatin, whipping cream, almond extract, unsweetened chocolate, instant coffee, butter, vanilla, egg white, almonds, cherries, maraschino cherry, spearmint candy leaf",roll,16,"['t,c,star,s,p,end,in,roll,cake']"
73124,buche de noel  yule log,"cake flour, cocoa, baking powder, salt, eggs, granulated sugar, water, ""confectioners sugar"", unflavored gelatin, whipping cream, almond extract, unsweetened chocolate, instant coffee, butter, vanilla, egg white, almonds, cherries, maraschino cherry, spearmint candy leaf",roll,24,"['p,in,roll']"
73124,buche de noel  yule log,"cake flour, cocoa, baking powder, salt, eggs, granulated sugar, water, ""confectioners sugar"", unflavored gelatin, whipping cream, almond extract, unsweetened chocolate, instant coffee, butter, vanilla, egg white, almonds, cherries, maraschino cherry, spearmint candy leaf",let,17,"['t,c,min,rack,s,in,cake']"
73124,buche de noel  yule log,"cake flour, cocoa, baking powder, salt, eggs, granulated sugar, water, ""confectioners sugar"", unflavored gelatin, whipping cream, almond extract, unsweetened chocolate, instant coffee, butter, vanilla, egg white, almonds, cherries, maraschino cherry, spearmint candy leaf",stand,17,"['t,c,min,rack,s,in,cake']"
73124,buche de noel  yule log,"cake flour, cocoa, baking powder, salt, eggs, granulated sugar, water, ""confectioners sugar"", unflavored gelatin, whipping cream, almond extract, unsweetened chocolate, instant coffee, butter, vanilla, egg white, almonds, cherries, maraschino cherry, spearmint candy leaf",preparing,18,"['water,t,c,s,p,in,cake,gelatin']"
73124,buche de noel  yule log,"cake flour, cocoa, baking powder, salt, eggs, granulated sugar, water, ""confectioners sugar"", unflavored gelatin, whipping cream, almond extract, unsweetened chocolate, instant coffee, butter, vanilla, egg white, almonds, cherries, maraschino cherry, spearmint candy leaf",preparing,26,"['t,c,heat,chocolate,s,p,coffee,in']"
73124,buche de noel  yule log,"cake flour, cocoa, baking powder, salt, eggs, granulated sugar, water, ""confectioners sugar"", unflavored gelatin, whipping cream, almond extract, unsweetened chocolate, instant coffee, butter, vanilla, egg white, almonds, cherries, maraschino cherry, spearmint candy leaf",standing,18,"['water,t,c,s,p,in,cake,gelatin']"
73124,buche de noel  yule log,"cake flour, cocoa, baking powder, salt, eggs, granulated sugar, water, ""confectioners sugar"", unflavored gelatin, whipping cream, almond extract, unsweetened chocolate, instant coffee, butter, vanilla, egg white, almonds, cherries, maraschino cherry, spearmint candy leaf",soften,18,"['water,t,c,s,p,in,cake,gelatin']"
73124,buche de noel  yule log,"cake flour, cocoa, baking powder, salt, eggs, granulated sugar, water, ""confectioners sugar"", unflavored gelatin, whipping cream, almond extract, unsweetened chocolate, instant coffee, butter, vanilla, egg white, almonds, cherries, maraschino cherry, spearmint candy leaf",dissolved,19,"['t,c,heat,mix,s,p,in']"
73124,buche de noel  yule log,"cake flour, cocoa, baking powder, salt, eggs, granulated sugar, water, ""confectioners sugar"", unflavored gelatin, whipping cream, almond extract, unsweetened chocolate, instant coffee, butter, vanilla, egg white, almonds, cherries, maraschino cherry, spearmint candy leaf",stirring,19,"['t,c,heat,mix,s,p,in']"
73124,buche de noel  yule log,"cake flour, cocoa, baking powder, salt, eggs, granulated sugar, water, ""confectioners sugar"", unflavored gelatin, whipping cream, almond extract, unsweetened chocolate, instant coffee, butter, vanilla, egg white, almonds, cherries, maraschino cherry, spearmint candy leaf",room,20,"['room,t,c,p']"
73124,buche de noel  yule log,"cake flour, cocoa, baking powder, salt, eggs, granulated sugar, water, ""confectioners sugar"", unflavored gelatin, whipping cream, almond extract, unsweetened chocolate, instant coffee, butter, vanilla, egg white, almonds, cherries, maraschino cherry, spearmint candy leaf",form,21,"['cream,t,c,pea,s,p']"
73124,buche de noel  yule log,"cake flour, cocoa, baking powder, salt, eggs, granulated sugar, water, ""confectioners sugar"", unflavored gelatin, whipping cream, almond extract, unsweetened chocolate, instant coffee, butter, vanilla, egg white, almonds, cherries, maraschino cherry, spearmint candy leaf",form,30,"['egg,whites,t,pea,s,p']"
73124,buche de noel  yule log,"cake flour, cocoa, baking powder, salt, eggs, granulated sugar, water, ""confectioners sugar"", unflavored gelatin, whipping cream, almond extract, unsweetened chocolate, instant coffee, butter, vanilla, egg white, almonds, cherries, maraschino cherry, spearmint candy leaf",form,31,"['sugar,egg,whites,t,c,chocolate,confectioners,mix,pea,s,p,in']"
73124,buche de noel  yule log,"cake flour, cocoa, baking powder, salt, eggs, granulated sugar, water, ""confectioners sugar"", unflavored gelatin, whipping cream, almond extract, unsweetened chocolate, instant coffee, butter, vanilla, egg white, almonds, cherries, maraschino cherry, spearmint candy leaf",cover,22,"['sugar,t,c,min,confectioners,mix,s,almond,extract,in,gelatin']"
73124,buche de noel  yule log,"cake flour, cocoa, baking powder, salt, eggs, granulated sugar, water, ""confectioners sugar"", unflavored gelatin, whipping cream, almond extract, unsweetened chocolate, instant coffee, butter, vanilla, egg white, almonds, cherries, maraschino cherry, spearmint candy leaf",cover,25,"['t,c,s']"
73124,buche de noel  yule log,"cake flour, cocoa, baking powder, salt, eggs, granulated sugar, water, ""confectioners sugar"", unflavored gelatin, whipping cream, almond extract, unsweetened chocolate, instant coffee, butter, vanilla, egg white, almonds, cherries, maraschino cherry, spearmint candy leaf",chill,22,"['sugar,t,c,min,confectioners,mix,s,almond,extract,in,gelatin']"
73124,buche de noel  yule log,"cake flour, cocoa, baking powder, salt, eggs, granulated sugar, water, ""confectioners sugar"", unflavored gelatin, whipping cream, almond extract, unsweetened chocolate, instant coffee, butter, vanilla, egg white, almonds, cherries, maraschino cherry, spearmint candy leaf",chill,25,"['t,c,s']"
73124,buche de noel  yule log,"cake flour, cocoa, baking powder, salt, eggs, granulated sugar, water, ""confectioners sugar"", unflavored gelatin, whipping cream, almond extract, unsweetened chocolate, instant coffee, butter, vanilla, egg white, almonds, cherries, maraschino cherry, spearmint candy leaf",chill,35,"['t,c,s,in,vin']"
73124,buche de noel  yule log,"cake flour, cocoa, baking powder, salt, eggs, granulated sugar, water, ""confectioners sugar"", unflavored gelatin, whipping cream, almond extract, unsweetened chocolate, instant coffee, butter, vanilla, egg white, almonds, cherries, maraschino cherry, spearmint candy leaf",unroll,23,"['read,cream,t,c,s,p,whip,in,roll,cake']"
73124,buche de noel  yule log,"cake flour, cocoa, baking powder, salt, eggs, granulated sugar, water, ""confectioners sugar"", unflavored gelatin, whipping cream, almond extract, unsweetened chocolate, instant coffee, butter, vanilla, egg white, almonds, cherries, maraschino cherry, spearmint candy leaf",whipped,23,"['read,cream,t,c,s,p,whip,in,roll,cake']"
73124,buche de noel  yule log,"cake flour, cocoa, baking powder, salt, eggs, granulated sugar, water, ""confectioners sugar"", unflavored gelatin, whipping cream, almond extract, unsweetened chocolate, instant coffee, butter, vanilla, egg white, almonds, cherries, maraschino cherry, spearmint candy leaf",melt,26,"['t,c,heat,chocolate,s,p,coffee,in']"
73124,buche de noel  yule log,"cake flour, cocoa, baking powder, salt, eggs, granulated sugar, water, ""confectioners sugar"", unflavored gelatin, whipping cream, almond extract, unsweetened chocolate, instant coffee, butter, vanilla, egg white, almonds, cherries, maraschino cherry, spearmint candy leaf",blend,29,"['salt,sugar,vanilla,t,c,chocolate,confectioners,mix,blend,s,p,end,in']"
73124,buche de noel  yule log,"cake flour, cocoa, baking powder, salt, eggs, granulated sugar, water, ""confectioners sugar"", unflavored gelatin, whipping cream, almond extract, unsweetened chocolate, instant coffee, butter, vanilla, egg white, almonds, cherries, maraschino cherry, spearmint candy leaf",draw,33,"['t,c,p,cake']"
73124,buche de noel  yule log,"cake flour, cocoa, baking powder, salt, eggs, granulated sugar, water, ""confectioners sugar"", unflavored gelatin, whipping cream, almond extract, unsweetened chocolate, instant coffee, butter, vanilla, egg white, almonds, cherries, maraschino cherry, spearmint candy leaf",serving,35,"['t,c,s,in,vin']"
73124,buche de noel  yule log,"cake flour, cocoa, baking powder, salt, eggs, granulated sugar, water, ""confectioners sugar"", unflavored gelatin, whipping cream, almond extract, unsweetened chocolate, instant coffee, butter, vanilla, egg white, almonds, cherries, maraschino cherry, spearmint candy leaf",serve,36,"['t,c,s,in,cake']"
73124,buche de noel  yule log,"cake flour, cocoa, baking powder, salt, eggs, granulated sugar, water, ""confectioners sugar"", unflavored gelatin, whipping cream, almond extract, unsweetened chocolate, instant coffee, butter, vanilla, egg white, almonds, cherries, maraschino cherry, spearmint candy leaf",allowing,36,"['t,c,s,in,cake']"
73124,buche de noel  yule log,"cake flour, cocoa, baking powder, salt, eggs, granulated sugar, water, ""confectioners sugar"", unflavored gelatin, whipping cream, almond extract, unsweetened chocolate, instant coffee, butter, vanilla, egg white, almonds, cherries, maraschino cherry, spearmint candy leaf",become,36,"['t,c,s,in,cake']"
73124,buche de noel  yule log,"cake flour, cocoa, baking powder, salt, eggs, granulated sugar, water, ""confectioners sugar"", unflavored gelatin, whipping cream, almond extract, unsweetened chocolate, instant coffee, butter, vanilla, egg white, almonds, cherries, maraschino cherry, spearmint candy leaf",desired,37,"['leaves,mint,t,c,min,pea,s,p,cherries,can,in,cake,candy,spearmint,maraschino']"
73124,buche de noel  yule log,"cake flour, cocoa, baking powder, salt, eggs, granulated sugar, water, ""confectioners sugar"", unflavored gelatin, whipping cream, almond extract, unsweetened chocolate, instant coffee, butter, vanilla, egg white, almonds, cherries, maraschino cherry, spearmint candy leaf",garnish,37,"['leaves,mint,t,c,min,pea,s,p,cherries,can,in,cake,candy,spearmint,maraschino']"
