Id,Name,AllIngredients,Verbs,Steps,Ingredient
73228,roasted corn chicken tortilla soup,"vegetable oil, onion, garlic cloves, paprika, cumin, red chilies, fresh ground pepper, corn, whole chicken, corn tortillas, tomatoes, chicken broth, limes, juice of, cilantro, salt, avocado, diced tomato, diced onion, corn tortilla strips, cheddar cheese",add,2,"['onion,cook,t,c,min,s,in,ad,l,d,b,nt,e,nut,o']"
73228,roasted corn chicken tortilla soup,"vegetable oil, onion, garlic cloves, paprika, cumin, red chilies, fresh ground pepper, corn, whole chicken, corn tortillas, tomatoes, chicken broth, limes, juice of, cilantro, salt, avocado, diced tomato, diced onion, corn tortilla strips, cheddar cheese",add,3,"['garlic,c,ad,l,d,g']"
73228,roasted corn chicken tortilla soup,"vegetable oil, onion, garlic cloves, paprika, cumin, red chilies, fresh ground pepper, corn, whole chicken, corn tortillas, tomatoes, chicken broth, limes, juice of, cilantro, salt, avocado, diced tomato, diced onion, corn tortilla strips, cheddar cheese",add,4,"['chili,pepper,cumin,paprika,cook,t,c,min,chilies,s,p,in,ad,l,d,e,ring,nut,o,g']"
73228,roasted corn chicken tortilla soup,"vegetable oil, onion, garlic cloves, paprika, cumin, red chilies, fresh ground pepper, corn, whole chicken, corn tortillas, tomatoes, chicken broth, limes, juice of, cilantro, salt, avocado, diced tomato, diced onion, corn tortilla strips, cheddar cheese",add,5,"['tomatoes,tomato,chicken,corn,broth,tortilla,t,c,s,p,pie,chick,ad,l,pieces,d,b,e,o,tomatoe']"
73228,roasted corn chicken tortilla soup,"vegetable oil, onion, garlic cloves, paprika, cumin, red chilies, fresh ground pepper, corn, whole chicken, corn tortillas, tomatoes, chicken broth, limes, juice of, cilantro, salt, avocado, diced tomato, diced onion, corn tortilla strips, cheddar cheese",add,12,"['salt,cilantro,juice,lime,pot,t,c,ice,s,p,in,ad,l,d,b,nt,e,o']"
73228,roasted corn chicken tortilla soup,"vegetable oil, onion, garlic cloves, paprika, cumin, red chilies, fresh ground pepper, corn, whole chicken, corn tortillas, tomatoes, chicken broth, limes, juice of, cilantro, salt, avocado, diced tomato, diced onion, corn tortilla strips, cheddar cheese",add,15,"['t,table,s,p,ad,l,d,b,e,o,g']"
73228,roasted corn chicken tortilla soup,"vegetable oil, onion, garlic cloves, paprika, cumin, red chilies, fresh ground pepper, corn, whole chicken, corn tortillas, tomatoes, chicken broth, limes, juice of, cilantro, salt, avocado, diced tomato, diced onion, corn tortilla strips, cheddar cheese",cook,4,"['chili,pepper,cumin,paprika,cook,t,c,min,chilies,s,p,in,ad,l,d,e,ring,nut,o,g']"
73228,roasted corn chicken tortilla soup,"vegetable oil, onion, garlic cloves, paprika, cumin, red chilies, fresh ground pepper, corn, whole chicken, corn tortillas, tomatoes, chicken broth, limes, juice of, cilantro, salt, avocado, diced tomato, diced onion, corn tortilla strips, cheddar cheese",boil,6,"['oil,t,boil,heat,s,l,d,b,e,o']"
73228,roasted corn chicken tortilla soup,"vegetable oil, onion, garlic cloves, paprika, cumin, red chilies, fresh ground pepper, corn, whole chicken, corn tortillas, tomatoes, chicken broth, limes, juice of, cilantro, salt, avocado, diced tomato, diced onion, corn tortilla strips, cheddar cheese",simmer,6,"['oil,t,boil,heat,s,l,d,b,e,o']"
73228,roasted corn chicken tortilla soup,"vegetable oil, onion, garlic cloves, paprika, cumin, red chilies, fresh ground pepper, corn, whole chicken, corn tortillas, tomatoes, chicken broth, limes, juice of, cilantro, salt, avocado, diced tomato, diced onion, corn tortilla strips, cheddar cheese",remove,7,"['chicken,t,c,p,re,chick,l,e,o']"
73228,roasted corn chicken tortilla soup,"vegetable oil, onion, garlic cloves, paprika, cumin, red chilies, fresh ground pepper, corn, whole chicken, corn tortillas, tomatoes, chicken broth, limes, juice of, cilantro, salt, avocado, diced tomato, diced onion, corn tortilla strips, cheddar cheese",pull,9,"['t,s,p,meat,f,one,l,b,e,o']"
73228,roasted corn chicken tortilla soup,"vegetable oil, onion, garlic cloves, paprika, cumin, red chilies, fresh ground pepper, corn, whole chicken, corn tortillas, tomatoes, chicken broth, limes, juice of, cilantro, salt, avocado, diced tomato, diced onion, corn tortilla strips, cheddar cheese",discard,10,"['t,c,s,in,meat,reserve,one,re,skin,d,b,e,o']"
73228,roasted corn chicken tortilla soup,"vegetable oil, onion, garlic cloves, paprika, cumin, red chilies, fresh ground pepper, corn, whole chicken, corn tortillas, tomatoes, chicken broth, limes, juice of, cilantro, salt, avocado, diced tomato, diced onion, corn tortilla strips, cheddar cheese",strain,11,"['t,soup,s,p,in,l,b,nt,e,o,g']"
73228,roasted corn chicken tortilla soup,"vegetable oil, onion, garlic cloves, paprika, cumin, red chilies, fresh ground pepper, corn, whole chicken, corn tortillas, tomatoes, chicken broth, limes, juice of, cilantro, salt, avocado, diced tomato, diced onion, corn tortilla strips, cheddar cheese",pour,12,"['salt,cilantro,juice,lime,pot,t,c,ice,s,p,in,ad,l,d,b,nt,e,o']"
73228,roasted corn chicken tortilla soup,"vegetable oil, onion, garlic cloves, paprika, cumin, red chilies, fresh ground pepper, corn, whole chicken, corn tortillas, tomatoes, chicken broth, limes, juice of, cilantro, salt, avocado, diced tomato, diced onion, corn tortilla strips, cheddar cheese",serving,13,"['chicken,corn,t,c,s,p,in,meat,vin,kernels,chick,l,d,b,nt,e,o,g']"
73228,roasted corn chicken tortilla soup,"vegetable oil, onion, garlic cloves, paprika, cumin, red chilies, fresh ground pepper, corn, whole chicken, corn tortillas, tomatoes, chicken broth, limes, juice of, cilantro, salt, avocado, diced tomato, diced onion, corn tortilla strips, cheddar cheese",turning,16,"['brown,corn,t,c,min,roast,star,s,in,tar,oven,f,l,b,nt,e,tea,nut,o,y,tart,g']"
73228,roasted corn chicken tortilla soup,"vegetable oil, onion, garlic cloves, paprika, cumin, red chilies, fresh ground pepper, corn, whole chicken, corn tortillas, tomatoes, chicken broth, limes, juice of, cilantro, salt, avocado, diced tomato, diced onion, corn tortilla strips, cheddar cheese",start,16,"['brown,corn,t,c,min,roast,star,s,in,tar,oven,f,l,b,nt,e,tea,nut,o,y,tart,g']"
73228,roasted corn chicken tortilla soup,"vegetable oil, onion, garlic cloves, paprika, cumin, red chilies, fresh ground pepper, corn, whole chicken, corn tortillas, tomatoes, chicken broth, limes, juice of, cilantro, salt, avocado, diced tomato, diced onion, corn tortilla strips, cheddar cheese",starting,17,"['brown,tortillas,tortilla,t,c,heat,star,s,in,medium,de,tar,l,d,b,nt,e,o,y,tart,g']"
