Id,Name,AllIngredients,Verbs,Steps,Ingredient
75333,bookbinder red snapper soup,"olive oil, carrots, celery ribs, garlic, onion, red bell pepper, green bell pepper, white peppercorns, bay leaf, tomato paste, fresh thyme, fresh rosemary, cilantro, vegetable broth, unsalted butter, flour, cornstarch, salt, onions, red snapper fillet, sherry wine",make,1,"['oil,olive,t,c,heat,soup,base,s,p,in,medium']"
75333,bookbinder red snapper soup,"olive oil, carrots, celery ribs, garlic, onion, red bell pepper, green bell pepper, white peppercorns, bay leaf, tomato paste, fresh thyme, fresh rosemary, cilantro, vegetable broth, unsalted butter, flour, cornstarch, salt, onions, red snapper fillet, sherry wine",make,15,"['sauce,oil,water,pan,t,c,boil,heat,s,p,in,medium,snapper']"
75333,bookbinder red snapper soup,"olive oil, carrots, celery ribs, garlic, onion, red bell pepper, green bell pepper, white peppercorns, bay leaf, tomato paste, fresh thyme, fresh rosemary, cilantro, vegetable broth, unsalted butter, flour, cornstarch, salt, onions, red snapper fillet, sherry wine",add,2,"['garlic,pepper,carrots,onion,celery,carrot,bell,t,c,s,p']"
75333,bookbinder red snapper soup,"olive oil, carrots, celery ribs, garlic, onion, red bell pepper, green bell pepper, white peppercorns, bay leaf, tomato paste, fresh thyme, fresh rosemary, cilantro, vegetable broth, unsalted butter, flour, cornstarch, salt, onions, red snapper fillet, sherry wine",add,5,"['vegetable,broth,cook,t,table,c,min,s,p,in']"
75333,bookbinder red snapper soup,"olive oil, carrots, celery ribs, garlic, onion, red bell pepper, green bell pepper, white peppercorns, bay leaf, tomato paste, fresh thyme, fresh rosemary, cilantro, vegetable broth, unsalted butter, flour, cornstarch, salt, onions, red snapper fillet, sherry wine",add,8,"['flour,corn,starch,cook,t,c,min,cornstarch,star,s,in']"
75333,bookbinder red snapper soup,"olive oil, carrots, celery ribs, garlic, onion, red bell pepper, green bell pepper, white peppercorns, bay leaf, tomato paste, fresh thyme, fresh rosemary, cilantro, vegetable broth, unsalted butter, flour, cornstarch, salt, onions, red snapper fillet, sherry wine",add,10,"['t,soup,mix,base,s,p']"
75333,bookbinder red snapper soup,"olive oil, carrots, celery ribs, garlic, onion, red bell pepper, green bell pepper, white peppercorns, bay leaf, tomato paste, fresh thyme, fresh rosemary, cilantro, vegetable broth, unsalted butter, flour, cornstarch, salt, onions, red snapper fillet, sherry wine",add,16,"['onion,celery,onions,c,s']"
75333,bookbinder red snapper soup,"olive oil, carrots, celery ribs, garlic, onion, red bell pepper, green bell pepper, white peppercorns, bay leaf, tomato paste, fresh thyme, fresh rosemary, cilantro, vegetable broth, unsalted butter, flour, cornstarch, salt, onions, red snapper fillet, sherry wine",add,18,"['broth,t,s,p']"
75333,bookbinder red snapper soup,"olive oil, carrots, celery ribs, garlic, onion, red bell pepper, green bell pepper, white peppercorns, bay leaf, tomato paste, fresh thyme, fresh rosemary, cilantro, vegetable broth, unsalted butter, flour, cornstarch, salt, onions, red snapper fillet, sherry wine",cook,3,"['cook,t,c,min,s,in']"
75333,bookbinder red snapper soup,"olive oil, carrots, celery ribs, garlic, onion, red bell pepper, green bell pepper, white peppercorns, bay leaf, tomato paste, fresh thyme, fresh rosemary, cilantro, vegetable broth, unsalted butter, flour, cornstarch, salt, onions, red snapper fillet, sherry wine",cook,5,"['vegetable,broth,cook,t,table,c,min,s,p,in']"
75333,bookbinder red snapper soup,"olive oil, carrots, celery ribs, garlic, onion, red bell pepper, green bell pepper, white peppercorns, bay leaf, tomato paste, fresh thyme, fresh rosemary, cilantro, vegetable broth, unsalted butter, flour, cornstarch, salt, onions, red snapper fillet, sherry wine",stirring,3,"['cook,t,c,min,s,in']"
75333,bookbinder red snapper soup,"olive oil, carrots, celery ribs, garlic, onion, red bell pepper, green bell pepper, white peppercorns, bay leaf, tomato paste, fresh thyme, fresh rosemary, cilantro, vegetable broth, unsalted butter, flour, cornstarch, salt, onions, red snapper fillet, sherry wine",stirring,8,"['flour,corn,starch,cook,t,c,min,cornstarch,star,s,in']"
75333,bookbinder red snapper soup,"olive oil, carrots, celery ribs, garlic, onion, red bell pepper, green bell pepper, white peppercorns, bay leaf, tomato paste, fresh thyme, fresh rosemary, cilantro, vegetable broth, unsalted butter, flour, cornstarch, salt, onions, red snapper fillet, sherry wine",stir,4,"['pepper,cilantro,tomato,paste,corn,thyme,bay,leaf,peppercorns,rosemary,t,c,s,p,in']"
75333,bookbinder red snapper soup,"olive oil, carrots, celery ribs, garlic, onion, red bell pepper, green bell pepper, white peppercorns, bay leaf, tomato paste, fresh thyme, fresh rosemary, cilantro, vegetable broth, unsalted butter, flour, cornstarch, salt, onions, red snapper fillet, sherry wine",stir,22,"['sherry,t,soup,base,s,p,in,snapper']"
75333,bookbinder red snapper soup,"olive oil, carrots, celery ribs, garlic, onion, red bell pepper, green bell pepper, white peppercorns, bay leaf, tomato paste, fresh thyme, fresh rosemary, cilantro, vegetable broth, unsalted butter, flour, cornstarch, salt, onions, red snapper fillet, sherry wine",boil,6,"['oil,t,boil,heat']"
75333,bookbinder red snapper soup,"olive oil, carrots, celery ribs, garlic, onion, red bell pepper, green bell pepper, white peppercorns, bay leaf, tomato paste, fresh thyme, fresh rosemary, cilantro, vegetable broth, unsalted butter, flour, cornstarch, salt, onions, red snapper fillet, sherry wine",boil,15,"['sauce,oil,water,pan,t,c,boil,heat,s,p,in,medium,snapper']"
75333,bookbinder red snapper soup,"olive oil, carrots, celery ribs, garlic, onion, red bell pepper, green bell pepper, white peppercorns, bay leaf, tomato paste, fresh thyme, fresh rosemary, cilantro, vegetable broth, unsalted butter, flour, cornstarch, salt, onions, red snapper fillet, sherry wine",melt,7,"['sauce,butter,pan,t,c,s,p,in']"
75333,bookbinder red snapper soup,"olive oil, carrots, celery ribs, garlic, onion, red bell pepper, green bell pepper, white peppercorns, bay leaf, tomato paste, fresh thyme, fresh rosemary, cilantro, vegetable broth, unsalted butter, flour, cornstarch, salt, onions, red snapper fillet, sherry wine",whisk,9,"['broth,t,c,mix,s,p,in']"
75333,bookbinder red snapper soup,"olive oil, carrots, celery ribs, garlic, onion, red bell pepper, green bell pepper, white peppercorns, bay leaf, tomato paste, fresh thyme, fresh rosemary, cilantro, vegetable broth, unsalted butter, flour, cornstarch, salt, onions, red snapper fillet, sherry wine",remaining,9,"['broth,t,c,mix,s,p,in']"
75333,bookbinder red snapper soup,"olive oil, carrots, celery ribs, garlic, onion, red bell pepper, green bell pepper, white peppercorns, bay leaf, tomato paste, fresh thyme, fresh rosemary, cilantro, vegetable broth, unsalted butter, flour, cornstarch, salt, onions, red snapper fillet, sherry wine",is,9,"['broth,t,c,mix,s,p,in']"
75333,bookbinder red snapper soup,"olive oil, carrots, celery ribs, garlic, onion, red bell pepper, green bell pepper, white peppercorns, bay leaf, tomato paste, fresh thyme, fresh rosemary, cilantro, vegetable broth, unsalted butter, flour, cornstarch, salt, onions, red snapper fillet, sherry wine",cover,11,"['t,c,min,heat,s,in,medium']"
75333,bookbinder red snapper soup,"olive oil, carrots, celery ribs, garlic, onion, red bell pepper, green bell pepper, white peppercorns, bay leaf, tomato paste, fresh thyme, fresh rosemary, cilantro, vegetable broth, unsalted butter, flour, cornstarch, salt, onions, red snapper fillet, sherry wine",simmer,11,"['t,c,min,heat,s,in,medium']"
75333,bookbinder red snapper soup,"olive oil, carrots, celery ribs, garlic, onion, red bell pepper, green bell pepper, white peppercorns, bay leaf, tomato paste, fresh thyme, fresh rosemary, cilantro, vegetable broth, unsalted butter, flour, cornstarch, salt, onions, red snapper fillet, sherry wine",taste,12,"['season,seasoning,sea,t,s,in']"
75333,bookbinder red snapper soup,"olive oil, carrots, celery ribs, garlic, onion, red bell pepper, green bell pepper, white peppercorns, bay leaf, tomato paste, fresh thyme, fresh rosemary, cilantro, vegetable broth, unsalted butter, flour, cornstarch, salt, onions, red snapper fillet, sherry wine",adjust,12,"['season,seasoning,sea,t,s,in']"
75333,bookbinder red snapper soup,"olive oil, carrots, celery ribs, garlic, onion, red bell pepper, green bell pepper, white peppercorns, bay leaf, tomato paste, fresh thyme, fresh rosemary, cilantro, vegetable broth, unsalted butter, flour, cornstarch, salt, onions, red snapper fillet, sherry wine",strain,13,"['cheese,t,c,s,in']"
75333,bookbinder red snapper soup,"olive oil, carrots, celery ribs, garlic, onion, red bell pepper, green bell pepper, white peppercorns, bay leaf, tomato paste, fresh thyme, fresh rosemary, cilantro, vegetable broth, unsalted butter, flour, cornstarch, salt, onions, red snapper fillet, sherry wine",discard,14,"['broth,pot,t,c,s,p']"
75333,bookbinder red snapper soup,"olive oil, carrots, celery ribs, garlic, onion, red bell pepper, green bell pepper, white peppercorns, bay leaf, tomato paste, fresh thyme, fresh rosemary, cilantro, vegetable broth, unsalted butter, flour, cornstarch, salt, onions, red snapper fillet, sherry wine",return,14,"['broth,pot,t,c,s,p']"
75333,bookbinder red snapper soup,"olive oil, carrots, celery ribs, garlic, onion, red bell pepper, green bell pepper, white peppercorns, bay leaf, tomato paste, fresh thyme, fresh rosemary, cilantro, vegetable broth, unsalted butter, flour, cornstarch, salt, onions, red snapper fillet, sherry wine",blanch,17,"['t,c,min,s,in']"
75333,bookbinder red snapper soup,"olive oil, carrots, celery ribs, garlic, onion, red bell pepper, green bell pepper, white peppercorns, bay leaf, tomato paste, fresh thyme, fresh rosemary, cilantro, vegetable broth, unsalted butter, flour, cornstarch, salt, onions, red snapper fillet, sherry wine",remove,18,"['broth,t,s,p']"
75333,bookbinder red snapper soup,"olive oil, carrots, celery ribs, garlic, onion, red bell pepper, green bell pepper, white peppercorns, bay leaf, tomato paste, fresh thyme, fresh rosemary, cilantro, vegetable broth, unsalted butter, flour, cornstarch, salt, onions, red snapper fillet, sherry wine",remove,20,"['water,t,fish,s']"
75333,bookbinder red snapper soup,"olive oil, carrots, celery ribs, garlic, onion, red bell pepper, green bell pepper, white peppercorns, bay leaf, tomato paste, fresh thyme, fresh rosemary, cilantro, vegetable broth, unsalted butter, flour, cornstarch, salt, onions, red snapper fillet, sherry wine",cooked,19,"['oil,water,cook,t,c,boil,fish,s,in']"
75333,bookbinder red snapper soup,"olive oil, carrots, celery ribs, garlic, onion, red bell pepper, green bell pepper, white peppercorns, bay leaf, tomato paste, fresh thyme, fresh rosemary, cilantro, vegetable broth, unsalted butter, flour, cornstarch, salt, onions, red snapper fillet, sherry wine",flake,21,"['t,in']"
75333,bookbinder red snapper soup,"olive oil, carrots, celery ribs, garlic, onion, red bell pepper, green bell pepper, white peppercorns, bay leaf, tomato paste, fresh thyme, fresh rosemary, cilantro, vegetable broth, unsalted butter, flour, cornstarch, salt, onions, red snapper fillet, sherry wine",desired,22,"['sherry,t,soup,base,s,p,in,snapper']"
75333,bookbinder red snapper soup,"olive oil, carrots, celery ribs, garlic, onion, red bell pepper, green bell pepper, white peppercorns, bay leaf, tomato paste, fresh thyme, fresh rosemary, cilantro, vegetable broth, unsalted butter, flour, cornstarch, salt, onions, red snapper fillet, sherry wine",heat,23,"['t,heat']"
