Id,Name,AllIngredients,Verbs,Steps,Ingredient
76375,piroshki  a savoury  filled pastry,"unsalted butter, flour, salt, ice water, egg yolk, butter, onion, ground beef, hard-boiled eggs, fresh dill, salt and pepper, egg, water, onions, potato, cheese, mushroom, shallots, fresh lemon juice, nutmeg, cream cheese",cut,1,"['butter,t,c,s,p,in,pastry,past,pie,f,pieces,b,nt,e,butt,o,y']"
76375,piroshki  a savoury  filled pastry,"unsalted butter, flour, salt, ice water, egg yolk, butter, onion, ground beef, hard-boiled eggs, fresh dill, salt and pepper, egg, water, onions, potato, cheese, mushroom, shallots, fresh lemon juice, nutmeg, cream cheese",cut,17,"['t,c,s,in,round,dough,-,d,e,doug,o']"
76375,piroshki  a savoury  filled pastry,"unsalted butter, flour, salt, ice water, egg yolk, butter, onion, ground beef, hard-boiled eggs, fresh dill, salt and pepper, egg, water, onions, potato, cheese, mushroom, shallots, fresh lemon juice, nutmeg, cream cheese",combine,2,"['salt,flour,butter,t,c,blend,s,p,end,in,pastry,de,past,f,l,d,b,e,butt,o,y']"
76375,piroshki  a savoury  filled pastry,"unsalted butter, flour, salt, ice water, egg yolk, butter, onion, ground beef, hard-boiled eggs, fresh dill, salt and pepper, egg, water, onions, potato, cheese, mushroom, shallots, fresh lemon juice, nutmeg, cream cheese",using,2,"['salt,flour,butter,t,c,blend,s,p,end,in,pastry,de,past,f,l,d,b,e,butt,o,y']"
76375,piroshki  a savoury  filled pastry,"unsalted butter, flour, salt, ice water, egg yolk, butter, onion, ground beef, hard-boiled eggs, fresh dill, salt and pepper, egg, water, onions, potato, cheese, mushroom, shallots, fresh lemon juice, nutmeg, cream cheese",using,17,"['t,c,s,in,round,dough,-,d,e,doug,o']"
76375,piroshki  a savoury  filled pastry,"unsalted butter, flour, salt, ice water, egg yolk, butter, onion, ground beef, hard-boiled eggs, fresh dill, salt and pepper, egg, water, onions, potato, cheese, mushroom, shallots, fresh lemon juice, nutmeg, cream cheese",using,20,"['water,sea,t,c,ice,s,p,in,press,re,l,d,e,edge,o']"
76375,piroshki  a savoury  filled pastry,"unsalted butter, flour, salt, ice water, egg yolk, butter, onion, ground beef, hard-boiled eggs, fresh dill, salt and pepper, egg, water, onions, potato, cheese, mushroom, shallots, fresh lemon juice, nutmeg, cream cheese",sprinkle,3,"['water,t,table,c,ice,s,p,in,l,b,e,o']"
76375,piroshki  a savoury  filled pastry,"unsalted butter, flour, salt, ice water, egg yolk, butter, onion, ground beef, hard-boiled eggs, fresh dill, salt and pepper, egg, water, onions, potato, cheese, mushroom, shallots, fresh lemon juice, nutmeg, cream cheese",sprinkle,37,"['egg,mushroom,room,seed,t,seeds,poppy,s,p,in,past,f,mu,hr,l,d,ash,e,wash,o,y']"
76375,piroshki  a savoury  filled pastry,"unsalted butter, flour, salt, ice water, egg yolk, butter, onion, ground beef, hard-boiled eggs, fresh dill, salt and pepper, egg, water, onions, potato, cheese, mushroom, shallots, fresh lemon juice, nutmeg, cream cheese",form,4,"['t,ball,s,p,in,dough,pie,f,l,d,b,nt,e,doug,o,y']"
76375,piroshki  a savoury  filled pastry,"unsalted butter, flour, salt, ice water, egg yolk, butter, onion, ground beef, hard-boiled eggs, fresh dill, salt and pepper, egg, water, onions, potato, cheese, mushroom, shallots, fresh lemon juice, nutmeg, cream cheese",need,5,"['water,t,table,s,p,in,re,ad,l,d,b,e,o,y']"
76375,piroshki  a savoury  filled pastry,"unsalted butter, flour, salt, ice water, egg yolk, butter, onion, ground beef, hard-boiled eggs, fresh dill, salt and pepper, egg, water, onions, potato, cheese, mushroom, shallots, fresh lemon juice, nutmeg, cream cheese",add,5,"['water,t,table,s,p,in,re,ad,l,d,b,e,o,y']"
76375,piroshki  a savoury  filled pastry,"unsalted butter, flour, salt, ice water, egg yolk, butter, onion, ground beef, hard-boiled eggs, fresh dill, salt and pepper, egg, water, onions, potato, cheese, mushroom, shallots, fresh lemon juice, nutmeg, cream cheese",add,26,"['ground,beef,sea,t,s,round,f,ad,l,d,light,b,nt,e,o,y']"
76375,piroshki  a savoury  filled pastry,"unsalted butter, flour, salt, ice water, egg yolk, butter, onion, ground beef, hard-boiled eggs, fresh dill, salt and pepper, egg, water, onions, potato, cheese, mushroom, shallots, fresh lemon juice, nutmeg, cream cheese",add,34,"['pepper,salt,juice,nutmeg,lemon,t,c,ice,s,p,ad,l,d,e,nut,o']"
76375,piroshki  a savoury  filled pastry,"unsalted butter, flour, salt, ice water, egg yolk, butter, onion, ground beef, hard-boiled eggs, fresh dill, salt and pepper, egg, water, onions, potato, cheese, mushroom, shallots, fresh lemon juice, nutmeg, cream cheese",remaining,5,"['water,t,table,s,p,in,re,ad,l,d,b,e,o,y']"
76375,piroshki  a savoury  filled pastry,"unsalted butter, flour, salt, ice water, egg yolk, butter, onion, ground beef, hard-boiled eggs, fresh dill, salt and pepper, egg, water, onions, potato, cheese, mushroom, shallots, fresh lemon juice, nutmeg, cream cheese",wrap,6,"['t,c,s,p,in,f,re,l,d,e,wrap,o']"
76375,piroshki  a savoury  filled pastry,"unsalted butter, flour, salt, ice water, egg yolk, butter, onion, ground beef, hard-boiled eggs, fresh dill, salt and pepper, egg, water, onions, potato, cheese, mushroom, shallots, fresh lemon juice, nutmeg, cream cheese",refrigerate,6,"['t,c,s,p,in,f,re,l,d,e,wrap,o']"
76375,piroshki  a savoury  filled pastry,"unsalted butter, flour, salt, ice water, egg yolk, butter, onion, ground beef, hard-boiled eggs, fresh dill, salt and pepper, egg, water, onions, potato, cheese, mushroom, shallots, fresh lemon juice, nutmeg, cream cheese",roll,8,"['t,c,in,roll,re,l,nt,e,o']"
76375,piroshki  a savoury  filled pastry,"unsalted butter, flour, salt, ice water, egg yolk, butter, onion, ground beef, hard-boiled eggs, fresh dill, salt and pepper, egg, water, onions, potato, cheese, mushroom, shallots, fresh lemon juice, nutmeg, cream cheese",roll,10,"['t,c,in,roll,re,l,nt,e,o']"
76375,piroshki  a savoury  filled pastry,"unsalted butter, flour, salt, ice water, egg yolk, butter, onion, ground beef, hard-boiled eggs, fresh dill, salt and pepper, egg, water, onions, potato, cheese, mushroom, shallots, fresh lemon juice, nutmeg, cream cheese",fold,9,"['t,s,in,f,l,d,nt,e,o']"
76375,piroshki  a savoury  filled pastry,"unsalted butter, flour, salt, ice water, egg yolk, butter, onion, ground beef, hard-boiled eggs, fresh dill, salt and pepper, egg, water, onions, potato, cheese, mushroom, shallots, fresh lemon juice, nutmeg, cream cheese",continue,11,"['t,c,s,in,roll,f,l,d,nt,e,o']"
76375,piroshki  a savoury  filled pastry,"unsalted butter, flour, salt, ice water, egg yolk, butter, onion, ground beef, hard-boiled eggs, fresh dill, salt and pepper, egg, water, onions, potato, cheese, mushroom, shallots, fresh lemon juice, nutmeg, cream cheese",continue,35,"['cook,t,c,s,p,in,re,l,d,nt,e,ring,o,y']"
76375,piroshki  a savoury  filled pastry,"unsalted butter, flour, salt, ice water, egg yolk, butter, onion, ground beef, hard-boiled eggs, fresh dill, salt and pepper, egg, water, onions, potato, cheese, mushroom, shallots, fresh lemon juice, nutmeg, cream cheese",rolling,11,"['t,c,s,in,roll,f,l,d,nt,e,o']"
76375,piroshki  a savoury  filled pastry,"unsalted butter, flour, salt, ice water, egg yolk, butter, onion, ground beef, hard-boiled eggs, fresh dill, salt and pepper, egg, water, onions, potato, cheese, mushroom, shallots, fresh lemon juice, nutmeg, cream cheese",folding,11,"['t,c,s,in,roll,f,l,d,nt,e,o']"
76375,piroshki  a savoury  filled pastry,"unsalted butter, flour, salt, ice water, egg yolk, butter, onion, ground beef, hard-boiled eggs, fresh dill, salt and pepper, egg, water, onions, potato, cheese, mushroom, shallots, fresh lemon juice, nutmeg, cream cheese",return,13,"['t,f,re,e,o']"
76375,piroshki  a savoury  filled pastry,"unsalted butter, flour, salt, ice water, egg yolk, butter, onion, ground beef, hard-boiled eggs, fresh dill, salt and pepper, egg, water, onions, potato, cheese, mushroom, shallots, fresh lemon juice, nutmeg, cream cheese",place,18,"['t,table,c,s,p,in,pastry,past,f,l,b,e,o,y']"
76375,piroshki  a savoury  filled pastry,"unsalted butter, flour, salt, ice water, egg yolk, butter, onion, ground beef, hard-boiled eggs, fresh dill, salt and pepper, egg, water, onions, potato, cheese, mushroom, shallots, fresh lemon juice, nutmeg, cream cheese",place,21,"['t,c,baking,s,p,in,sheet,pie,l,b,e,o']"
76375,piroshki  a savoury  filled pastry,"unsalted butter, flour, salt, ice water, egg yolk, butter, onion, ground beef, hard-boiled eggs, fresh dill, salt and pepper, egg, water, onions, potato, cheese, mushroom, shallots, fresh lemon juice, nutmeg, cream cheese",filling,18,"['t,table,c,s,p,in,pastry,past,f,l,b,e,o,y']"
76375,piroshki  a savoury  filled pastry,"unsalted butter, flour, salt, ice water, egg yolk, butter, onion, ground beef, hard-boiled eggs, fresh dill, salt and pepper, egg, water, onions, potato, cheese, mushroom, shallots, fresh lemon juice, nutmeg, cream cheese",making,19,"['half,s,in,dough,f,l,d,e,doug,o']"
76375,piroshki  a savoury  filled pastry,"unsalted butter, flour, salt, ice water, egg yolk, butter, onion, ground beef, hard-boiled eggs, fresh dill, salt and pepper, egg, water, onions, potato, cheese, mushroom, shallots, fresh lemon juice, nutmeg, cream cheese",press,20,"['water,sea,t,c,ice,s,p,in,press,re,l,d,e,edge,o']"
76375,piroshki  a savoury  filled pastry,"unsalted butter, flour, salt, ice water, egg yolk, butter, onion, ground beef, hard-boiled eggs, fresh dill, salt and pepper, egg, water, onions, potato, cheese, mushroom, shallots, fresh lemon juice, nutmeg, cream cheese",seal,20,"['water,sea,t,c,ice,s,p,in,press,re,l,d,e,edge,o']"
76375,piroshki  a savoury  filled pastry,"unsalted butter, flour, salt, ice water, egg yolk, butter, onion, ground beef, hard-boiled eggs, fresh dill, salt and pepper, egg, water, onions, potato, cheese, mushroom, shallots, fresh lemon juice, nutmeg, cream cheese",whisk,22,"['egg,water,t,yolk,s,p,l,d,b,e,o,y']"
76375,piroshki  a savoury  filled pastry,"unsalted butter, flour, salt, ice water, egg yolk, butter, onion, ground beef, hard-boiled eggs, fresh dill, salt and pepper, egg, water, onions, potato, cheese, mushroom, shallots, fresh lemon juice, nutmeg, cream cheese",brush,23,"['egg,t,s,p,pie,ash,b,e,wash']"
76375,piroshki  a savoury  filled pastry,"unsalted butter, flour, salt, ice water, egg yolk, butter, onion, ground beef, hard-boiled eggs, fresh dill, salt and pepper, egg, water, onions, potato, cheese, mushroom, shallots, fresh lemon juice, nutmeg, cream cheese",bake,24,"['brown,t,min,s,in,de,-,l,d,b,nt,e,gold,nut,o']"
76375,piroshki  a savoury  filled pastry,"unsalted butter, flour, salt, ice water, egg yolk, butter, onion, ground beef, hard-boiled eggs, fresh dill, salt and pepper, egg, water, onions, potato, cheese, mushroom, shallots, fresh lemon juice, nutmeg, cream cheese",let,27,"['t,c,l,e,o']"
76375,piroshki  a savoury  filled pastry,"unsalted butter, flour, salt, ice water, egg yolk, butter, onion, ground beef, hard-boiled eggs, fresh dill, salt and pepper, egg, water, onions, potato, cheese, mushroom, shallots, fresh lemon juice, nutmeg, cream cheese",let,31,"['t,c,s,l,light,e,o,y']"
76375,piroshki  a savoury  filled pastry,"unsalted butter, flour, salt, ice water, egg yolk, butter, onion, ground beef, hard-boiled eggs, fresh dill, salt and pepper, egg, water, onions, potato, cheese, mushroom, shallots, fresh lemon juice, nutmeg, cream cheese",mix,28,"['pepper,salt,egg,t,mix,dill,s,p,in,l,d,e']"
76375,piroshki  a savoury  filled pastry,"unsalted butter, flour, salt, ice water, egg yolk, butter, onion, ground beef, hard-boiled eggs, fresh dill, salt and pepper, egg, water, onions, potato, cheese, mushroom, shallots, fresh lemon juice, nutmeg, cream cheese",mix,32,"['pepper,salt,egg,onion,season,onions,sea,t,mix,s,p,in,f,l,d,nt,e,o,y']"
76375,piroshki  a savoury  filled pastry,"unsalted butter, flour, salt, ice water, egg yolk, butter, onion, ground beef, hard-boiled eggs, fresh dill, salt and pepper, egg, water, onions, potato, cheese, mushroom, shallots, fresh lemon juice, nutmeg, cream cheese",mix,36,"['cheese,cream,pot,t,c,mix,potato,s,p,in,re,l,d,light,ash,e,o,y']"
76375,piroshki  a savoury  filled pastry,"unsalted butter, flour, salt, ice water, egg yolk, butter, onion, ground beef, hard-boiled eggs, fresh dill, salt and pepper, egg, water, onions, potato, cheese, mushroom, shallots, fresh lemon juice, nutmeg, cream cheese",fry,29,"['butter,onion,brown,pot,onions,t,potato,s,p,in,de,f,-,l,d,b,nt,e,gold,butt,o,y']"
76375,piroshki  a savoury  filled pastry,"unsalted butter, flour, salt, ice water, egg yolk, butter, onion, ground beef, hard-boiled eggs, fresh dill, salt and pepper, egg, water, onions, potato, cheese, mushroom, shallots, fresh lemon juice, nutmeg, cream cheese",boil,30,"['oil,peel,pot,potatoes,t,c,boil,jack,potato,s,p,in,l,d,ash,b,e,o']"
76375,piroshki  a savoury  filled pastry,"unsalted butter, flour, salt, ice water, egg yolk, butter, onion, ground beef, hard-boiled eggs, fresh dill, salt and pepper, egg, water, onions, potato, cheese, mushroom, shallots, fresh lemon juice, nutmeg, cream cheese",peel,30,"['oil,peel,pot,potatoes,t,c,boil,jack,potato,s,p,in,l,d,ash,b,e,o']"
76375,piroshki  a savoury  filled pastry,"unsalted butter, flour, salt, ice water, egg yolk, butter, onion, ground beef, hard-boiled eggs, fresh dill, salt and pepper, egg, water, onions, potato, cheese, mushroom, shallots, fresh lemon juice, nutmeg, cream cheese",mash,30,"['oil,peel,pot,potatoes,t,c,boil,jack,potato,s,p,in,l,d,ash,b,e,o']"
76375,piroshki  a savoury  filled pastry,"unsalted butter, flour, salt, ice water, egg yolk, butter, onion, ground beef, hard-boiled eggs, fresh dill, salt and pepper, egg, water, onions, potato, cheese, mushroom, shallots, fresh lemon juice, nutmeg, cream cheese",is,33,"['butter,onion,mushrooms,pan,mushroom,room,t,c,shallots,shallot,s,p,in,shrooms,f,au,mu,hr,l,d,b,nt,e,butt,o']"
76375,piroshki  a savoury  filled pastry,"unsalted butter, flour, salt, ice water, egg yolk, butter, onion, ground beef, hard-boiled eggs, fresh dill, salt and pepper, egg, water, onions, potato, cheese, mushroom, shallots, fresh lemon juice, nutmeg, cream cheese",cook,35,"['cook,t,c,s,p,in,re,l,d,nt,e,ring,o,y']"
76375,piroshki  a savoury  filled pastry,"unsalted butter, flour, salt, ice water, egg yolk, butter, onion, ground beef, hard-boiled eggs, fresh dill, salt and pepper, egg, water, onions, potato, cheese, mushroom, shallots, fresh lemon juice, nutmeg, cream cheese",stirring,35,"['cook,t,c,s,p,in,re,l,d,nt,e,ring,o,y']"
76375,piroshki  a savoury  filled pastry,"unsalted butter, flour, salt, ice water, egg yolk, butter, onion, ground beef, hard-boiled eggs, fresh dill, salt and pepper, egg, water, onions, potato, cheese, mushroom, shallots, fresh lemon juice, nutmeg, cream cheese",evaporated,35,"['cook,t,c,s,p,in,re,l,d,nt,e,ring,o,y']"
76375,piroshki  a savoury  filled pastry,"unsalted butter, flour, salt, ice water, egg yolk, butter, onion, ground beef, hard-boiled eggs, fresh dill, salt and pepper, egg, water, onions, potato, cheese, mushroom, shallots, fresh lemon juice, nutmeg, cream cheese",like,37,"['egg,mushroom,room,seed,t,seeds,poppy,s,p,in,past,f,mu,hr,l,d,ash,e,wash,o,y']"
76375,piroshki  a savoury  filled pastry,"unsalted butter, flour, salt, ice water, egg yolk, butter, onion, ground beef, hard-boiled eggs, fresh dill, salt and pepper, egg, water, onions, potato, cheese, mushroom, shallots, fresh lemon juice, nutmeg, cream cheese",washed,37,"['egg,mushroom,room,seed,t,seeds,poppy,s,p,in,past,f,mu,hr,l,d,ash,e,wash,o,y']"
76375,piroshki  a savoury  filled pastry,"unsalted butter, flour, salt, ice water, egg yolk, butter, onion, ground beef, hard-boiled eggs, fresh dill, salt and pepper, egg, water, onions, potato, cheese, mushroom, shallots, fresh lemon juice, nutmeg, cream cheese",filled,37,"['egg,mushroom,room,seed,t,seeds,poppy,s,p,in,past,f,mu,hr,l,d,ash,e,wash,o,y']"
