Id,Name,AllIngredients,Verbs,Steps,Ingredient
76479,baked manicotti  bolognese ragu,"part-skim ricotta cheese, fresh parsley, fresh basil, garlic, eggs, prosciutto, manicotti, mozzarella cheese, romano cheese, salt and pepper, unsalted butter, onion, celery, carrot, lean ground beef, ground pork, whole milk, dry white wine, roma tomatoes, crushed red pepper flakes",suggest,1,"['garlic,cheese,t,c,herbs']"
76479,baked manicotti  bolognese ragu,"part-skim ricotta cheese, fresh parsley, fresh basil, garlic, eggs, prosciutto, manicotti, mozzarella cheese, romano cheese, salt and pepper, unsalted butter, onion, celery, carrot, lean ground beef, ground pork, whole milk, dry white wine, roma tomatoes, crushed red pepper flakes",making,1,"['garlic,cheese,t,c,herbs']"
76479,baked manicotti  bolognese ragu,"part-skim ricotta cheese, fresh parsley, fresh basil, garlic, eggs, prosciutto, manicotti, mozzarella cheese, romano cheese, salt and pepper, unsalted butter, onion, celery, carrot, lean ground beef, ground pork, whole milk, dry white wine, roma tomatoes, crushed red pepper flakes",allow,1,"['garlic,cheese,t,c,herbs']"
76479,baked manicotti  bolognese ragu,"part-skim ricotta cheese, fresh parsley, fresh basil, garlic, eggs, prosciutto, manicotti, mozzarella cheese, romano cheese, salt and pepper, unsalted butter, onion, celery, carrot, lean ground beef, ground pork, whole milk, dry white wine, roma tomatoes, crushed red pepper flakes",allow,11,"['cheese,t,c,min']"
76479,baked manicotti  bolognese ragu,"part-skim ricotta cheese, fresh parsley, fresh basil, garlic, eggs, prosciutto, manicotti, mozzarella cheese, romano cheese, salt and pepper, unsalted butter, onion, celery, carrot, lean ground beef, ground pork, whole milk, dry white wine, roma tomatoes, crushed red pepper flakes",allow,21,"['oil,milk,t,c,boil,mix']"
76479,baked manicotti  bolognese ragu,"part-skim ricotta cheese, fresh parsley, fresh basil, garlic, eggs, prosciutto, manicotti, mozzarella cheese, romano cheese, salt and pepper, unsalted butter, onion, celery, carrot, lean ground beef, ground pork, whole milk, dry white wine, roma tomatoes, crushed red pepper flakes",allow,23,"['sauce,oil,wine,t,c,boil,min']"
76479,baked manicotti  bolognese ragu,"part-skim ricotta cheese, fresh parsley, fresh basil, garlic, eggs, prosciutto, manicotti, mozzarella cheese, romano cheese, salt and pepper, unsalted butter, onion, celery, carrot, lean ground beef, ground pork, whole milk, dry white wine, roma tomatoes, crushed red pepper flakes",meld,1,"['garlic,cheese,t,c,herbs']"
76479,baked manicotti  bolognese ragu,"part-skim ricotta cheese, fresh parsley, fresh basil, garlic, eggs, prosciutto, manicotti, mozzarella cheese, romano cheese, salt and pepper, unsalted butter, onion, celery, carrot, lean ground beef, ground pork, whole milk, dry white wine, roma tomatoes, crushed red pepper flakes",beat,2,"['eggs,egg,ricotta,t,c']"
76479,baked manicotti  bolognese ragu,"part-skim ricotta cheese, fresh parsley, fresh basil, garlic, eggs, prosciutto, manicotti, mozzarella cheese, romano cheese, salt and pepper, unsalted butter, onion, celery, carrot, lean ground beef, ground pork, whole milk, dry white wine, roma tomatoes, crushed red pepper flakes",combine,2,"['eggs,egg,ricotta,t,c']"
76479,baked manicotti  bolognese ragu,"part-skim ricotta cheese, fresh parsley, fresh basil, garlic, eggs, prosciutto, manicotti, mozzarella cheese, romano cheese, salt and pepper, unsalted butter, onion, celery, carrot, lean ground beef, ground pork, whole milk, dry white wine, roma tomatoes, crushed red pepper flakes",fold,3,"['cheese,parsley,basil,t,c,prosciutto']"
76479,baked manicotti  bolognese ragu,"part-skim ricotta cheese, fresh parsley, fresh basil, garlic, eggs, prosciutto, manicotti, mozzarella cheese, romano cheese, salt and pepper, unsalted butter, onion, celery, carrot, lean ground beef, ground pork, whole milk, dry white wine, roma tomatoes, crushed red pepper flakes",is,3,"['cheese,parsley,basil,t,c,prosciutto']"
76479,baked manicotti  bolognese ragu,"part-skim ricotta cheese, fresh parsley, fresh basil, garlic, eggs, prosciutto, manicotti, mozzarella cheese, romano cheese, salt and pepper, unsalted butter, onion, celery, carrot, lean ground beef, ground pork, whole milk, dry white wine, roma tomatoes, crushed red pepper flakes",is,26,"['sauce,t,c']"
76479,baked manicotti  bolognese ragu,"part-skim ricotta cheese, fresh parsley, fresh basil, garlic, eggs, prosciutto, manicotti, mozzarella cheese, romano cheese, salt and pepper, unsalted butter, onion, celery, carrot, lean ground beef, ground pork, whole milk, dry white wine, roma tomatoes, crushed red pepper flakes",combined,3,"['cheese,parsley,basil,t,c,prosciutto']"
76479,baked manicotti  bolognese ragu,"part-skim ricotta cheese, fresh parsley, fresh basil, garlic, eggs, prosciutto, manicotti, mozzarella cheese, romano cheese, salt and pepper, unsalted butter, onion, celery, carrot, lean ground beef, ground pork, whole milk, dry white wine, roma tomatoes, crushed red pepper flakes",cover,4,"['read,t,c']"
76479,baked manicotti  bolognese ragu,"part-skim ricotta cheese, fresh parsley, fresh basil, garlic, eggs, prosciutto, manicotti, mozzarella cheese, romano cheese, salt and pepper, unsalted butter, onion, celery, carrot, lean ground beef, ground pork, whole milk, dry white wine, roma tomatoes, crushed red pepper flakes",keep,4,"['read,t,c']"
76479,baked manicotti  bolognese ragu,"part-skim ricotta cheese, fresh parsley, fresh basil, garlic, eggs, prosciutto, manicotti, mozzarella cheese, romano cheese, salt and pepper, unsalted butter, onion, celery, carrot, lean ground beef, ground pork, whole milk, dry white wine, roma tomatoes, crushed red pepper flakes",use,4,"['read,t,c']"
76479,baked manicotti  bolognese ragu,"part-skim ricotta cheese, fresh parsley, fresh basil, garlic, eggs, prosciutto, manicotti, mozzarella cheese, romano cheese, salt and pepper, unsalted butter, onion, celery, carrot, lean ground beef, ground pork, whole milk, dry white wine, roma tomatoes, crushed red pepper flakes",use,7,"['pan,t,c,manicotti']"
76479,baked manicotti  bolognese ragu,"part-skim ricotta cheese, fresh parsley, fresh basil, garlic, eggs, prosciutto, manicotti, mozzarella cheese, romano cheese, salt and pepper, unsalted butter, onion, celery, carrot, lean ground beef, ground pork, whole milk, dry white wine, roma tomatoes, crushed red pepper flakes",use,14,"['pan,pot,t,heat']"
76479,baked manicotti  bolognese ragu,"part-skim ricotta cheese, fresh parsley, fresh basil, garlic, eggs, prosciutto, manicotti, mozzarella cheese, romano cheese, salt and pepper, unsalted butter, onion, celery, carrot, lean ground beef, ground pork, whole milk, dry white wine, roma tomatoes, crushed red pepper flakes",using,5,"['lasagna,t']"
76479,baked manicotti  bolognese ragu,"part-skim ricotta cheese, fresh parsley, fresh basil, garlic, eggs, prosciutto, manicotti, mozzarella cheese, romano cheese, salt and pepper, unsalted butter, onion, celery, carrot, lean ground beef, ground pork, whole milk, dry white wine, roma tomatoes, crushed red pepper flakes",using,19,"['cook,t,c']"
76479,baked manicotti  bolognese ragu,"part-skim ricotta cheese, fresh parsley, fresh basil, garlic, eggs, prosciutto, manicotti, mozzarella cheese, romano cheese, salt and pepper, unsalted butter, onion, celery, carrot, lean ground beef, ground pork, whole milk, dry white wine, roma tomatoes, crushed red pepper flakes",add,5,"['lasagna,t']"
76479,baked manicotti  bolognese ragu,"part-skim ricotta cheese, fresh parsley, fresh basil, garlic, eggs, prosciutto, manicotti, mozzarella cheese, romano cheese, salt and pepper, unsalted butter, onion, celery, carrot, lean ground beef, ground pork, whole milk, dry white wine, roma tomatoes, crushed red pepper flakes",add,17,"['egg,t,min']"
76479,baked manicotti  bolognese ragu,"part-skim ricotta cheese, fresh parsley, fresh basil, garlic, eggs, prosciutto, manicotti, mozzarella cheese, romano cheese, salt and pepper, unsalted butter, onion, celery, carrot, lean ground beef, ground pork, whole milk, dry white wine, roma tomatoes, crushed red pepper flakes",add,18,"['ground,beef,pork,t']"
76479,baked manicotti  bolognese ragu,"part-skim ricotta cheese, fresh parsley, fresh basil, garlic, eggs, prosciutto, manicotti, mozzarella cheese, romano cheese, salt and pepper, unsalted butter, onion, celery, carrot, lean ground beef, ground pork, whole milk, dry white wine, roma tomatoes, crushed red pepper flakes",add,20,"['brown,milk,t']"
76479,baked manicotti  bolognese ragu,"part-skim ricotta cheese, fresh parsley, fresh basil, garlic, eggs, prosciutto, manicotti, mozzarella cheese, romano cheese, salt and pepper, unsalted butter, onion, celery, carrot, lean ground beef, ground pork, whole milk, dry white wine, roma tomatoes, crushed red pepper flakes",add,23,"['sauce,oil,wine,t,c,boil,min']"
76479,baked manicotti  bolognese ragu,"part-skim ricotta cheese, fresh parsley, fresh basil, garlic, eggs, prosciutto, manicotti, mozzarella cheese, romano cheese, salt and pepper, unsalted butter, onion, celery, carrot, lean ground beef, ground pork, whole milk, dry white wine, roma tomatoes, crushed red pepper flakes",add,25,"['pepper,juice,tomatoes,tomato,wine,t,c,ice']"
76479,baked manicotti  bolognese ragu,"part-skim ricotta cheese, fresh parsley, fresh basil, garlic, eggs, prosciutto, manicotti, mozzarella cheese, romano cheese, salt and pepper, unsalted butter, onion, celery, carrot, lean ground beef, ground pork, whole milk, dry white wine, roma tomatoes, crushed red pepper flakes",roll,5,"['lasagna,t']"
76479,baked manicotti  bolognese ragu,"part-skim ricotta cheese, fresh parsley, fresh basil, garlic, eggs, prosciutto, manicotti, mozzarella cheese, romano cheese, salt and pepper, unsalted butter, onion, celery, carrot, lean ground beef, ground pork, whole milk, dry white wine, roma tomatoes, crushed red pepper flakes",lay,6,"['pan,cook,t,c,cooking,spray,oat,grease,baking']"
76479,baked manicotti  bolognese ragu,"part-skim ricotta cheese, fresh parsley, fresh basil, garlic, eggs, prosciutto, manicotti, mozzarella cheese, romano cheese, salt and pepper, unsalted butter, onion, celery, carrot, lean ground beef, ground pork, whole milk, dry white wine, roma tomatoes, crushed red pepper flakes",greased,6,"['pan,cook,t,c,cooking,spray,oat,grease,baking']"
76479,baked manicotti  bolognese ragu,"part-skim ricotta cheese, fresh parsley, fresh basil, garlic, eggs, prosciutto, manicotti, mozzarella cheese, romano cheese, salt and pepper, unsalted butter, onion, celery, carrot, lean ground beef, ground pork, whole milk, dry white wine, roma tomatoes, crushed red pepper flakes",coated,6,"['pan,cook,t,c,cooking,spray,oat,grease,baking']"
76479,baked manicotti  bolognese ragu,"part-skim ricotta cheese, fresh parsley, fresh basil, garlic, eggs, prosciutto, manicotti, mozzarella cheese, romano cheese, salt and pepper, unsalted butter, onion, celery, carrot, lean ground beef, ground pork, whole milk, dry white wine, roma tomatoes, crushed red pepper flakes",holds,7,"['pan,t,c,manicotti']"
76479,baked manicotti  bolognese ragu,"part-skim ricotta cheese, fresh parsley, fresh basil, garlic, eggs, prosciutto, manicotti, mozzarella cheese, romano cheese, salt and pepper, unsalted butter, onion, celery, carrot, lean ground beef, ground pork, whole milk, dry white wine, roma tomatoes, crushed red pepper flakes",holds,14,"['pan,pot,t,heat']"
76479,baked manicotti  bolognese ragu,"part-skim ricotta cheese, fresh parsley, fresh basil, garlic, eggs, prosciutto, manicotti, mozzarella cheese, romano cheese, salt and pepper, unsalted butter, onion, celery, carrot, lean ground beef, ground pork, whole milk, dry white wine, roma tomatoes, crushed red pepper flakes",spoon,8,"['pasta,t,c']"
76479,baked manicotti  bolognese ragu,"part-skim ricotta cheese, fresh parsley, fresh basil, garlic, eggs, prosciutto, manicotti, mozzarella cheese, romano cheese, salt and pepper, unsalted butter, onion, celery, carrot, lean ground beef, ground pork, whole milk, dry white wine, roma tomatoes, crushed red pepper flakes",covered,8,"['pasta,t,c']"
76479,baked manicotti  bolognese ragu,"part-skim ricotta cheese, fresh parsley, fresh basil, garlic, eggs, prosciutto, manicotti, mozzarella cheese, romano cheese, salt and pepper, unsalted butter, onion, celery, carrot, lean ground beef, ground pork, whole milk, dry white wine, roma tomatoes, crushed red pepper flakes",bake,9,"['t,c,min']"
76479,baked manicotti  bolognese ragu,"part-skim ricotta cheese, fresh parsley, fresh basil, garlic, eggs, prosciutto, manicotti, mozzarella cheese, romano cheese, salt and pepper, unsalted butter, onion, celery, carrot, lean ground beef, ground pork, whole milk, dry white wine, roma tomatoes, crushed red pepper flakes",uncovered,9,"['t,c,min']"
76479,baked manicotti  bolognese ragu,"part-skim ricotta cheese, fresh parsley, fresh basil, garlic, eggs, prosciutto, manicotti, mozzarella cheese, romano cheese, salt and pepper, unsalted butter, onion, celery, carrot, lean ground beef, ground pork, whole milk, dry white wine, roma tomatoes, crushed red pepper flakes",remove,10,"['mozzarella,t']"
76479,baked manicotti  bolognese ragu,"part-skim ricotta cheese, fresh parsley, fresh basil, garlic, eggs, prosciutto, manicotti, mozzarella cheese, romano cheese, salt and pepper, unsalted butter, onion, celery, carrot, lean ground beef, ground pork, whole milk, dry white wine, roma tomatoes, crushed red pepper flakes",return,11,"['cheese,t,c,min']"
76479,baked manicotti  bolognese ragu,"part-skim ricotta cheese, fresh parsley, fresh basil, garlic, eggs, prosciutto, manicotti, mozzarella cheese, romano cheese, salt and pepper, unsalted butter, onion, celery, carrot, lean ground beef, ground pork, whole milk, dry white wine, roma tomatoes, crushed red pepper flakes",return,21,"['oil,milk,t,c,boil,mix']"
76479,baked manicotti  bolognese ragu,"part-skim ricotta cheese, fresh parsley, fresh basil, garlic, eggs, prosciutto, manicotti, mozzarella cheese, romano cheese, salt and pepper, unsalted butter, onion, celery, carrot, lean ground beef, ground pork, whole milk, dry white wine, roma tomatoes, crushed red pepper flakes",return,23,"['sauce,oil,wine,t,c,boil,min']"
76479,baked manicotti  bolognese ragu,"part-skim ricotta cheese, fresh parsley, fresh basil, garlic, eggs, prosciutto, manicotti, mozzarella cheese, romano cheese, salt and pepper, unsalted butter, onion, celery, carrot, lean ground beef, ground pork, whole milk, dry white wine, roma tomatoes, crushed red pepper flakes",melt,11,"['cheese,t,c,min']"
76479,baked manicotti  bolognese ragu,"part-skim ricotta cheese, fresh parsley, fresh basil, garlic, eggs, prosciutto, manicotti, mozzarella cheese, romano cheese, salt and pepper, unsalted butter, onion, celery, carrot, lean ground beef, ground pork, whole milk, dry white wine, roma tomatoes, crushed red pepper flakes",melt,16,"['butter,pan,t,heat']"
76479,baked manicotti  bolognese ragu,"part-skim ricotta cheese, fresh parsley, fresh basil, garlic, eggs, prosciutto, manicotti, mozzarella cheese, romano cheese, salt and pepper, unsalted butter, onion, celery, carrot, lean ground beef, ground pork, whole milk, dry white wine, roma tomatoes, crushed red pepper flakes",melt,30,['t']
76479,baked manicotti  bolognese ragu,"part-skim ricotta cheese, fresh parsley, fresh basil, garlic, eggs, prosciutto, manicotti, mozzarella cheese, romano cheese, salt and pepper, unsalted butter, onion, celery, carrot, lean ground beef, ground pork, whole milk, dry white wine, roma tomatoes, crushed red pepper flakes",let,12,"['t,min']"
76479,baked manicotti  bolognese ragu,"part-skim ricotta cheese, fresh parsley, fresh basil, garlic, eggs, prosciutto, manicotti, mozzarella cheese, romano cheese, salt and pepper, unsalted butter, onion, celery, carrot, lean ground beef, ground pork, whole milk, dry white wine, roma tomatoes, crushed red pepper flakes",stand,12,"['t,min']"
76479,baked manicotti  bolognese ragu,"part-skim ricotta cheese, fresh parsley, fresh basil, garlic, eggs, prosciutto, manicotti, mozzarella cheese, romano cheese, salt and pepper, unsalted butter, onion, celery, carrot, lean ground beef, ground pork, whole milk, dry white wine, roma tomatoes, crushed red pepper flakes",serve,13,"['sauce,t,c']"
76479,baked manicotti  bolognese ragu,"part-skim ricotta cheese, fresh parsley, fresh basil, garlic, eggs, prosciutto, manicotti, mozzarella cheese, romano cheese, salt and pepper, unsalted butter, onion, celery, carrot, lean ground beef, ground pork, whole milk, dry white wine, roma tomatoes, crushed red pepper flakes",want,14,"['pan,pot,t,heat']"
76479,baked manicotti  bolognese ragu,"part-skim ricotta cheese, fresh parsley, fresh basil, garlic, eggs, prosciutto, manicotti, mozzarella cheese, romano cheese, salt and pepper, unsalted butter, onion, celery, carrot, lean ground beef, ground pork, whole milk, dry white wine, roma tomatoes, crushed red pepper flakes",want,26,"['sauce,t,c']"
76479,baked manicotti  bolognese ragu,"part-skim ricotta cheese, fresh parsley, fresh basil, garlic, eggs, prosciutto, manicotti, mozzarella cheese, romano cheese, salt and pepper, unsalted butter, onion, celery, carrot, lean ground beef, ground pork, whole milk, dry white wine, roma tomatoes, crushed red pepper flakes",give,15,"['sauce,t,c']"
76479,baked manicotti  bolognese ragu,"part-skim ricotta cheese, fresh parsley, fresh basil, garlic, eggs, prosciutto, manicotti, mozzarella cheese, romano cheese, salt and pepper, unsalted butter, onion, celery, carrot, lean ground beef, ground pork, whole milk, dry white wine, roma tomatoes, crushed red pepper flakes",give,31,"['cook,t,c,cooking']"
76479,baked manicotti  bolognese ragu,"part-skim ricotta cheese, fresh parsley, fresh basil, garlic, eggs, prosciutto, manicotti, mozzarella cheese, romano cheese, salt and pepper, unsalted butter, onion, celery, carrot, lean ground beef, ground pork, whole milk, dry white wine, roma tomatoes, crushed red pepper flakes",need,15,"['sauce,t,c']"
76479,baked manicotti  bolognese ragu,"part-skim ricotta cheese, fresh parsley, fresh basil, garlic, eggs, prosciutto, manicotti, mozzarella cheese, romano cheese, salt and pepper, unsalted butter, onion, celery, carrot, lean ground beef, ground pork, whole milk, dry white wine, roma tomatoes, crushed red pepper flakes",have,15,"['sauce,t,c']"
76479,baked manicotti  bolognese ragu,"part-skim ricotta cheese, fresh parsley, fresh basil, garlic, eggs, prosciutto, manicotti, mozzarella cheese, romano cheese, salt and pepper, unsalted butter, onion, celery, carrot, lean ground beef, ground pork, whole milk, dry white wine, roma tomatoes, crushed red pepper flakes",simmering,15,"['sauce,t,c']"
76479,baked manicotti  bolognese ragu,"part-skim ricotta cheese, fresh parsley, fresh basil, garlic, eggs, prosciutto, manicotti, mozzarella cheese, romano cheese, salt and pepper, unsalted butter, onion, celery, carrot, lean ground beef, ground pork, whole milk, dry white wine, roma tomatoes, crushed red pepper flakes",softened,17,"['egg,t,min']"
76479,baked manicotti  bolognese ragu,"part-skim ricotta cheese, fresh parsley, fresh basil, garlic, eggs, prosciutto, manicotti, mozzarella cheese, romano cheese, salt and pepper, unsalted butter, onion, celery, carrot, lean ground beef, ground pork, whole milk, dry white wine, roma tomatoes, crushed red pepper flakes",cook,19,"['cook,t,c']"
76479,baked manicotti  bolognese ragu,"part-skim ricotta cheese, fresh parsley, fresh basil, garlic, eggs, prosciutto, manicotti, mozzarella cheese, romano cheese, salt and pepper, unsalted butter, onion, celery, carrot, lean ground beef, ground pork, whole milk, dry white wine, roma tomatoes, crushed red pepper flakes",break,19,"['cook,t,c']"
76479,baked manicotti  bolognese ragu,"part-skim ricotta cheese, fresh parsley, fresh basil, garlic, eggs, prosciutto, manicotti, mozzarella cheese, romano cheese, salt and pepper, unsalted butter, onion, celery, carrot, lean ground beef, ground pork, whole milk, dry white wine, roma tomatoes, crushed red pepper flakes",begins,20,"['brown,milk,t']"
76479,baked manicotti  bolognese ragu,"part-skim ricotta cheese, fresh parsley, fresh basil, garlic, eggs, prosciutto, manicotti, mozzarella cheese, romano cheese, salt and pepper, unsalted butter, onion, celery, carrot, lean ground beef, ground pork, whole milk, dry white wine, roma tomatoes, crushed red pepper flakes",reduce,21,"['oil,milk,t,c,boil,mix']"
76479,baked manicotti  bolognese ragu,"part-skim ricotta cheese, fresh parsley, fresh basil, garlic, eggs, prosciutto, manicotti, mozzarella cheese, romano cheese, salt and pepper, unsalted butter, onion, celery, carrot, lean ground beef, ground pork, whole milk, dry white wine, roma tomatoes, crushed red pepper flakes",reduce,23,"['sauce,oil,wine,t,c,boil,min']"
76479,baked manicotti  bolognese ragu,"part-skim ricotta cheese, fresh parsley, fresh basil, garlic, eggs, prosciutto, manicotti, mozzarella cheese, romano cheese, salt and pepper, unsalted butter, onion, celery, carrot, lean ground beef, ground pork, whole milk, dry white wine, roma tomatoes, crushed red pepper flakes",reduce,26,"['sauce,t,c']"
76479,baked manicotti  bolognese ragu,"part-skim ricotta cheese, fresh parsley, fresh basil, garlic, eggs, prosciutto, manicotti, mozzarella cheese, romano cheese, salt and pepper, unsalted butter, onion, celery, carrot, lean ground beef, ground pork, whole milk, dry white wine, roma tomatoes, crushed red pepper flakes",evaporated,21,"['oil,milk,t,c,boil,mix']"
76479,baked manicotti  bolognese ragu,"part-skim ricotta cheese, fresh parsley, fresh basil, garlic, eggs, prosciutto, manicotti, mozzarella cheese, romano cheese, salt and pepper, unsalted butter, onion, celery, carrot, lean ground beef, ground pork, whole milk, dry white wine, roma tomatoes, crushed red pepper flakes",evaporated,23,"['sauce,oil,wine,t,c,boil,min']"
76479,baked manicotti  bolognese ragu,"part-skim ricotta cheese, fresh parsley, fresh basil, garlic, eggs, prosciutto, manicotti, mozzarella cheese, romano cheese, salt and pepper, unsalted butter, onion, celery, carrot, lean ground beef, ground pork, whole milk, dry white wine, roma tomatoes, crushed red pepper flakes",evaporated,25,"['pepper,juice,tomatoes,tomato,wine,t,c,ice']"
76479,baked manicotti  bolognese ragu,"part-skim ricotta cheese, fresh parsley, fresh basil, garlic, eggs, prosciutto, manicotti, mozzarella cheese, romano cheese, salt and pepper, unsalted butter, onion, celery, carrot, lean ground beef, ground pork, whole milk, dry white wine, roma tomatoes, crushed red pepper flakes",evaporated,27,"['t,min']"
76479,baked manicotti  bolognese ragu,"part-skim ricotta cheese, fresh parsley, fresh basil, garlic, eggs, prosciutto, manicotti, mozzarella cheese, romano cheese, salt and pepper, unsalted butter, onion, celery, carrot, lean ground beef, ground pork, whole milk, dry white wine, roma tomatoes, crushed red pepper flakes",reducing,24,"['sauce,juice,tomatoes,tomato,chop,t,c,ice']"
76479,baked manicotti  bolognese ragu,"part-skim ricotta cheese, fresh parsley, fresh basil, garlic, eggs, prosciutto, manicotti, mozzarella cheese, romano cheese, salt and pepper, unsalted butter, onion, celery, carrot, lean ground beef, ground pork, whole milk, dry white wine, roma tomatoes, crushed red pepper flakes",chop,24,"['sauce,juice,tomatoes,tomato,chop,t,c,ice']"
76479,baked manicotti  bolognese ragu,"part-skim ricotta cheese, fresh parsley, fresh basil, garlic, eggs, prosciutto, manicotti, mozzarella cheese, romano cheese, salt and pepper, unsalted butter, onion, celery, carrot, lean ground beef, ground pork, whole milk, dry white wine, roma tomatoes, crushed red pepper flakes",reserving,24,"['sauce,juice,tomatoes,tomato,chop,t,c,ice']"
76479,baked manicotti  bolognese ragu,"part-skim ricotta cheese, fresh parsley, fresh basil, garlic, eggs, prosciutto, manicotti, mozzarella cheese, romano cheese, salt and pepper, unsalted butter, onion, celery, carrot, lean ground beef, ground pork, whole milk, dry white wine, roma tomatoes, crushed red pepper flakes",reserved,25,"['pepper,juice,tomatoes,tomato,wine,t,c,ice']"
76479,baked manicotti  bolognese ragu,"part-skim ricotta cheese, fresh parsley, fresh basil, garlic, eggs, prosciutto, manicotti, mozzarella cheese, romano cheese, salt and pepper, unsalted butter, onion, celery, carrot, lean ground beef, ground pork, whole milk, dry white wine, roma tomatoes, crushed red pepper flakes",breaking,26,"['sauce,t,c']"
76479,baked manicotti  bolognese ragu,"part-skim ricotta cheese, fresh parsley, fresh basil, garlic, eggs, prosciutto, manicotti, mozzarella cheese, romano cheese, salt and pepper, unsalted butter, onion, celery, carrot, lean ground beef, ground pork, whole milk, dry white wine, roma tomatoes, crushed red pepper flakes",maintain,27,"['t,min']"
76479,baked manicotti  bolognese ragu,"part-skim ricotta cheese, fresh parsley, fresh basil, garlic, eggs, prosciutto, manicotti, mozzarella cheese, romano cheese, salt and pepper, unsalted butter, onion, celery, carrot, lean ground beef, ground pork, whole milk, dry white wine, roma tomatoes, crushed red pepper flakes",stirring,27,"['t,min']"
76479,baked manicotti  bolognese ragu,"part-skim ricotta cheese, fresh parsley, fresh basil, garlic, eggs, prosciutto, manicotti, mozzarella cheese, romano cheese, salt and pepper, unsalted butter, onion, celery, carrot, lean ground beef, ground pork, whole milk, dry white wine, roma tomatoes, crushed red pepper flakes",take,28,['t']
76479,baked manicotti  bolognese ragu,"part-skim ricotta cheese, fresh parsley, fresh basil, garlic, eggs, prosciutto, manicotti, mozzarella cheese, romano cheese, salt and pepper, unsalted butter, onion, celery, carrot, lean ground beef, ground pork, whole milk, dry white wine, roma tomatoes, crushed red pepper flakes",adjust,29,"['pepper,salt,t']"
76479,baked manicotti  bolognese ragu,"part-skim ricotta cheese, fresh parsley, fresh basil, garlic, eggs, prosciutto, manicotti, mozzarella cheese, romano cheese, salt and pepper, unsalted butter, onion, celery, carrot, lean ground beef, ground pork, whole milk, dry white wine, roma tomatoes, crushed red pepper flakes",taste,29,"['pepper,salt,t']"
76479,baked manicotti  bolognese ragu,"part-skim ricotta cheese, fresh parsley, fresh basil, garlic, eggs, prosciutto, manicotti, mozzarella cheese, romano cheese, salt and pepper, unsalted butter, onion, celery, carrot, lean ground beef, ground pork, whole milk, dry white wine, roma tomatoes, crushed red pepper flakes",gives,30,['t']
76479,baked manicotti  bolognese ragu,"part-skim ricotta cheese, fresh parsley, fresh basil, garlic, eggs, prosciutto, manicotti, mozzarella cheese, romano cheese, salt and pepper, unsalted butter, onion, celery, carrot, lean ground beef, ground pork, whole milk, dry white wine, roma tomatoes, crushed red pepper flakes",daunted,31,"['cook,t,c,cooking']"
76479,baked manicotti  bolognese ragu,"part-skim ricotta cheese, fresh parsley, fresh basil, garlic, eggs, prosciutto, manicotti, mozzarella cheese, romano cheese, salt and pepper, unsalted butter, onion, celery, carrot, lean ground beef, ground pork, whole milk, dry white wine, roma tomatoes, crushed red pepper flakes",requires,31,"['cook,t,c,cooking']"
76479,baked manicotti  bolognese ragu,"part-skim ricotta cheese, fresh parsley, fresh basil, garlic, eggs, prosciutto, manicotti, mozzarella cheese, romano cheese, salt and pepper, unsalted butter, onion, celery, carrot, lean ground beef, ground pork, whole milk, dry white wine, roma tomatoes, crushed red pepper flakes",be,31,"['cook,t,c,cooking']"
