Id,Name,AllIngredients,Verbs,Steps,Ingredient
77100,subru uncle s delicious s  indian sambar veg curry we all love,"salt, garam masala powder, asafoetida powder, yellow lentils, yams, potato, garlic cloves, carrot, beans, vegetable drumsticks, water, turmeric powder, green chilies, curry leaves, cumin seed, mustard seeds, oil, tomatoes, okra, red chilies, tamarind pulp, methi seeds",prepare,1,{}
77100,subru uncle s delicious s  indian sambar veg curry we all love,"salt, garam masala powder, asafoetida powder, yellow lentils, yams, potato, garlic cloves, carrot, beans, vegetable drumsticks, water, turmeric powder, green chilies, curry leaves, cumin seed, mustard seeds, oil, tomatoes, okra, red chilies, tamarind pulp, methi seeds",prepare,18,"['season,seasoning,sea,t,s,p,in,re,nt,e,o,g']"
77100,subru uncle s delicious s  indian sambar veg curry we all love,"salt, garam masala powder, asafoetida powder, yellow lentils, yams, potato, garlic cloves, carrot, beans, vegetable drumsticks, water, turmeric powder, green chilies, curry leaves, cumin seed, mustard seeds, oil, tomatoes, okra, red chilies, tamarind pulp, methi seeds",soaking,1,"['water,t,tamari,c,s,p,rind,in,tamarind,pie,f,-,re,l,pieces,d,b,pulp,e,o,y,g,hot']"
77100,subru uncle s delicious s  indian sambar veg curry we all love,"salt, garam masala powder, asafoetida powder, yellow lentils, yams, potato, garlic cloves, carrot, beans, vegetable drumsticks, water, turmeric powder, green chilies, curry leaves, cumin seed, mustard seeds, oil, tomatoes, okra, red chilies, tamarind pulp, methi seeds",squeeze,2,"['water,t,tamari,c,mix,s,p,rind,can,in,tamarind,pie,l,pieces,d,nt,pulp,e,o,y,hot']"
77100,subru uncle s delicious s  indian sambar veg curry we all love,"salt, garam masala powder, asafoetida powder, yellow lentils, yams, potato, garlic cloves, carrot, beans, vegetable drumsticks, water, turmeric powder, green chilies, curry leaves, cumin seed, mustard seeds, oil, tomatoes, okra, red chilies, tamarind pulp, methi seeds",allow,2,"['water,t,tamari,c,mix,s,p,rind,can,in,tamarind,pie,l,pieces,d,nt,pulp,e,o,y,hot']"
77100,subru uncle s delicious s  indian sambar veg curry we all love,"salt, garam masala powder, asafoetida powder, yellow lentils, yams, potato, garlic cloves, carrot, beans, vegetable drumsticks, water, turmeric powder, green chilies, curry leaves, cumin seed, mustard seeds, oil, tomatoes, okra, red chilies, tamarind pulp, methi seeds",allow,5,"['oil,t,boil,min,s,in,f,l,b,e,nut,o']"
77100,subru uncle s delicious s  indian sambar veg curry we all love,"salt, garam masala powder, asafoetida powder, yellow lentils, yams, potato, garlic cloves, carrot, beans, vegetable drumsticks, water, turmeric powder, green chilies, curry leaves, cumin seed, mustard seeds, oil, tomatoes, okra, red chilies, tamarind pulp, methi seeds",allow,13,"['oil,t,boil,l,b,e,o']"
77100,subru uncle s delicious s  indian sambar veg curry we all love,"salt, garam masala powder, asafoetida powder, yellow lentils, yams, potato, garlic cloves, carrot, beans, vegetable drumsticks, water, turmeric powder, green chilies, curry leaves, cumin seed, mustard seeds, oil, tomatoes, okra, red chilies, tamarind pulp, methi seeds",allow,20,"['cumin,mustard,seed,t,c,min,rack,seeds,star,s,p,must,in,tar,mu,ad,l,d,e,o,ts,hot,methi']"
77100,subru uncle s delicious s  indian sambar veg curry we all love,"salt, garam masala powder, asafoetida powder, yellow lentils, yams, potato, garlic cloves, carrot, beans, vegetable drumsticks, water, turmeric powder, green chilies, curry leaves, cumin seed, mustard seeds, oil, tomatoes, okra, red chilies, tamarind pulp, methi seeds",mix,2,"['water,t,tamari,c,mix,s,p,rind,can,in,tamarind,pie,l,pieces,d,nt,pulp,e,o,y,hot']"
77100,subru uncle s delicious s  indian sambar veg curry we all love,"salt, garam masala powder, asafoetida powder, yellow lentils, yams, potato, garlic cloves, carrot, beans, vegetable drumsticks, water, turmeric powder, green chilies, curry leaves, cumin seed, mustard seeds, oil, tomatoes, okra, red chilies, tamarind pulp, methi seeds",mix,11,"['t,mix,in,ad,l,dal,d,e,o']"
77100,subru uncle s delicious s  indian sambar veg curry we all love,"salt, garam masala powder, asafoetida powder, yellow lentils, yams, potato, garlic cloves, carrot, beans, vegetable drumsticks, water, turmeric powder, green chilies, curry leaves, cumin seed, mustard seeds, oil, tomatoes, okra, red chilies, tamarind pulp, methi seeds",mix,12,"['garlic,c,mix,ad,l,d,e,g']"
77100,subru uncle s delicious s  indian sambar veg curry we all love,"salt, garam masala powder, asafoetida powder, yellow lentils, yams, potato, garlic cloves, carrot, beans, vegetable drumsticks, water, turmeric powder, green chilies, curry leaves, cumin seed, mustard seeds, oil, tomatoes, okra, red chilies, tamarind pulp, methi seeds",mix,15,"['powder,salt,turmeric,masala,t,c,mix,s,p,asafoetida,in,de,masa,f,l,d,b,e,o']"
77100,subru uncle s delicious s  indian sambar veg curry we all love,"salt, garam masala powder, asafoetida powder, yellow lentils, yams, potato, garlic cloves, carrot, beans, vegetable drumsticks, water, turmeric powder, green chilies, curry leaves, cumin seed, mustard seeds, oil, tomatoes, okra, red chilies, tamarind pulp, methi seeds",mix,22,"['t,min,mix,s,in,medium,f,-,l,d,e,nut,o,y']"
77100,subru uncle s delicious s  indian sambar veg curry we all love,"salt, garam masala powder, asafoetida powder, yellow lentils, yams, potato, garlic cloves, carrot, beans, vegetable drumsticks, water, turmeric powder, green chilies, curry leaves, cumin seed, mustard seeds, oil, tomatoes, okra, red chilies, tamarind pulp, methi seeds",mix,25,"['rice,cook,curry,t,c,ice,min,mix,yogurt,s,p,in,fat,white,grain,de,basmati,f,-,tel,re,red,l,d,b,e,nut,o,y,g,v']"
77100,subru uncle s delicious s  indian sambar veg curry we all love,"salt, garam masala powder, asafoetida powder, yellow lentils, yams, potato, garlic cloves, carrot, beans, vegetable drumsticks, water, turmeric powder, green chilies, curry leaves, cumin seed, mustard seeds, oil, tomatoes, okra, red chilies, tamarind pulp, methi seeds",squeezed,3,"['pot,t,c,half,s,p,f,l,d,e,o,y,v']"
77100,subru uncle s delicious s  indian sambar veg curry we all love,"salt, garam masala powder, asafoetida powder, yellow lentils, yams, potato, garlic cloves, carrot, beans, vegetable drumsticks, water, turmeric powder, green chilies, curry leaves, cumin seed, mustard seeds, oil, tomatoes, okra, red chilies, tamarind pulp, methi seeds",transfer,3,"['pot,t,c,half,s,p,f,l,d,e,o,y,v']"
77100,subru uncle s delicious s  indian sambar veg curry we all love,"salt, garam masala powder, asafoetida powder, yellow lentils, yams, potato, garlic cloves, carrot, beans, vegetable drumsticks, water, turmeric powder, green chilies, curry leaves, cumin seed, mustard seeds, oil, tomatoes, okra, red chilies, tamarind pulp, methi seeds",add,4,"['chop,pot,t,c,p,in,f,ad,l,d,e,o,y,g']"
77100,subru uncle s delicious s  indian sambar veg curry we all love,"salt, garam masala powder, asafoetida powder, yellow lentils, yams, potato, garlic cloves, carrot, beans, vegetable drumsticks, water, turmeric powder, green chilies, curry leaves, cumin seed, mustard seeds, oil, tomatoes, okra, red chilies, tamarind pulp, methi seeds",add,11,"['t,mix,in,ad,l,dal,d,e,o']"
77100,subru uncle s delicious s  indian sambar veg curry we all love,"salt, garam masala powder, asafoetida powder, yellow lentils, yams, potato, garlic cloves, carrot, beans, vegetable drumsticks, water, turmeric powder, green chilies, curry leaves, cumin seed, mustard seeds, oil, tomatoes, okra, red chilies, tamarind pulp, methi seeds",add,12,"['garlic,c,mix,ad,l,d,e,g']"
77100,subru uncle s delicious s  indian sambar veg curry we all love,"salt, garam masala powder, asafoetida powder, yellow lentils, yams, potato, garlic cloves, carrot, beans, vegetable drumsticks, water, turmeric powder, green chilies, curry leaves, cumin seed, mustard seeds, oil, tomatoes, okra, red chilies, tamarind pulp, methi seeds",add,14,"['oil,vegetable,chop,lentils,t,table,c,ice,boil,boiling,lentil,s,p,in,dice,veg,f,ad,l,d,b,vegetables,nt,e,o,g,v']"
77100,subru uncle s delicious s  indian sambar veg curry we all love,"salt, garam masala powder, asafoetida powder, yellow lentils, yams, potato, garlic cloves, carrot, beans, vegetable drumsticks, water, turmeric powder, green chilies, curry leaves, cumin seed, mustard seeds, oil, tomatoes, okra, red chilies, tamarind pulp, methi seeds",add,20,"['cumin,mustard,seed,t,c,min,rack,seeds,star,s,p,must,in,tar,mu,ad,l,d,e,o,ts,hot,methi']"
77100,subru uncle s delicious s  indian sambar veg curry we all love,"salt, garam masala powder, asafoetida powder, yellow lentils, yams, potato, garlic cloves, carrot, beans, vegetable drumsticks, water, turmeric powder, green chilies, curry leaves, cumin seed, mustard seeds, oil, tomatoes, okra, red chilies, tamarind pulp, methi seeds",add,21,"['pan,leaves,curry,t,c,hole,s,p,top,re,ad,red,l,d,e,green,o,y,g,v']"
77100,subru uncle s delicious s  indian sambar veg curry we all love,"salt, garam masala powder, asafoetida powder, yellow lentils, yams, potato, garlic cloves, carrot, beans, vegetable drumsticks, water, turmeric powder, green chilies, curry leaves, cumin seed, mustard seeds, oil, tomatoes, okra, red chilies, tamarind pulp, methi seeds",add,24,"['season,seasoning,sea,t,s,in,ad,d,b,e,o,g']"
77100,subru uncle s delicious s  indian sambar veg curry we all love,"salt, garam masala powder, asafoetida powder, yellow lentils, yams, potato, garlic cloves, carrot, beans, vegetable drumsticks, water, turmeric powder, green chilies, curry leaves, cumin seed, mustard seeds, oil, tomatoes, okra, red chilies, tamarind pulp, methi seeds",chopped,4,"['chop,pot,t,c,p,in,f,ad,l,d,e,o,y,g']"
77100,subru uncle s delicious s  indian sambar veg curry we all love,"salt, garam masala powder, asafoetida powder, yellow lentils, yams, potato, garlic cloves, carrot, beans, vegetable drumsticks, water, turmeric powder, green chilies, curry leaves, cumin seed, mustard seeds, oil, tomatoes, okra, red chilies, tamarind pulp, methi seeds",chopped,14,"['oil,vegetable,chop,lentils,t,table,c,ice,boil,boiling,lentil,s,p,in,dice,veg,f,ad,l,d,b,vegetables,nt,e,o,g,v']"
77100,subru uncle s delicious s  indian sambar veg curry we all love,"salt, garam masala powder, asafoetida powder, yellow lentils, yams, potato, garlic cloves, carrot, beans, vegetable drumsticks, water, turmeric powder, green chilies, curry leaves, cumin seed, mustard seeds, oil, tomatoes, okra, red chilies, tamarind pulp, methi seeds",chopped,16,"['tomatoes,tomato,chop,t,c,s,p,in,f,l,d,e,o,tomatoe']"
77100,subru uncle s delicious s  indian sambar veg curry we all love,"salt, garam masala powder, asafoetida powder, yellow lentils, yams, potato, garlic cloves, carrot, beans, vegetable drumsticks, water, turmeric powder, green chilies, curry leaves, cumin seed, mustard seeds, oil, tomatoes, okra, red chilies, tamarind pulp, methi seeds",boil,5,"['oil,t,boil,min,s,in,f,l,b,e,nut,o']"
77100,subru uncle s delicious s  indian sambar veg curry we all love,"salt, garam masala powder, asafoetida powder, yellow lentils, yams, potato, garlic cloves, carrot, beans, vegetable drumsticks, water, turmeric powder, green chilies, curry leaves, cumin seed, mustard seeds, oil, tomatoes, okra, red chilies, tamarind pulp, methi seeds",boil,13,"['oil,t,boil,l,b,e,o']"
77100,subru uncle s delicious s  indian sambar veg curry we all love,"salt, garam masala powder, asafoetida powder, yellow lentils, yams, potato, garlic cloves, carrot, beans, vegetable drumsticks, water, turmeric powder, green chilies, curry leaves, cumin seed, mustard seeds, oil, tomatoes, okra, red chilies, tamarind pulp, methi seeds",taught,6,"['t,c,stick,s,in,f,au,ad,l,d,b,e,o,y,g']"
77100,subru uncle s delicious s  indian sambar veg curry we all love,"salt, garam masala powder, asafoetida powder, yellow lentils, yams, potato, garlic cloves, carrot, beans, vegetable drumsticks, water, turmeric powder, green chilies, curry leaves, cumin seed, mustard seeds, oil, tomatoes, okra, red chilies, tamarind pulp, methi seeds",doing,6,"['t,c,stick,s,in,f,au,ad,l,d,b,e,o,y,g']"
77100,subru uncle s delicious s  indian sambar veg curry we all love,"salt, garam masala powder, asafoetida powder, yellow lentils, yams, potato, garlic cloves, carrot, beans, vegetable drumsticks, water, turmeric powder, green chilies, curry leaves, cumin seed, mustard seeds, oil, tomatoes, okra, red chilies, tamarind pulp, methi seeds",comes,6,"['t,c,stick,s,in,f,au,ad,l,d,b,e,o,y,g']"
77100,subru uncle s delicious s  indian sambar veg curry we all love,"salt, garam masala powder, asafoetida powder, yellow lentils, yams, potato, garlic cloves, carrot, beans, vegetable drumsticks, water, turmeric powder, green chilies, curry leaves, cumin seed, mustard seeds, oil, tomatoes, okra, red chilies, tamarind pulp, methi seeds",come,6,"['t,c,stick,s,in,f,au,ad,l,d,b,e,o,y,g']"
77100,subru uncle s delicious s  indian sambar veg curry we all love,"salt, garam masala powder, asafoetida powder, yellow lentils, yams, potato, garlic cloves, carrot, beans, vegetable drumsticks, water, turmeric powder, green chilies, curry leaves, cumin seed, mustard seeds, oil, tomatoes, okra, red chilies, tamarind pulp, methi seeds",remove,7,"['t,heat,s,p,de,f,re,d,e,o,v']"
77100,subru uncle s delicious s  indian sambar veg curry we all love,"salt, garam masala powder, asafoetida powder, yellow lentils, yams, potato, garlic cloves, carrot, beans, vegetable drumsticks, water, turmeric powder, green chilies, curry leaves, cumin seed, mustard seeds, oil, tomatoes, okra, red chilies, tamarind pulp, methi seeds",remove,23,"['pan,t,heat,p,f,re,e,o,v']"
77100,subru uncle s delicious s  indian sambar veg curry we all love,"salt, garam masala powder, asafoetida powder, yellow lentils, yams, potato, garlic cloves, carrot, beans, vegetable drumsticks, water, turmeric powder, green chilies, curry leaves, cumin seed, mustard seeds, oil, tomatoes, okra, red chilies, tamarind pulp, methi seeds",keep,7,"['t,heat,s,p,de,f,re,d,e,o,v']"
77100,subru uncle s delicious s  indian sambar veg curry we all love,"salt, garam masala powder, asafoetida powder, yellow lentils, yams, potato, garlic cloves, carrot, beans, vegetable drumsticks, water, turmeric powder, green chilies, curry leaves, cumin seed, mustard seeds, oil, tomatoes, okra, red chilies, tamarind pulp, methi seeds",take,8,"['pot,t,c,s,p,in,re,l,b,e,ring,o,y,g']"
77100,subru uncle s delicious s  indian sambar veg curry we all love,"salt, garam masala powder, asafoetida powder, yellow lentils, yams, potato, garlic cloves, carrot, beans, vegetable drumsticks, water, turmeric powder, green chilies, curry leaves, cumin seed, mustard seeds, oil, tomatoes, okra, red chilies, tamarind pulp, methi seeds",preparing,8,"['pot,t,c,s,p,in,re,l,b,e,ring,o,y,g']"
77100,subru uncle s delicious s  indian sambar veg curry we all love,"salt, garam masala powder, asafoetida powder, yellow lentils, yams, potato, garlic cloves, carrot, beans, vegetable drumsticks, water, turmeric powder, green chilies, curry leaves, cumin seed, mustard seeds, oil, tomatoes, okra, red chilies, tamarind pulp, methi seeds",heat,9,"['pot,t,heat,p,medium,f,-,l,d,e,o,g']"
77100,subru uncle s delicious s  indian sambar veg curry we all love,"salt, garam masala powder, asafoetida powder, yellow lentils, yams, potato, garlic cloves, carrot, beans, vegetable drumsticks, water, turmeric powder, green chilies, curry leaves, cumin seed, mustard seeds, oil, tomatoes, okra, red chilies, tamarind pulp, methi seeds",pour,10,"['water,t,c,s,p,in,f,e,o,ts,hot']"
77100,subru uncle s delicious s  indian sambar veg curry we all love,"salt, garam masala powder, asafoetida powder, yellow lentils, yams, potato, garlic cloves, carrot, beans, vegetable drumsticks, water, turmeric powder, green chilies, curry leaves, cumin seed, mustard seeds, oil, tomatoes, okra, red chilies, tamarind pulp, methi seeds",drained,11,"['t,mix,in,ad,l,dal,d,e,o']"
77100,subru uncle s delicious s  indian sambar veg curry we all love,"salt, garam masala powder, asafoetida powder, yellow lentils, yams, potato, garlic cloves, carrot, beans, vegetable drumsticks, water, turmeric powder, green chilies, curry leaves, cumin seed, mustard seeds, oil, tomatoes, okra, red chilies, tamarind pulp, methi seeds",diced,14,"['oil,vegetable,chop,lentils,t,table,c,ice,boil,boiling,lentil,s,p,in,dice,veg,f,ad,l,d,b,vegetables,nt,e,o,g,v']"
77100,subru uncle s delicious s  indian sambar veg curry we all love,"salt, garam masala powder, asafoetida powder, yellow lentils, yams, potato, garlic cloves, carrot, beans, vegetable drumsticks, water, turmeric powder, green chilies, curry leaves, cumin seed, mustard seeds, oil, tomatoes, okra, red chilies, tamarind pulp, methi seeds",boiling,14,"['oil,vegetable,chop,lentils,t,table,c,ice,boil,boiling,lentil,s,p,in,dice,veg,f,ad,l,d,b,vegetables,nt,e,o,g,v']"
77100,subru uncle s delicious s  indian sambar veg curry we all love,"salt, garam masala powder, asafoetida powder, yellow lentils, yams, potato, garlic cloves, carrot, beans, vegetable drumsticks, water, turmeric powder, green chilies, curry leaves, cumin seed, mustard seeds, oil, tomatoes, okra, red chilies, tamarind pulp, methi seeds",fold,16,"['tomatoes,tomato,chop,t,c,s,p,in,f,l,d,e,o,tomatoe']"
77100,subru uncle s delicious s  indian sambar veg curry we all love,"salt, garam masala powder, asafoetida powder, yellow lentils, yams, potato, garlic cloves, carrot, beans, vegetable drumsticks, water, turmeric powder, green chilies, curry leaves, cumin seed, mustard seeds, oil, tomatoes, okra, red chilies, tamarind pulp, methi seeds",cover,17,"['egg,tomatoes,tomato,cook,t,c,tender,s,end,in,de,veg,f,-,re,l,d,nt,e,veggie,o,tomatoe,g,v']"
77100,subru uncle s delicious s  indian sambar veg curry we all love,"salt, garam masala powder, asafoetida powder, yellow lentils, yams, potato, garlic cloves, carrot, beans, vegetable drumsticks, water, turmeric powder, green chilies, curry leaves, cumin seed, mustard seeds, oil, tomatoes, okra, red chilies, tamarind pulp, methi seeds",fitting,17,"['egg,tomatoes,tomato,cook,t,c,tender,s,end,in,de,veg,f,-,re,l,d,nt,e,veggie,o,tomatoe,g,v']"
77100,subru uncle s delicious s  indian sambar veg curry we all love,"salt, garam masala powder, asafoetida powder, yellow lentils, yams, potato, garlic cloves, carrot, beans, vegetable drumsticks, water, turmeric powder, green chilies, curry leaves, cumin seed, mustard seeds, oil, tomatoes, okra, red chilies, tamarind pulp, methi seeds",softened,17,"['egg,tomatoes,tomato,cook,t,c,tender,s,end,in,de,veg,f,-,re,l,d,nt,e,veggie,o,tomatoe,g,v']"
77100,subru uncle s delicious s  indian sambar veg curry we all love,"salt, garam masala powder, asafoetida powder, yellow lentils, yams, potato, garlic cloves, carrot, beans, vegetable drumsticks, water, turmeric powder, green chilies, curry leaves, cumin seed, mustard seeds, oil, tomatoes, okra, red chilies, tamarind pulp, methi seeds",are,17,"['egg,tomatoes,tomato,cook,t,c,tender,s,end,in,de,veg,f,-,re,l,d,nt,e,veggie,o,tomatoe,g,v']"
77100,subru uncle s delicious s  indian sambar veg curry we all love,"salt, garam masala powder, asafoetida powder, yellow lentils, yams, potato, garlic cloves, carrot, beans, vegetable drumsticks, water, turmeric powder, green chilies, curry leaves, cumin seed, mustard seeds, oil, tomatoes, okra, red chilies, tamarind pulp, methi seeds",crackle,20,"['cumin,mustard,seed,t,c,min,rack,seeds,star,s,p,must,in,tar,mu,ad,l,d,e,o,ts,hot,methi']"
77100,subru uncle s delicious s  indian sambar veg curry we all love,"salt, garam masala powder, asafoetida powder, yellow lentils, yams, potato, garlic cloves, carrot, beans, vegetable drumsticks, water, turmeric powder, green chilies, curry leaves, cumin seed, mustard seeds, oil, tomatoes, okra, red chilies, tamarind pulp, methi seeds",splutter,20,"['cumin,mustard,seed,t,c,min,rack,seeds,star,s,p,must,in,tar,mu,ad,l,d,e,o,ts,hot,methi']"
77100,subru uncle s delicious s  indian sambar veg curry we all love,"salt, garam masala powder, asafoetida powder, yellow lentils, yams, potato, garlic cloves, carrot, beans, vegetable drumsticks, water, turmeric powder, green chilies, curry leaves, cumin seed, mustard seeds, oil, tomatoes, okra, red chilies, tamarind pulp, methi seeds",stops,21,"['pan,leaves,curry,t,c,hole,s,p,top,re,ad,red,l,d,e,green,o,y,g,v']"
77100,subru uncle s delicious s  indian sambar veg curry we all love,"salt, garam masala powder, asafoetida powder, yellow lentils, yams, potato, garlic cloves, carrot, beans, vegetable drumsticks, water, turmeric powder, green chilies, curry leaves, cumin seed, mustard seeds, oil, tomatoes, okra, red chilies, tamarind pulp, methi seeds",stir,22,"['t,min,mix,s,in,medium,f,-,l,d,e,nut,o,y']"
77100,subru uncle s delicious s  indian sambar veg curry we all love,"salt, garam masala powder, asafoetida powder, yellow lentils, yams, potato, garlic cloves, carrot, beans, vegetable drumsticks, water, turmeric powder, green chilies, curry leaves, cumin seed, mustard seeds, oil, tomatoes, okra, red chilies, tamarind pulp, methi seeds",cook,25,"['rice,cook,curry,t,c,ice,min,mix,yogurt,s,p,in,fat,white,grain,de,basmati,f,-,tel,re,red,l,d,b,e,nut,o,y,g,v']"
77100,subru uncle s delicious s  indian sambar veg curry we all love,"salt, garam masala powder, asafoetida powder, yellow lentils, yams, potato, garlic cloves, carrot, beans, vegetable drumsticks, water, turmeric powder, green chilies, curry leaves, cumin seed, mustard seeds, oil, tomatoes, okra, red chilies, tamarind pulp, methi seeds",serve,25,"['rice,cook,curry,t,c,ice,min,mix,yogurt,s,p,in,fat,white,grain,de,basmati,f,-,tel,re,red,l,d,b,e,nut,o,y,g,v']"
77100,subru uncle s delicious s  indian sambar veg curry we all love,"salt, garam masala powder, asafoetida powder, yellow lentils, yams, potato, garlic cloves, carrot, beans, vegetable drumsticks, water, turmeric powder, green chilies, curry leaves, cumin seed, mustard seeds, oil, tomatoes, okra, red chilies, tamarind pulp, methi seeds",required,25,"['rice,cook,curry,t,c,ice,min,mix,yogurt,s,p,in,fat,white,grain,de,basmati,f,-,tel,re,red,l,d,b,e,nut,o,y,g,v']"
