Id,Name,AllIngredients,Verbs,Steps,Ingredient
77585,copycat olive garden minestrone soup by todd wilbur,"olive oil, white onion, zucchini, italian cut green beans, celery, garlic, vegetable broth, red kidney beans, small white beans, diced tomatoes, carrot, fresh parsley, dried oregano, salt, ground black pepper, dried basil, dried thyme, hot water, baby spinach, small shell pasta",heat,1,{}
77585,copycat olive garden minestrone soup by todd wilbur,"olive oil, white onion, zucchini, italian cut green beans, celery, garlic, vegetable broth, red kidney beans, small white beans, diced tomatoes, carrot, fresh parsley, dried oregano, salt, ground black pepper, dried basil, dried thyme, hot water, baby spinach, small shell pasta",begin,2,"['garlic,oil,onion,zucchini,celery,beans,bean,onions,t,c,min,s,in,f,au,re']"
77585,copycat olive garden minestrone soup by todd wilbur,"olive oil, white onion, zucchini, italian cut green beans, celery, garlic, vegetable broth, red kidney beans, small white beans, diced tomatoes, carrot, fresh parsley, dried oregano, salt, ground black pepper, dried basil, dried thyme, hot water, baby spinach, small shell pasta",turn,2,"['garlic,oil,onion,zucchini,celery,beans,bean,onions,t,c,min,s,in,f,au,re']"
77585,copycat olive garden minestrone soup by todd wilbur,"olive oil, white onion, zucchini, italian cut green beans, celery, garlic, vegetable broth, red kidney beans, small white beans, diced tomatoes, carrot, fresh parsley, dried oregano, salt, ground black pepper, dried basil, dried thyme, hot water, baby spinach, small shell pasta",add,3,"['water,tomatoes,tomato,vegetable,beans,bean,carrot,broth,pot,spice,t,table,c,ice,s,p,in,veg,ad']"
77585,copycat olive garden minestrone soup by todd wilbur,"olive oil, white onion, zucchini, italian cut green beans, celery, garlic, vegetable broth, red kidney beans, small white beans, diced tomatoes, carrot, fresh parsley, dried oregano, salt, ground black pepper, dried basil, dried thyme, hot water, baby spinach, small shell pasta",add,5,"['pasta,spinach,leaves,cook,t,c,min,s,p,in,pin,de,past,f,re,ad,red']"
77585,copycat olive garden minestrone soup by todd wilbur,"olive oil, white onion, zucchini, italian cut green beans, celery, garlic, vegetable broth, red kidney beans, small white beans, diced tomatoes, carrot, fresh parsley, dried oregano, salt, ground black pepper, dried basil, dried thyme, hot water, baby spinach, small shell pasta",drained,3,"['water,tomatoes,tomato,vegetable,beans,bean,carrot,broth,pot,spice,t,table,c,ice,s,p,in,veg,ad']"
77585,copycat olive garden minestrone soup by todd wilbur,"olive oil, white onion, zucchini, italian cut green beans, celery, garlic, vegetable broth, red kidney beans, small white beans, diced tomatoes, carrot, fresh parsley, dried oregano, salt, ground black pepper, dried basil, dried thyme, hot water, baby spinach, small shell pasta",bring,4,"['oil,t,c,boil,min,heat,soup,s,p,in,f,re,red']"
77585,copycat olive garden minestrone soup by todd wilbur,"olive oil, white onion, zucchini, italian cut green beans, celery, garlic, vegetable broth, red kidney beans, small white beans, diced tomatoes, carrot, fresh parsley, dried oregano, salt, ground black pepper, dried basil, dried thyme, hot water, baby spinach, small shell pasta",reduce,4,"['oil,t,c,boil,min,heat,soup,s,p,in,f,re,red']"
77585,copycat olive garden minestrone soup by todd wilbur,"olive oil, white onion, zucchini, italian cut green beans, celery, garlic, vegetable broth, red kidney beans, small white beans, diced tomatoes, carrot, fresh parsley, dried oregano, salt, ground black pepper, dried basil, dried thyme, hot water, baby spinach, small shell pasta",allow,4,"['oil,t,c,boil,min,heat,soup,s,p,in,f,re,red']"
77585,copycat olive garden minestrone soup by todd wilbur,"olive oil, white onion, zucchini, italian cut green beans, celery, garlic, vegetable broth, red kidney beans, small white beans, diced tomatoes, carrot, fresh parsley, dried oregano, salt, ground black pepper, dried basil, dried thyme, hot water, baby spinach, small shell pasta",simmer,4,"['oil,t,c,boil,min,heat,soup,s,p,in,f,re,red']"
77585,copycat olive garden minestrone soup by todd wilbur,"olive oil, white onion, zucchini, italian cut green beans, celery, garlic, vegetable broth, red kidney beans, small white beans, diced tomatoes, carrot, fresh parsley, dried oregano, salt, ground black pepper, dried basil, dried thyme, hot water, baby spinach, small shell pasta",cook,5,"['pasta,spinach,leaves,cook,t,c,min,s,p,in,pin,de,past,f,re,ad,red']"
77585,copycat olive garden minestrone soup by todd wilbur,"olive oil, white onion, zucchini, italian cut green beans, celery, garlic, vegetable broth, red kidney beans, small white beans, diced tomatoes, carrot, fresh parsley, dried oregano, salt, ground black pepper, dried basil, dried thyme, hot water, baby spinach, small shell pasta",desired,5,"['pasta,spinach,leaves,cook,t,c,min,s,p,in,pin,de,past,f,re,ad,red']"
77585,copycat olive garden minestrone soup by todd wilbur,"olive oil, white onion, zucchini, italian cut green beans, celery, garlic, vegetable broth, red kidney beans, small white beans, diced tomatoes, carrot, fresh parsley, dried oregano, salt, ground black pepper, dried basil, dried thyme, hot water, baby spinach, small shell pasta",makes,6,"['t,c,s,p,in,vin']"
