Id,Name,AllIngredients,Verbs,Steps,Ingredient
77805,wor wonton soup,"ground pork, cooked shrimp, shrimp, pork chop, chicken breast, sliced mushrooms, sliced water chestnuts, gingerroot, egg, hard-boiled eggs, sherry wine, soy sauce, sesame oil, flat-leaf italian parsley, garlic powder, chicken broth, snow peas, scallion, salt and pepper, egg roll wrap",heat,1,{}
77805,wor wonton soup,"ground pork, cooked shrimp, shrimp, pork chop, chicken breast, sliced mushrooms, sliced water chestnuts, gingerroot, egg, hard-boiled eggs, sherry wine, soy sauce, sesame oil, flat-leaf italian parsley, garlic powder, chicken broth, snow peas, scallion, salt and pepper, egg roll wrap",add,2,"['brown,ground,pork,t,p,in,round,pin,ad,l,d,b,nt,e,o,g,r,row']"
77805,wor wonton soup,"ground pork, cooked shrimp, shrimp, pork chop, chicken breast, sliced mushrooms, sliced water chestnuts, gingerroot, egg, hard-boiled eggs, sherry wine, soy sauce, sesame oil, flat-leaf italian parsley, garlic powder, chicken broth, snow peas, scallion, salt and pepper, egg roll wrap",add,3,"['soy,sauce,garlic,ginger,powder,pepper,salt,oil,egg,parsley,sherry,leaf,sesame,scallions,t,table,c,ice,min,scallion,slice,s,p,in,de,flat,f,au,-,ad,l,d,root,b,mince,e,gin,o,y,g,sesam,parsle,r']"
77805,wor wonton soup,"ground pork, cooked shrimp, shrimp, pork chop, chicken breast, sliced mushrooms, sliced water chestnuts, gingerroot, egg, hard-boiled eggs, sherry wine, soy sauce, sesame oil, flat-leaf italian parsley, garlic powder, chicken broth, snow peas, scallion, salt and pepper, egg roll wrap",add,5,"['chop,shrimp,cook,t,c,s,p,hr,ad,d,e,o,rim,r']"
77805,wor wonton soup,"ground pork, cooked shrimp, shrimp, pork chop, chicken breast, sliced mushrooms, sliced water chestnuts, gingerroot, egg, hard-boiled eggs, sherry wine, soy sauce, sesame oil, flat-leaf italian parsley, garlic powder, chicken broth, snow peas, scallion, salt and pepper, egg roll wrap",add,18,"['water,mushrooms,mushroom,room,nuts,t,c,ice,peas,chestnuts,slice,pea,s,p,shrooms,snow,mu,hr,ad,l,d,e,chestnut,nut,o,ts,r']"
77805,wor wonton soup,"ground pork, cooked shrimp, shrimp, pork chop, chicken breast, sliced mushrooms, sliced water chestnuts, gingerroot, egg, hard-boiled eggs, sherry wine, soy sauce, sesame oil, flat-leaf italian parsley, garlic powder, chicken broth, snow peas, scallion, salt and pepper, egg roll wrap",add,19,"['cook,t,c,min,oat,s,in,wonton,f,ad,l,d,b,nt,e,ton,nut,o,y,v,r,won']"
77805,wor wonton soup,"ground pork, cooked shrimp, shrimp, pork chop, chicken breast, sliced mushrooms, sliced water chestnuts, gingerroot, egg, hard-boiled eggs, sherry wine, soy sauce, sesame oil, flat-leaf italian parsley, garlic powder, chicken broth, snow peas, scallion, salt and pepper, egg roll wrap",beaten,3,"['soy,sauce,garlic,ginger,powder,pepper,salt,oil,egg,parsley,sherry,leaf,sesame,scallions,t,table,c,ice,min,scallion,slice,s,p,in,de,flat,f,au,-,ad,l,d,root,b,mince,e,gin,o,y,g,sesam,parsle,r']"
77805,wor wonton soup,"ground pork, cooked shrimp, shrimp, pork chop, chicken breast, sliced mushrooms, sliced water chestnuts, gingerroot, egg, hard-boiled eggs, sherry wine, soy sauce, sesame oil, flat-leaf italian parsley, garlic powder, chicken broth, snow peas, scallion, salt and pepper, egg roll wrap",minced,3,"['soy,sauce,garlic,ginger,powder,pepper,salt,oil,egg,parsley,sherry,leaf,sesame,scallions,t,table,c,ice,min,scallion,slice,s,p,in,de,flat,f,au,-,ad,l,d,root,b,mince,e,gin,o,y,g,sesam,parsle,r']"
77805,wor wonton soup,"ground pork, cooked shrimp, shrimp, pork chop, chicken breast, sliced mushrooms, sliced water chestnuts, gingerroot, egg, hard-boiled eggs, sherry wine, soy sauce, sesame oil, flat-leaf italian parsley, garlic powder, chicken broth, snow peas, scallion, salt and pepper, egg roll wrap",sliced,3,"['soy,sauce,garlic,ginger,powder,pepper,salt,oil,egg,parsley,sherry,leaf,sesame,scallions,t,table,c,ice,min,scallion,slice,s,p,in,de,flat,f,au,-,ad,l,d,root,b,mince,e,gin,o,y,g,sesam,parsle,r']"
77805,wor wonton soup,"ground pork, cooked shrimp, shrimp, pork chop, chicken breast, sliced mushrooms, sliced water chestnuts, gingerroot, egg, hard-boiled eggs, sherry wine, soy sauce, sesame oil, flat-leaf italian parsley, garlic powder, chicken broth, snow peas, scallion, salt and pepper, egg roll wrap",sliced,18,"['water,mushrooms,mushroom,room,nuts,t,c,ice,peas,chestnuts,slice,pea,s,p,shrooms,snow,mu,hr,ad,l,d,e,chestnut,nut,o,ts,r']"
77805,wor wonton soup,"ground pork, cooked shrimp, shrimp, pork chop, chicken breast, sliced mushrooms, sliced water chestnuts, gingerroot, egg, hard-boiled eggs, sherry wine, soy sauce, sesame oil, flat-leaf italian parsley, garlic powder, chicken broth, snow peas, scallion, salt and pepper, egg roll wrap",sliced,22,"['parsley,leaf,scallions,t,c,ice,scallion,slice,s,p,pie,flat,f,-,top,l,pieces,d,e,o,y,g,v,parsle,r']"
77805,wor wonton soup,"ground pork, cooked shrimp, shrimp, pork chop, chicken breast, sliced mushrooms, sliced water chestnuts, gingerroot, egg, hard-boiled eggs, sherry wine, soy sauce, sesame oil, flat-leaf italian parsley, garlic powder, chicken broth, snow peas, scallion, salt and pepper, egg roll wrap",taste,3,"['soy,sauce,garlic,ginger,powder,pepper,salt,oil,egg,parsley,sherry,leaf,sesame,scallions,t,table,c,ice,min,scallion,slice,s,p,in,de,flat,f,au,-,ad,l,d,root,b,mince,e,gin,o,y,g,sesam,parsle,r']"
77805,wor wonton soup,"ground pork, cooked shrimp, shrimp, pork chop, chicken breast, sliced mushrooms, sliced water chestnuts, gingerroot, egg, hard-boiled eggs, sherry wine, soy sauce, sesame oil, flat-leaf italian parsley, garlic powder, chicken broth, snow peas, scallion, salt and pepper, egg roll wrap",continue,4,"['cook,t,c,cooking,min,s,in,nt,e,nut,o,g']"
77805,wor wonton soup,"ground pork, cooked shrimp, shrimp, pork chop, chicken breast, sliced mushrooms, sliced water chestnuts, gingerroot, egg, hard-boiled eggs, sherry wine, soy sauce, sesame oil, flat-leaf italian parsley, garlic powder, chicken broth, snow peas, scallion, salt and pepper, egg roll wrap",continue,15,"['oil,t,c,s,p,in,de,wonton,re,l,d,nt,e,ton,o,g,r,won']"
77805,wor wonton soup,"ground pork, cooked shrimp, shrimp, pork chop, chicken breast, sliced mushrooms, sliced water chestnuts, gingerroot, egg, hard-boiled eggs, sherry wine, soy sauce, sesame oil, flat-leaf italian parsley, garlic powder, chicken broth, snow peas, scallion, salt and pepper, egg roll wrap",cooking,4,"['cook,t,c,cooking,min,s,in,nt,e,nut,o,g']"
77805,wor wonton soup,"ground pork, cooked shrimp, shrimp, pork chop, chicken breast, sliced mushrooms, sliced water chestnuts, gingerroot, egg, hard-boiled eggs, sherry wine, soy sauce, sesame oil, flat-leaf italian parsley, garlic powder, chicken broth, snow peas, scallion, salt and pepper, egg roll wrap",chopped,5,"['chop,shrimp,cook,t,c,s,p,hr,ad,d,e,o,rim,r']"
77805,wor wonton soup,"ground pork, cooked shrimp, shrimp, pork chop, chicken breast, sliced mushrooms, sliced water chestnuts, gingerroot, egg, hard-boiled eggs, sherry wine, soy sauce, sesame oil, flat-leaf italian parsley, garlic powder, chicken broth, snow peas, scallion, salt and pepper, egg roll wrap",remove,6,"['t,c,heat,mix,s,f,re,l,d,light,e,o,y,g,v,r']"
77805,wor wonton soup,"ground pork, cooked shrimp, shrimp, pork chop, chicken breast, sliced mushrooms, sliced water chestnuts, gingerroot, egg, hard-boiled eggs, sherry wine, soy sauce, sesame oil, flat-leaf italian parsley, garlic powder, chicken broth, snow peas, scallion, salt and pepper, egg roll wrap",mix,6,"['t,c,heat,mix,s,f,re,l,d,light,e,o,y,g,v,r']"
77805,wor wonton soup,"ground pork, cooked shrimp, shrimp, pork chop, chicken breast, sliced mushrooms, sliced water chestnuts, gingerroot, egg, hard-boiled eggs, sherry wine, soy sauce, sesame oil, flat-leaf italian parsley, garlic powder, chicken broth, snow peas, scallion, salt and pepper, egg roll wrap",allow,6,"['t,c,heat,mix,s,f,re,l,d,light,e,o,y,g,v,r']"
77805,wor wonton soup,"ground pork, cooked shrimp, shrimp, pork chop, chicken breast, sliced mushrooms, sliced water chestnuts, gingerroot, egg, hard-boiled eggs, sherry wine, soy sauce, sesame oil, flat-leaf italian parsley, garlic powder, chicken broth, snow peas, scallion, salt and pepper, egg roll wrap",cool,6,"['t,c,heat,mix,s,f,re,l,d,light,e,o,y,g,v,r']"
77805,wor wonton soup,"ground pork, cooked shrimp, shrimp, pork chop, chicken breast, sliced mushrooms, sliced water chestnuts, gingerroot, egg, hard-boiled eggs, sherry wine, soy sauce, sesame oil, flat-leaf italian parsley, garlic powder, chicken broth, snow peas, scallion, salt and pepper, egg roll wrap",place,8,"['water,sea,t,c,s,p,in,wonton,f,l,b,nt,e,ton,o,g,r,won']"
77805,wor wonton soup,"ground pork, cooked shrimp, shrimp, pork chop, chicken breast, sliced mushrooms, sliced water chestnuts, gingerroot, egg, hard-boiled eggs, sherry wine, soy sauce, sesame oil, flat-leaf italian parsley, garlic powder, chicken broth, snow peas, scallion, salt and pepper, egg roll wrap",place,9,"['t,table,c,s,p,in,wrapper,f,re,l,b,nt,e,wrap,o,g,r']"
77805,wor wonton soup,"ground pork, cooked shrimp, shrimp, pork chop, chicken breast, sliced mushrooms, sliced water chestnuts, gingerroot, egg, hard-boiled eggs, sherry wine, soy sauce, sesame oil, flat-leaf italian parsley, garlic powder, chicken broth, snow peas, scallion, salt and pepper, egg roll wrap",place,17,"['oil,chicken,sesame,broth,pot,t,table,c,boil,s,p,in,f,chick,l,d,light,b,nt,e,ring,o,g,sesam,r']"
77805,wor wonton soup,"ground pork, cooked shrimp, shrimp, pork chop, chicken breast, sliced mushrooms, sliced water chestnuts, gingerroot, egg, hard-boiled eggs, sherry wine, soy sauce, sesame oil, flat-leaf italian parsley, garlic powder, chicken broth, snow peas, scallion, salt and pepper, egg roll wrap",use,8,"['water,sea,t,c,s,p,in,wonton,f,l,b,nt,e,ton,o,g,r,won']"
77805,wor wonton soup,"ground pork, cooked shrimp, shrimp, pork chop, chicken breast, sliced mushrooms, sliced water chestnuts, gingerroot, egg, hard-boiled eggs, sherry wine, soy sauce, sesame oil, flat-leaf italian parsley, garlic powder, chicken broth, snow peas, scallion, salt and pepper, egg roll wrap",sealing,8,"['water,sea,t,c,s,p,in,wonton,f,l,b,nt,e,ton,o,g,r,won']"
77805,wor wonton soup,"ground pork, cooked shrimp, shrimp, pork chop, chicken breast, sliced mushrooms, sliced water chestnuts, gingerroot, egg, hard-boiled eggs, sherry wine, soy sauce, sesame oil, flat-leaf italian parsley, garlic powder, chicken broth, snow peas, scallion, salt and pepper, egg roll wrap",moisten,10,"['water,corn,sea,t,c,s,p,in,wrapper,f,press,re,l,d,e,wrap,edge,o,y,g,v,firm,r']"
77805,wor wonton soup,"ground pork, cooked shrimp, shrimp, pork chop, chicken breast, sliced mushrooms, sliced water chestnuts, gingerroot, egg, hard-boiled eggs, sherry wine, soy sauce, sesame oil, flat-leaf italian parsley, garlic powder, chicken broth, snow peas, scallion, salt and pepper, egg roll wrap",moisten,13,"['water,corn,sea,t,c,s,p,in,round,pin,f,l,d,nt,e,wrap,o,y,g,part,r']"
77805,wor wonton soup,"ground pork, cooked shrimp, shrimp, pork chop, chicken breast, sliced mushrooms, sliced water chestnuts, gingerroot, egg, hard-boiled eggs, sherry wine, soy sauce, sesame oil, flat-leaf italian parsley, garlic powder, chicken broth, snow peas, scallion, salt and pepper, egg roll wrap",fold,10,"['water,corn,sea,t,c,s,p,in,wrapper,f,press,re,l,d,e,wrap,edge,o,y,g,v,firm,r']"
77805,wor wonton soup,"ground pork, cooked shrimp, shrimp, pork chop, chicken breast, sliced mushrooms, sliced water chestnuts, gingerroot, egg, hard-boiled eggs, sherry wine, soy sauce, sesame oil, flat-leaf italian parsley, garlic powder, chicken broth, snow peas, scallion, salt and pepper, egg roll wrap",press,10,"['water,corn,sea,t,c,s,p,in,wrapper,f,press,re,l,d,e,wrap,edge,o,y,g,v,firm,r']"
77805,wor wonton soup,"ground pork, cooked shrimp, shrimp, pork chop, chicken breast, sliced mushrooms, sliced water chestnuts, gingerroot, egg, hard-boiled eggs, sherry wine, soy sauce, sesame oil, flat-leaf italian parsley, garlic powder, chicken broth, snow peas, scallion, salt and pepper, egg roll wrap",seal,10,"['water,corn,sea,t,c,s,p,in,wrapper,f,press,re,l,d,e,wrap,edge,o,y,g,v,firm,r']"
77805,wor wonton soup,"ground pork, cooked shrimp, shrimp, pork chop, chicken breast, sliced mushrooms, sliced water chestnuts, gingerroot, egg, hard-boiled eggs, sherry wine, soy sauce, sesame oil, flat-leaf italian parsley, garlic powder, chicken broth, snow peas, scallion, salt and pepper, egg roll wrap",seal,13,"['water,corn,sea,t,c,s,p,in,round,pin,f,l,d,nt,e,wrap,o,y,g,part,r']"
77805,wor wonton soup,"ground pork, cooked shrimp, shrimp, pork chop, chicken breast, sliced mushrooms, sliced water chestnuts, gingerroot, egg, hard-boiled eggs, sherry wine, soy sauce, sesame oil, flat-leaf italian parsley, garlic powder, chicken broth, snow peas, scallion, salt and pepper, egg roll wrap",look,11,"['t,l,e,o,g,r']"
77805,wor wonton soup,"ground pork, cooked shrimp, shrimp, pork chop, chicken breast, sliced mushrooms, sliced water chestnuts, gingerroot, egg, hard-boiled eggs, sherry wine, soy sauce, sesame oil, flat-leaf italian parsley, garlic powder, chicken broth, snow peas, scallion, salt and pepper, egg roll wrap",hold,12,"['t,wonton,f,l,d,b,nt,e,ton,o,y,won']"
77805,wor wonton soup,"ground pork, cooked shrimp, shrimp, pork chop, chicken breast, sliced mushrooms, sliced water chestnuts, gingerroot, egg, hard-boiled eggs, sherry wine, soy sauce, sesame oil, flat-leaf italian parsley, garlic powder, chicken broth, snow peas, scallion, salt and pepper, egg roll wrap",filled,12,"['t,wonton,f,l,d,b,nt,e,ton,o,y,won']"
77805,wor wonton soup,"ground pork, cooked shrimp, shrimp, pork chop, chicken breast, sliced mushrooms, sliced water chestnuts, gingerroot, egg, hard-boiled eggs, sherry wine, soy sauce, sesame oil, flat-leaf italian parsley, garlic powder, chicken broth, snow peas, scallion, salt and pepper, egg roll wrap",filled,13,"['water,corn,sea,t,c,s,p,in,round,pin,f,l,d,nt,e,wrap,o,y,g,part,r']"
77805,wor wonton soup,"ground pork, cooked shrimp, shrimp, pork chop, chicken breast, sliced mushrooms, sliced water chestnuts, gingerroot, egg, hard-boiled eggs, sherry wine, soy sauce, sesame oil, flat-leaf italian parsley, garlic powder, chicken broth, snow peas, scallion, salt and pepper, egg roll wrap",wrap,13,"['water,corn,sea,t,c,s,p,in,round,pin,f,l,d,nt,e,wrap,o,y,g,part,r']"
77805,wor wonton soup,"ground pork, cooked shrimp, shrimp, pork chop, chicken breast, sliced mushrooms, sliced water chestnuts, gingerroot, egg, hard-boiled eggs, sherry wine, soy sauce, sesame oil, flat-leaf italian parsley, garlic powder, chicken broth, snow peas, scallion, salt and pepper, egg roll wrap",pinch,13,"['water,corn,sea,t,c,s,p,in,round,pin,f,l,d,nt,e,wrap,o,y,g,part,r']"
77805,wor wonton soup,"ground pork, cooked shrimp, shrimp, pork chop, chicken breast, sliced mushrooms, sliced water chestnuts, gingerroot, egg, hard-boiled eggs, sherry wine, soy sauce, sesame oil, flat-leaf italian parsley, garlic powder, chicken broth, snow peas, scallion, salt and pepper, egg roll wrap",resembles,14,"['t,s,in,wonton,f,re,l,d,b,nt,e,ton,o,r,won']"
77805,wor wonton soup,"ground pork, cooked shrimp, shrimp, pork chop, chicken breast, sliced mushrooms, sliced water chestnuts, gingerroot, egg, hard-boiled eggs, sherry wine, soy sauce, sesame oil, flat-leaf italian parsley, garlic powder, chicken broth, snow peas, scallion, salt and pepper, egg roll wrap",set,15,"['oil,t,c,s,p,in,de,wonton,re,l,d,nt,e,ton,o,g,r,won']"
77805,wor wonton soup,"ground pork, cooked shrimp, shrimp, pork chop, chicken breast, sliced mushrooms, sliced water chestnuts, gingerroot, egg, hard-boiled eggs, sherry wine, soy sauce, sesame oil, flat-leaf italian parsley, garlic powder, chicken broth, snow peas, scallion, salt and pepper, egg roll wrap",oiled,15,"['oil,t,c,s,p,in,de,wonton,re,l,d,nt,e,ton,o,g,r,won']"
77805,wor wonton soup,"ground pork, cooked shrimp, shrimp, pork chop, chicken breast, sliced mushrooms, sliced water chestnuts, gingerroot, egg, hard-boiled eggs, sherry wine, soy sauce, sesame oil, flat-leaf italian parsley, garlic powder, chicken broth, snow peas, scallion, salt and pepper, egg roll wrap",remaining,15,"['oil,t,c,s,p,in,de,wonton,re,l,d,nt,e,ton,o,g,r,won']"
77805,wor wonton soup,"ground pork, cooked shrimp, shrimp, pork chop, chicken breast, sliced mushrooms, sliced water chestnuts, gingerroot, egg, hard-boiled eggs, sherry wine, soy sauce, sesame oil, flat-leaf italian parsley, garlic powder, chicken broth, snow peas, scallion, salt and pepper, egg roll wrap",oiling,16,"['oil,t,c,stick,s,p,in,wonton,f,re,l,nt,e,ton,o,g,v,r,won']"
77805,wor wonton soup,"ground pork, cooked shrimp, shrimp, pork chop, chicken breast, sliced mushrooms, sliced water chestnuts, gingerroot, egg, hard-boiled eggs, sherry wine, soy sauce, sesame oil, flat-leaf italian parsley, garlic powder, chicken broth, snow peas, scallion, salt and pepper, egg roll wrap",prevent,16,"['oil,t,c,stick,s,p,in,wonton,f,re,l,nt,e,ton,o,g,v,r,won']"
77805,wor wonton soup,"ground pork, cooked shrimp, shrimp, pork chop, chicken breast, sliced mushrooms, sliced water chestnuts, gingerroot, egg, hard-boiled eggs, sherry wine, soy sauce, sesame oil, flat-leaf italian parsley, garlic powder, chicken broth, snow peas, scallion, salt and pepper, egg roll wrap",sticking,16,"['oil,t,c,stick,s,p,in,wonton,f,re,l,nt,e,ton,o,g,v,r,won']"
77805,wor wonton soup,"ground pork, cooked shrimp, shrimp, pork chop, chicken breast, sliced mushrooms, sliced water chestnuts, gingerroot, egg, hard-boiled eggs, sherry wine, soy sauce, sesame oil, flat-leaf italian parsley, garlic powder, chicken broth, snow peas, scallion, salt and pepper, egg roll wrap",bring,17,"['oil,chicken,sesame,broth,pot,t,table,c,boil,s,p,in,f,chick,l,d,light,b,nt,e,ring,o,g,sesam,r']"
77805,wor wonton soup,"ground pork, cooked shrimp, shrimp, pork chop, chicken breast, sliced mushrooms, sliced water chestnuts, gingerroot, egg, hard-boiled eggs, sherry wine, soy sauce, sesame oil, flat-leaf italian parsley, garlic powder, chicken broth, snow peas, scallion, salt and pepper, egg roll wrap",cook,19,"['cook,t,c,min,oat,s,in,wonton,f,ad,l,d,b,nt,e,ton,nut,o,y,v,r,won']"
77805,wor wonton soup,"ground pork, cooked shrimp, shrimp, pork chop, chicken breast, sliced mushrooms, sliced water chestnuts, gingerroot, egg, hard-boiled eggs, sherry wine, soy sauce, sesame oil, flat-leaf italian parsley, garlic powder, chicken broth, snow peas, scallion, salt and pepper, egg roll wrap",float,19,"['cook,t,c,min,oat,s,in,wonton,f,ad,l,d,b,nt,e,ton,nut,o,y,v,r,won']"
77805,wor wonton soup,"ground pork, cooked shrimp, shrimp, pork chop, chicken breast, sliced mushrooms, sliced water chestnuts, gingerroot, egg, hard-boiled eggs, sherry wine, soy sauce, sesame oil, flat-leaf italian parsley, garlic powder, chicken broth, snow peas, scallion, salt and pepper, egg roll wrap",desired,20,"['t,soup,s,p,in,de,wonton,re,ad,red,l,d,b,nt,e,ton,o,y,g,v,r,won']"
77805,wor wonton soup,"ground pork, cooked shrimp, shrimp, pork chop, chicken breast, sliced mushrooms, sliced water chestnuts, gingerroot, egg, hard-boiled eggs, sherry wine, soy sauce, sesame oil, flat-leaf italian parsley, garlic powder, chicken broth, snow peas, scallion, salt and pepper, egg roll wrap",desired,21,"['oil,egg,chicken,pork,shrimp,cook,t,c,ice,boil,slice,hole,s,p,slices,de,f,-,top,hr,re,chick,red,l,d,b,e,o,y,strips,g,v,rim,r']"
77805,wor wonton soup,"ground pork, cooked shrimp, shrimp, pork chop, chicken breast, sliced mushrooms, sliced water chestnuts, gingerroot, egg, hard-boiled eggs, sherry wine, soy sauce, sesame oil, flat-leaf italian parsley, garlic powder, chicken broth, snow peas, scallion, salt and pepper, egg roll wrap",boiled,21,"['oil,egg,chicken,pork,shrimp,cook,t,c,ice,boil,slice,hole,s,p,slices,de,f,-,top,hr,re,chick,red,l,d,b,e,o,y,strips,g,v,rim,r']"
77805,wor wonton soup,"ground pork, cooked shrimp, shrimp, pork chop, chicken breast, sliced mushrooms, sliced water chestnuts, gingerroot, egg, hard-boiled eggs, sherry wine, soy sauce, sesame oil, flat-leaf italian parsley, garlic powder, chicken broth, snow peas, scallion, salt and pepper, egg roll wrap",garnish,22,"['parsley,leaf,scallions,t,c,ice,scallion,slice,s,p,pie,flat,f,-,top,l,pieces,d,e,o,y,g,v,parsle,r']"
77805,wor wonton soup,"ground pork, cooked shrimp, shrimp, pork chop, chicken breast, sliced mushrooms, sliced water chestnuts, gingerroot, egg, hard-boiled eggs, sherry wine, soy sauce, sesame oil, flat-leaf italian parsley, garlic powder, chicken broth, snow peas, scallion, salt and pepper, egg roll wrap",cut,22,"['parsley,leaf,scallions,t,c,ice,scallion,slice,s,p,pie,flat,f,-,top,l,pieces,d,e,o,y,g,v,parsle,r']"
77805,wor wonton soup,"ground pork, cooked shrimp, shrimp, pork chop, chicken breast, sliced mushrooms, sliced water chestnuts, gingerroot, egg, hard-boiled eggs, sherry wine, soy sauce, sesame oil, flat-leaf italian parsley, garlic powder, chicken broth, snow peas, scallion, salt and pepper, egg roll wrap",serve,22,"['parsley,leaf,scallions,t,c,ice,scallion,slice,s,p,pie,flat,f,-,top,l,pieces,d,e,o,y,g,v,parsle,r']"
