Id,Name,AllIngredients,Verbs,Steps,Ingredient
77936,vietnamese shrimp rolls with cashew dipping sauce,"dried shiitake mushrooms, soy sauce, sugar, rice vermicelli, green onion, rice wine vinegar, salt, pepper, baby shrimp, carrot, fresh cilantro leaves, fresh mint leaves, alfalfa sprout, lettuce, round rice paper sheets, mayonnaise, thai red curry paste, lime juice, water, cashews, creamy peanut butter, fresh lime juice, ginger, red pepper flakes, salt and pepper",prepare,1,{}
77936,vietnamese shrimp rolls with cashew dipping sauce,"dried shiitake mushrooms, soy sauce, sugar, rice vermicelli, green onion, rice wine vinegar, salt, pepper, baby shrimp, carrot, fresh cilantro leaves, fresh mint leaves, alfalfa sprout, lettuce, round rice paper sheets, mayonnaise, thai red curry paste, lime juice, water, cashews, creamy peanut butter, fresh lime juice, ginger, red pepper flakes, salt and pepper",assembling,1,"['t,s,p,in,roll,rolls,f,re,red,l,d,b,nt,e,o,g,ts,r']"
77936,vietnamese shrimp rolls with cashew dipping sauce,"dried shiitake mushrooms, soy sauce, sugar, rice vermicelli, green onion, rice wine vinegar, salt, pepper, baby shrimp, carrot, fresh cilantro leaves, fresh mint leaves, alfalfa sprout, lettuce, round rice paper sheets, mayonnaise, thai red curry paste, lime juice, water, cashews, creamy peanut butter, fresh lime juice, ginger, red pepper flakes, salt and pepper",using,2,"['juice,water,paste,lime,mayonnaise,curry,t,c,ice,mayo,mix,blend,s,p,end,in,de,past,f,re,red,l,d,b,nt,e,o,y,g,r']"
77936,vietnamese shrimp rolls with cashew dipping sauce,"dried shiitake mushrooms, soy sauce, sugar, rice vermicelli, green onion, rice wine vinegar, salt, pepper, baby shrimp, carrot, fresh cilantro leaves, fresh mint leaves, alfalfa sprout, lettuce, round rice paper sheets, mayonnaise, thai red curry paste, lime juice, water, cashews, creamy peanut butter, fresh lime juice, ginger, red pepper flakes, salt and pepper",combine,2,"['juice,water,paste,lime,mayonnaise,curry,t,c,ice,mayo,mix,blend,s,p,end,in,de,past,f,re,red,l,d,b,nt,e,o,y,g,r']"
77936,vietnamese shrimp rolls with cashew dipping sauce,"dried shiitake mushrooms, soy sauce, sugar, rice vermicelli, green onion, rice wine vinegar, salt, pepper, baby shrimp, carrot, fresh cilantro leaves, fresh mint leaves, alfalfa sprout, lettuce, round rice paper sheets, mayonnaise, thai red curry paste, lime juice, water, cashews, creamy peanut butter, fresh lime juice, ginger, red pepper flakes, salt and pepper",combine,21,"['sauce,sugar,oil,water,pan,t,c,boil,heat,s,p,in,au,l,d,b,e,ring,o,g,v,r']"
77936,vietnamese shrimp rolls with cashew dipping sauce,"dried shiitake mushrooms, soy sauce, sugar, rice vermicelli, green onion, rice wine vinegar, salt, pepper, baby shrimp, carrot, fresh cilantro leaves, fresh mint leaves, alfalfa sprout, lettuce, round rice paper sheets, mayonnaise, thai red curry paste, lime juice, water, cashews, creamy peanut butter, fresh lime juice, ginger, red pepper flakes, salt and pepper",mix,2,"['juice,water,paste,lime,mayonnaise,curry,t,c,ice,mayo,mix,blend,s,p,end,in,de,past,f,re,red,l,d,b,nt,e,o,y,g,r']"
77936,vietnamese shrimp rolls with cashew dipping sauce,"dried shiitake mushrooms, soy sauce, sugar, rice vermicelli, green onion, rice wine vinegar, salt, pepper, baby shrimp, carrot, fresh cilantro leaves, fresh mint leaves, alfalfa sprout, lettuce, round rice paper sheets, mayonnaise, thai red curry paste, lime juice, water, cashews, creamy peanut butter, fresh lime juice, ginger, red pepper flakes, salt and pepper",mix,8,"['pepper,salt,onion,vinegar,rice,wine,onions,t,c,ice,mix,s,p,in,vin,de,re,ad,l,d,e,green,vine,o,g,v,r']"
77936,vietnamese shrimp rolls with cashew dipping sauce,"dried shiitake mushrooms, soy sauce, sugar, rice vermicelli, green onion, rice wine vinegar, salt, pepper, baby shrimp, carrot, fresh cilantro leaves, fresh mint leaves, alfalfa sprout, lettuce, round rice paper sheets, mayonnaise, thai red curry paste, lime juice, water, cashews, creamy peanut butter, fresh lime juice, ginger, red pepper flakes, salt and pepper",mix,22,"['t,heat,mix,s,in,f,re,ad,red,l,d,nt,e,o,g,ts,v,r']"
77936,vietnamese shrimp rolls with cashew dipping sauce,"dried shiitake mushrooms, soy sauce, sugar, rice vermicelli, green onion, rice wine vinegar, salt, pepper, baby shrimp, carrot, fresh cilantro leaves, fresh mint leaves, alfalfa sprout, lettuce, round rice paper sheets, mayonnaise, thai red curry paste, lime juice, water, cashews, creamy peanut butter, fresh lime juice, ginger, red pepper flakes, salt and pepper",blended,2,"['juice,water,paste,lime,mayonnaise,curry,t,c,ice,mayo,mix,blend,s,p,end,in,de,past,f,re,red,l,d,b,nt,e,o,y,g,r']"
77936,vietnamese shrimp rolls with cashew dipping sauce,"dried shiitake mushrooms, soy sauce, sugar, rice vermicelli, green onion, rice wine vinegar, salt, pepper, baby shrimp, carrot, fresh cilantro leaves, fresh mint leaves, alfalfa sprout, lettuce, round rice paper sheets, mayonnaise, thai red curry paste, lime juice, water, cashews, creamy peanut butter, fresh lime juice, ginger, red pepper flakes, salt and pepper",needed,2,"['juice,water,paste,lime,mayonnaise,curry,t,c,ice,mayo,mix,blend,s,p,end,in,de,past,f,re,red,l,d,b,nt,e,o,y,g,r']"
77936,vietnamese shrimp rolls with cashew dipping sauce,"dried shiitake mushrooms, soy sauce, sugar, rice vermicelli, green onion, rice wine vinegar, salt, pepper, baby shrimp, carrot, fresh cilantro leaves, fresh mint leaves, alfalfa sprout, lettuce, round rice paper sheets, mayonnaise, thai red curry paste, lime juice, water, cashews, creamy peanut butter, fresh lime juice, ginger, red pepper flakes, salt and pepper",cook,3,"['water,rice,chop,cook,t,c,ice,s,p,in,vermicelli,de,re,l,d,nt,e,o,g,v,r']"
77936,vietnamese shrimp rolls with cashew dipping sauce,"dried shiitake mushrooms, soy sauce, sugar, rice vermicelli, green onion, rice wine vinegar, salt, pepper, baby shrimp, carrot, fresh cilantro leaves, fresh mint leaves, alfalfa sprout, lettuce, round rice paper sheets, mayonnaise, thai red curry paste, lime juice, water, cashews, creamy peanut butter, fresh lime juice, ginger, red pepper flakes, salt and pepper",cook,6,"['mushrooms,mushroom,room,cook,t,c,tender,s,p,end,in,shrooms,de,shiitake,reserve,mu,hr,re,liquid,l,d,nt,e,o,v,r']"
77936,vietnamese shrimp rolls with cashew dipping sauce,"dried shiitake mushrooms, soy sauce, sugar, rice vermicelli, green onion, rice wine vinegar, salt, pepper, baby shrimp, carrot, fresh cilantro leaves, fresh mint leaves, alfalfa sprout, lettuce, round rice paper sheets, mayonnaise, thai red curry paste, lime juice, water, cashews, creamy peanut butter, fresh lime juice, ginger, red pepper flakes, salt and pepper",according,3,"['water,rice,chop,cook,t,c,ice,s,p,in,vermicelli,de,re,l,d,nt,e,o,g,v,r']"
77936,vietnamese shrimp rolls with cashew dipping sauce,"dried shiitake mushrooms, soy sauce, sugar, rice vermicelli, green onion, rice wine vinegar, salt, pepper, baby shrimp, carrot, fresh cilantro leaves, fresh mint leaves, alfalfa sprout, lettuce, round rice paper sheets, mayonnaise, thai red curry paste, lime juice, water, cashews, creamy peanut butter, fresh lime juice, ginger, red pepper flakes, salt and pepper",according,23,"['pepper,flakes,t,c,s,p,in,f,mu,re,ad,red,l,flake,d,e,o,y,g,r']"
77936,vietnamese shrimp rolls with cashew dipping sauce,"dried shiitake mushrooms, soy sauce, sugar, rice vermicelli, green onion, rice wine vinegar, salt, pepper, baby shrimp, carrot, fresh cilantro leaves, fresh mint leaves, alfalfa sprout, lettuce, round rice paper sheets, mayonnaise, thai red curry paste, lime juice, water, cashews, creamy peanut butter, fresh lime juice, ginger, red pepper flakes, salt and pepper",rinse,3,"['water,rice,chop,cook,t,c,ice,s,p,in,vermicelli,de,re,l,d,nt,e,o,g,v,r']"
77936,vietnamese shrimp rolls with cashew dipping sauce,"dried shiitake mushrooms, soy sauce, sugar, rice vermicelli, green onion, rice wine vinegar, salt, pepper, baby shrimp, carrot, fresh cilantro leaves, fresh mint leaves, alfalfa sprout, lettuce, round rice paper sheets, mayonnaise, thai red curry paste, lime juice, water, cashews, creamy peanut butter, fresh lime juice, ginger, red pepper flakes, salt and pepper",drain,3,"['water,rice,chop,cook,t,c,ice,s,p,in,vermicelli,de,re,l,d,nt,e,o,g,v,r']"
77936,vietnamese shrimp rolls with cashew dipping sauce,"dried shiitake mushrooms, soy sauce, sugar, rice vermicelli, green onion, rice wine vinegar, salt, pepper, baby shrimp, carrot, fresh cilantro leaves, fresh mint leaves, alfalfa sprout, lettuce, round rice paper sheets, mayonnaise, thai red curry paste, lime juice, water, cashews, creamy peanut butter, fresh lime juice, ginger, red pepper flakes, salt and pepper",drain,4,"['water,mushrooms,mushroom,room,t,c,min,s,p,in,shrooms,vin,shiitake,f,mu,hr,re,liquid,l,warm,d,nt,e,nut,o,g,v,r']"
77936,vietnamese shrimp rolls with cashew dipping sauce,"dried shiitake mushrooms, soy sauce, sugar, rice vermicelli, green onion, rice wine vinegar, salt, pepper, baby shrimp, carrot, fresh cilantro leaves, fresh mint leaves, alfalfa sprout, lettuce, round rice paper sheets, mayonnaise, thai red curry paste, lime juice, water, cashews, creamy peanut butter, fresh lime juice, ginger, red pepper flakes, salt and pepper",drain,12,"['t,c,s,p,in,paper,wrapper,l,d,b,e,wrap,wrappers,o,y,g,v,r']"
77936,vietnamese shrimp rolls with cashew dipping sauce,"dried shiitake mushrooms, soy sauce, sugar, rice vermicelli, green onion, rice wine vinegar, salt, pepper, baby shrimp, carrot, fresh cilantro leaves, fresh mint leaves, alfalfa sprout, lettuce, round rice paper sheets, mayonnaise, thai red curry paste, lime juice, water, cashews, creamy peanut butter, fresh lime juice, ginger, red pepper flakes, salt and pepper",chop,3,"['water,rice,chop,cook,t,c,ice,s,p,in,vermicelli,de,re,l,d,nt,e,o,g,v,r']"
77936,vietnamese shrimp rolls with cashew dipping sauce,"dried shiitake mushrooms, soy sauce, sugar, rice vermicelli, green onion, rice wine vinegar, salt, pepper, baby shrimp, carrot, fresh cilantro leaves, fresh mint leaves, alfalfa sprout, lettuce, round rice paper sheets, mayonnaise, thai red curry paste, lime juice, water, cashews, creamy peanut butter, fresh lime juice, ginger, red pepper flakes, salt and pepper",chop,20,"['sauce,chop,nuts,cook,t,c,s,p,in,sheet,pin,de,oven,cashew,dip,f,au,-,re,l,d,ash,nt,e,gold,nut,o,y,g,ts,v,r']"
77936,vietnamese shrimp rolls with cashew dipping sauce,"dried shiitake mushrooms, soy sauce, sugar, rice vermicelli, green onion, rice wine vinegar, salt, pepper, baby shrimp, carrot, fresh cilantro leaves, fresh mint leaves, alfalfa sprout, lettuce, round rice paper sheets, mayonnaise, thai red curry paste, lime juice, water, cashews, creamy peanut butter, fresh lime juice, ginger, red pepper flakes, salt and pepper",soak,4,"['water,mushrooms,mushroom,room,t,c,min,s,p,in,shrooms,vin,shiitake,f,mu,hr,re,liquid,l,warm,d,nt,e,nut,o,g,v,r']"
77936,vietnamese shrimp rolls with cashew dipping sauce,"dried shiitake mushrooms, soy sauce, sugar, rice vermicelli, green onion, rice wine vinegar, salt, pepper, baby shrimp, carrot, fresh cilantro leaves, fresh mint leaves, alfalfa sprout, lettuce, round rice paper sheets, mayonnaise, thai red curry paste, lime juice, water, cashews, creamy peanut butter, fresh lime juice, ginger, red pepper flakes, salt and pepper",dried,4,"['water,mushrooms,mushroom,room,t,c,min,s,p,in,shrooms,vin,shiitake,f,mu,hr,re,liquid,l,warm,d,nt,e,nut,o,g,v,r']"
77936,vietnamese shrimp rolls with cashew dipping sauce,"dried shiitake mushrooms, soy sauce, sugar, rice vermicelli, green onion, rice wine vinegar, salt, pepper, baby shrimp, carrot, fresh cilantro leaves, fresh mint leaves, alfalfa sprout, lettuce, round rice paper sheets, mayonnaise, thai red curry paste, lime juice, water, cashews, creamy peanut butter, fresh lime juice, ginger, red pepper flakes, salt and pepper",dried,23,"['pepper,flakes,t,c,s,p,in,f,mu,re,ad,red,l,flake,d,e,o,y,g,r']"
77936,vietnamese shrimp rolls with cashew dipping sauce,"dried shiitake mushrooms, soy sauce, sugar, rice vermicelli, green onion, rice wine vinegar, salt, pepper, baby shrimp, carrot, fresh cilantro leaves, fresh mint leaves, alfalfa sprout, lettuce, round rice paper sheets, mayonnaise, thai red curry paste, lime juice, water, cashews, creamy peanut butter, fresh lime juice, ginger, red pepper flakes, salt and pepper",reconstituted,4,"['water,mushrooms,mushroom,room,t,c,min,s,p,in,shrooms,vin,shiitake,f,mu,hr,re,liquid,l,warm,d,nt,e,nut,o,g,v,r']"
77936,vietnamese shrimp rolls with cashew dipping sauce,"dried shiitake mushrooms, soy sauce, sugar, rice vermicelli, green onion, rice wine vinegar, salt, pepper, baby shrimp, carrot, fresh cilantro leaves, fresh mint leaves, alfalfa sprout, lettuce, round rice paper sheets, mayonnaise, thai red curry paste, lime juice, water, cashews, creamy peanut butter, fresh lime juice, ginger, red pepper flakes, salt and pepper",soaking,4,"['water,mushrooms,mushroom,room,t,c,min,s,p,in,shrooms,vin,shiitake,f,mu,hr,re,liquid,l,warm,d,nt,e,nut,o,g,v,r']"
77936,vietnamese shrimp rolls with cashew dipping sauce,"dried shiitake mushrooms, soy sauce, sugar, rice vermicelli, green onion, rice wine vinegar, salt, pepper, baby shrimp, carrot, fresh cilantro leaves, fresh mint leaves, alfalfa sprout, lettuce, round rice paper sheets, mayonnaise, thai red curry paste, lime juice, water, cashews, creamy peanut butter, fresh lime juice, ginger, red pepper flakes, salt and pepper",remove,5,"['t,c,ice,slice,s,p,in,f,re,l,d,e,o,y,v,caps,cap,r']"
77936,vietnamese shrimp rolls with cashew dipping sauce,"dried shiitake mushrooms, soy sauce, sugar, rice vermicelli, green onion, rice wine vinegar, salt, pepper, baby shrimp, carrot, fresh cilantro leaves, fresh mint leaves, alfalfa sprout, lettuce, round rice paper sheets, mayonnaise, thai red curry paste, lime juice, water, cashews, creamy peanut butter, fresh lime juice, ginger, red pepper flakes, salt and pepper",remove,22,"['t,heat,mix,s,in,f,re,ad,red,l,d,nt,e,o,g,ts,v,r']"
77936,vietnamese shrimp rolls with cashew dipping sauce,"dried shiitake mushrooms, soy sauce, sugar, rice vermicelli, green onion, rice wine vinegar, salt, pepper, baby shrimp, carrot, fresh cilantro leaves, fresh mint leaves, alfalfa sprout, lettuce, round rice paper sheets, mayonnaise, thai red curry paste, lime juice, water, cashews, creamy peanut butter, fresh lime juice, ginger, red pepper flakes, salt and pepper",dispense,5,"['t,c,ice,slice,s,p,in,f,re,l,d,e,o,y,v,caps,cap,r']"
77936,vietnamese shrimp rolls with cashew dipping sauce,"dried shiitake mushrooms, soy sauce, sugar, rice vermicelli, green onion, rice wine vinegar, salt, pepper, baby shrimp, carrot, fresh cilantro leaves, fresh mint leaves, alfalfa sprout, lettuce, round rice paper sheets, mayonnaise, thai red curry paste, lime juice, water, cashews, creamy peanut butter, fresh lime juice, ginger, red pepper flakes, salt and pepper",are,6,"['mushrooms,mushroom,room,cook,t,c,tender,s,p,end,in,shrooms,de,shiitake,reserve,mu,hr,re,liquid,l,d,nt,e,o,v,r']"
77936,vietnamese shrimp rolls with cashew dipping sauce,"dried shiitake mushrooms, soy sauce, sugar, rice vermicelli, green onion, rice wine vinegar, salt, pepper, baby shrimp, carrot, fresh cilantro leaves, fresh mint leaves, alfalfa sprout, lettuce, round rice paper sheets, mayonnaise, thai red curry paste, lime juice, water, cashews, creamy peanut butter, fresh lime juice, ginger, red pepper flakes, salt and pepper",evaporates,6,"['mushrooms,mushroom,room,cook,t,c,tender,s,p,end,in,shrooms,de,shiitake,reserve,mu,hr,re,liquid,l,d,nt,e,o,v,r']"
77936,vietnamese shrimp rolls with cashew dipping sauce,"dried shiitake mushrooms, soy sauce, sugar, rice vermicelli, green onion, rice wine vinegar, salt, pepper, baby shrimp, carrot, fresh cilantro leaves, fresh mint leaves, alfalfa sprout, lettuce, round rice paper sheets, mayonnaise, thai red curry paste, lime juice, water, cashews, creamy peanut butter, fresh lime juice, ginger, red pepper flakes, salt and pepper",set,7,"['soy,sauce,sugar,mushrooms,mushroom,room,season,sea,t,c,s,shrooms,de,au,mu,hr,l,d,e,o,y,g,r']"
77936,vietnamese shrimp rolls with cashew dipping sauce,"dried shiitake mushrooms, soy sauce, sugar, rice vermicelli, green onion, rice wine vinegar, salt, pepper, baby shrimp, carrot, fresh cilantro leaves, fresh mint leaves, alfalfa sprout, lettuce, round rice paper sheets, mayonnaise, thai red curry paste, lime juice, water, cashews, creamy peanut butter, fresh lime juice, ginger, red pepper flakes, salt and pepper",set,8,"['pepper,salt,onion,vinegar,rice,wine,onions,t,c,ice,mix,s,p,in,vin,de,re,ad,l,d,e,green,vine,o,g,v,r']"
77936,vietnamese shrimp rolls with cashew dipping sauce,"dried shiitake mushrooms, soy sauce, sugar, rice vermicelli, green onion, rice wine vinegar, salt, pepper, baby shrimp, carrot, fresh cilantro leaves, fresh mint leaves, alfalfa sprout, lettuce, round rice paper sheets, mayonnaise, thai red curry paste, lime juice, water, cashews, creamy peanut butter, fresh lime juice, ginger, red pepper flakes, salt and pepper",let,7,"['soy,sauce,sugar,mushrooms,mushroom,room,season,sea,t,c,s,shrooms,de,au,mu,hr,l,d,e,o,y,g,r']"
77936,vietnamese shrimp rolls with cashew dipping sauce,"dried shiitake mushrooms, soy sauce, sugar, rice vermicelli, green onion, rice wine vinegar, salt, pepper, baby shrimp, carrot, fresh cilantro leaves, fresh mint leaves, alfalfa sprout, lettuce, round rice paper sheets, mayonnaise, thai red curry paste, lime juice, water, cashews, creamy peanut butter, fresh lime juice, ginger, red pepper flakes, salt and pepper",add,8,"['pepper,salt,onion,vinegar,rice,wine,onions,t,c,ice,mix,s,p,in,vin,de,re,ad,l,d,e,green,vine,o,g,v,r']"
77936,vietnamese shrimp rolls with cashew dipping sauce,"dried shiitake mushrooms, soy sauce, sugar, rice vermicelli, green onion, rice wine vinegar, salt, pepper, baby shrimp, carrot, fresh cilantro leaves, fresh mint leaves, alfalfa sprout, lettuce, round rice paper sheets, mayonnaise, thai red curry paste, lime juice, water, cashews, creamy peanut butter, fresh lime juice, ginger, red pepper flakes, salt and pepper",add,22,"['t,heat,mix,s,in,f,re,ad,red,l,d,nt,e,o,g,ts,v,r']"
77936,vietnamese shrimp rolls with cashew dipping sauce,"dried shiitake mushrooms, soy sauce, sugar, rice vermicelli, green onion, rice wine vinegar, salt, pepper, baby shrimp, carrot, fresh cilantro leaves, fresh mint leaves, alfalfa sprout, lettuce, round rice paper sheets, mayonnaise, thai red curry paste, lime juice, water, cashews, creamy peanut butter, fresh lime juice, ginger, red pepper flakes, salt and pepper",add,23,"['pepper,flakes,t,c,s,p,in,f,mu,re,ad,red,l,flake,d,e,o,y,g,r']"
77936,vietnamese shrimp rolls with cashew dipping sauce,"dried shiitake mushrooms, soy sauce, sugar, rice vermicelli, green onion, rice wine vinegar, salt, pepper, baby shrimp, carrot, fresh cilantro leaves, fresh mint leaves, alfalfa sprout, lettuce, round rice paper sheets, mayonnaise, thai red curry paste, lime juice, water, cashews, creamy peanut butter, fresh lime juice, ginger, red pepper flakes, salt and pepper",taste,8,"['pepper,salt,onion,vinegar,rice,wine,onions,t,c,ice,mix,s,p,in,vin,de,re,ad,l,d,e,green,vine,o,g,v,r']"
77936,vietnamese shrimp rolls with cashew dipping sauce,"dried shiitake mushrooms, soy sauce, sugar, rice vermicelli, green onion, rice wine vinegar, salt, pepper, baby shrimp, carrot, fresh cilantro leaves, fresh mint leaves, alfalfa sprout, lettuce, round rice paper sheets, mayonnaise, thai red curry paste, lime juice, water, cashews, creamy peanut butter, fresh lime juice, ginger, red pepper flakes, salt and pepper",place,9,"['cilantro,sprouts,carrot,shrimp,mint,lettuce,t,c,min,s,p,in,de,f,hr,re,red,l,d,nt,e,alfalfa,o,y,g,ts,sprout,rim,r']"
77936,vietnamese shrimp rolls with cashew dipping sauce,"dried shiitake mushrooms, soy sauce, sugar, rice vermicelli, green onion, rice wine vinegar, salt, pepper, baby shrimp, carrot, fresh cilantro leaves, fresh mint leaves, alfalfa sprout, lettuce, round rice paper sheets, mayonnaise, thai red curry paste, lime juice, water, cashews, creamy peanut butter, fresh lime juice, ginger, red pepper flakes, salt and pepper",including,9,"['cilantro,sprouts,carrot,shrimp,mint,lettuce,t,c,min,s,p,in,de,f,hr,re,red,l,d,nt,e,alfalfa,o,y,g,ts,sprout,rim,r']"
77936,vietnamese shrimp rolls with cashew dipping sauce,"dried shiitake mushrooms, soy sauce, sugar, rice vermicelli, green onion, rice wine vinegar, salt, pepper, baby shrimp, carrot, fresh cilantro leaves, fresh mint leaves, alfalfa sprout, lettuce, round rice paper sheets, mayonnaise, thai red curry paste, lime juice, water, cashews, creamy peanut butter, fresh lime juice, ginger, red pepper flakes, salt and pepper",shredded,9,"['cilantro,sprouts,carrot,shrimp,mint,lettuce,t,c,min,s,p,in,de,f,hr,re,red,l,d,nt,e,alfalfa,o,y,g,ts,sprout,rim,r']"
77936,vietnamese shrimp rolls with cashew dipping sauce,"dried shiitake mushrooms, soy sauce, sugar, rice vermicelli, green onion, rice wine vinegar, salt, pepper, baby shrimp, carrot, fresh cilantro leaves, fresh mint leaves, alfalfa sprout, lettuce, round rice paper sheets, mayonnaise, thai red curry paste, lime juice, water, cashews, creamy peanut butter, fresh lime juice, ginger, red pepper flakes, salt and pepper",fill,10,"['water,t,c,s,dish,f,l,warm,d,e,o,r']"
77936,vietnamese shrimp rolls with cashew dipping sauce,"dried shiitake mushrooms, soy sauce, sugar, rice vermicelli, green onion, rice wine vinegar, salt, pepper, baby shrimp, carrot, fresh cilantro leaves, fresh mint leaves, alfalfa sprout, lettuce, round rice paper sheets, mayonnaise, thai red curry paste, lime juice, water, cashews, creamy peanut butter, fresh lime juice, ginger, red pepper flakes, salt and pepper",immerse,11,"['water,rice,t,c,ice,s,p,in,wrapper,f,l,b,nt,e,wrap,wrappers,o,r']"
77936,vietnamese shrimp rolls with cashew dipping sauce,"dried shiitake mushrooms, soy sauce, sugar, rice vermicelli, green onion, rice wine vinegar, salt, pepper, baby shrimp, carrot, fresh cilantro leaves, fresh mint leaves, alfalfa sprout, lettuce, round rice paper sheets, mayonnaise, thai red curry paste, lime juice, water, cashews, creamy peanut butter, fresh lime juice, ginger, red pepper flakes, salt and pepper",arrange,12,"['t,c,s,p,in,paper,wrapper,l,d,b,e,wrap,wrappers,o,y,g,v,r']"
77936,vietnamese shrimp rolls with cashew dipping sauce,"dried shiitake mushrooms, soy sauce, sugar, rice vermicelli, green onion, rice wine vinegar, salt, pepper, baby shrimp, carrot, fresh cilantro leaves, fresh mint leaves, alfalfa sprout, lettuce, round rice paper sheets, mayonnaise, thai red curry paste, lime juice, water, cashews, creamy peanut butter, fresh lime juice, ginger, red pepper flakes, salt and pepper",keep,12,"['t,c,s,p,in,paper,wrapper,l,d,b,e,wrap,wrappers,o,y,g,v,r']"
77936,vietnamese shrimp rolls with cashew dipping sauce,"dried shiitake mushrooms, soy sauce, sugar, rice vermicelli, green onion, rice wine vinegar, salt, pepper, baby shrimp, carrot, fresh cilantro leaves, fresh mint leaves, alfalfa sprout, lettuce, round rice paper sheets, mayonnaise, thai red curry paste, lime juice, water, cashews, creamy peanut butter, fresh lime juice, ginger, red pepper flakes, salt and pepper",placing,12,"['t,c,s,p,in,paper,wrapper,l,d,b,e,wrap,wrappers,o,y,g,v,r']"
77936,vietnamese shrimp rolls with cashew dipping sauce,"dried shiitake mushrooms, soy sauce, sugar, rice vermicelli, green onion, rice wine vinegar, salt, pepper, baby shrimp, carrot, fresh cilantro leaves, fresh mint leaves, alfalfa sprout, lettuce, round rice paper sheets, mayonnaise, thai red curry paste, lime juice, water, cashews, creamy peanut butter, fresh lime juice, ginger, red pepper flakes, salt and pepper",working,13,"['read,rice,mayonnaise,curry,t,c,ice,mayo,mix,s,p,in,wrapper,f,one,re,ad,red,l,d,e,wrap,o,y,g,v,r']"
77936,vietnamese shrimp rolls with cashew dipping sauce,"dried shiitake mushrooms, soy sauce, sugar, rice vermicelli, green onion, rice wine vinegar, salt, pepper, baby shrimp, carrot, fresh cilantro leaves, fresh mint leaves, alfalfa sprout, lettuce, round rice paper sheets, mayonnaise, thai red curry paste, lime juice, water, cashews, creamy peanut butter, fresh lime juice, ginger, red pepper flakes, salt and pepper",spread,13,"['read,rice,mayonnaise,curry,t,c,ice,mayo,mix,s,p,in,wrapper,f,one,re,ad,red,l,d,e,wrap,o,y,g,v,r']"
77936,vietnamese shrimp rolls with cashew dipping sauce,"dried shiitake mushrooms, soy sauce, sugar, rice vermicelli, green onion, rice wine vinegar, salt, pepper, baby shrimp, carrot, fresh cilantro leaves, fresh mint leaves, alfalfa sprout, lettuce, round rice paper sheets, mayonnaise, thai red curry paste, lime juice, water, cashews, creamy peanut butter, fresh lime juice, ginger, red pepper flakes, salt and pepper",roll,15,"['rice,t,c,ice,s,p,in,roll,de,wrapper,f,tel,l,d,b,e,wrap,o,y,g,v,r']"
77936,vietnamese shrimp rolls with cashew dipping sauce,"dried shiitake mushrooms, soy sauce, sugar, rice vermicelli, green onion, rice wine vinegar, salt, pepper, baby shrimp, carrot, fresh cilantro leaves, fresh mint leaves, alfalfa sprout, lettuce, round rice paper sheets, mayonnaise, thai red curry paste, lime juice, water, cashews, creamy peanut butter, fresh lime juice, ginger, red pepper flakes, salt and pepper",fold,15,"['rice,t,c,ice,s,p,in,roll,de,wrapper,f,tel,l,d,b,e,wrap,o,y,g,v,r']"
77936,vietnamese shrimp rolls with cashew dipping sauce,"dried shiitake mushrooms, soy sauce, sugar, rice vermicelli, green onion, rice wine vinegar, salt, pepper, baby shrimp, carrot, fresh cilantro leaves, fresh mint leaves, alfalfa sprout, lettuce, round rice paper sheets, mayonnaise, thai red curry paste, lime juice, water, cashews, creamy peanut butter, fresh lime juice, ginger, red pepper flakes, salt and pepper",enclose,15,"['rice,t,c,ice,s,p,in,roll,de,wrapper,f,tel,l,d,b,e,wrap,o,y,g,v,r']"
77936,vietnamese shrimp rolls with cashew dipping sauce,"dried shiitake mushrooms, soy sauce, sugar, rice vermicelli, green onion, rice wine vinegar, salt, pepper, baby shrimp, carrot, fresh cilantro leaves, fresh mint leaves, alfalfa sprout, lettuce, round rice paper sheets, mayonnaise, thai red curry paste, lime juice, water, cashews, creamy peanut butter, fresh lime juice, ginger, red pepper flakes, salt and pepper",continue,16,"['t,c,p,in,roll,wrapper,f,tel,l,d,nt,e,wrap,o,y,g,v,r']"
77936,vietnamese shrimp rolls with cashew dipping sauce,"dried shiitake mushrooms, soy sauce, sugar, rice vermicelli, green onion, rice wine vinegar, salt, pepper, baby shrimp, carrot, fresh cilantro leaves, fresh mint leaves, alfalfa sprout, lettuce, round rice paper sheets, mayonnaise, thai red curry paste, lime juice, water, cashews, creamy peanut butter, fresh lime juice, ginger, red pepper flakes, salt and pepper",folding,16,"['t,c,p,in,roll,wrapper,f,tel,l,d,nt,e,wrap,o,y,g,v,r']"
77936,vietnamese shrimp rolls with cashew dipping sauce,"dried shiitake mushrooms, soy sauce, sugar, rice vermicelli, green onion, rice wine vinegar, salt, pepper, baby shrimp, carrot, fresh cilantro leaves, fresh mint leaves, alfalfa sprout, lettuce, round rice paper sheets, mayonnaise, thai red curry paste, lime juice, water, cashews, creamy peanut butter, fresh lime juice, ginger, red pepper flakes, salt and pepper",rolled,16,"['t,c,p,in,roll,wrapper,f,tel,l,d,nt,e,wrap,o,y,g,v,r']"
77936,vietnamese shrimp rolls with cashew dipping sauce,"dried shiitake mushrooms, soy sauce, sugar, rice vermicelli, green onion, rice wine vinegar, salt, pepper, baby shrimp, carrot, fresh cilantro leaves, fresh mint leaves, alfalfa sprout, lettuce, round rice paper sheets, mayonnaise, thai red curry paste, lime juice, water, cashews, creamy peanut butter, fresh lime juice, ginger, red pepper flakes, salt and pepper",finished,17,"['sea,t,c,min,s,p,in,roll,vin,paper,de,spring,rolls,f,-,re,l,d,b,nt,e,ring,o,y,g,v,r']"
77936,vietnamese shrimp rolls with cashew dipping sauce,"dried shiitake mushrooms, soy sauce, sugar, rice vermicelli, green onion, rice wine vinegar, salt, pepper, baby shrimp, carrot, fresh cilantro leaves, fresh mint leaves, alfalfa sprout, lettuce, round rice paper sheets, mayonnaise, thai red curry paste, lime juice, water, cashews, creamy peanut butter, fresh lime juice, ginger, red pepper flakes, salt and pepper",serving,17,"['sea,t,c,min,s,p,in,roll,vin,paper,de,spring,rolls,f,-,re,l,d,b,nt,e,ring,o,y,g,v,r']"
77936,vietnamese shrimp rolls with cashew dipping sauce,"dried shiitake mushrooms, soy sauce, sugar, rice vermicelli, green onion, rice wine vinegar, salt, pepper, baby shrimp, carrot, fresh cilantro leaves, fresh mint leaves, alfalfa sprout, lettuce, round rice paper sheets, mayonnaise, thai red curry paste, lime juice, water, cashews, creamy peanut butter, fresh lime juice, ginger, red pepper flakes, salt and pepper",cover,17,"['sea,t,c,min,s,p,in,roll,vin,paper,de,spring,rolls,f,-,re,l,d,b,nt,e,ring,o,y,g,v,r']"
77936,vietnamese shrimp rolls with cashew dipping sauce,"dried shiitake mushrooms, soy sauce, sugar, rice vermicelli, green onion, rice wine vinegar, salt, pepper, baby shrimp, carrot, fresh cilantro leaves, fresh mint leaves, alfalfa sprout, lettuce, round rice paper sheets, mayonnaise, thai red curry paste, lime juice, water, cashews, creamy peanut butter, fresh lime juice, ginger, red pepper flakes, salt and pepper",prevent,17,"['sea,t,c,min,s,p,in,roll,vin,paper,de,spring,rolls,f,-,re,l,d,b,nt,e,ring,o,y,g,v,r']"
77936,vietnamese shrimp rolls with cashew dipping sauce,"dried shiitake mushrooms, soy sauce, sugar, rice vermicelli, green onion, rice wine vinegar, salt, pepper, baby shrimp, carrot, fresh cilantro leaves, fresh mint leaves, alfalfa sprout, lettuce, round rice paper sheets, mayonnaise, thai red curry paste, lime juice, water, cashews, creamy peanut butter, fresh lime juice, ginger, red pepper flakes, salt and pepper",becoming,17,"['sea,t,c,min,s,p,in,roll,vin,paper,de,spring,rolls,f,-,re,l,d,b,nt,e,ring,o,y,g,v,r']"
77936,vietnamese shrimp rolls with cashew dipping sauce,"dried shiitake mushrooms, soy sauce, sugar, rice vermicelli, green onion, rice wine vinegar, salt, pepper, baby shrimp, carrot, fresh cilantro leaves, fresh mint leaves, alfalfa sprout, lettuce, round rice paper sheets, mayonnaise, thai red curry paste, lime juice, water, cashews, creamy peanut butter, fresh lime juice, ginger, red pepper flakes, salt and pepper",slice,18,"['t,c,ice,slice,half,s,in,roll,f,l,d,e,o,y,g,v,r']"
77936,vietnamese shrimp rolls with cashew dipping sauce,"dried shiitake mushrooms, soy sauce, sugar, rice vermicelli, green onion, rice wine vinegar, salt, pepper, baby shrimp, carrot, fresh cilantro leaves, fresh mint leaves, alfalfa sprout, lettuce, round rice paper sheets, mayonnaise, thai red curry paste, lime juice, water, cashews, creamy peanut butter, fresh lime juice, ginger, red pepper flakes, salt and pepper",serve,18,"['t,c,ice,slice,half,s,in,roll,f,l,d,e,o,y,g,v,r']"
77936,vietnamese shrimp rolls with cashew dipping sauce,"dried shiitake mushrooms, soy sauce, sugar, rice vermicelli, green onion, rice wine vinegar, salt, pepper, baby shrimp, carrot, fresh cilantro leaves, fresh mint leaves, alfalfa sprout, lettuce, round rice paper sheets, mayonnaise, thai red curry paste, lime juice, water, cashews, creamy peanut butter, fresh lime juice, ginger, red pepper flakes, salt and pepper",serve,19,"['sauce,water,t,c,hoisin,mix,s,p,in,pin,cashew,dip,f,au,re,l,d,ash,e,o,g,v,r']"
77936,vietnamese shrimp rolls with cashew dipping sauce,"dried shiitake mushrooms, soy sauce, sugar, rice vermicelli, green onion, rice wine vinegar, salt, pepper, baby shrimp, carrot, fresh cilantro leaves, fresh mint leaves, alfalfa sprout, lettuce, round rice paper sheets, mayonnaise, thai red curry paste, lime juice, water, cashews, creamy peanut butter, fresh lime juice, ginger, red pepper flakes, salt and pepper",toast,20,"['sauce,chop,nuts,cook,t,c,s,p,in,sheet,pin,de,oven,cashew,dip,f,au,-,re,l,d,ash,nt,e,gold,nut,o,y,g,ts,v,r']"
77936,vietnamese shrimp rolls with cashew dipping sauce,"dried shiitake mushrooms, soy sauce, sugar, rice vermicelli, green onion, rice wine vinegar, salt, pepper, baby shrimp, carrot, fresh cilantro leaves, fresh mint leaves, alfalfa sprout, lettuce, round rice paper sheets, mayonnaise, thai red curry paste, lime juice, water, cashews, creamy peanut butter, fresh lime juice, ginger, red pepper flakes, salt and pepper",bring,21,"['sauce,sugar,oil,water,pan,t,c,boil,heat,s,p,in,au,l,d,b,e,ring,o,g,v,r']"
77936,vietnamese shrimp rolls with cashew dipping sauce,"dried shiitake mushrooms, soy sauce, sugar, rice vermicelli, green onion, rice wine vinegar, salt, pepper, baby shrimp, carrot, fresh cilantro leaves, fresh mint leaves, alfalfa sprout, lettuce, round rice paper sheets, mayonnaise, thai red curry paste, lime juice, water, cashews, creamy peanut butter, fresh lime juice, ginger, red pepper flakes, salt and pepper",stirring,21,"['sauce,sugar,oil,water,pan,t,c,boil,heat,s,p,in,au,l,d,b,e,ring,o,g,v,r']"
