Id,Name,AllIngredients,Verbs,Steps,Ingredient
7801,vegetable korma curry,"butter, curry powder, garam masala, ground cumin, ground nutmeg, cinnamon, onion, garlic, chopped tomatoes, mild chiles, vegetable broth, white potatoes, cauliflower florets, carrots, fresh green beans, fresh cilantro, red bell pepper, coconut milk, smooth cashew butter, plain yogurt, salt, cashews",add,2,"['powder,cinnamon,cumin,nutmeg,garam,masala,cook,curry,t,c,min,s,p,in,de,masa,ad,l,d,e,ring,nut,o,y,g']"
7801,vegetable korma curry,"butter, curry powder, garam masala, ground cumin, ground nutmeg, cinnamon, onion, garlic, chopped tomatoes, mild chiles, vegetable broth, white potatoes, cauliflower florets, carrots, fresh green beans, fresh cilantro, red bell pepper, coconut milk, smooth cashew butter, plain yogurt, salt, cashews",add,5,"['tomatoes,tomato,vegetable,broth,t,table,c,s,chile,in,chiles,veg,re,ad,l,d,b,e,green,ring,o,tomatoe,g,v']"
7801,vegetable korma curry,"butter, curry powder, garam masala, ground cumin, ground nutmeg, cinnamon, onion, garlic, chopped tomatoes, mild chiles, vegetable broth, white potatoes, cauliflower florets, carrots, fresh green beans, fresh cilantro, red bell pepper, coconut milk, smooth cashew butter, plain yogurt, salt, cashews",add,11,"['sauce,vegetable,broth,cook,t,table,c,cooking,base,s,in,de,veg,f,au,re,ad,red,liquid,l,d,b,e,ring,o,g,v']"
7801,vegetable korma curry,"butter, curry powder, garam masala, ground cumin, ground nutmeg, cinnamon, onion, garlic, chopped tomatoes, mild chiles, vegetable broth, white potatoes, cauliflower florets, carrots, fresh green beans, fresh cilantro, red bell pepper, coconut milk, smooth cashew butter, plain yogurt, salt, cashews",allow,2,"['powder,cinnamon,cumin,nutmeg,garam,masala,cook,curry,t,c,min,s,p,in,de,masa,ad,l,d,e,ring,nut,o,y,g']"
7801,vegetable korma curry,"butter, curry powder, garam masala, ground cumin, ground nutmeg, cinnamon, onion, garlic, chopped tomatoes, mild chiles, vegetable broth, white potatoes, cauliflower florets, carrots, fresh green beans, fresh cilantro, red bell pepper, coconut milk, smooth cashew butter, plain yogurt, salt, cashews",cook,2,"['powder,cinnamon,cumin,nutmeg,garam,masala,cook,curry,t,c,min,s,p,in,de,masa,ad,l,d,e,ring,nut,o,y,g']"
7801,vegetable korma curry,"butter, curry powder, garam masala, ground cumin, ground nutmeg, cinnamon, onion, garlic, chopped tomatoes, mild chiles, vegetable broth, white potatoes, cauliflower florets, carrots, fresh green beans, fresh cilantro, red bell pepper, coconut milk, smooth cashew butter, plain yogurt, salt, cashews",cook,7,"['vegetable,cook,t,table,c,min,heat,tender,s,end,in,medium,de,veg,f,-,re,l,d,b,vegetables,nt,e,nut,o,g,v,firm']"
7801,vegetable korma curry,"butter, curry powder, garam masala, ground cumin, ground nutmeg, cinnamon, onion, garlic, chopped tomatoes, mild chiles, vegetable broth, white potatoes, cauliflower florets, carrots, fresh green beans, fresh cilantro, red bell pepper, coconut milk, smooth cashew butter, plain yogurt, salt, cashews",cook,9,"['cook,t,c,min,s,in,e,nut,o']"
7801,vegetable korma curry,"butter, curry powder, garam masala, ground cumin, ground nutmeg, cinnamon, onion, garlic, chopped tomatoes, mild chiles, vegetable broth, white potatoes, cauliflower florets, carrots, fresh green beans, fresh cilantro, red bell pepper, coconut milk, smooth cashew butter, plain yogurt, salt, cashews",stirring,2,"['powder,cinnamon,cumin,nutmeg,garam,masala,cook,curry,t,c,min,s,p,in,de,masa,ad,l,d,e,ring,nut,o,y,g']"
7801,vegetable korma curry,"butter, curry powder, garam masala, ground cumin, ground nutmeg, cinnamon, onion, garlic, chopped tomatoes, mild chiles, vegetable broth, white potatoes, cauliflower florets, carrots, fresh green beans, fresh cilantro, red bell pepper, coconut milk, smooth cashew butter, plain yogurt, salt, cashews",mix,3,"['garlic,onion,c,mix,in,l,d,o,g']"
7801,vegetable korma curry,"butter, curry powder, garam masala, ground cumin, ground nutmeg, cinnamon, onion, garlic, chopped tomatoes, mild chiles, vegetable broth, white potatoes, cauliflower florets, carrots, fresh green beans, fresh cilantro, red bell pepper, coconut milk, smooth cashew butter, plain yogurt, salt, cashews",mix,6,"['cilantro,carrots,beans,bean,carrot,pot,potatoes,t,c,mix,potato,s,p,in,cauliflower,f,au,re,l,d,b,nt,e,green,o,g,ts']"
7801,vegetable korma curry,"butter, curry powder, garam masala, ground cumin, ground nutmeg, cinnamon, onion, garlic, chopped tomatoes, mild chiles, vegetable broth, white potatoes, cauliflower florets, carrots, fresh green beans, fresh cilantro, red bell pepper, coconut milk, smooth cashew butter, plain yogurt, salt, cashews",mix,8,"['pepper,butter,coconut,milk,bell,t,c,ice,slice,mix,s,p,in,cashew,re,red,l,d,ash,b,e,butt,nut,o']"
7801,vegetable korma curry,"butter, curry powder, garam masala, ground cumin, ground nutmeg, cinnamon, onion, garlic, chopped tomatoes, mild chiles, vegetable broth, white potatoes, cauliflower florets, carrots, fresh green beans, fresh cilantro, red bell pepper, coconut milk, smooth cashew butter, plain yogurt, salt, cashews",increase,4,"['onion,t,c,s,p,in,au,re,l,d,nt,e,o']"
7801,vegetable korma curry,"butter, curry powder, garam masala, ground cumin, ground nutmeg, cinnamon, onion, garlic, chopped tomatoes, mild chiles, vegetable broth, white potatoes, cauliflower florets, carrots, fresh green beans, fresh cilantro, red bell pepper, coconut milk, smooth cashew butter, plain yogurt, salt, cashews",is,4,"['onion,t,c,s,p,in,au,re,l,d,nt,e,o']"
7801,vegetable korma curry,"butter, curry powder, garam masala, ground cumin, ground nutmeg, cinnamon, onion, garlic, chopped tomatoes, mild chiles, vegetable broth, white potatoes, cauliflower florets, carrots, fresh green beans, fresh cilantro, red bell pepper, coconut milk, smooth cashew butter, plain yogurt, salt, cashews",bring,5,"['tomatoes,tomato,vegetable,broth,t,table,c,s,chile,in,chiles,veg,re,ad,l,d,b,e,green,ring,o,tomatoe,g,v']"
7801,vegetable korma curry,"butter, curry powder, garam masala, ground cumin, ground nutmeg, cinnamon, onion, garlic, chopped tomatoes, mild chiles, vegetable broth, white potatoes, cauliflower florets, carrots, fresh green beans, fresh cilantro, red bell pepper, coconut milk, smooth cashew butter, plain yogurt, salt, cashews",cover,7,"['vegetable,cook,t,table,c,min,heat,tender,s,end,in,medium,de,veg,f,-,re,l,d,b,vegetables,nt,e,nut,o,g,v,firm']"
7801,vegetable korma curry,"butter, curry powder, garam masala, ground cumin, ground nutmeg, cinnamon, onion, garlic, chopped tomatoes, mild chiles, vegetable broth, white potatoes, cauliflower florets, carrots, fresh green beans, fresh cilantro, red bell pepper, coconut milk, smooth cashew butter, plain yogurt, salt, cashews",are,7,"['vegetable,cook,t,table,c,min,heat,tender,s,end,in,medium,de,veg,f,-,re,l,d,b,vegetables,nt,e,nut,o,g,v,firm']"
7801,vegetable korma curry,"butter, curry powder, garam masala, ground cumin, ground nutmeg, cinnamon, onion, garlic, chopped tomatoes, mild chiles, vegetable broth, white potatoes, cauliflower florets, carrots, fresh green beans, fresh cilantro, red bell pepper, coconut milk, smooth cashew butter, plain yogurt, salt, cashews",firm,7,"['vegetable,cook,t,table,c,min,heat,tender,s,end,in,medium,de,veg,f,-,re,l,d,b,vegetables,nt,e,nut,o,g,v,firm']"
7801,vegetable korma curry,"butter, curry powder, garam masala, ground cumin, ground nutmeg, cinnamon, onion, garlic, chopped tomatoes, mild chiles, vegetable broth, white potatoes, cauliflower florets, carrots, fresh green beans, fresh cilantro, red bell pepper, coconut milk, smooth cashew butter, plain yogurt, salt, cashews",sliced,8,"['pepper,butter,coconut,milk,bell,t,c,ice,slice,mix,s,p,in,cashew,re,red,l,d,ash,b,e,butt,nut,o']"
7801,vegetable korma curry,"butter, curry powder, garam masala, ground cumin, ground nutmeg, cinnamon, onion, garlic, chopped tomatoes, mild chiles, vegetable broth, white potatoes, cauliflower florets, carrots, fresh green beans, fresh cilantro, red bell pepper, coconut milk, smooth cashew butter, plain yogurt, salt, cashews",remove,10,"['salt,season,sea,t,heat,yogurt,s,in,f,re,l,d,e,o,y,g,v']"
7801,vegetable korma curry,"butter, curry powder, garam masala, ground cumin, ground nutmeg, cinnamon, onion, garlic, chopped tomatoes, mild chiles, vegetable broth, white potatoes, cauliflower florets, carrots, fresh green beans, fresh cilantro, red bell pepper, coconut milk, smooth cashew butter, plain yogurt, salt, cashews",stir,10,"['salt,season,sea,t,heat,yogurt,s,in,f,re,l,d,e,o,y,g,v']"
7801,vegetable korma curry,"butter, curry powder, garam masala, ground cumin, ground nutmeg, cinnamon, onion, garlic, chopped tomatoes, mild chiles, vegetable broth, white potatoes, cauliflower florets, carrots, fresh green beans, fresh cilantro, red bell pepper, coconut milk, smooth cashew butter, plain yogurt, salt, cashews",taste,10,"['salt,season,sea,t,heat,yogurt,s,in,f,re,l,d,e,o,y,g,v']"
7801,vegetable korma curry,"butter, curry powder, garam masala, ground cumin, ground nutmeg, cinnamon, onion, garlic, chopped tomatoes, mild chiles, vegetable broth, white potatoes, cauliflower florets, carrots, fresh green beans, fresh cilantro, red bell pepper, coconut milk, smooth cashew butter, plain yogurt, salt, cashews",be,11,"['sauce,vegetable,broth,cook,t,table,c,cooking,base,s,in,de,veg,f,au,re,ad,red,liquid,l,d,b,e,ring,o,g,v']"
7801,vegetable korma curry,"butter, curry powder, garam masala, ground cumin, ground nutmeg, cinnamon, onion, garlic, chopped tomatoes, mild chiles, vegetable broth, white potatoes, cauliflower florets, carrots, fresh green beans, fresh cilantro, red bell pepper, coconut milk, smooth cashew butter, plain yogurt, salt, cashews",form,11,"['sauce,vegetable,broth,cook,t,table,c,cooking,base,s,in,de,veg,f,au,re,ad,red,liquid,l,d,b,e,ring,o,g,v']"
7801,vegetable korma curry,"butter, curry powder, garam masala, ground cumin, ground nutmeg, cinnamon, onion, garlic, chopped tomatoes, mild chiles, vegetable broth, white potatoes, cauliflower florets, carrots, fresh green beans, fresh cilantro, red bell pepper, coconut milk, smooth cashew butter, plain yogurt, salt, cashews",desired,11,"['sauce,vegetable,broth,cook,t,table,c,cooking,base,s,in,de,veg,f,au,re,ad,red,liquid,l,d,b,e,ring,o,g,v']"
7801,vegetable korma curry,"butter, curry powder, garam masala, ground cumin, ground nutmeg, cinnamon, onion, garlic, chopped tomatoes, mild chiles, vegetable broth, white potatoes, cauliflower florets, carrots, fresh green beans, fresh cilantro, red bell pepper, coconut milk, smooth cashew butter, plain yogurt, salt, cashews",serve,12,"['rice,chop,t,c,ice,s,p,cashews,cashew,d,ash,b,e,o,g,v']"
7801,vegetable korma curry,"butter, curry powder, garam masala, ground cumin, ground nutmeg, cinnamon, onion, garlic, chopped tomatoes, mild chiles, vegetable broth, white potatoes, cauliflower florets, carrots, fresh green beans, fresh cilantro, red bell pepper, coconut milk, smooth cashew butter, plain yogurt, salt, cashews",garnish,12,"['rice,chop,t,c,ice,s,p,cashews,cashew,d,ash,b,e,o,g,v']"
7801,vegetable korma curry,"butter, curry powder, garam masala, ground cumin, ground nutmeg, cinnamon, onion, garlic, chopped tomatoes, mild chiles, vegetable broth, white potatoes, cauliflower florets, carrots, fresh green beans, fresh cilantro, red bell pepper, coconut milk, smooth cashew butter, plain yogurt, salt, cashews",chopped,12,"['rice,chop,t,c,ice,s,p,cashews,cashew,d,ash,b,e,o,g,v']"
