Id,Name,AllIngredients,Verbs,Steps,Ingredient
78082,korroke with tonkatsu sauce  japanese potato croquettes with eas,"potato, ground beef, onion, curry powder, salt, pepper, nutmeg, eggs, flour, panko breadcrumbs, peanut oil, cabbage, mustard powder, sake, ketchup, rice wine vinegar, soy sauce, worcestershire sauce, sugar, ground allspice, ground cloves, garlic",boil,1,{}
78082,korroke with tonkatsu sauce  japanese potato croquettes with eas,"potato, ground beef, onion, curry powder, salt, pepper, nutmeg, eggs, flour, panko breadcrumbs, peanut oil, cabbage, mustard powder, sake, ketchup, rice wine vinegar, soy sauce, worcestershire sauce, sugar, ground allspice, ground cloves, garlic",salted,1,"['salt,oil,water,pot,potatoes,t,c,ice,boil,tender,potato,s,p,end,in,dice,de,l,d,b,nt,e']"
78082,korroke with tonkatsu sauce  japanese potato croquettes with eas,"potato, ground beef, onion, curry powder, salt, pepper, nutmeg, eggs, flour, panko breadcrumbs, peanut oil, cabbage, mustard powder, sake, ketchup, rice wine vinegar, soy sauce, worcestershire sauce, sugar, ground allspice, ground cloves, garlic",crumble,2,"['brown,ground,beef,cook,t,rum,c,s,in,round,crumb,f,l,d,b,nt,e,ring']"
78082,korroke with tonkatsu sauce  japanese potato croquettes with eas,"potato, ground beef, onion, curry powder, salt, pepper, nutmeg, eggs, flour, panko breadcrumbs, peanut oil, cabbage, mustard powder, sake, ketchup, rice wine vinegar, soy sauce, worcestershire sauce, sugar, ground allspice, ground cloves, garlic",browning,2,"['brown,ground,beef,cook,t,rum,c,s,in,round,crumb,f,l,d,b,nt,e,ring']"
78082,korroke with tonkatsu sauce  japanese potato croquettes with eas,"potato, ground beef, onion, curry powder, salt, pepper, nutmeg, eggs, flour, panko breadcrumbs, peanut oil, cabbage, mustard powder, sake, ketchup, rice wine vinegar, soy sauce, worcestershire sauce, sugar, ground allspice, ground cloves, garlic",add,3,"['onion,beef,chop,t,c,tender,s,p,end,de,f,au,ad,l,d,b,nt,e']"
78082,korroke with tonkatsu sauce  japanese potato croquettes with eas,"potato, ground beef, onion, curry powder, salt, pepper, nutmeg, eggs, flour, panko breadcrumbs, peanut oil, cabbage, mustard powder, sake, ketchup, rice wine vinegar, soy sauce, worcestershire sauce, sugar, ground allspice, ground cloves, garlic",add,4,"['powder,pepper,salt,onion,nutmeg,curry,t,c,mix,s,p,in,meat,de,f,re,ad,l,d,b,e']"
78082,korroke with tonkatsu sauce  japanese potato croquettes with eas,"potato, ground beef, onion, curry powder, salt, pepper, nutmeg, eggs, flour, panko breadcrumbs, peanut oil, cabbage, mustard powder, sake, ketchup, rice wine vinegar, soy sauce, worcestershire sauce, sugar, ground allspice, ground cloves, garlic",add,8,"['egg,pot,t,mix,potato,blend,p,end,meat,f,re,ad,l,d,b,e']"
78082,korroke with tonkatsu sauce  japanese potato croquettes with eas,"potato, ground beef, onion, curry powder, salt, pepper, nutmeg, eggs, flour, panko breadcrumbs, peanut oil, cabbage, mustard powder, sake, ketchup, rice wine vinegar, soy sauce, worcestershire sauce, sugar, ground allspice, ground cloves, garlic",add,22,"['t,mix,blend,s,end,in,de,re,ad,red,l,d,b,nt,e']"
78082,korroke with tonkatsu sauce  japanese potato croquettes with eas,"potato, ground beef, onion, curry powder, salt, pepper, nutmeg, eggs, flour, panko breadcrumbs, peanut oil, cabbage, mustard powder, sake, ketchup, rice wine vinegar, soy sauce, worcestershire sauce, sugar, ground allspice, ground cloves, garlic",chopped,3,"['onion,beef,chop,t,c,tender,s,p,end,de,f,au,ad,l,d,b,nt,e']"
78082,korroke with tonkatsu sauce  japanese potato croquettes with eas,"potato, ground beef, onion, curry powder, salt, pepper, nutmeg, eggs, flour, panko breadcrumbs, peanut oil, cabbage, mustard powder, sake, ketchup, rice wine vinegar, soy sauce, worcestershire sauce, sugar, ground allspice, ground cloves, garlic",combine,4,"['powder,pepper,salt,onion,nutmeg,curry,t,c,mix,s,p,in,meat,de,f,re,ad,l,d,b,e']"
78082,korroke with tonkatsu sauce  japanese potato croquettes with eas,"potato, ground beef, onion, curry powder, salt, pepper, nutmeg, eggs, flour, panko breadcrumbs, peanut oil, cabbage, mustard powder, sake, ketchup, rice wine vinegar, soy sauce, worcestershire sauce, sugar, ground allspice, ground cloves, garlic",combine,7,"['pot,potatoes,t,c,mix,potato,s,p,in,meat,re,d,ash,b,e']"
78082,korroke with tonkatsu sauce  japanese potato croquettes with eas,"potato, ground beef, onion, curry powder, salt, pepper, nutmeg, eggs, flour, panko breadcrumbs, peanut oil, cabbage, mustard powder, sake, ketchup, rice wine vinegar, soy sauce, worcestershire sauce, sugar, ground allspice, ground cloves, garlic",combine,20,"['sauce,powder,mustard,t,c,star,s,p,must,in,medium,de,tar,f,au,-,mu,l,d,b,e,ton,sake']"
78082,korroke with tonkatsu sauce  japanese potato croquettes with eas,"potato, ground beef, onion, curry powder, salt, pepper, nutmeg, eggs, flour, panko breadcrumbs, peanut oil, cabbage, mustard powder, sake, ketchup, rice wine vinegar, soy sauce, worcestershire sauce, sugar, ground allspice, ground cloves, garlic",grated,4,"['powder,pepper,salt,onion,nutmeg,curry,t,c,mix,s,p,in,meat,de,f,re,ad,l,d,b,e']"
78082,korroke with tonkatsu sauce  japanese potato croquettes with eas,"potato, ground beef, onion, curry powder, salt, pepper, nutmeg, eggs, flour, panko breadcrumbs, peanut oil, cabbage, mustard powder, sake, ketchup, rice wine vinegar, soy sauce, worcestershire sauce, sugar, ground allspice, ground cloves, garlic",curry,4,"['powder,pepper,salt,onion,nutmeg,curry,t,c,mix,s,p,in,meat,de,f,re,ad,l,d,b,e']"
78082,korroke with tonkatsu sauce  japanese potato croquettes with eas,"potato, ground beef, onion, curry powder, salt, pepper, nutmeg, eggs, flour, panko breadcrumbs, peanut oil, cabbage, mustard powder, sake, ketchup, rice wine vinegar, soy sauce, worcestershire sauce, sugar, ground allspice, ground cloves, garlic",cook,5,"['cook,t,c,min,heat,s,in,f,re,e']"
78082,korroke with tonkatsu sauce  japanese potato croquettes with eas,"potato, ground beef, onion, curry powder, salt, pepper, nutmeg, eggs, flour, panko breadcrumbs, peanut oil, cabbage, mustard powder, sake, ketchup, rice wine vinegar, soy sauce, worcestershire sauce, sugar, ground allspice, ground cloves, garlic",remove,5,"['cook,t,c,min,heat,s,in,f,re,e']"
78082,korroke with tonkatsu sauce  japanese potato croquettes with eas,"potato, ground beef, onion, curry powder, salt, pepper, nutmeg, eggs, flour, panko breadcrumbs, peanut oil, cabbage, mustard powder, sake, ketchup, rice wine vinegar, soy sauce, worcestershire sauce, sugar, ground allspice, ground cloves, garlic",drain,6,"['pot,cook,potatoes,t,c,potato,s,p,in,l,d,ash,nt,e']"
78082,korroke with tonkatsu sauce  japanese potato croquettes with eas,"potato, ground beef, onion, curry powder, salt, pepper, nutmeg, eggs, flour, panko breadcrumbs, peanut oil, cabbage, mustard powder, sake, ketchup, rice wine vinegar, soy sauce, worcestershire sauce, sugar, ground allspice, ground cloves, garlic",drain,17,"['t,s,p,in,paper,l,warm,d,e']"
78082,korroke with tonkatsu sauce  japanese potato croquettes with eas,"potato, ground beef, onion, curry powder, salt, pepper, nutmeg, eggs, flour, panko breadcrumbs, peanut oil, cabbage, mustard powder, sake, ketchup, rice wine vinegar, soy sauce, worcestershire sauce, sugar, ground allspice, ground cloves, garlic",cooked,6,"['pot,cook,potatoes,t,c,potato,s,p,in,l,d,ash,nt,e']"
78082,korroke with tonkatsu sauce  japanese potato croquettes with eas,"potato, ground beef, onion, curry powder, salt, pepper, nutmeg, eggs, flour, panko breadcrumbs, peanut oil, cabbage, mustard powder, sake, ketchup, rice wine vinegar, soy sauce, worcestershire sauce, sugar, ground allspice, ground cloves, garlic",smooth,6,"['pot,cook,potatoes,t,c,potato,s,p,in,l,d,ash,nt,e']"
78082,korroke with tonkatsu sauce  japanese potato croquettes with eas,"potato, ground beef, onion, curry powder, salt, pepper, nutmeg, eggs, flour, panko breadcrumbs, peanut oil, cabbage, mustard powder, sake, ketchup, rice wine vinegar, soy sauce, worcestershire sauce, sugar, ground allspice, ground cloves, garlic",beaten,8,"['egg,pot,t,mix,potato,blend,p,end,meat,f,re,ad,l,d,b,e']"
78082,korroke with tonkatsu sauce  japanese potato croquettes with eas,"potato, ground beef, onion, curry powder, salt, pepper, nutmeg, eggs, flour, panko breadcrumbs, peanut oil, cabbage, mustard powder, sake, ketchup, rice wine vinegar, soy sauce, worcestershire sauce, sugar, ground allspice, ground cloves, garlic",beaten,11,"['flour,egg,t,c,p,in,de,dip,f,re,red,l,d,b,nt,e']"
78082,korroke with tonkatsu sauce  japanese potato croquettes with eas,"potato, ground beef, onion, curry powder, salt, pepper, nutmeg, eggs, flour, panko breadcrumbs, peanut oil, cabbage, mustard powder, sake, ketchup, rice wine vinegar, soy sauce, worcestershire sauce, sugar, ground allspice, ground cloves, garlic",blend,8,"['egg,pot,t,mix,potato,blend,p,end,meat,f,re,ad,l,d,b,e']"
78082,korroke with tonkatsu sauce  japanese potato croquettes with eas,"potato, ground beef, onion, curry powder, salt, pepper, nutmeg, eggs, flour, panko breadcrumbs, peanut oil, cabbage, mustard powder, sake, ketchup, rice wine vinegar, soy sauce, worcestershire sauce, sugar, ground allspice, ground cloves, garlic",divide,9,"['t,c,s,p,in,de,l,d,ash,b,nt,e']"
78082,korroke with tonkatsu sauce  japanese potato croquettes with eas,"potato, ground beef, onion, curry powder, salt, pepper, nutmeg, eggs, flour, panko breadcrumbs, peanut oil, cabbage, mustard powder, sake, ketchup, rice wine vinegar, soy sauce, worcestershire sauce, sugar, ground allspice, ground cloves, garlic",form,10,"['sausage,t,c,sage,s,p,in,age,f,au,l,nt,e']"
78082,korroke with tonkatsu sauce  japanese potato croquettes with eas,"potato, ground beef, onion, curry powder, salt, pepper, nutmeg, eggs, flour, panko breadcrumbs, peanut oil, cabbage, mustard powder, sake, ketchup, rice wine vinegar, soy sauce, worcestershire sauce, sugar, ground allspice, ground cloves, garlic",dredge,11,"['flour,egg,t,c,p,in,de,dip,f,re,red,l,d,b,nt,e']"
78082,korroke with tonkatsu sauce  japanese potato croquettes with eas,"potato, ground beef, onion, curry powder, salt, pepper, nutmeg, eggs, flour, panko breadcrumbs, peanut oil, cabbage, mustard powder, sake, ketchup, rice wine vinegar, soy sauce, worcestershire sauce, sugar, ground allspice, ground cloves, garlic",dip,11,"['flour,egg,t,c,p,in,de,dip,f,re,red,l,d,b,nt,e']"
78082,korroke with tonkatsu sauce  japanese potato croquettes with eas,"potato, ground beef, onion, curry powder, salt, pepper, nutmeg, eggs, flour, panko breadcrumbs, peanut oil, cabbage, mustard powder, sake, ketchup, rice wine vinegar, soy sauce, worcestershire sauce, sugar, ground allspice, ground cloves, garlic",coat,12,"['pan,crumbs,read,bread,season,sea,t,rum,c,breadcrumbs,breadcrumb,oat,s,p,panko,crumb,one,re,ad,d,b,e']"
78082,korroke with tonkatsu sauce  japanese potato croquettes with eas,"potato, ground beef, onion, curry powder, salt, pepper, nutmeg, eggs, flour, panko breadcrumbs, peanut oil, cabbage, mustard powder, sake, ketchup, rice wine vinegar, soy sauce, worcestershire sauce, sugar, ground allspice, ground cloves, garlic",arrange,13,"['read,bread,cook,t,c,s,p,sheet,paper,de,-,re,ad,red,d,b,e']"
78082,korroke with tonkatsu sauce  japanese potato croquettes with eas,"potato, ground beef, onion, curry powder, salt, pepper, nutmeg, eggs, flour, panko breadcrumbs, peanut oil, cabbage, mustard powder, sake, ketchup, rice wine vinegar, soy sauce, worcestershire sauce, sugar, ground allspice, ground cloves, garlic",breaded,13,"['read,bread,cook,t,c,s,p,sheet,paper,de,-,re,ad,red,d,b,e']"
78082,korroke with tonkatsu sauce  japanese potato croquettes with eas,"potato, ground beef, onion, curry powder, salt, pepper, nutmeg, eggs, flour, panko breadcrumbs, peanut oil, cabbage, mustard powder, sake, ketchup, rice wine vinegar, soy sauce, worcestershire sauce, sugar, ground allspice, ground cloves, garlic",covered,13,"['read,bread,cook,t,c,s,p,sheet,paper,de,-,re,ad,red,d,b,e']"
78082,korroke with tonkatsu sauce  japanese potato croquettes with eas,"potato, ground beef, onion, curry powder, salt, pepper, nutmeg, eggs, flour, panko breadcrumbs, peanut oil, cabbage, mustard powder, sake, ketchup, rice wine vinegar, soy sauce, worcestershire sauce, sugar, ground allspice, ground cloves, garlic",refrigerate,14,"['t,c,s,p,de,f,-,re,l,d,e']"
78082,korroke with tonkatsu sauce  japanese potato croquettes with eas,"potato, ground beef, onion, curry powder, salt, pepper, nutmeg, eggs, flour, panko breadcrumbs, peanut oil, cabbage, mustard powder, sake, ketchup, rice wine vinegar, soy sauce, worcestershire sauce, sugar, ground allspice, ground cloves, garlic",ensures,14,"['t,c,s,p,de,f,-,re,l,d,e']"
78082,korroke with tonkatsu sauce  japanese potato croquettes with eas,"potato, ground beef, onion, curry powder, salt, pepper, nutmeg, eggs, flour, panko breadcrumbs, peanut oil, cabbage, mustard powder, sake, ketchup, rice wine vinegar, soy sauce, worcestershire sauce, sugar, ground allspice, ground cloves, garlic",fried,14,"['t,c,s,p,de,f,-,re,l,d,e']"
78082,korroke with tonkatsu sauce  japanese potato croquettes with eas,"potato, ground beef, onion, curry powder, salt, pepper, nutmeg, eggs, flour, panko breadcrumbs, peanut oil, cabbage, mustard powder, sake, ketchup, rice wine vinegar, soy sauce, worcestershire sauce, sugar, ground allspice, ground cloves, garlic",smoking,15,"['oil,peanut,t,heat,pea,s,p,in,l,nt,e']"
78082,korroke with tonkatsu sauce  japanese potato croquettes with eas,"potato, ground beef, onion, curry powder, salt, pepper, nutmeg, eggs, flour, panko breadcrumbs, peanut oil, cabbage, mustard powder, sake, ketchup, rice wine vinegar, soy sauce, worcestershire sauce, sugar, ground allspice, ground cloves, garlic",keep,17,"['t,s,p,in,paper,l,warm,d,e']"
78082,korroke with tonkatsu sauce  japanese potato croquettes with eas,"potato, ground beef, onion, curry powder, salt, pepper, nutmeg, eggs, flour, panko breadcrumbs, peanut oil, cabbage, mustard powder, sake, ketchup, rice wine vinegar, soy sauce, worcestershire sauce, sugar, ground allspice, ground cloves, garlic",repeat,18,"['t,c,pea,s,p,in,f,re,l,d,nt,e']"
78082,korroke with tonkatsu sauce  japanese potato croquettes with eas,"potato, ground beef, onion, curry powder, salt, pepper, nutmeg, eggs, flour, panko breadcrumbs, peanut oil, cabbage, mustard powder, sake, ketchup, rice wine vinegar, soy sauce, worcestershire sauce, sugar, ground allspice, ground cloves, garlic",remaining,18,"['t,c,pea,s,p,in,f,re,l,d,nt,e']"
78082,korroke with tonkatsu sauce  japanese potato croquettes with eas,"potato, ground beef, onion, curry powder, salt, pepper, nutmeg, eggs, flour, panko breadcrumbs, peanut oil, cabbage, mustard powder, sake, ketchup, rice wine vinegar, soy sauce, worcestershire sauce, sugar, ground allspice, ground cloves, garlic",finished,18,"['t,c,pea,s,p,in,f,re,l,d,nt,e']"
78082,korroke with tonkatsu sauce  japanese potato croquettes with eas,"potato, ground beef, onion, curry powder, salt, pepper, nutmeg, eggs, flour, panko breadcrumbs, peanut oil, cabbage, mustard powder, sake, ketchup, rice wine vinegar, soy sauce, worcestershire sauce, sugar, ground allspice, ground cloves, garlic",serve,19,"['sauce,cabbage,t,c,cab,s,de,age,au,bag,hr,re,red,l,d,b,e,ton']"
78082,korroke with tonkatsu sauce  japanese potato croquettes with eas,"potato, ground beef, onion, curry powder, salt, pepper, nutmeg, eggs, flour, panko breadcrumbs, peanut oil, cabbage, mustard powder, sake, ketchup, rice wine vinegar, soy sauce, worcestershire sauce, sugar, ground allspice, ground cloves, garlic",shredded,19,"['sauce,cabbage,t,c,cab,s,de,age,au,bag,hr,re,red,l,d,b,e,ton']"
78082,korroke with tonkatsu sauce  japanese potato croquettes with eas,"potato, ground beef, onion, curry powder, salt, pepper, nutmeg, eggs, flour, panko breadcrumbs, peanut oil, cabbage, mustard powder, sake, ketchup, rice wine vinegar, soy sauce, worcestershire sauce, sugar, ground allspice, ground cloves, garlic",drizzle,19,"['sauce,cabbage,t,c,cab,s,de,age,au,bag,hr,re,red,l,d,b,e,ton']"
78082,korroke with tonkatsu sauce  japanese potato croquettes with eas,"potato, ground beef, onion, curry powder, salt, pepper, nutmeg, eggs, flour, panko breadcrumbs, peanut oil, cabbage, mustard powder, sake, ketchup, rice wine vinegar, soy sauce, worcestershire sauce, sugar, ground allspice, ground cloves, garlic",whisk,21,"['t,s,l,nt']"
78082,korroke with tonkatsu sauce  japanese potato croquettes with eas,"potato, ground beef, onion, curry powder, salt, pepper, nutmeg, eggs, flour, panko breadcrumbs, peanut oil, cabbage, mustard powder, sake, ketchup, rice wine vinegar, soy sauce, worcestershire sauce, sugar, ground allspice, ground cloves, garlic",mix,22,"['t,mix,blend,s,end,in,de,re,ad,red,l,d,b,nt,e']"
78082,korroke with tonkatsu sauce  japanese potato croquettes with eas,"potato, ground beef, onion, curry powder, salt, pepper, nutmeg, eggs, flour, panko breadcrumbs, peanut oil, cabbage, mustard powder, sake, ketchup, rice wine vinegar, soy sauce, worcestershire sauce, sugar, ground allspice, ground cloves, garlic",blended,22,"['t,mix,blend,s,end,in,de,re,ad,red,l,d,b,nt,e']"
