Id,Name,AllIngredients,Verbs,Steps,Ingredient
82288,barb s gumbo,"flour, canola oil, celery, bell pepper, yellow onion, garlic, chopped tomatoes, chicken broth, thyme, basil, bay leaves, worcestershire sauce, hot pepper sauce, salt, canned corn, cumin, black pepper, okra, shrimp, rice",add,1,{}
82288,barb s gumbo,"flour, canola oil, celery, bell pepper, yellow onion, garlic, chopped tomatoes, chicken broth, thyme, basil, bay leaves, worcestershire sauce, hot pepper sauce, salt, canned corn, cumin, black pepper, okra, shrimp, rice",add,9,"['shrimp,t,min,s,p']"
82288,barb s gumbo,"flour, canola oil, celery, bell pepper, yellow onion, garlic, chopped tomatoes, chicken broth, thyme, basil, bay leaves, worcestershire sauce, hot pepper sauce, salt, canned corn, cumin, black pepper, okra, shrimp, rice",add,12,"['chicken,breast,cook,t,c,cooking,min,s']"
82288,barb s gumbo,"flour, canola oil, celery, bell pepper, yellow onion, garlic, chopped tomatoes, chicken broth, thyme, basil, bay leaves, worcestershire sauce, hot pepper sauce, salt, canned corn, cumin, black pepper, okra, shrimp, rice",skillet,1,"['flour,oil,t,heat,s']"
82288,barb s gumbo,"flour, canola oil, celery, bell pepper, yellow onion, garlic, chopped tomatoes, chicken broth, thyme, basil, bay leaves, worcestershire sauce, hot pepper sauce, salt, canned corn, cumin, black pepper, okra, shrimp, rice",heat,1,"['flour,oil,t,heat,s']"
82288,barb s gumbo,"flour, canola oil, celery, bell pepper, yellow onion, garlic, chopped tomatoes, chicken broth, thyme, basil, bay leaves, worcestershire sauce, hot pepper sauce, salt, canned corn, cumin, black pepper, okra, shrimp, rice",make,1,"['flour,oil,t,heat,s']"
82288,barb s gumbo,"flour, canola oil, celery, bell pepper, yellow onion, garlic, chopped tomatoes, chicken broth, thyme, basil, bay leaves, worcestershire sauce, hot pepper sauce, salt, canned corn, cumin, black pepper, okra, shrimp, rice",take,2,"['t,min,s']"
82288,barb s gumbo,"flour, canola oil, celery, bell pepper, yellow onion, garlic, chopped tomatoes, chicken broth, thyme, basil, bay leaves, worcestershire sauce, hot pepper sauce, salt, canned corn, cumin, black pepper, okra, shrimp, rice",stir,3,"['garlic,pepper,onion,celery,bell,t,c,s,p']"
82288,barb s gumbo,"flour, canola oil, celery, bell pepper, yellow onion, garlic, chopped tomatoes, chicken broth, thyme, basil, bay leaves, worcestershire sauce, hot pepper sauce, salt, canned corn, cumin, black pepper, okra, shrimp, rice",stir,5,"['sauce,pepper,salt,tomatoes,cumin,tomato,chicken,worcestershire,corn,thyme,bay,leaf,basil,broth,t,okra,c,min,s,p']"
82288,barb s gumbo,"flour, canola oil, celery, bell pepper, yellow onion, garlic, chopped tomatoes, chicken broth, thyme, basil, bay leaves, worcestershire sauce, hot pepper sauce, salt, canned corn, cumin, black pepper, okra, shrimp, rice",cook,4,"['vegetable,cook,t,table,c,min,heat,tender,s,p']"
82288,barb s gumbo,"flour, canola oil, celery, bell pepper, yellow onion, garlic, chopped tomatoes, chicken broth, thyme, basil, bay leaves, worcestershire sauce, hot pepper sauce, salt, canned corn, cumin, black pepper, okra, shrimp, rice",are,4,"['vegetable,cook,t,table,c,min,heat,tender,s,p']"
82288,barb s gumbo,"flour, canola oil, celery, bell pepper, yellow onion, garlic, chopped tomatoes, chicken broth, thyme, basil, bay leaves, worcestershire sauce, hot pepper sauce, salt, canned corn, cumin, black pepper, okra, shrimp, rice",bring,6,"['oil,t,boil,boiling,p']"
82288,barb s gumbo,"flour, canola oil, celery, bell pepper, yellow onion, garlic, chopped tomatoes, chicken broth, thyme, basil, bay leaves, worcestershire sauce, hot pepper sauce, salt, canned corn, cumin, black pepper, okra, shrimp, rice",reduce,7,"['t,c,heat']"
82288,barb s gumbo,"flour, canola oil, celery, bell pepper, yellow onion, garlic, chopped tomatoes, chicken broth, thyme, basil, bay leaves, worcestershire sauce, hot pepper sauce, salt, canned corn, cumin, black pepper, okra, shrimp, rice",cover,8,"['t,c,min,s']"
82288,barb s gumbo,"flour, canola oil, celery, bell pepper, yellow onion, garlic, chopped tomatoes, chicken broth, thyme, basil, bay leaves, worcestershire sauce, hot pepper sauce, salt, canned corn, cumin, black pepper, okra, shrimp, rice",simmer,8,"['t,c,min,s']"
82288,barb s gumbo,"flour, canola oil, celery, bell pepper, yellow onion, garlic, chopped tomatoes, chicken broth, thyme, basil, bay leaves, worcestershire sauce, hot pepper sauce, salt, canned corn, cumin, black pepper, okra, shrimp, rice",serve,10,"['rice,c,ice,s']"
82288,barb s gumbo,"flour, canola oil, celery, bell pepper, yellow onion, garlic, chopped tomatoes, chicken broth, thyme, basil, bay leaves, worcestershire sauce, hot pepper sauce, salt, canned corn, cumin, black pepper, okra, shrimp, rice",made,11,"['chicken,t,c,s']"
82288,barb s gumbo,"flour, canola oil, celery, bell pepper, yellow onion, garlic, chopped tomatoes, chicken broth, thyme, basil, bay leaves, worcestershire sauce, hot pepper sauce, salt, canned corn, cumin, black pepper, okra, shrimp, rice",using,11,"['chicken,t,c,s']"
82288,barb s gumbo,"flour, canola oil, celery, bell pepper, yellow onion, garlic, chopped tomatoes, chicken broth, thyme, basil, bay leaves, worcestershire sauce, hot pepper sauce, salt, canned corn, cumin, black pepper, okra, shrimp, rice",use,12,"['chicken,breast,cook,t,c,cooking,min,s']"
82288,barb s gumbo,"flour, canola oil, celery, bell pepper, yellow onion, garlic, chopped tomatoes, chicken broth, thyme, basil, bay leaves, worcestershire sauce, hot pepper sauce, salt, canned corn, cumin, black pepper, okra, shrimp, rice",cut,12,"['chicken,breast,cook,t,c,cooking,min,s']"
82288,barb s gumbo,"flour, canola oil, celery, bell pepper, yellow onion, garlic, chopped tomatoes, chicken broth, thyme, basil, bay leaves, worcestershire sauce, hot pepper sauce, salt, canned corn, cumin, black pepper, okra, shrimp, rice",smoked,13,"['chicken,sausage,t,c,sage,s']"
82288,barb s gumbo,"flour, canola oil, celery, bell pepper, yellow onion, garlic, chopped tomatoes, chicken broth, thyme, basil, bay leaves, worcestershire sauce, hot pepper sauce, salt, canned corn, cumin, black pepper, okra, shrimp, rice",added,13,"['chicken,sausage,t,c,sage,s']"
82288,barb s gumbo,"flour, canola oil, celery, bell pepper, yellow onion, garlic, chopped tomatoes, chicken broth, thyme, basil, bay leaves, worcestershire sauce, hot pepper sauce, salt, canned corn, cumin, black pepper, okra, shrimp, rice",added,14,"['shrimp,t,c,crabmeat,s,p,can']"
