Id,Name,AllIngredients,Verbs,Steps,Ingredient
83464,i lost my noodles  low carb south beach eggplant lasagna,"eggplants, cooking spray, salt and pepper, ground sirloin, olive oil, onions, garlic, red pepper, sliced mushrooms, italian seasoning, fennel seed, red pepper flakes, frozen chopped spinach, red wine, tomato sauce, diced tomatoes, low-fat ricotta cheese, eggs, green onions, lowfat mozzarella cheese, parmesan cheese",arrange,2,"['pepper,salt,egg,season,cook,sea,t,c,ice,spray,eggplant,slice,plan,s,p,sheet,slices,l,d,nt,e']"
83464,i lost my noodles  low carb south beach eggplant lasagna,"eggplants, cooking spray, salt and pepper, ground sirloin, olive oil, onions, garlic, red pepper, sliced mushrooms, italian seasoning, fennel seed, red pepper flakes, frozen chopped spinach, red wine, tomato sauce, diced tomatoes, low-fat ricotta cheese, eggs, green onions, lowfat mozzarella cheese, parmesan cheese",cook,3,"['cook,t,c,ice,min,slice,s,in,slices,de,l,d,e']"
83464,i lost my noodles  low carb south beach eggplant lasagna,"eggplants, cooking spray, salt and pepper, ground sirloin, olive oil, onions, garlic, red pepper, sliced mushrooms, italian seasoning, fennel seed, red pepper flakes, frozen chopped spinach, red wine, tomato sauce, diced tomatoes, low-fat ricotta cheese, eggs, green onions, lowfat mozzarella cheese, parmesan cheese",cook,6,"['pepper,mushrooms,mushroom,room,cook,t,c,min,s,p,in,shrooms,mu,hr,re,ad,red,d,e']"
83464,i lost my noodles  low carb south beach eggplant lasagna,"eggplants, cooking spray, salt and pepper, ground sirloin, olive oil, onions, garlic, red pepper, sliced mushrooms, italian seasoning, fennel seed, red pepper flakes, frozen chopped spinach, red wine, tomato sauce, diced tomatoes, low-fat ricotta cheese, eggs, green onions, lowfat mozzarella cheese, parmesan cheese",add,6,"['pepper,mushrooms,mushroom,room,cook,t,c,min,s,p,in,shrooms,mu,hr,re,ad,red,d,e']"
83464,i lost my noodles  low carb south beach eggplant lasagna,"eggplants, cooking spray, salt and pepper, ground sirloin, olive oil, onions, garlic, red pepper, sliced mushrooms, italian seasoning, fennel seed, red pepper flakes, frozen chopped spinach, red wine, tomato sauce, diced tomatoes, low-fat ricotta cheese, eggs, green onions, lowfat mozzarella cheese, parmesan cheese",add,7,"['sauce,tomatoes,tomato,wine,spinach,spice,t,c,ice,min,s,p,in,pin,f,au,-,ad,spices,d,e']"
83464,i lost my noodles  low carb south beach eggplant lasagna,"eggplants, cooking spray, salt and pepper, ground sirloin, olive oil, onions, garlic, red pepper, sliced mushrooms, italian seasoning, fennel seed, red pepper flakes, frozen chopped spinach, red wine, tomato sauce, diced tomatoes, low-fat ricotta cheese, eggs, green onions, lowfat mozzarella cheese, parmesan cheese",add,15,"['sauce,mozzarella,parmesan,t,c,mix,s,p,oz,f,au,top,re,ad,l,d,e']"
83464,i lost my noodles  low carb south beach eggplant lasagna,"eggplants, cooking spray, salt and pepper, ground sirloin, olive oil, onions, garlic, red pepper, sliced mushrooms, italian seasoning, fennel seed, red pepper flakes, frozen chopped spinach, red wine, tomato sauce, diced tomatoes, low-fat ricotta cheese, eggs, green onions, lowfat mozzarella cheese, parmesan cheese",simmer,7,"['sauce,tomatoes,tomato,wine,spinach,spice,t,c,ice,min,s,p,in,pin,f,au,-,ad,spices,d,e']"
83464,i lost my noodles  low carb south beach eggplant lasagna,"eggplants, cooking spray, salt and pepper, ground sirloin, olive oil, onions, garlic, red pepper, sliced mushrooms, italian seasoning, fennel seed, red pepper flakes, frozen chopped spinach, red wine, tomato sauce, diced tomatoes, low-fat ricotta cheese, eggs, green onions, lowfat mozzarella cheese, parmesan cheese",blend,9,"['cheese,mozzarella,parmesan,t,c,blend,s,p,end,oz,re,l,d,b,e']"
83464,i lost my noodles  low carb south beach eggplant lasagna,"eggplants, cooking spray, salt and pepper, ground sirloin, olive oil, onions, garlic, red pepper, sliced mushrooms, italian seasoning, fennel seed, red pepper flakes, frozen chopped spinach, red wine, tomato sauce, diced tomatoes, low-fat ricotta cheese, eggs, green onions, lowfat mozzarella cheese, parmesan cheese",spread,10,"['sauce,pan,read,t,c,s,p,in,meat,f,au,re,ad,l,d,b,e']"
83464,i lost my noodles  low carb south beach eggplant lasagna,"eggplants, cooking spray, salt and pepper, ground sirloin, olive oil, onions, garlic, red pepper, sliced mushrooms, italian seasoning, fennel seed, red pepper flakes, frozen chopped spinach, red wine, tomato sauce, diced tomatoes, low-fat ricotta cheese, eggs, green onions, lowfat mozzarella cheese, parmesan cheese",spread,12,"['read,ricotta,t,c,s,p,re,ad,l,d,e']"
83464,i lost my noodles  low carb south beach eggplant lasagna,"eggplants, cooking spray, salt and pepper, ground sirloin, olive oil, onions, garlic, red pepper, sliced mushrooms, italian seasoning, fennel seed, red pepper flakes, frozen chopped spinach, red wine, tomato sauce, diced tomatoes, low-fat ricotta cheese, eggs, green onions, lowfat mozzarella cheese, parmesan cheese",repeat,14,"['t,pea,p,re,e']"
83464,i lost my noodles  low carb south beach eggplant lasagna,"eggplants, cooking spray, salt and pepper, ground sirloin, olive oil, onions, garlic, red pepper, sliced mushrooms, italian seasoning, fennel seed, red pepper flakes, frozen chopped spinach, red wine, tomato sauce, diced tomatoes, low-fat ricotta cheese, eggs, green onions, lowfat mozzarella cheese, parmesan cheese",cover,16,"['oil,t,c,s,de,f,re,l,d,b,e,foil']"
83464,i lost my noodles  low carb south beach eggplant lasagna,"eggplants, cooking spray, salt and pepper, ground sirloin, olive oil, onions, garlic, red pepper, sliced mushrooms, italian seasoning, fennel seed, red pepper flakes, frozen chopped spinach, red wine, tomato sauce, diced tomatoes, low-fat ricotta cheese, eggs, green onions, lowfat mozzarella cheese, parmesan cheese",bake,16,"['oil,t,c,s,de,f,re,l,d,b,e,foil']"
83464,i lost my noodles  low carb south beach eggplant lasagna,"eggplants, cooking spray, salt and pepper, ground sirloin, olive oil, onions, garlic, red pepper, sliced mushrooms, italian seasoning, fennel seed, red pepper flakes, frozen chopped spinach, red wine, tomato sauce, diced tomatoes, low-fat ricotta cheese, eggs, green onions, lowfat mozzarella cheese, parmesan cheese",bake,17,"['oil,cheese,brown,t,c,min,s,in,f,-,re,l,d,b,nt,e,foil']"
83464,i lost my noodles  low carb south beach eggplant lasagna,"eggplants, cooking spray, salt and pepper, ground sirloin, olive oil, onions, garlic, red pepper, sliced mushrooms, italian seasoning, fennel seed, red pepper flakes, frozen chopped spinach, red wine, tomato sauce, diced tomatoes, low-fat ricotta cheese, eggs, green onions, lowfat mozzarella cheese, parmesan cheese",remove,17,"['oil,cheese,brown,t,c,min,s,in,f,-,re,l,d,b,nt,e,foil']"
83464,i lost my noodles  low carb south beach eggplant lasagna,"eggplants, cooking spray, salt and pepper, ground sirloin, olive oil, onions, garlic, red pepper, sliced mushrooms, italian seasoning, fennel seed, red pepper flakes, frozen chopped spinach, red wine, tomato sauce, diced tomatoes, low-fat ricotta cheese, eggs, green onions, lowfat mozzarella cheese, parmesan cheese",broil,17,"['oil,cheese,brown,t,c,min,s,in,f,-,re,l,d,b,nt,e,foil']"
83464,i lost my noodles  low carb south beach eggplant lasagna,"eggplants, cooking spray, salt and pepper, ground sirloin, olive oil, onions, garlic, red pepper, sliced mushrooms, italian seasoning, fennel seed, red pepper flakes, frozen chopped spinach, red wine, tomato sauce, diced tomatoes, low-fat ricotta cheese, eggs, green onions, lowfat mozzarella cheese, parmesan cheese",browned,17,"['oil,cheese,brown,t,c,min,s,in,f,-,re,l,d,b,nt,e,foil']"
83464,i lost my noodles  low carb south beach eggplant lasagna,"eggplants, cooking spray, salt and pepper, ground sirloin, olive oil, onions, garlic, red pepper, sliced mushrooms, italian seasoning, fennel seed, red pepper flakes, frozen chopped spinach, red wine, tomato sauce, diced tomatoes, low-fat ricotta cheese, eggs, green onions, lowfat mozzarella cheese, parmesan cheese",let,18,"['t,c,min,s,can,in,f,re,l,b,e']"
83464,i lost my noodles  low carb south beach eggplant lasagna,"eggplants, cooking spray, salt and pepper, ground sirloin, olive oil, onions, garlic, red pepper, sliced mushrooms, italian seasoning, fennel seed, red pepper flakes, frozen chopped spinach, red wine, tomato sauce, diced tomatoes, low-fat ricotta cheese, eggs, green onions, lowfat mozzarella cheese, parmesan cheese",rest,18,"['t,c,min,s,can,in,f,re,l,b,e']"
83464,i lost my noodles  low carb south beach eggplant lasagna,"eggplants, cooking spray, salt and pepper, ground sirloin, olive oil, onions, garlic, red pepper, sliced mushrooms, italian seasoning, fennel seed, red pepper flakes, frozen chopped spinach, red wine, tomato sauce, diced tomatoes, low-fat ricotta cheese, eggs, green onions, lowfat mozzarella cheese, parmesan cheese",slicing,18,"['t,c,min,s,can,in,f,re,l,b,e']"
83464,i lost my noodles  low carb south beach eggplant lasagna,"eggplants, cooking spray, salt and pepper, ground sirloin, olive oil, onions, garlic, red pepper, sliced mushrooms, italian seasoning, fennel seed, red pepper flakes, frozen chopped spinach, red wine, tomato sauce, diced tomatoes, low-fat ricotta cheese, eggs, green onions, lowfat mozzarella cheese, parmesan cheese",wait,18,"['t,c,min,s,can,in,f,re,l,b,e']"
