Id,Name,AllIngredients,Verbs,Steps,Ingredient
8409,cherry berry pie,"all-purpose flour, salt, baking powder, shortening, butter flavor shortening, water, vinegar, tart cherries, cherry juice, sugar, quick-cooking tapioca, cornstarch, almond extract, vanilla extract, cream cheese, ""confectioners sugar"", almonds, fresh raspberry, granulated sugar, egg white, flaked coconut",combine,1,"['powder,salt,flour,t,c,baking,s,p,in,crust,de']"
8409,cherry berry pie,"all-purpose flour, salt, baking powder, shortening, butter flavor shortening, water, vinegar, tart cherries, cherry juice, sugar, quick-cooking tapioca, cornstarch, almond extract, vanilla extract, cream cheese, ""confectioners sugar"", almonds, fresh raspberry, granulated sugar, egg white, flaked coconut",combine,3,"['water,vinegar,t,c,in,vin']"
8409,cherry berry pie,"all-purpose flour, salt, baking powder, shortening, butter flavor shortening, water, vinegar, tart cherries, cherry juice, sugar, quick-cooking tapioca, cornstarch, almond extract, vanilla extract, cream cheese, ""confectioners sugar"", almonds, fresh raspberry, granulated sugar, egg white, flaked coconut",combine,18,"['sugar,t,c,s,p,cherries,in']"
8409,cherry berry pie,"all-purpose flour, salt, baking powder, shortening, butter flavor shortening, water, vinegar, tart cherries, cherry juice, sugar, quick-cooking tapioca, cornstarch, almond extract, vanilla extract, cream cheese, ""confectioners sugar"", almonds, fresh raspberry, granulated sugar, egg white, flaked coconut",combine,21,"['juice,cherry,t,c,ice,s,p,in']"
8409,cherry berry pie,"all-purpose flour, salt, baking powder, shortening, butter flavor shortening, water, vinegar, tart cherries, cherry juice, sugar, quick-cooking tapioca, cornstarch, almond extract, vanilla extract, cream cheese, ""confectioners sugar"", almonds, fresh raspberry, granulated sugar, egg white, flaked coconut",combine,31,"['sugar,cheese,cream,vanilla,almonds,t,c,confectioners,s,almond,extract,in,medium']"
8409,cherry berry pie,"all-purpose flour, salt, baking powder, shortening, butter flavor shortening, water, vinegar, tart cherries, cherry juice, sugar, quick-cooking tapioca, cornstarch, almond extract, vanilla extract, cream cheese, ""confectioners sugar"", almonds, fresh raspberry, granulated sugar, egg white, flaked coconut",combine,34,"['sugar,corn,starch,t,c,cornstarch,star,s,p,in,raspberries,tar,raspberry']"
8409,cherry berry pie,"all-purpose flour, salt, baking powder, shortening, butter flavor shortening, water, vinegar, tart cherries, cherry juice, sugar, quick-cooking tapioca, cornstarch, almond extract, vanilla extract, cream cheese, ""confectioners sugar"", almonds, fresh raspberry, granulated sugar, egg white, flaked coconut",baking,1,"['powder,salt,flour,t,c,baking,s,p,in,crust,de']"
8409,cherry berry pie,"all-purpose flour, salt, baking powder, shortening, butter flavor shortening, water, vinegar, tart cherries, cherry juice, sugar, quick-cooking tapioca, cornstarch, almond extract, vanilla extract, cream cheese, ""confectioners sugar"", almonds, fresh raspberry, granulated sugar, egg white, flaked coconut",cut,2,"['flour,butter,shortening,t,c,blend,pea,s,p,end,in,pastry,chunks,de,flavor']"
8409,cherry berry pie,"all-purpose flour, salt, baking powder, shortening, butter flavor shortening, water, vinegar, tart cherries, cherry juice, sugar, quick-cooking tapioca, cornstarch, almond extract, vanilla extract, cream cheese, ""confectioners sugar"", almonds, fresh raspberry, granulated sugar, egg white, flaked coconut",cut,44,"['t,c,s,p,in']"
8409,cherry berry pie,"all-purpose flour, salt, baking powder, shortening, butter flavor shortening, water, vinegar, tart cherries, cherry juice, sugar, quick-cooking tapioca, cornstarch, almond extract, vanilla extract, cream cheese, ""confectioners sugar"", almonds, fresh raspberry, granulated sugar, egg white, flaked coconut",shortening,2,"['flour,butter,shortening,t,c,blend,pea,s,p,end,in,pastry,chunks,de,flavor']"
8409,cherry berry pie,"all-purpose flour, salt, baking powder, shortening, butter flavor shortening, water, vinegar, tart cherries, cherry juice, sugar, quick-cooking tapioca, cornstarch, almond extract, vanilla extract, cream cheese, ""confectioners sugar"", almonds, fresh raspberry, granulated sugar, egg white, flaked coconut",blended,2,"['flour,butter,shortening,t,c,blend,pea,s,p,end,in,pastry,chunks,de,flavor']"
8409,cherry berry pie,"all-purpose flour, salt, baking powder, shortening, butter flavor shortening, water, vinegar, tart cherries, cherry juice, sugar, quick-cooking tapioca, cornstarch, almond extract, vanilla extract, cream cheese, ""confectioners sugar"", almonds, fresh raspberry, granulated sugar, egg white, flaked coconut",form,2,"['flour,butter,shortening,t,c,blend,pea,s,p,end,in,pastry,chunks,de,flavor']"
8409,cherry berry pie,"all-purpose flour, salt, baking powder, shortening, butter flavor shortening, water, vinegar, tart cherries, cherry juice, sugar, quick-cooking tapioca, cornstarch, almond extract, vanilla extract, cream cheese, ""confectioners sugar"", almonds, fresh raspberry, granulated sugar, egg white, flaked coconut",form,8,"['pan,t,c,s,p,cake']"
8409,cherry berry pie,"all-purpose flour, salt, baking powder, shortening, butter flavor shortening, water, vinegar, tart cherries, cherry juice, sugar, quick-cooking tapioca, cornstarch, almond extract, vanilla extract, cream cheese, ""confectioners sugar"", almonds, fresh raspberry, granulated sugar, egg white, flaked coconut",sprinkle,4,"['flour,t,mix,s,p,in']"
8409,cherry berry pie,"all-purpose flour, salt, baking powder, shortening, butter flavor shortening, water, vinegar, tart cherries, cherry juice, sugar, quick-cooking tapioca, cornstarch, almond extract, vanilla extract, cream cheese, ""confectioners sugar"", almonds, fresh raspberry, granulated sugar, egg white, flaked coconut",sprinkle,54,"['sugar,t,s,p,in']"
8409,cherry berry pie,"all-purpose flour, salt, baking powder, shortening, butter flavor shortening, water, vinegar, tart cherries, cherry juice, sugar, quick-cooking tapioca, cornstarch, almond extract, vanilla extract, cream cheese, ""confectioners sugar"", almonds, fresh raspberry, granulated sugar, egg white, flaked coconut",sprinkle,58,"['coconut,chop,almonds,t,c,min,baking,s,p,almond,end,in,de']"
8409,cherry berry pie,"all-purpose flour, salt, baking powder, shortening, butter flavor shortening, water, vinegar, tart cherries, cherry juice, sugar, quick-cooking tapioca, cornstarch, almond extract, vanilla extract, cream cheese, ""confectioners sugar"", almonds, fresh raspberry, granulated sugar, egg white, flaked coconut",toss,6,"['t,ball,s,dough']"
8409,cherry berry pie,"all-purpose flour, salt, baking powder, shortening, butter flavor shortening, water, vinegar, tart cherries, cherry juice, sugar, quick-cooking tapioca, cornstarch, almond extract, vanilla extract, cream cheese, ""confectioners sugar"", almonds, fresh raspberry, granulated sugar, egg white, flaked coconut",forms,6,"['t,ball,s,dough']"
8409,cherry berry pie,"all-purpose flour, salt, baking powder, shortening, butter flavor shortening, water, vinegar, tart cherries, cherry juice, sugar, quick-cooking tapioca, cornstarch, almond extract, vanilla extract, cream cheese, ""confectioners sugar"", almonds, fresh raspberry, granulated sugar, egg white, flaked coconut",divide,7,"['half,in,dough,de']"
8409,cherry berry pie,"all-purpose flour, salt, baking powder, shortening, butter flavor shortening, water, vinegar, tart cherries, cherry juice, sugar, quick-cooking tapioca, cornstarch, almond extract, vanilla extract, cream cheese, ""confectioners sugar"", almonds, fresh raspberry, granulated sugar, egg white, flaked coconut",rolling,9,"['flour,t,c,s,p,in,roll,pin']"
8409,cherry berry pie,"all-purpose flour, salt, baking powder, shortening, butter flavor shortening, water, vinegar, tart cherries, cherry juice, sugar, quick-cooking tapioca, cornstarch, almond extract, vanilla extract, cream cheese, ""confectioners sugar"", almonds, fresh raspberry, granulated sugar, egg white, flaked coconut",trim,11,"['t,s,p,de']"
8409,cherry berry pie,"all-purpose flour, salt, baking powder, shortening, butter flavor shortening, water, vinegar, tart cherries, cherry juice, sugar, quick-cooking tapioca, cornstarch, almond extract, vanilla extract, cream cheese, ""confectioners sugar"", almonds, fresh raspberry, granulated sugar, egg white, flaked coconut",trim,16,"['t,p']"
8409,cherry berry pie,"all-purpose flour, salt, baking powder, shortening, butter flavor shortening, water, vinegar, tart cherries, cherry juice, sugar, quick-cooking tapioca, cornstarch, almond extract, vanilla extract, cream cheese, ""confectioners sugar"", almonds, fresh raspberry, granulated sugar, egg white, flaked coconut",loosen,12,"['c,s,dough']"
8409,cherry berry pie,"all-purpose flour, salt, baking powder, shortening, butter flavor shortening, water, vinegar, tart cherries, cherry juice, sugar, quick-cooking tapioca, cornstarch, almond extract, vanilla extract, cream cheese, ""confectioners sugar"", almonds, fresh raspberry, granulated sugar, egg white, flaked coconut",fold,13,"['t,s,in']"
8409,cherry berry pie,"all-purpose flour, salt, baking powder, shortening, butter flavor shortening, water, vinegar, tart cherries, cherry juice, sugar, quick-cooking tapioca, cornstarch, almond extract, vanilla extract, cream cheese, ""confectioners sugar"", almonds, fresh raspberry, granulated sugar, egg white, flaked coconut",fold,46,"['t,c,s,p']"
8409,cherry berry pie,"all-purpose flour, salt, baking powder, shortening, butter flavor shortening, water, vinegar, tart cherries, cherry juice, sugar, quick-cooking tapioca, cornstarch, almond extract, vanilla extract, cream cheese, ""confectioners sugar"", almonds, fresh raspberry, granulated sugar, egg white, flaked coconut",unfold,14,{}
8409,cherry berry pie,"all-purpose flour, salt, baking powder, shortening, butter flavor shortening, water, vinegar, tart cherries, cherry juice, sugar, quick-cooking tapioca, cornstarch, almond extract, vanilla extract, cream cheese, ""confectioners sugar"", almonds, fresh raspberry, granulated sugar, egg white, flaked coconut",press,15,"['t,s,p,in']"
8409,cherry berry pie,"all-purpose flour, salt, baking powder, shortening, butter flavor shortening, water, vinegar, tart cherries, cherry juice, sugar, quick-cooking tapioca, cornstarch, almond extract, vanilla extract, cream cheese, ""confectioners sugar"", almonds, fresh raspberry, granulated sugar, egg white, flaked coconut",press,50,"['t,s,p']"
8409,cherry berry pie,"all-purpose flour, salt, baking powder, shortening, butter flavor shortening, water, vinegar, tart cherries, cherry juice, sugar, quick-cooking tapioca, cornstarch, almond extract, vanilla extract, cream cheese, ""confectioners sugar"", almonds, fresh raspberry, granulated sugar, egg white, flaked coconut",press,60,"['juice,t,c,ice,s,p,cherries,in,de']"
8409,cherry berry pie,"all-purpose flour, salt, baking powder, shortening, butter flavor shortening, water, vinegar, tart cherries, cherry juice, sugar, quick-cooking tapioca, cornstarch, almond extract, vanilla extract, cream cheese, ""confectioners sugar"", almonds, fresh raspberry, granulated sugar, egg white, flaked coconut",drain,17,"['juice,cherry,t,c,ice,fruit,s,p,in']"
8409,cherry berry pie,"all-purpose flour, salt, baking powder, shortening, butter flavor shortening, water, vinegar, tart cherries, cherry juice, sugar, quick-cooking tapioca, cornstarch, almond extract, vanilla extract, cream cheese, ""confectioners sugar"", almonds, fresh raspberry, granulated sugar, egg white, flaked coconut",yield,17,"['juice,cherry,t,c,ice,fruit,s,p,in']"
8409,cherry berry pie,"all-purpose flour, salt, baking powder, shortening, butter flavor shortening, water, vinegar, tart cherries, cherry juice, sugar, quick-cooking tapioca, cornstarch, almond extract, vanilla extract, cream cheese, ""confectioners sugar"", almonds, fresh raspberry, granulated sugar, egg white, flaked coconut",granulated,18,"['sugar,t,c,s,p,cherries,in']"
8409,cherry berry pie,"all-purpose flour, salt, baking powder, shortening, butter flavor shortening, water, vinegar, tart cherries, cherry juice, sugar, quick-cooking tapioca, cornstarch, almond extract, vanilla extract, cream cheese, ""confectioners sugar"", almonds, fresh raspberry, granulated sugar, egg white, flaked coconut",granulated,34,"['sugar,corn,starch,t,c,cornstarch,star,s,p,in,raspberries,tar,raspberry']"
8409,cherry berry pie,"all-purpose flour, salt, baking powder, shortening, butter flavor shortening, water, vinegar, tart cherries, cherry juice, sugar, quick-cooking tapioca, cornstarch, almond extract, vanilla extract, cream cheese, ""confectioners sugar"", almonds, fresh raspberry, granulated sugar, egg white, flaked coconut",place,25,"['t,c,heat,p,medium']"
8409,cherry berry pie,"all-purpose flour, salt, baking powder, shortening, butter flavor shortening, water, vinegar, tart cherries, cherry juice, sugar, quick-cooking tapioca, cornstarch, almond extract, vanilla extract, cream cheese, ""confectioners sugar"", almonds, fresh raspberry, granulated sugar, egg white, flaked coconut",cook,26,"['cook,t,c,min,s,in']"
8409,cherry berry pie,"all-purpose flour, salt, baking powder, shortening, butter flavor shortening, water, vinegar, tart cherries, cherry juice, sugar, quick-cooking tapioca, cornstarch, almond extract, vanilla extract, cream cheese, ""confectioners sugar"", almonds, fresh raspberry, granulated sugar, egg white, flaked coconut",cook,38,"['cook,t,c']"
8409,cherry berry pie,"all-purpose flour, salt, baking powder, shortening, butter flavor shortening, water, vinegar, tart cherries, cherry juice, sugar, quick-cooking tapioca, cornstarch, almond extract, vanilla extract, cream cheese, ""confectioners sugar"", almonds, fresh raspberry, granulated sugar, egg white, flaked coconut",stirring,26,"['cook,t,c,min,s,in']"
8409,cherry berry pie,"all-purpose flour, salt, baking powder, shortening, butter flavor shortening, water, vinegar, tart cherries, cherry juice, sugar, quick-cooking tapioca, cornstarch, almond extract, vanilla extract, cream cheese, ""confectioners sugar"", almonds, fresh raspberry, granulated sugar, egg white, flaked coconut",pour,28,"['c,s,p,cherries']"
8409,cherry berry pie,"all-purpose flour, salt, baking powder, shortening, butter flavor shortening, water, vinegar, tart cherries, cherry juice, sugar, quick-cooking tapioca, cornstarch, almond extract, vanilla extract, cream cheese, ""confectioners sugar"", almonds, fresh raspberry, granulated sugar, egg white, flaked coconut",mix,29,"['t,c,oat,mix,s,cherries']"
8409,cherry berry pie,"all-purpose flour, salt, baking powder, shortening, butter flavor shortening, water, vinegar, tart cherries, cherry juice, sugar, quick-cooking tapioca, cornstarch, almond extract, vanilla extract, cream cheese, ""confectioners sugar"", almonds, fresh raspberry, granulated sugar, egg white, flaked coconut",mix,35,"['c,mix']"
8409,cherry berry pie,"all-purpose flour, salt, baking powder, shortening, butter flavor shortening, water, vinegar, tart cherries, cherry juice, sugar, quick-cooking tapioca, cornstarch, almond extract, vanilla extract, cream cheese, ""confectioners sugar"", almonds, fresh raspberry, granulated sugar, egg white, flaked coconut",coated,29,"['t,c,oat,mix,s,cherries']"
8409,cherry berry pie,"all-purpose flour, salt, baking powder, shortening, butter flavor shortening, water, vinegar, tart cherries, cherry juice, sugar, quick-cooking tapioca, cornstarch, almond extract, vanilla extract, cream cheese, ""confectioners sugar"", almonds, fresh raspberry, granulated sugar, egg white, flaked coconut",set,30,"['t,s,de']"
8409,cherry berry pie,"all-purpose flour, salt, baking powder, shortening, butter flavor shortening, water, vinegar, tart cherries, cherry juice, sugar, quick-cooking tapioca, cornstarch, almond extract, vanilla extract, cream cheese, ""confectioners sugar"", almonds, fresh raspberry, granulated sugar, egg white, flaked coconut",beat,32,"['t,c,mix,blend,s,p,end,medium,de']"
8409,cherry berry pie,"all-purpose flour, salt, baking powder, shortening, butter flavor shortening, water, vinegar, tart cherries, cherry juice, sugar, quick-cooking tapioca, cornstarch, almond extract, vanilla extract, cream cheese, ""confectioners sugar"", almonds, fresh raspberry, granulated sugar, egg white, flaked coconut",spread,33,"['read,t,s,p']"
8409,cherry berry pie,"all-purpose flour, salt, baking powder, shortening, butter flavor shortening, water, vinegar, tart cherries, cherry juice, sugar, quick-cooking tapioca, cornstarch, almond extract, vanilla extract, cream cheese, ""confectioners sugar"", almonds, fresh raspberry, granulated sugar, egg white, flaked coconut",spoon,36,"['cheese,cream,c,s,p']"
8409,cherry berry pie,"all-purpose flour, salt, baking powder, shortening, butter flavor shortening, water, vinegar, tart cherries, cherry juice, sugar, quick-cooking tapioca, cornstarch, almond extract, vanilla extract, cream cheese, ""confectioners sugar"", almonds, fresh raspberry, granulated sugar, egg white, flaked coconut",spoon,41,"['cherry,t,c,mix,s,p,raspberries']"
8409,cherry berry pie,"all-purpose flour, salt, baking powder, shortening, butter flavor shortening, water, vinegar, tart cherries, cherry juice, sugar, quick-cooking tapioca, cornstarch, almond extract, vanilla extract, cream cheese, ""confectioners sugar"", almonds, fresh raspberry, granulated sugar, egg white, flaked coconut",desired,37,"['sauce,pan,t,c,mix,s,p,in,de,raspberry']"
8409,cherry berry pie,"all-purpose flour, salt, baking powder, shortening, butter flavor shortening, water, vinegar, tart cherries, cherry juice, sugar, quick-cooking tapioca, cornstarch, almond extract, vanilla extract, cream cheese, ""confectioners sugar"", almonds, fresh raspberry, granulated sugar, egg white, flaked coconut",desired,58,"['coconut,chop,almonds,t,c,min,baking,s,p,almond,end,in,de']"
8409,cherry berry pie,"all-purpose flour, salt, baking powder, shortening, butter flavor shortening, water, vinegar, tart cherries, cherry juice, sugar, quick-cooking tapioca, cornstarch, almond extract, vanilla extract, cream cheese, ""confectioners sugar"", almonds, fresh raspberry, granulated sugar, egg white, flaked coconut",thickened,38,"['cook,t,c']"
8409,cherry berry pie,"all-purpose flour, salt, baking powder, shortening, butter flavor shortening, water, vinegar, tart cherries, cherry juice, sugar, quick-cooking tapioca, cornstarch, almond extract, vanilla extract, cream cheese, ""confectioners sugar"", almonds, fresh raspberry, granulated sugar, egg white, flaked coconut",spooning,39,"['cheese,cream,t,c,s,p,in']"
8409,cherry berry pie,"all-purpose flour, salt, baking powder, shortening, butter flavor shortening, water, vinegar, tart cherries, cherry juice, sugar, quick-cooking tapioca, cornstarch, almond extract, vanilla extract, cream cheese, ""confectioners sugar"", almonds, fresh raspberry, granulated sugar, egg white, flaked coconut",moisten,42,"['water,t,s,p,pastry']"
8409,cherry berry pie,"all-purpose flour, salt, baking powder, shortening, butter flavor shortening, water, vinegar, tart cherries, cherry juice, sugar, quick-cooking tapioca, cornstarch, almond extract, vanilla extract, cream cheese, ""confectioners sugar"", almonds, fresh raspberry, granulated sugar, egg white, flaked coconut",roll,43,"['t,c,s,p,roll,crust']"
8409,cherry berry pie,"all-purpose flour, salt, baking powder, shortening, butter flavor shortening, water, vinegar, tart cherries, cherry juice, sugar, quick-cooking tapioca, cornstarch, almond extract, vanilla extract, cream cheese, ""confectioners sugar"", almonds, fresh raspberry, granulated sugar, egg white, flaked coconut",filling,45,"['t,c,s,p,in']"
8409,cherry berry pie,"all-purpose flour, salt, baking powder, shortening, butter flavor shortening, water, vinegar, tart cherries, cherry juice, sugar, quick-cooking tapioca, cornstarch, almond extract, vanilla extract, cream cheese, ""confectioners sugar"", almonds, fresh raspberry, granulated sugar, egg white, flaked coconut",lay,47,"['t,c,s,p,in']"
8409,cherry berry pie,"all-purpose flour, salt, baking powder, shortening, butter flavor shortening, water, vinegar, tart cherries, cherry juice, sugar, quick-cooking tapioca, cornstarch, almond extract, vanilla extract, cream cheese, ""confectioners sugar"", almonds, fresh raspberry, granulated sugar, egg white, flaked coconut",continue,48,"['t,c,s,p,in']"
8409,cherry berry pie,"all-purpose flour, salt, baking powder, shortening, butter flavor shortening, water, vinegar, tart cherries, cherry juice, sugar, quick-cooking tapioca, cornstarch, almond extract, vanilla extract, cream cheese, ""confectioners sugar"", almonds, fresh raspberry, granulated sugar, egg white, flaked coconut",folding,48,"['t,c,s,p,in']"
8409,cherry berry pie,"all-purpose flour, salt, baking powder, shortening, butter flavor shortening, water, vinegar, tart cherries, cherry juice, sugar, quick-cooking tapioca, cornstarch, almond extract, vanilla extract, cream cheese, ""confectioners sugar"", almonds, fresh raspberry, granulated sugar, egg white, flaked coconut",add,48,"['t,c,s,p,in']"
8409,cherry berry pie,"all-purpose flour, salt, baking powder, shortening, butter flavor shortening, water, vinegar, tart cherries, cherry juice, sugar, quick-cooking tapioca, cornstarch, almond extract, vanilla extract, cream cheese, ""confectioners sugar"", almonds, fresh raspberry, granulated sugar, egg white, flaked coconut",topping,53,"['egg,t,s,p,in,pastry,white,pin']"
8409,cherry berry pie,"all-purpose flour, salt, baking powder, shortening, butter flavor shortening, water, vinegar, tart cherries, cherry juice, sugar, quick-cooking tapioca, cornstarch, almond extract, vanilla extract, cream cheese, ""confectioners sugar"", almonds, fresh raspberry, granulated sugar, egg white, flaked coconut",bake,55,"['t,min,s,in,de']"
8409,cherry berry pie,"all-purpose flour, salt, baking powder, shortening, butter flavor shortening, water, vinegar, tart cherries, cherry juice, sugar, quick-cooking tapioca, cornstarch, almond extract, vanilla extract, cream cheese, ""confectioners sugar"", almonds, fresh raspberry, granulated sugar, egg white, flaked coconut",bake,57,"['t,min,s,in']"
8409,cherry berry pie,"all-purpose flour, salt, baking powder, shortening, butter flavor shortening, water, vinegar, tart cherries, cherry juice, sugar, quick-cooking tapioca, cornstarch, almond extract, vanilla extract, cream cheese, ""confectioners sugar"", almonds, fresh raspberry, granulated sugar, egg white, flaked coconut",reduce,56,"['t,c,s,p,de']"
8409,cherry berry pie,"all-purpose flour, salt, baking powder, shortening, butter flavor shortening, water, vinegar, tart cherries, cherry juice, sugar, quick-cooking tapioca, cornstarch, almond extract, vanilla extract, cream cheese, ""confectioners sugar"", almonds, fresh raspberry, granulated sugar, egg white, flaked coconut",chopped,58,"['coconut,chop,almonds,t,c,min,baking,s,p,almond,end,in,de']"
8409,cherry berry pie,"all-purpose flour, salt, baking powder, shortening, butter flavor shortening, water, vinegar, tart cherries, cherry juice, sugar, quick-cooking tapioca, cornstarch, almond extract, vanilla extract, cream cheese, ""confectioners sugar"", almonds, fresh raspberry, granulated sugar, egg white, flaked coconut",room,59,"['room,t,c,s,p,in,vin']"
8409,cherry berry pie,"all-purpose flour, salt, baking powder, shortening, butter flavor shortening, water, vinegar, tart cherries, cherry juice, sugar, quick-cooking tapioca, cornstarch, almond extract, vanilla extract, cream cheese, ""confectioners sugar"", almonds, fresh raspberry, granulated sugar, egg white, flaked coconut",serving,59,"['room,t,c,s,p,in,vin']"
8409,cherry berry pie,"all-purpose flour, salt, baking powder, shortening, butter flavor shortening, water, vinegar, tart cherries, cherry juice, sugar, quick-cooking tapioca, cornstarch, almond extract, vanilla extract, cream cheese, ""confectioners sugar"", almonds, fresh raspberry, granulated sugar, egg white, flaked coconut",mash,60,"['juice,t,c,ice,s,p,cherries,in,de']"
8409,cherry berry pie,"all-purpose flour, salt, baking powder, shortening, butter flavor shortening, water, vinegar, tart cherries, cherry juice, sugar, quick-cooking tapioca, cornstarch, almond extract, vanilla extract, cream cheese, ""confectioners sugar"", almonds, fresh raspberry, granulated sugar, egg white, flaked coconut",obtain,60,"['juice,t,c,ice,s,p,cherries,in,de']"
