Id,Name,AllIngredients,Verbs,Steps,Ingredient
84231,singapore rice noodles,"noodles, eggs, curry powder, oriental sesame oil, peanut oil, medium shrimp, lean pork, boneless skinless chicken breasts, fresh ginger, garlic clove, hot chili pepper, chinese barbecue pork, red bell pepper, green bell pepper, scallions, fresh bean sprouts, chicken broth, soy sauce, dry sherry, salt, fresh cilantro",bring,1,{}
84231,singapore rice noodles,"noodles, eggs, curry powder, oriental sesame oil, peanut oil, medium shrimp, lean pork, boneless skinless chicken breasts, fresh ginger, garlic clove, hot chili pepper, chinese barbecue pork, red bell pepper, green bell pepper, scallions, fresh bean sprouts, chicken broth, soy sauce, dry sherry, salt, fresh cilantro",bring,25,"['oil,chicken,broth,t,c,boil,p,in,chick,l,d,b,e,ring,o,g']"
84231,singapore rice noodles,"noodles, eggs, curry powder, oriental sesame oil, peanut oil, medium shrimp, lean pork, boneless skinless chicken breasts, fresh ginger, garlic clove, hot chili pepper, chinese barbecue pork, red bell pepper, green bell pepper, scallions, fresh bean sprouts, chicken broth, soy sauce, dry sherry, salt, fresh cilantro",drop,2,"['oil,rice,noodles,t,c,ice,boil,min,tender,s,p,end,in,de,f,noodle,l,d,b,nt,e,nut,o,bit']"
84231,singapore rice noodles,"noodles, eggs, curry powder, oriental sesame oil, peanut oil, medium shrimp, lean pork, boneless skinless chicken breasts, fresh ginger, garlic clove, hot chili pepper, chinese barbecue pork, red bell pepper, green bell pepper, scallions, fresh bean sprouts, chicken broth, soy sauce, dry sherry, salt, fresh cilantro",boil,2,"['oil,rice,noodles,t,c,ice,boil,min,tender,s,p,end,in,de,f,noodle,l,d,b,nt,e,nut,o,bit']"
84231,singapore rice noodles,"noodles, eggs, curry powder, oriental sesame oil, peanut oil, medium shrimp, lean pork, boneless skinless chicken breasts, fresh ginger, garlic clove, hot chili pepper, chinese barbecue pork, red bell pepper, green bell pepper, scallions, fresh bean sprouts, chicken broth, soy sauce, dry sherry, salt, fresh cilantro",drain,3,"['water,t,c,s,in,de,l,d,e,o']"
84231,singapore rice noodles,"noodles, eggs, curry powder, oriental sesame oil, peanut oil, medium shrimp, lean pork, boneless skinless chicken breasts, fresh ginger, garlic clove, hot chili pepper, chinese barbecue pork, red bell pepper, green bell pepper, scallions, fresh bean sprouts, chicken broth, soy sauce, dry sherry, salt, fresh cilantro",rinse,3,"['water,t,c,s,in,de,l,d,e,o']"
84231,singapore rice noodles,"noodles, eggs, curry powder, oriental sesame oil, peanut oil, medium shrimp, lean pork, boneless skinless chicken breasts, fresh ginger, garlic clove, hot chili pepper, chinese barbecue pork, red bell pepper, green bell pepper, scallions, fresh bean sprouts, chicken broth, soy sauce, dry sherry, salt, fresh cilantro",let,4,"['t,c,min,s,p,in,de,f,-,noodle,l,d,e,nut,o,y,g']"
84231,singapore rice noodles,"noodles, eggs, curry powder, oriental sesame oil, peanut oil, medium shrimp, lean pork, boneless skinless chicken breasts, fresh ginger, garlic clove, hot chili pepper, chinese barbecue pork, red bell pepper, green bell pepper, scallions, fresh bean sprouts, chicken broth, soy sauce, dry sherry, salt, fresh cilantro",firm,4,"['t,c,min,s,p,in,de,f,-,noodle,l,d,e,nut,o,y,g']"
84231,singapore rice noodles,"noodles, eggs, curry powder, oriental sesame oil, peanut oil, medium shrimp, lean pork, boneless skinless chicken breasts, fresh ginger, garlic clove, hot chili pepper, chinese barbecue pork, red bell pepper, green bell pepper, scallions, fresh bean sprouts, chicken broth, soy sauce, dry sherry, salt, fresh cilantro",toss,5,"['t,c,s,l,o,y']"
84231,singapore rice noodles,"noodles, eggs, curry powder, oriental sesame oil, peanut oil, medium shrimp, lean pork, boneless skinless chicken breasts, fresh ginger, garlic clove, hot chili pepper, chinese barbecue pork, red bell pepper, green bell pepper, scallions, fresh bean sprouts, chicken broth, soy sauce, dry sherry, salt, fresh cilantro",toss,24,"['bean,sprouts,noodles,scallions,t,c,heat,scallion,s,p,noodle,ad,l,d,b,nt,e,o,y,g,ts,v']"
84231,singapore rice noodles,"noodles, eggs, curry powder, oriental sesame oil, peanut oil, medium shrimp, lean pork, boneless skinless chicken breasts, fresh ginger, garlic clove, hot chili pepper, chinese barbecue pork, red bell pepper, green bell pepper, scallions, fresh bean sprouts, chicken broth, soy sauce, dry sherry, salt, fresh cilantro",toss,27,"['salt,eggs,egg,t,c,s,reserve,re,ad,l,d,b,e,o,g,v']"
84231,singapore rice noodles,"noodles, eggs, curry powder, oriental sesame oil, peanut oil, medium shrimp, lean pork, boneless skinless chicken breasts, fresh ginger, garlic clove, hot chili pepper, chinese barbecue pork, red bell pepper, green bell pepper, scallions, fresh bean sprouts, chicken broth, soy sauce, dry sherry, salt, fresh cilantro",are,6,"['powder,eggs,oil,egg,read,sesame,curry,t,c,blend,s,p,end,dish,de,f,re,ad,l,d,b,nt,e,tea,o,y,g']"
84231,singapore rice noodles,"noodles, eggs, curry powder, oriental sesame oil, peanut oil, medium shrimp, lean pork, boneless skinless chicken breasts, fresh ginger, garlic clove, hot chili pepper, chinese barbecue pork, red bell pepper, green bell pepper, scallions, fresh bean sprouts, chicken broth, soy sauce, dry sherry, salt, fresh cilantro",prepare,6,"['powder,eggs,oil,egg,read,sesame,curry,t,c,blend,s,p,end,dish,de,f,re,ad,l,d,b,nt,e,tea,o,y,g']"
84231,singapore rice noodles,"noodles, eggs, curry powder, oriental sesame oil, peanut oil, medium shrimp, lean pork, boneless skinless chicken breasts, fresh ginger, garlic clove, hot chili pepper, chinese barbecue pork, red bell pepper, green bell pepper, scallions, fresh bean sprouts, chicken broth, soy sauce, dry sherry, salt, fresh cilantro",whisk,6,"['powder,eggs,oil,egg,read,sesame,curry,t,c,blend,s,p,end,dish,de,f,re,ad,l,d,b,nt,e,tea,o,y,g']"
84231,singapore rice noodles,"noodles, eggs, curry powder, oriental sesame oil, peanut oil, medium shrimp, lean pork, boneless skinless chicken breasts, fresh ginger, garlic clove, hot chili pepper, chinese barbecue pork, red bell pepper, green bell pepper, scallions, fresh bean sprouts, chicken broth, soy sauce, dry sherry, salt, fresh cilantro",blended,6,"['powder,eggs,oil,egg,read,sesame,curry,t,c,blend,s,p,end,dish,de,f,re,ad,l,d,b,nt,e,tea,o,y,g']"
84231,singapore rice noodles,"noodles, eggs, curry powder, oriental sesame oil, peanut oil, medium shrimp, lean pork, boneless skinless chicken breasts, fresh ginger, garlic clove, hot chili pepper, chinese barbecue pork, red bell pepper, green bell pepper, scallions, fresh bean sprouts, chicken broth, soy sauce, dry sherry, salt, fresh cilantro",spoon,7,"['oil,vegetable,peanut,t,table,heat,pea,s,p,in,de,veg,f,tel,l,d,b,nt,e,nut,o,y,g,v']"
84231,singapore rice noodles,"noodles, eggs, curry powder, oriental sesame oil, peanut oil, medium shrimp, lean pork, boneless skinless chicken breasts, fresh ginger, garlic clove, hot chili pepper, chinese barbecue pork, red bell pepper, green bell pepper, scallions, fresh bean sprouts, chicken broth, soy sauce, dry sherry, salt, fresh cilantro",spoon,11,"['oil,t,table,heat,s,p,in,de,f,tel,re,l,d,b,e,o,y,g']"
84231,singapore rice noodles,"noodles, eggs, curry powder, oriental sesame oil, peanut oil, medium shrimp, lean pork, boneless skinless chicken breasts, fresh ginger, garlic clove, hot chili pepper, chinese barbecue pork, red bell pepper, green bell pepper, scallions, fresh bean sprouts, chicken broth, soy sauce, dry sherry, salt, fresh cilantro",spoon,14,"['oil,t,table,heat,s,p,in,de,f,tel,re,l,d,b,e,o,y,g']"
84231,singapore rice noodles,"noodles, eggs, curry powder, oriental sesame oil, peanut oil, medium shrimp, lean pork, boneless skinless chicken breasts, fresh ginger, garlic clove, hot chili pepper, chinese barbecue pork, red bell pepper, green bell pepper, scallions, fresh bean sprouts, chicken broth, soy sauce, dry sherry, salt, fresh cilantro",spoon,18,"['oil,t,table,s,p,in,f,l,b,e,o,y,v']"
84231,singapore rice noodles,"noodles, eggs, curry powder, oriental sesame oil, peanut oil, medium shrimp, lean pork, boneless skinless chicken breasts, fresh ginger, garlic clove, hot chili pepper, chinese barbecue pork, red bell pepper, green bell pepper, scallions, fresh bean sprouts, chicken broth, soy sauce, dry sherry, salt, fresh cilantro",set,7,"['oil,vegetable,peanut,t,table,heat,pea,s,p,in,de,veg,f,tel,l,d,b,nt,e,nut,o,y,g,v']"
84231,singapore rice noodles,"noodles, eggs, curry powder, oriental sesame oil, peanut oil, medium shrimp, lean pork, boneless skinless chicken breasts, fresh ginger, garlic clove, hot chili pepper, chinese barbecue pork, red bell pepper, green bell pepper, scallions, fresh bean sprouts, chicken broth, soy sauce, dry sherry, salt, fresh cilantro",set,9,"['eggs,egg,t,c,s,l,b,nt,e,g']"
84231,singapore rice noodles,"noodles, eggs, curry powder, oriental sesame oil, peanut oil, medium shrimp, lean pork, boneless skinless chicken breasts, fresh ginger, garlic clove, hot chili pepper, chinese barbecue pork, red bell pepper, green bell pepper, scallions, fresh bean sprouts, chicken broth, soy sauce, dry sherry, salt, fresh cilantro",pour,8,"['egg,t,c,heat,mix,p,in,tel,re,red,l,d,e,o,y,g']"
84231,singapore rice noodles,"noodles, eggs, curry powder, oriental sesame oil, peanut oil, medium shrimp, lean pork, boneless skinless chicken breasts, fresh ginger, garlic clove, hot chili pepper, chinese barbecue pork, red bell pepper, green bell pepper, scallions, fresh bean sprouts, chicken broth, soy sauce, dry sherry, salt, fresh cilantro",pour,25,"['oil,chicken,broth,t,c,boil,p,in,chick,l,d,b,e,ring,o,g']"
84231,singapore rice noodles,"noodles, eggs, curry powder, oriental sesame oil, peanut oil, medium shrimp, lean pork, boneless skinless chicken breasts, fresh ginger, garlic clove, hot chili pepper, chinese barbecue pork, red bell pepper, green bell pepper, scallions, fresh bean sprouts, chicken broth, soy sauce, dry sherry, salt, fresh cilantro",reduce,8,"['egg,t,c,heat,mix,p,in,tel,re,red,l,d,e,o,y,g']"
84231,singapore rice noodles,"noodles, eggs, curry powder, oriental sesame oil, peanut oil, medium shrimp, lean pork, boneless skinless chicken breasts, fresh ginger, garlic clove, hot chili pepper, chinese barbecue pork, red bell pepper, green bell pepper, scallions, fresh bean sprouts, chicken broth, soy sauce, dry sherry, salt, fresh cilantro",scramble,9,"['eggs,egg,t,c,s,l,b,nt,e,g']"
84231,singapore rice noodles,"noodles, eggs, curry powder, oriental sesame oil, peanut oil, medium shrimp, lean pork, boneless skinless chicken breasts, fresh ginger, garlic clove, hot chili pepper, chinese barbecue pork, red bell pepper, green bell pepper, scallions, fresh bean sprouts, chicken broth, soy sauce, dry sherry, salt, fresh cilantro",turn,10,"['t,s,p,reserve,re,l,d,nt,e,o,v']"
84231,singapore rice noodles,"noodles, eggs, curry powder, oriental sesame oil, peanut oil, medium shrimp, lean pork, boneless skinless chicken breasts, fresh ginger, garlic clove, hot chili pepper, chinese barbecue pork, red bell pepper, green bell pepper, scallions, fresh bean sprouts, chicken broth, soy sauce, dry sherry, salt, fresh cilantro",turn,28,"['cilantro,t,c,s,p,in,l,d,nt,e,o,g']"
84231,singapore rice noodles,"noodles, eggs, curry powder, oriental sesame oil, peanut oil, medium shrimp, lean pork, boneless skinless chicken breasts, fresh ginger, garlic clove, hot chili pepper, chinese barbecue pork, red bell pepper, green bell pepper, scallions, fresh bean sprouts, chicken broth, soy sauce, dry sherry, salt, fresh cilantro",return,11,"['oil,t,table,heat,s,p,in,de,f,tel,re,l,d,b,e,o,y,g']"
84231,singapore rice noodles,"noodles, eggs, curry powder, oriental sesame oil, peanut oil, medium shrimp, lean pork, boneless skinless chicken breasts, fresh ginger, garlic clove, hot chili pepper, chinese barbecue pork, red bell pepper, green bell pepper, scallions, fresh bean sprouts, chicken broth, soy sauce, dry sherry, salt, fresh cilantro",return,14,"['oil,t,table,heat,s,p,in,de,f,tel,re,l,d,b,e,o,y,g']"
84231,singapore rice noodles,"noodles, eggs, curry powder, oriental sesame oil, peanut oil, medium shrimp, lean pork, boneless skinless chicken breasts, fresh ginger, garlic clove, hot chili pepper, chinese barbecue pork, red bell pepper, green bell pepper, scallions, fresh bean sprouts, chicken broth, soy sauce, dry sherry, salt, fresh cilantro",return,26,"['soy,sauce,chicken,sherry,pork,shrimp,t,c,s,p,au,hr,re,chick,ad,d,e,o,y']"
84231,singapore rice noodles,"noodles, eggs, curry powder, oriental sesame oil, peanut oil, medium shrimp, lean pork, boneless skinless chicken breasts, fresh ginger, garlic clove, hot chili pepper, chinese barbecue pork, red bell pepper, green bell pepper, scallions, fresh bean sprouts, chicken broth, soy sauce, dry sherry, salt, fresh cilantro",add,12,"['shrimp,cook,t,c,min,s,p,in,f,hr,re,ad,l,d,b,nt,e,nut,o,y']"
84231,singapore rice noodles,"noodles, eggs, curry powder, oriental sesame oil, peanut oil, medium shrimp, lean pork, boneless skinless chicken breasts, fresh ginger, garlic clove, hot chili pepper, chinese barbecue pork, red bell pepper, green bell pepper, scallions, fresh bean sprouts, chicken broth, soy sauce, dry sherry, salt, fresh cilantro",add,15,"['chicken,pork,cook,t,c,min,s,p,in,f,chick,ad,l,d,b,nt,e,nut,o,y']"
84231,singapore rice noodles,"noodles, eggs, curry powder, oriental sesame oil, peanut oil, medium shrimp, lean pork, boneless skinless chicken breasts, fresh ginger, garlic clove, hot chili pepper, chinese barbecue pork, red bell pepper, green bell pepper, scallions, fresh bean sprouts, chicken broth, soy sauce, dry sherry, salt, fresh cilantro",add,19,"['garlic,ginger,chili,powder,curry,t,c,chilies,s,p,in,de,re,ad,l,d,e,gin,o,y,g']"
84231,singapore rice noodles,"noodles, eggs, curry powder, oriental sesame oil, peanut oil, medium shrimp, lean pork, boneless skinless chicken breasts, fresh ginger, garlic clove, hot chili pepper, chinese barbecue pork, red bell pepper, green bell pepper, scallions, fresh bean sprouts, chicken broth, soy sauce, dry sherry, salt, fresh cilantro",add,21,"['pepper,peppers,bell,pork,ham,t,c,s,p,in,f,re,ad,red,l,d,b,e,green,o,y,g']"
84231,singapore rice noodles,"noodles, eggs, curry powder, oriental sesame oil, peanut oil, medium shrimp, lean pork, boneless skinless chicken breasts, fresh ginger, garlic clove, hot chili pepper, chinese barbecue pork, red bell pepper, green bell pepper, scallions, fresh bean sprouts, chicken broth, soy sauce, dry sherry, salt, fresh cilantro",add,23,"['oil,t,table,s,p,in,de,f,re,ad,red,l,d,b,nt,e,o,g,ts']"
84231,singapore rice noodles,"noodles, eggs, curry powder, oriental sesame oil, peanut oil, medium shrimp, lean pork, boneless skinless chicken breasts, fresh ginger, garlic clove, hot chili pepper, chinese barbecue pork, red bell pepper, green bell pepper, scallions, fresh bean sprouts, chicken broth, soy sauce, dry sherry, salt, fresh cilantro",add,24,"['bean,sprouts,noodles,scallions,t,c,heat,scallion,s,p,noodle,ad,l,d,b,nt,e,o,y,g,ts,v']"
84231,singapore rice noodles,"noodles, eggs, curry powder, oriental sesame oil, peanut oil, medium shrimp, lean pork, boneless skinless chicken breasts, fresh ginger, garlic clove, hot chili pepper, chinese barbecue pork, red bell pepper, green bell pepper, scallions, fresh bean sprouts, chicken broth, soy sauce, dry sherry, salt, fresh cilantro",add,26,"['soy,sauce,chicken,sherry,pork,shrimp,t,c,s,p,au,hr,re,chick,ad,d,e,o,y']"
84231,singapore rice noodles,"noodles, eggs, curry powder, oriental sesame oil, peanut oil, medium shrimp, lean pork, boneless skinless chicken breasts, fresh ginger, garlic clove, hot chili pepper, chinese barbecue pork, red bell pepper, green bell pepper, scallions, fresh bean sprouts, chicken broth, soy sauce, dry sherry, salt, fresh cilantro",add,27,"['salt,eggs,egg,t,c,s,reserve,re,ad,l,d,b,e,o,g,v']"
84231,singapore rice noodles,"noodles, eggs, curry powder, oriental sesame oil, peanut oil, medium shrimp, lean pork, boneless skinless chicken breasts, fresh ginger, garlic clove, hot chili pepper, chinese barbecue pork, red bell pepper, green bell pepper, scallions, fresh bean sprouts, chicken broth, soy sauce, dry sherry, salt, fresh cilantro",stir,12,"['shrimp,cook,t,c,min,s,p,in,f,hr,re,ad,l,d,b,nt,e,nut,o,y']"
84231,singapore rice noodles,"noodles, eggs, curry powder, oriental sesame oil, peanut oil, medium shrimp, lean pork, boneless skinless chicken breasts, fresh ginger, garlic clove, hot chili pepper, chinese barbecue pork, red bell pepper, green bell pepper, scallions, fresh bean sprouts, chicken broth, soy sauce, dry sherry, salt, fresh cilantro",stir,15,"['chicken,pork,cook,t,c,min,s,p,in,f,chick,ad,l,d,b,nt,e,nut,o,y']"
84231,singapore rice noodles,"noodles, eggs, curry powder, oriental sesame oil, peanut oil, medium shrimp, lean pork, boneless skinless chicken breasts, fresh ginger, garlic clove, hot chili pepper, chinese barbecue pork, red bell pepper, green bell pepper, scallions, fresh bean sprouts, chicken broth, soy sauce, dry sherry, salt, fresh cilantro",stir,20,"['t,c,s,f,l,d,b,nt,e,o,y,g']"
84231,singapore rice noodles,"noodles, eggs, curry powder, oriental sesame oil, peanut oil, medium shrimp, lean pork, boneless skinless chicken breasts, fresh ginger, garlic clove, hot chili pepper, chinese barbecue pork, red bell pepper, green bell pepper, scallions, fresh bean sprouts, chicken broth, soy sauce, dry sherry, salt, fresh cilantro",stir,21,"['pepper,peppers,bell,pork,ham,t,c,s,p,in,f,re,ad,red,l,d,b,e,green,o,y,g']"
84231,singapore rice noodles,"noodles, eggs, curry powder, oriental sesame oil, peanut oil, medium shrimp, lean pork, boneless skinless chicken breasts, fresh ginger, garlic clove, hot chili pepper, chinese barbecue pork, red bell pepper, green bell pepper, scallions, fresh bean sprouts, chicken broth, soy sauce, dry sherry, salt, fresh cilantro",cooked,12,"['shrimp,cook,t,c,min,s,p,in,f,hr,re,ad,l,d,b,nt,e,nut,o,y']"
84231,singapore rice noodles,"noodles, eggs, curry powder, oriental sesame oil, peanut oil, medium shrimp, lean pork, boneless skinless chicken breasts, fresh ginger, garlic clove, hot chili pepper, chinese barbecue pork, red bell pepper, green bell pepper, scallions, fresh bean sprouts, chicken broth, soy sauce, dry sherry, salt, fresh cilantro",cooked,15,"['chicken,pork,cook,t,c,min,s,p,in,f,chick,ad,l,d,b,nt,e,nut,o,y']"
84231,singapore rice noodles,"noodles, eggs, curry powder, oriental sesame oil, peanut oil, medium shrimp, lean pork, boneless skinless chicken breasts, fresh ginger, garlic clove, hot chili pepper, chinese barbecue pork, red bell pepper, green bell pepper, scallions, fresh bean sprouts, chicken broth, soy sauce, dry sherry, salt, fresh cilantro",remove,13,"['shrimp,t,s,p,in,reserve,hr,re,l,d,b,e,o,v']"
84231,singapore rice noodles,"noodles, eggs, curry powder, oriental sesame oil, peanut oil, medium shrimp, lean pork, boneless skinless chicken breasts, fresh ginger, garlic clove, hot chili pepper, chinese barbecue pork, red bell pepper, green bell pepper, scallions, fresh bean sprouts, chicken broth, soy sauce, dry sherry, salt, fresh cilantro",remove,16,"['s,in,reserve,re,l,d,b,e,o,v']"
84231,singapore rice noodles,"noodles, eggs, curry powder, oriental sesame oil, peanut oil, medium shrimp, lean pork, boneless skinless chicken breasts, fresh ginger, garlic clove, hot chili pepper, chinese barbecue pork, red bell pepper, green bell pepper, scallions, fresh bean sprouts, chicken broth, soy sauce, dry sherry, salt, fresh cilantro",place,17,"['t,c,heat,p,l,e,o,y,g,v']"
84231,singapore rice noodles,"noodles, eggs, curry powder, oriental sesame oil, peanut oil, medium shrimp, lean pork, boneless skinless chicken breasts, fresh ginger, garlic clove, hot chili pepper, chinese barbecue pork, red bell pepper, green bell pepper, scallions, fresh bean sprouts, chicken broth, soy sauce, dry sherry, salt, fresh cilantro",remaining,19,"['garlic,ginger,chili,powder,curry,t,c,chilies,s,p,in,de,re,ad,l,d,e,gin,o,y,g']"
84231,singapore rice noodles,"noodles, eggs, curry powder, oriental sesame oil, peanut oil, medium shrimp, lean pork, boneless skinless chicken breasts, fresh ginger, garlic clove, hot chili pepper, chinese barbecue pork, red bell pepper, green bell pepper, scallions, fresh bean sprouts, chicken broth, soy sauce, dry sherry, salt, fresh cilantro",remaining,23,"['oil,t,table,s,p,in,de,f,re,ad,red,l,d,b,nt,e,o,g,ts']"
84231,singapore rice noodles,"noodles, eggs, curry powder, oriental sesame oil, peanut oil, medium shrimp, lean pork, boneless skinless chicken breasts, fresh ginger, garlic clove, hot chili pepper, chinese barbecue pork, red bell pepper, green bell pepper, scallions, fresh bean sprouts, chicken broth, soy sauce, dry sherry, salt, fresh cilantro",fry,21,"['pepper,peppers,bell,pork,ham,t,c,s,p,in,f,re,ad,red,l,d,b,e,green,o,y,g']"
84231,singapore rice noodles,"noodles, eggs, curry powder, oriental sesame oil, peanut oil, medium shrimp, lean pork, boneless skinless chicken breasts, fresh ginger, garlic clove, hot chili pepper, chinese barbecue pork, red bell pepper, green bell pepper, scallions, fresh bean sprouts, chicken broth, soy sauce, dry sherry, salt, fresh cilantro",sprinkle,22,"['oil,water,cook,t,table,c,boil,s,p,in,f,l,d,b,nt,e,o,y']"
84231,singapore rice noodles,"noodles, eggs, curry powder, oriental sesame oil, peanut oil, medium shrimp, lean pork, boneless skinless chicken breasts, fresh ginger, garlic clove, hot chili pepper, chinese barbecue pork, red bell pepper, green bell pepper, scallions, fresh bean sprouts, chicken broth, soy sauce, dry sherry, salt, fresh cilantro",sprinkle,28,"['cilantro,t,c,s,p,in,l,d,nt,e,o,g']"
84231,singapore rice noodles,"noodles, eggs, curry powder, oriental sesame oil, peanut oil, medium shrimp, lean pork, boneless skinless chicken breasts, fresh ginger, garlic clove, hot chili pepper, chinese barbecue pork, red bell pepper, green bell pepper, scallions, fresh bean sprouts, chicken broth, soy sauce, dry sherry, salt, fresh cilantro",boils,22,"['oil,water,cook,t,table,c,boil,s,p,in,f,l,d,b,nt,e,o,y']"
84231,singapore rice noodles,"noodles, eggs, curry powder, oriental sesame oil, peanut oil, medium shrimp, lean pork, boneless skinless chicken breasts, fresh ginger, garlic clove, hot chili pepper, chinese barbecue pork, red bell pepper, green bell pepper, scallions, fresh bean sprouts, chicken broth, soy sauce, dry sherry, salt, fresh cilantro",push,23,"['oil,t,table,s,p,in,de,f,re,ad,red,l,d,b,nt,e,o,g,ts']"
84231,singapore rice noodles,"noodles, eggs, curry powder, oriental sesame oil, peanut oil, medium shrimp, lean pork, boneless skinless chicken breasts, fresh ginger, garlic clove, hot chili pepper, chinese barbecue pork, red bell pepper, green bell pepper, scallions, fresh bean sprouts, chicken broth, soy sauce, dry sherry, salt, fresh cilantro",reserved,27,"['salt,eggs,egg,t,c,s,reserve,re,ad,l,d,b,e,o,g,v']"
84231,singapore rice noodles,"noodles, eggs, curry powder, oriental sesame oil, peanut oil, medium shrimp, lean pork, boneless skinless chicken breasts, fresh ginger, garlic clove, hot chili pepper, chinese barbecue pork, red bell pepper, green bell pepper, scallions, fresh bean sprouts, chicken broth, soy sauce, dry sherry, salt, fresh cilantro",serve,29,"['t,s,e,o,v']"
