Id,Name,AllIngredients,Verbs,Steps,Ingredient
8429,chicken biryani ii,"vegetable oil, onions, garlic, fresh ginger, boneless chicken, brown cardamom pods, whole cloves, whole black peppercorns, dried coriander, cumin seed, white poppy seeds, fresh lemon juice, garam masala, cayenne pepper, salt, tomato paste, bay leaves, plain yogurt, tomatoes, green pepper ring, cilantro",add,2,"['ginger,t,min,mix,s,in']"
8429,chicken biryani ii,"vegetable oil, onions, garlic, fresh ginger, boneless chicken, brown cardamom pods, whole cloves, whole black peppercorns, dried coriander, cumin seed, white poppy seeds, fresh lemon juice, garam masala, cayenne pepper, salt, tomato paste, bay leaves, plain yogurt, tomatoes, green pepper ring, cilantro",add,3,"['chicken,c']"
8429,chicken biryani ii,"vegetable oil, onions, garlic, fresh ginger, boneless chicken, brown cardamom pods, whole cloves, whole black peppercorns, dried coriander, cumin seed, white poppy seeds, fresh lemon juice, garam masala, cayenne pepper, salt, tomato paste, bay leaves, plain yogurt, tomatoes, green pepper ring, cilantro",fry,2,"['ginger,t,min,mix,s,in']"
8429,chicken biryani ii,"vegetable oil, onions, garlic, fresh ginger, boneless chicken, brown cardamom pods, whole cloves, whole black peppercorns, dried coriander, cumin seed, white poppy seeds, fresh lemon juice, garam masala, cayenne pepper, salt, tomato paste, bay leaves, plain yogurt, tomatoes, green pepper ring, cilantro",transfer,2,"['ginger,t,min,mix,s,in']"
8429,chicken biryani ii,"vegetable oil, onions, garlic, fresh ginger, boneless chicken, brown cardamom pods, whole cloves, whole black peppercorns, dried coriander, cumin seed, white poppy seeds, fresh lemon juice, garam masala, cayenne pepper, salt, tomato paste, bay leaves, plain yogurt, tomatoes, green pepper ring, cilantro",grind,4,"['pepper,cloves,cumin,coriander,corn,cardamom,peppercorns,clove,seed,t,c,min,seeds,poppy,s,p,rind,in,de']"
8429,chicken biryani ii,"vegetable oil, onions, garlic, fresh ginger, boneless chicken, brown cardamom pods, whole cloves, whole black peppercorns, dried coriander, cumin seed, white poppy seeds, fresh lemon juice, garam masala, cayenne pepper, salt, tomato paste, bay leaves, plain yogurt, tomatoes, green pepper ring, cilantro",dried,4,"['pepper,cloves,cumin,coriander,corn,cardamom,peppercorns,clove,seed,t,c,min,seeds,poppy,s,p,rind,in,de']"
8429,chicken biryani ii,"vegetable oil, onions, garlic, fresh ginger, boneless chicken, brown cardamom pods, whole cloves, whole black peppercorns, dried coriander, cumin seed, white poppy seeds, fresh lemon juice, garam masala, cayenne pepper, salt, tomato paste, bay leaves, plain yogurt, tomatoes, green pepper ring, cilantro",blend,5,"['salt,juice,cayenne,tomato,paste,bay,lemon,garam,leaves,t,c,ice,yogurt,blend,s,p,end']"
8429,chicken biryani ii,"vegetable oil, onions, garlic, fresh ginger, boneless chicken, brown cardamom pods, whole cloves, whole black peppercorns, dried coriander, cumin seed, white poppy seeds, fresh lemon juice, garam masala, cayenne pepper, salt, tomato paste, bay leaves, plain yogurt, tomatoes, green pepper ring, cilantro",stir,6,"['vegetable,chicken,t,table,c,mix,s,in']"
8429,chicken biryani ii,"vegetable oil, onions, garlic, fresh ginger, boneless chicken, brown cardamom pods, whole cloves, whole black peppercorns, dried coriander, cumin seed, white poppy seeds, fresh lemon juice, garam masala, cayenne pepper, salt, tomato paste, bay leaves, plain yogurt, tomatoes, green pepper ring, cilantro",cover,6,"['vegetable,chicken,t,table,c,mix,s,in']"
8429,chicken biryani ii,"vegetable oil, onions, garlic, fresh ginger, boneless chicken, brown cardamom pods, whole cloves, whole black peppercorns, dried coriander, cumin seed, white poppy seeds, fresh lemon juice, garam masala, cayenne pepper, salt, tomato paste, bay leaves, plain yogurt, tomatoes, green pepper ring, cilantro",refrigerate,6,"['vegetable,chicken,t,table,c,mix,s,in']"
8429,chicken biryani ii,"vegetable oil, onions, garlic, fresh ginger, boneless chicken, brown cardamom pods, whole cloves, whole black peppercorns, dried coriander, cumin seed, white poppy seeds, fresh lemon juice, garam masala, cayenne pepper, salt, tomato paste, bay leaves, plain yogurt, tomatoes, green pepper ring, cilantro",using,7,"['pan,cook,t,c,min,heat,mix,s,p,in']"
8429,chicken biryani ii,"vegetable oil, onions, garlic, fresh ginger, boneless chicken, brown cardamom pods, whole cloves, whole black peppercorns, dried coriander, cumin seed, white poppy seeds, fresh lemon juice, garam masala, cayenne pepper, salt, tomato paste, bay leaves, plain yogurt, tomatoes, green pepper ring, cilantro",cook,7,"['pan,cook,t,c,min,heat,mix,s,p,in']"
8429,chicken biryani ii,"vegetable oil, onions, garlic, fresh ginger, boneless chicken, brown cardamom pods, whole cloves, whole black peppercorns, dried coriander, cumin seed, white poppy seeds, fresh lemon juice, garam masala, cayenne pepper, salt, tomato paste, bay leaves, plain yogurt, tomatoes, green pepper ring, cilantro",covered,7,"['pan,cook,t,c,min,heat,mix,s,p,in']"
8429,chicken biryani ii,"vegetable oil, onions, garlic, fresh ginger, boneless chicken, brown cardamom pods, whole cloves, whole black peppercorns, dried coriander, cumin seed, white poppy seeds, fresh lemon juice, garam masala, cayenne pepper, salt, tomato paste, bay leaves, plain yogurt, tomatoes, green pepper ring, cilantro",stirring,7,"['pan,cook,t,c,min,heat,mix,s,p,in']"
