Id,Name,AllIngredients,Verbs,Steps,Ingredient
84949,fast start soup,"low sodium beef broth, celery, kale, garlic, tomatoes, tomato sauce, water, vegetable soup mix, mixed vegetables, pearl barley, sweet potatoes, worcestershire sauce, bay leaf, ground thyme, black pepper, ground turkey, ginger, chili powder, paprika, marjoram, cayenne",fry,1,{}
84949,fast start soup,"low sodium beef broth, celery, kale, garlic, tomatoes, tomato sauce, water, vegetable soup mix, mixed vegetables, pearl barley, sweet potatoes, worcestershire sauce, bay leaf, ground thyme, black pepper, ground turkey, ginger, chili powder, paprika, marjoram, cayenne",set,1,"['ground,t,turkey,s,p,round,de,f,d']"
84949,fast start soup,"low sodium beef broth, celery, kale, garlic, tomatoes, tomato sauce, water, vegetable soup mix, mixed vegetables, pearl barley, sweet potatoes, worcestershire sauce, bay leaf, ground thyme, black pepper, ground turkey, ginger, chili powder, paprika, marjoram, cayenne",combine,2,"['pot,t,c,s,p,in,re,red,l,d,b']"
84949,fast start soup,"low sodium beef broth, celery, kale, garlic, tomatoes, tomato sauce, water, vegetable soup mix, mixed vegetables, pearl barley, sweet potatoes, worcestershire sauce, bay leaf, ground thyme, black pepper, ground turkey, ginger, chili powder, paprika, marjoram, cayenne",substitute,3,"['vegetable,beans,bean,corn,t,table,c,ice,peas,pea,s,p,can,veg,f,l,d,b,vegetables']"
84949,fast start soup,"low sodium beef broth, celery, kale, garlic, tomatoes, tomato sauce, water, vegetable soup mix, mixed vegetables, pearl barley, sweet potatoes, worcestershire sauce, bay leaf, ground thyme, black pepper, ground turkey, ginger, chili powder, paprika, marjoram, cayenne",be,4,"['garlic,cook,t,c,s,f,re,l,b']"
84949,fast start soup,"low sodium beef broth, celery, kale, garlic, tomatoes, tomato sauce, water, vegetable soup mix, mixed vegetables, pearl barley, sweet potatoes, worcestershire sauce, bay leaf, ground thyme, black pepper, ground turkey, ginger, chili powder, paprika, marjoram, cayenne",overcook,4,"['garlic,cook,t,c,s,f,re,l,b']"
84949,fast start soup,"low sodium beef broth, celery, kale, garlic, tomatoes, tomato sauce, water, vegetable soup mix, mixed vegetables, pearl barley, sweet potatoes, worcestershire sauce, bay leaf, ground thyme, black pepper, ground turkey, ginger, chili powder, paprika, marjoram, cayenne",turn,4,"['garlic,cook,t,c,s,f,re,l,b']"
84949,fast start soup,"low sodium beef broth, celery, kale, garlic, tomatoes, tomato sauce, water, vegetable soup mix, mixed vegetables, pearl barley, sweet potatoes, worcestershire sauce, bay leaf, ground thyme, black pepper, ground turkey, ginger, chili powder, paprika, marjoram, cayenne",bring,5,"['oil,t,boil,in,l,b']"
84949,fast start soup,"low sodium beef broth, celery, kale, garlic, tomatoes, tomato sauce, water, vegetable soup mix, mixed vegetables, pearl barley, sweet potatoes, worcestershire sauce, bay leaf, ground thyme, black pepper, ground turkey, ginger, chili powder, paprika, marjoram, cayenne",boil,5,"['oil,t,boil,in,l,b']"
84949,fast start soup,"low sodium beef broth, celery, kale, garlic, tomatoes, tomato sauce, water, vegetable soup mix, mixed vegetables, pearl barley, sweet potatoes, worcestershire sauce, bay leaf, ground thyme, black pepper, ground turkey, ginger, chili powder, paprika, marjoram, cayenne",reduce,6,"['t,c,heat,-,re,red,l,d']"
84949,fast start soup,"low sodium beef broth, celery, kale, garlic, tomatoes, tomato sauce, water, vegetable soup mix, mixed vegetables, pearl barley, sweet potatoes, worcestershire sauce, bay leaf, ground thyme, black pepper, ground turkey, ginger, chili powder, paprika, marjoram, cayenne",cover,7,"['pot,potatoes,t,c,min,tender,potato,s,p,end,in,de,f,re,l,d']"
84949,fast start soup,"low sodium beef broth, celery, kale, garlic, tomatoes, tomato sauce, water, vegetable soup mix, mixed vegetables, pearl barley, sweet potatoes, worcestershire sauce, bay leaf, ground thyme, black pepper, ground turkey, ginger, chili powder, paprika, marjoram, cayenne",simmer,7,"['pot,potatoes,t,c,min,tender,potato,s,p,end,in,de,f,re,l,d']"
84949,fast start soup,"low sodium beef broth, celery, kale, garlic, tomatoes, tomato sauce, water, vegetable soup mix, mixed vegetables, pearl barley, sweet potatoes, worcestershire sauce, bay leaf, ground thyme, black pepper, ground turkey, ginger, chili powder, paprika, marjoram, cayenne",are,7,"['pot,potatoes,t,c,min,tender,potato,s,p,end,in,de,f,re,l,d']"
84949,fast start soup,"low sodium beef broth, celery, kale, garlic, tomatoes, tomato sauce, water, vegetable soup mix, mixed vegetables, pearl barley, sweet potatoes, worcestershire sauce, bay leaf, ground thyme, black pepper, ground turkey, ginger, chili powder, paprika, marjoram, cayenne",add,8,"['t,soup,turkey,mix,s,p,re,ad,d']"
84949,fast start soup,"low sodium beef broth, celery, kale, garlic, tomatoes, tomato sauce, water, vegetable soup mix, mixed vegetables, pearl barley, sweet potatoes, worcestershire sauce, bay leaf, ground thyme, black pepper, ground turkey, ginger, chili powder, paprika, marjoram, cayenne",remove,9,"['bay,leaf,s,in,vin,f,re,l,b']"
84949,fast start soup,"low sodium beef broth, celery, kale, garlic, tomatoes, tomato sauce, water, vegetable soup mix, mixed vegetables, pearl barley, sweet potatoes, worcestershire sauce, bay leaf, ground thyme, black pepper, ground turkey, ginger, chili powder, paprika, marjoram, cayenne",serving,9,"['bay,leaf,s,in,vin,f,re,l,b']"
