Id,Name,AllIngredients,Verbs,Steps,Ingredient
85379,caserola milanese,"cornmeal, water, butter, salt, black pepper, parmesan cheese, olive oil, garlic, onions, carrots, celery, fresh basil, dried oregano, eggplants, green pepper, zucchini, canned tomatoes, tomato paste, red wine, mozzarella cheese",bring,1,{}
85379,caserola milanese,"cornmeal, water, butter, salt, black pepper, parmesan cheese, olive oil, garlic, onions, carrots, celery, fresh basil, dried oregano, eggplants, green pepper, zucchini, canned tomatoes, tomato paste, red wine, mozzarella cheese",add,2,"['corn,meal,cornmeal,t,c,s,p,in']"
85379,caserola milanese,"cornmeal, water, butter, salt, black pepper, parmesan cheese, olive oil, garlic, onions, carrots, celery, fresh basil, dried oregano, eggplants, green pepper, zucchini, canned tomatoes, tomato paste, red wine, mozzarella cheese",add,3,"['pepper,salt,butter,t,c,s,p,in']"
85379,caserola milanese,"cornmeal, water, butter, salt, black pepper, parmesan cheese, olive oil, garlic, onions, carrots, celery, fresh basil, dried oregano, eggplants, green pepper, zucchini, canned tomatoes, tomato paste, red wine, mozzarella cheese",add,10,"['carrots,celery,carrot,cook,spice,t,c,ice,min,heat,herbs,s,p,in,medium']"
85379,caserola milanese,"cornmeal, water, butter, salt, black pepper, parmesan cheese, olive oil, garlic, onions, carrots, celery, fresh basil, dried oregano, eggplants, green pepper, zucchini, canned tomatoes, tomato paste, red wine, mozzarella cheese",add,11,"['egg,carrots,carrot,t,c,min,eggplant,plan,s,p,in,color']"
85379,caserola milanese,"cornmeal, water, butter, salt, black pepper, parmesan cheese, olive oil, garlic, onions, carrots, celery, fresh basil, dried oregano, eggplants, green pepper, zucchini, canned tomatoes, tomato paste, red wine, mozzarella cheese",add,13,"['pepper,zucchini,peppers,cook,t,c,tender,s,p,end,in,de']"
85379,caserola milanese,"cornmeal, water, butter, salt, black pepper, parmesan cheese, olive oil, garlic, onions, carrots, celery, fresh basil, dried oregano, eggplants, green pepper, zucchini, canned tomatoes, tomato paste, red wine, mozzarella cheese",add,14,"['tomatoes,tomato,paste,wine,t,min,s,p,in,de']"
85379,caserola milanese,"cornmeal, water, butter, salt, black pepper, parmesan cheese, olive oil, garlic, onions, carrots, celery, fresh basil, dried oregano, eggplants, green pepper, zucchini, canned tomatoes, tomato paste, red wine, mozzarella cheese",stirring,2,"['corn,meal,cornmeal,t,c,s,p,in']"
85379,caserola milanese,"cornmeal, water, butter, salt, black pepper, parmesan cheese, olive oil, garlic, onions, carrots, celery, fresh basil, dried oregano, eggplants, green pepper, zucchini, canned tomatoes, tomato paste, red wine, mozzarella cheese",continuing,3,"['pepper,salt,butter,t,c,s,p,in']"
85379,caserola milanese,"cornmeal, water, butter, salt, black pepper, parmesan cheese, olive oil, garlic, onions, carrots, celery, fresh basil, dried oregano, eggplants, green pepper, zucchini, canned tomatoes, tomato paste, red wine, mozzarella cheese",stir,3,"['pepper,salt,butter,t,c,s,p,in']"
85379,caserola milanese,"cornmeal, water, butter, salt, black pepper, parmesan cheese, olive oil, garlic, onions, carrots, celery, fresh basil, dried oregano, eggplants, green pepper, zucchini, canned tomatoes, tomato paste, red wine, mozzarella cheese",stir,5,"['pot,t,c,stick,s,p,in']"
85379,caserola milanese,"cornmeal, water, butter, salt, black pepper, parmesan cheese, olive oil, garlic, onions, carrots, celery, fresh basil, dried oregano, eggplants, green pepper, zucchini, canned tomatoes, tomato paste, red wine, mozzarella cheese",stir,6,"['parmesan,t,c,heat,s,p,in']"
85379,caserola milanese,"cornmeal, water, butter, salt, black pepper, parmesan cheese, olive oil, garlic, onions, carrots, celery, fresh basil, dried oregano, eggplants, green pepper, zucchini, canned tomatoes, tomato paste, red wine, mozzarella cheese",stir,12,"['t,s']"
85379,caserola milanese,"cornmeal, water, butter, salt, black pepper, parmesan cheese, olive oil, garlic, onions, carrots, celery, fresh basil, dried oregano, eggplants, green pepper, zucchini, canned tomatoes, tomato paste, red wine, mozzarella cheese",stir,15,"['vegetable,parmesan,t,table,c,heat,s,p,in']"
85379,caserola milanese,"cornmeal, water, butter, salt, black pepper, parmesan cheese, olive oil, garlic, onions, carrots, celery, fresh basil, dried oregano, eggplants, green pepper, zucchini, canned tomatoes, tomato paste, red wine, mozzarella cheese",simmer,4,"['t,min,heat,s,in']"
85379,caserola milanese,"cornmeal, water, butter, salt, black pepper, parmesan cheese, olive oil, garlic, onions, carrots, celery, fresh basil, dried oregano, eggplants, green pepper, zucchini, canned tomatoes, tomato paste, red wine, mozzarella cheese",simmer,14,"['tomatoes,tomato,paste,wine,t,min,s,p,in,de']"
85379,caserola milanese,"cornmeal, water, butter, salt, black pepper, parmesan cheese, olive oil, garlic, onions, carrots, celery, fresh basil, dried oregano, eggplants, green pepper, zucchini, canned tomatoes, tomato paste, red wine, mozzarella cheese",avoid,5,"['pot,t,c,stick,s,p,in']"
85379,caserola milanese,"cornmeal, water, butter, salt, black pepper, parmesan cheese, olive oil, garlic, onions, carrots, celery, fresh basil, dried oregano, eggplants, green pepper, zucchini, canned tomatoes, tomato paste, red wine, mozzarella cheese",sticking,5,"['pot,t,c,stick,s,p,in']"
85379,caserola milanese,"cornmeal, water, butter, salt, black pepper, parmesan cheese, olive oil, garlic, onions, carrots, celery, fresh basil, dried oregano, eggplants, green pepper, zucchini, canned tomatoes, tomato paste, red wine, mozzarella cheese",thickened,6,"['parmesan,t,c,heat,s,p,in']"
85379,caserola milanese,"cornmeal, water, butter, salt, black pepper, parmesan cheese, olive oil, garlic, onions, carrots, celery, fresh basil, dried oregano, eggplants, green pepper, zucchini, canned tomatoes, tomato paste, red wine, mozzarella cheese",remove,6,"['parmesan,t,c,heat,s,p,in']"
85379,caserola milanese,"cornmeal, water, butter, salt, black pepper, parmesan cheese, olive oil, garlic, onions, carrots, celery, fresh basil, dried oregano, eggplants, green pepper, zucchini, canned tomatoes, tomato paste, red wine, mozzarella cheese",remove,15,"['vegetable,parmesan,t,table,c,heat,s,p,in']"
85379,caserola milanese,"cornmeal, water, butter, salt, black pepper, parmesan cheese, olive oil, garlic, onions, carrots, celery, fresh basil, dried oregano, eggplants, green pepper, zucchini, canned tomatoes, tomato paste, red wine, mozzarella cheese",pour,7,"['butter,t,c,min,s,p,in,dish']"
85379,caserola milanese,"cornmeal, water, butter, salt, black pepper, parmesan cheese, olive oil, garlic, onions, carrots, celery, fresh basil, dried oregano, eggplants, green pepper, zucchini, canned tomatoes, tomato paste, red wine, mozzarella cheese",buttered,7,"['butter,t,c,min,s,p,in,dish']"
85379,caserola milanese,"cornmeal, water, butter, salt, black pepper, parmesan cheese, olive oil, garlic, onions, carrots, celery, fresh basil, dried oregano, eggplants, green pepper, zucchini, canned tomatoes, tomato paste, red wine, mozzarella cheese",let,7,"['butter,t,c,min,s,p,in,dish']"
85379,caserola milanese,"cornmeal, water, butter, salt, black pepper, parmesan cheese, olive oil, garlic, onions, carrots, celery, fresh basil, dried oregano, eggplants, green pepper, zucchini, canned tomatoes, tomato paste, red wine, mozzarella cheese",cool,7,"['butter,t,c,min,s,p,in,dish']"
85379,caserola milanese,"cornmeal, water, butter, salt, black pepper, parmesan cheese, olive oil, garlic, onions, carrots, celery, fresh basil, dried oregano, eggplants, green pepper, zucchini, canned tomatoes, tomato paste, red wine, mozzarella cheese",refrigerate,8,"['read,t,c,s']"
85379,caserola milanese,"cornmeal, water, butter, salt, black pepper, parmesan cheese, olive oil, garlic, onions, carrots, celery, fresh basil, dried oregano, eggplants, green pepper, zucchini, canned tomatoes, tomato paste, red wine, mozzarella cheese",are,8,"['read,t,c,s']"
85379,caserola milanese,"cornmeal, water, butter, salt, black pepper, parmesan cheese, olive oil, garlic, onions, carrots, celery, fresh basil, dried oregano, eggplants, green pepper, zucchini, canned tomatoes, tomato paste, red wine, mozzarella cheese",are,9,"['garlic,oil,onion,onions,t,c,s,in']"
85379,caserola milanese,"cornmeal, water, butter, salt, black pepper, parmesan cheese, olive oil, garlic, onions, carrots, celery, fresh basil, dried oregano, eggplants, green pepper, zucchini, canned tomatoes, tomato paste, red wine, mozzarella cheese",are,11,"['egg,carrots,carrot,t,c,min,eggplant,plan,s,p,in,color']"
85379,caserola milanese,"cornmeal, water, butter, salt, black pepper, parmesan cheese, olive oil, garlic, onions, carrots, celery, fresh basil, dried oregano, eggplants, green pepper, zucchini, canned tomatoes, tomato paste, red wine, mozzarella cheese",assemble,8,"['read,t,c,s']"
85379,caserola milanese,"cornmeal, water, butter, salt, black pepper, parmesan cheese, olive oil, garlic, onions, carrots, celery, fresh basil, dried oregano, eggplants, green pepper, zucchini, canned tomatoes, tomato paste, red wine, mozzarella cheese",saut,9,"['garlic,oil,onion,onions,t,c,s,in']"
85379,caserola milanese,"cornmeal, water, butter, salt, black pepper, parmesan cheese, olive oil, garlic, onions, carrots, celery, fresh basil, dried oregano, eggplants, green pepper, zucchini, canned tomatoes, tomato paste, red wine, mozzarella cheese",saut,11,"['egg,carrots,carrot,t,c,min,eggplant,plan,s,p,in,color']"
85379,caserola milanese,"cornmeal, water, butter, salt, black pepper, parmesan cheese, olive oil, garlic, onions, carrots, celery, fresh basil, dried oregano, eggplants, green pepper, zucchini, canned tomatoes, tomato paste, red wine, mozzarella cheese",continue,10,"['carrots,celery,carrot,cook,spice,t,c,ice,min,heat,herbs,s,p,in,medium']"
85379,caserola milanese,"cornmeal, water, butter, salt, black pepper, parmesan cheese, olive oil, garlic, onions, carrots, celery, fresh basil, dried oregano, eggplants, green pepper, zucchini, canned tomatoes, tomato paste, red wine, mozzarella cheese",continue,11,"['egg,carrots,carrot,t,c,min,eggplant,plan,s,p,in,color']"
85379,caserola milanese,"cornmeal, water, butter, salt, black pepper, parmesan cheese, olive oil, garlic, onions, carrots, celery, fresh basil, dried oregano, eggplants, green pepper, zucchini, canned tomatoes, tomato paste, red wine, mozzarella cheese",cook,10,"['carrots,celery,carrot,cook,spice,t,c,ice,min,heat,herbs,s,p,in,medium']"
85379,caserola milanese,"cornmeal, water, butter, salt, black pepper, parmesan cheese, olive oil, garlic, onions, carrots, celery, fresh basil, dried oregano, eggplants, green pepper, zucchini, canned tomatoes, tomato paste, red wine, mozzarella cheese",desired,14,"['tomatoes,tomato,paste,wine,t,min,s,p,in,de']"
85379,caserola milanese,"cornmeal, water, butter, salt, black pepper, parmesan cheese, olive oil, garlic, onions, carrots, celery, fresh basil, dried oregano, eggplants, green pepper, zucchini, canned tomatoes, tomato paste, red wine, mozzarella cheese",take,16,"['sauce,vegetable,t,table,c,s,p']"
85379,caserola milanese,"cornmeal, water, butter, salt, black pepper, parmesan cheese, olive oil, garlic, onions, carrots, celery, fresh basil, dried oregano, eggplants, green pepper, zucchini, canned tomatoes, tomato paste, red wine, mozzarella cheese",spoon,16,"['sauce,vegetable,t,table,c,s,p']"
85379,caserola milanese,"cornmeal, water, butter, salt, black pepper, parmesan cheese, olive oil, garlic, onions, carrots, celery, fresh basil, dried oregano, eggplants, green pepper, zucchini, canned tomatoes, tomato paste, red wine, mozzarella cheese",bake,18,"['cheese,brown,t,c,min,s,in']"
85379,caserola milanese,"cornmeal, water, butter, salt, black pepper, parmesan cheese, olive oil, garlic, onions, carrots, celery, fresh basil, dried oregano, eggplants, green pepper, zucchini, canned tomatoes, tomato paste, red wine, mozzarella cheese",bake,20,"['vegetable,mozzarella,t,table,c,s,p,in,vin']"
85379,caserola milanese,"cornmeal, water, butter, salt, black pepper, parmesan cheese, olive oil, garlic, onions, carrots, celery, fresh basil, dried oregano, eggplants, green pepper, zucchini, canned tomatoes, tomato paste, red wine, mozzarella cheese",uncovered,18,"['cheese,brown,t,c,min,s,in']"
85379,caserola milanese,"cornmeal, water, butter, salt, black pepper, parmesan cheese, olive oil, garlic, onions, carrots, celery, fresh basil, dried oregano, eggplants, green pepper, zucchini, canned tomatoes, tomato paste, red wine, mozzarella cheese",begins,18,"['cheese,brown,t,c,min,s,in']"
85379,caserola milanese,"cornmeal, water, butter, salt, black pepper, parmesan cheese, olive oil, garlic, onions, carrots, celery, fresh basil, dried oregano, eggplants, green pepper, zucchini, canned tomatoes, tomato paste, red wine, mozzarella cheese",brown,18,"['cheese,brown,t,c,min,s,in']"
85379,caserola milanese,"cornmeal, water, butter, salt, black pepper, parmesan cheese, olive oil, garlic, onions, carrots, celery, fresh basil, dried oregano, eggplants, green pepper, zucchini, canned tomatoes, tomato paste, red wine, mozzarella cheese",allow,19,"['t,min,s,in,vin']"
85379,caserola milanese,"cornmeal, water, butter, salt, black pepper, parmesan cheese, olive oil, garlic, onions, carrots, celery, fresh basil, dried oregano, eggplants, green pepper, zucchini, canned tomatoes, tomato paste, red wine, mozzarella cheese",rest,19,"['t,min,s,in,vin']"
85379,caserola milanese,"cornmeal, water, butter, salt, black pepper, parmesan cheese, olive oil, garlic, onions, carrots, celery, fresh basil, dried oregano, eggplants, green pepper, zucchini, canned tomatoes, tomato paste, red wine, mozzarella cheese",serving,19,"['t,min,s,in,vin']"
85379,caserola milanese,"cornmeal, water, butter, salt, black pepper, parmesan cheese, olive oil, garlic, onions, carrots, celery, fresh basil, dried oregano, eggplants, green pepper, zucchini, canned tomatoes, tomato paste, red wine, mozzarella cheese",serving,20,"['vegetable,mozzarella,t,table,c,s,p,in,vin']"
85379,caserola milanese,"cornmeal, water, butter, salt, black pepper, parmesan cheese, olive oil, garlic, onions, carrots, celery, fresh basil, dried oregano, eggplants, green pepper, zucchini, canned tomatoes, tomato paste, red wine, mozzarella cheese",have,20,"['vegetable,mozzarella,t,table,c,s,p,in,vin']"
85379,caserola milanese,"cornmeal, water, butter, salt, black pepper, parmesan cheese, olive oil, garlic, onions, carrots, celery, fresh basil, dried oregano, eggplants, green pepper, zucchini, canned tomatoes, tomato paste, red wine, mozzarella cheese",try,20,"['vegetable,mozzarella,t,table,c,s,p,in,vin']"
85379,caserola milanese,"cornmeal, water, butter, salt, black pepper, parmesan cheese, olive oil, garlic, onions, carrots, celery, fresh basil, dried oregano, eggplants, green pepper, zucchini, canned tomatoes, tomato paste, red wine, mozzarella cheese",topped,20,"['vegetable,mozzarella,t,table,c,s,p,in,vin']"
85379,caserola milanese,"cornmeal, water, butter, salt, black pepper, parmesan cheese, olive oil, garlic, onions, carrots, celery, fresh basil, dried oregano, eggplants, green pepper, zucchini, canned tomatoes, tomato paste, red wine, mozzarella cheese",prefer,21,"['t,c,s,p,essence']"
85379,caserola milanese,"cornmeal, water, butter, salt, black pepper, parmesan cheese, olive oil, garlic, onions, carrots, celery, fresh basil, dried oregano, eggplants, green pepper, zucchini, canned tomatoes, tomato paste, red wine, mozzarella cheese",is,21,"['t,c,s,p,essence']"
85379,caserola milanese,"cornmeal, water, butter, salt, black pepper, parmesan cheese, olive oil, garlic, onions, carrots, celery, fresh basil, dried oregano, eggplants, green pepper, zucchini, canned tomatoes, tomato paste, red wine, mozzarella cheese",pays,21,"['t,c,s,p,essence']"
85379,caserola milanese,"cornmeal, water, butter, salt, black pepper, parmesan cheese, olive oil, garlic, onions, carrots, celery, fresh basil, dried oregano, eggplants, green pepper, zucchini, canned tomatoes, tomato paste, red wine, mozzarella cheese",be,21,"['t,c,s,p,essence']"
85379,caserola milanese,"cornmeal, water, butter, salt, black pepper, parmesan cheese, olive oil, garlic, onions, carrots, celery, fresh basil, dried oregano, eggplants, green pepper, zucchini, canned tomatoes, tomato paste, red wine, mozzarella cheese",serve,22,"['t,salad,c,s,p']"
