Id,Name,AllIngredients,Verbs,Steps,Ingredient
85552,union square cafe s tuna club sandwich,"egg yolks, lemon juice, red wine vinegar, dijon mustard, garlic, kosher salt, olive oil, fresh coarse ground black pepper, onion, carrot, celery, bay leaf, whole black peppercorns, yellowfin tuna fillet, fennel seed, red bell peppers, yellow bell peppers, red onion, fresh basil leaf, mint, fresh ground black pepper, fresh lemon juice, sourdough bread, arugula, thick slab bacon",make,1,{}
85552,union square cafe s tuna club sandwich,"egg yolks, lemon juice, red wine vinegar, dijon mustard, garlic, kosher salt, olive oil, fresh coarse ground black pepper, onion, carrot, celery, bay leaf, whole black peppercorns, yellowfin tuna fillet, fennel seed, red bell peppers, yellow bell peppers, red onion, fresh basil leaf, mint, fresh ground black pepper, fresh lemon juice, sourdough bread, arugula, thick slab bacon",make,21,"['t,c,pea,s,p,sandwich,hr,re,l,d,b,club,e,o']"
85552,union square cafe s tuna club sandwich,"egg yolks, lemon juice, red wine vinegar, dijon mustard, garlic, kosher salt, olive oil, fresh coarse ground black pepper, onion, carrot, celery, bay leaf, whole black peppercorns, yellowfin tuna fillet, fennel seed, red bell peppers, yellow bell peppers, red onion, fresh basil leaf, mint, fresh ground black pepper, fresh lemon juice, sourdough bread, arugula, thick slab bacon",combine,1,"['garlic,salt,juice,egg,mustard,vinegar,lemon,t,c,ice,yolk,star,s,p,must,in,food,vin,yolks,tar,f,mu,l,d,b,e,vine,aioli,o,y,g,v']"
85552,union square cafe s tuna club sandwich,"egg yolks, lemon juice, red wine vinegar, dijon mustard, garlic, kosher salt, olive oil, fresh coarse ground black pepper, onion, carrot, celery, bay leaf, whole black peppercorns, yellowfin tuna fillet, fennel seed, red bell peppers, yellow bell peppers, red onion, fresh basil leaf, mint, fresh ground black pepper, fresh lemon juice, sourdough bread, arugula, thick slab bacon",combine,5,"['sauce,pepper,oil,water,onion,celery,pan,corn,bay,leaf,carrot,peppercorns,t,c,boil,heat,s,p,in,f,au,-,l,d,b,e,ring,corns,o,y,g,v']"
85552,union square cafe s tuna club sandwich,"egg yolks, lemon juice, red wine vinegar, dijon mustard, garlic, kosher salt, olive oil, fresh coarse ground black pepper, onion, carrot, celery, bay leaf, whole black peppercorns, yellowfin tuna fillet, fennel seed, red bell peppers, yellow bell peppers, red onion, fresh basil leaf, mint, fresh ground black pepper, fresh lemon juice, sourdough bread, arugula, thick slab bacon",combine,16,"['pepper,salt,juice,season,seasoning,lemon,sea,t,c,ice,s,p,in,de,f,ad,l,d,b,e,o,g,seasonings']"
85552,union square cafe s tuna club sandwich,"egg yolks, lemon juice, red wine vinegar, dijon mustard, garlic, kosher salt, olive oil, fresh coarse ground black pepper, onion, carrot, celery, bay leaf, whole black peppercorns, yellowfin tuna fillet, fennel seed, red bell peppers, yellow bell peppers, red onion, fresh basil leaf, mint, fresh ground black pepper, fresh lemon juice, sourdough bread, arugula, thick slab bacon",running,2,"['oil,olive,mayonnaise,t,c,mayo,mix,s,in,tube,f,hr,re,ad,l,d,b,nt,e,mac,o,y,g,v']"
85552,union square cafe s tuna club sandwich,"egg yolks, lemon juice, red wine vinegar, dijon mustard, garlic, kosher salt, olive oil, fresh coarse ground black pepper, onion, carrot, celery, bay leaf, whole black peppercorns, yellowfin tuna fillet, fennel seed, red bell peppers, yellow bell peppers, red onion, fresh basil leaf, mint, fresh ground black pepper, fresh lemon juice, sourdough bread, arugula, thick slab bacon",add,2,"['oil,olive,mayonnaise,t,c,mayo,mix,s,in,tube,f,hr,re,ad,l,d,b,nt,e,mac,o,y,g,v']"
85552,union square cafe s tuna club sandwich,"egg yolks, lemon juice, red wine vinegar, dijon mustard, garlic, kosher salt, olive oil, fresh coarse ground black pepper, onion, carrot, celery, bay leaf, whole black peppercorns, yellowfin tuna fillet, fennel seed, red bell peppers, yellow bell peppers, red onion, fresh basil leaf, mint, fresh ground black pepper, fresh lemon juice, sourdough bread, arugula, thick slab bacon",add,3,"['pepper,c,mix,s,p,ad,d,e,o']"
85552,union square cafe s tuna club sandwich,"egg yolks, lemon juice, red wine vinegar, dijon mustard, garlic, kosher salt, olive oil, fresh coarse ground black pepper, onion, carrot, celery, bay leaf, whole black peppercorns, yellowfin tuna fillet, fennel seed, red bell peppers, yellow bell peppers, red onion, fresh basil leaf, mint, fresh ground black pepper, fresh lemon juice, sourdough bread, arugula, thick slab bacon",add,7,"['cook,tuna,t,c,min,s,p,in,pie,hr,re,ad,l,pieces,d,b,nt,e,nut,o,y,g']"
85552,union square cafe s tuna club sandwich,"egg yolks, lemon juice, red wine vinegar, dijon mustard, garlic, kosher salt, olive oil, fresh coarse ground black pepper, onion, carrot, celery, bay leaf, whole black peppercorns, yellowfin tuna fillet, fennel seed, red bell peppers, yellow bell peppers, red onion, fresh basil leaf, mint, fresh ground black pepper, fresh lemon juice, sourdough bread, arugula, thick slab bacon",add,14,"['pepper,salt,onion,peppers,t,c,herbs,s,p,de,re,ad,red,l,d,b,e,aioli,o,y,herb']"
85552,union square cafe s tuna club sandwich,"egg yolks, lemon juice, red wine vinegar, dijon mustard, garlic, kosher salt, olive oil, fresh coarse ground black pepper, onion, carrot, celery, bay leaf, whole black peppercorns, yellowfin tuna fillet, fennel seed, red bell peppers, yellow bell peppers, red onion, fresh basil leaf, mint, fresh ground black pepper, fresh lemon juice, sourdough bread, arugula, thick slab bacon",absorbed,2,"['oil,olive,mayonnaise,t,c,mayo,mix,s,in,tube,f,hr,re,ad,l,d,b,nt,e,mac,o,y,g,v']"
85552,union square cafe s tuna club sandwich,"egg yolks, lemon juice, red wine vinegar, dijon mustard, garlic, kosher salt, olive oil, fresh coarse ground black pepper, onion, carrot, celery, bay leaf, whole black peppercorns, yellowfin tuna fillet, fennel seed, red bell peppers, yellow bell peppers, red onion, fresh basil leaf, mint, fresh ground black pepper, fresh lemon juice, sourdough bread, arugula, thick slab bacon",has,2,"['oil,olive,mayonnaise,t,c,mayo,mix,s,in,tube,f,hr,re,ad,l,d,b,nt,e,mac,o,y,g,v']"
85552,union square cafe s tuna club sandwich,"egg yolks, lemon juice, red wine vinegar, dijon mustard, garlic, kosher salt, olive oil, fresh coarse ground black pepper, onion, carrot, celery, bay leaf, whole black peppercorns, yellowfin tuna fillet, fennel seed, red bell peppers, yellow bell peppers, red onion, fresh basil leaf, mint, fresh ground black pepper, fresh lemon juice, sourdough bread, arugula, thick slab bacon",mix,3,"['pepper,c,mix,s,p,ad,d,e,o']"
85552,union square cafe s tuna club sandwich,"egg yolks, lemon juice, red wine vinegar, dijon mustard, garlic, kosher salt, olive oil, fresh coarse ground black pepper, onion, carrot, celery, bay leaf, whole black peppercorns, yellowfin tuna fillet, fennel seed, red bell peppers, yellow bell peppers, red onion, fresh basil leaf, mint, fresh ground black pepper, fresh lemon juice, sourdough bread, arugula, thick slab bacon",mix,15,"['tuna,t,fennel,mix,in,f,re,l,flake,d,nt,e,o']"
85552,union square cafe s tuna club sandwich,"egg yolks, lemon juice, red wine vinegar, dijon mustard, garlic, kosher salt, olive oil, fresh coarse ground black pepper, onion, carrot, celery, bay leaf, whole black peppercorns, yellowfin tuna fillet, fennel seed, red bell peppers, yellow bell peppers, red onion, fresh basil leaf, mint, fresh ground black pepper, fresh lemon juice, sourdough bread, arugula, thick slab bacon",transfer,4,"['t,c,s,f,re,l,d,b,e,o,g,v']"
85552,union square cafe s tuna club sandwich,"egg yolks, lemon juice, red wine vinegar, dijon mustard, garlic, kosher salt, olive oil, fresh coarse ground black pepper, onion, carrot, celery, bay leaf, whole black peppercorns, yellowfin tuna fillet, fennel seed, red bell peppers, yellow bell peppers, red onion, fresh basil leaf, mint, fresh ground black pepper, fresh lemon juice, sourdough bread, arugula, thick slab bacon",cover,4,"['t,c,s,f,re,l,d,b,e,o,g,v']"
85552,union square cafe s tuna club sandwich,"egg yolks, lemon juice, red wine vinegar, dijon mustard, garlic, kosher salt, olive oil, fresh coarse ground black pepper, onion, carrot, celery, bay leaf, whole black peppercorns, yellowfin tuna fillet, fennel seed, red bell peppers, yellow bell peppers, red onion, fresh basil leaf, mint, fresh ground black pepper, fresh lemon juice, sourdough bread, arugula, thick slab bacon",cover,6,"['cook,t,c,min,s,in,f,l,d,e,nut,o,v']"
85552,union square cafe s tuna club sandwich,"egg yolks, lemon juice, red wine vinegar, dijon mustard, garlic, kosher salt, olive oil, fresh coarse ground black pepper, onion, carrot, celery, bay leaf, whole black peppercorns, yellowfin tuna fillet, fennel seed, red bell peppers, yellow bell peppers, red onion, fresh basil leaf, mint, fresh ground black pepper, fresh lemon juice, sourdough bread, arugula, thick slab bacon",cover,10,"['t,c,s,l,d,e,o,y,v']"
85552,union square cafe s tuna club sandwich,"egg yolks, lemon juice, red wine vinegar, dijon mustard, garlic, kosher salt, olive oil, fresh coarse ground black pepper, onion, carrot, celery, bay leaf, whole black peppercorns, yellowfin tuna fillet, fennel seed, red bell peppers, yellow bell peppers, red onion, fresh basil leaf, mint, fresh ground black pepper, fresh lemon juice, sourdough bread, arugula, thick slab bacon",refrigerate,4,"['t,c,s,f,re,l,d,b,e,o,g,v']"
85552,union square cafe s tuna club sandwich,"egg yolks, lemon juice, red wine vinegar, dijon mustard, garlic, kosher salt, olive oil, fresh coarse ground black pepper, onion, carrot, celery, bay leaf, whole black peppercorns, yellowfin tuna fillet, fennel seed, red bell peppers, yellow bell peppers, red onion, fresh basil leaf, mint, fresh ground black pepper, fresh lemon juice, sourdough bread, arugula, thick slab bacon",bring,5,"['sauce,pepper,oil,water,onion,celery,pan,corn,bay,leaf,carrot,peppercorns,t,c,boil,heat,s,p,in,f,au,-,l,d,b,e,ring,corns,o,y,g,v']"
85552,union square cafe s tuna club sandwich,"egg yolks, lemon juice, red wine vinegar, dijon mustard, garlic, kosher salt, olive oil, fresh coarse ground black pepper, onion, carrot, celery, bay leaf, whole black peppercorns, yellowfin tuna fillet, fennel seed, red bell peppers, yellow bell peppers, red onion, fresh basil leaf, mint, fresh ground black pepper, fresh lemon juice, sourdough bread, arugula, thick slab bacon",simmer,6,"['cook,t,c,min,s,in,f,l,d,e,nut,o,v']"
85552,union square cafe s tuna club sandwich,"egg yolks, lemon juice, red wine vinegar, dijon mustard, garlic, kosher salt, olive oil, fresh coarse ground black pepper, onion, carrot, celery, bay leaf, whole black peppercorns, yellowfin tuna fillet, fennel seed, red bell peppers, yellow bell peppers, red onion, fresh basil leaf, mint, fresh ground black pepper, fresh lemon juice, sourdough bread, arugula, thick slab bacon",simmer,7,"['cook,tuna,t,c,min,s,p,in,pie,hr,re,ad,l,pieces,d,b,nt,e,nut,o,y,g']"
85552,union square cafe s tuna club sandwich,"egg yolks, lemon juice, red wine vinegar, dijon mustard, garlic, kosher salt, olive oil, fresh coarse ground black pepper, onion, carrot, celery, bay leaf, whole black peppercorns, yellowfin tuna fillet, fennel seed, red bell peppers, yellow bell peppers, red onion, fresh basil leaf, mint, fresh ground black pepper, fresh lemon juice, sourdough bread, arugula, thick slab bacon",cook,6,"['cook,t,c,min,s,in,f,l,d,e,nut,o,v']"
85552,union square cafe s tuna club sandwich,"egg yolks, lemon juice, red wine vinegar, dijon mustard, garlic, kosher salt, olive oil, fresh coarse ground black pepper, onion, carrot, celery, bay leaf, whole black peppercorns, yellowfin tuna fillet, fennel seed, red bell peppers, yellow bell peppers, red onion, fresh basil leaf, mint, fresh ground black pepper, fresh lemon juice, sourdough bread, arugula, thick slab bacon",cooked,7,"['cook,tuna,t,c,min,s,p,in,pie,hr,re,ad,l,pieces,d,b,nt,e,nut,o,y,g']"
85552,union square cafe s tuna club sandwich,"egg yolks, lemon juice, red wine vinegar, dijon mustard, garlic, kosher salt, olive oil, fresh coarse ground black pepper, onion, carrot, celery, bay leaf, whole black peppercorns, yellowfin tuna fillet, fennel seed, red bell peppers, yellow bell peppers, red onion, fresh basil leaf, mint, fresh ground black pepper, fresh lemon juice, sourdough bread, arugula, thick slab bacon",remove,8,"['cook,tuna,t,c,cooking,s,p,in,f,re,liquid,l,d,b,e,o,g,v']"
85552,union square cafe s tuna club sandwich,"egg yolks, lemon juice, red wine vinegar, dijon mustard, garlic, kosher salt, olive oil, fresh coarse ground black pepper, onion, carrot, celery, bay leaf, whole black peppercorns, yellowfin tuna fillet, fennel seed, red bell peppers, yellow bell peppers, red onion, fresh basil leaf, mint, fresh ground black pepper, fresh lemon juice, sourdough bread, arugula, thick slab bacon",cooking,8,"['cook,tuna,t,c,cooking,s,p,in,f,re,liquid,l,d,b,e,o,g,v']"
85552,union square cafe s tuna club sandwich,"egg yolks, lemon juice, red wine vinegar, dijon mustard, garlic, kosher salt, olive oil, fresh coarse ground black pepper, onion, carrot, celery, bay leaf, whole black peppercorns, yellowfin tuna fillet, fennel seed, red bell peppers, yellow bell peppers, red onion, fresh basil leaf, mint, fresh ground black pepper, fresh lemon juice, sourdough bread, arugula, thick slab bacon",using,8,"['cook,tuna,t,c,cooking,s,p,in,f,re,liquid,l,d,b,e,o,g,v']"
85552,union square cafe s tuna club sandwich,"egg yolks, lemon juice, red wine vinegar, dijon mustard, garlic, kosher salt, olive oil, fresh coarse ground black pepper, onion, carrot, celery, bay leaf, whole black peppercorns, yellowfin tuna fillet, fennel seed, red bell peppers, yellow bell peppers, red onion, fresh basil leaf, mint, fresh ground black pepper, fresh lemon juice, sourdough bread, arugula, thick slab bacon",is,9,"['t,c,fish,s,p,in,pie,f,l,flake,pieces,warm,nt,e,o,y,g']"
85552,union square cafe s tuna club sandwich,"egg yolks, lemon juice, red wine vinegar, dijon mustard, garlic, kosher salt, olive oil, fresh coarse ground black pepper, onion, carrot, celery, bay leaf, whole black peppercorns, yellowfin tuna fillet, fennel seed, red bell peppers, yellow bell peppers, red onion, fresh basil leaf, mint, fresh ground black pepper, fresh lemon juice, sourdough bread, arugula, thick slab bacon",flake,9,"['t,c,fish,s,p,in,pie,f,l,flake,pieces,warm,nt,e,o,y,g']"
85552,union square cafe s tuna club sandwich,"egg yolks, lemon juice, red wine vinegar, dijon mustard, garlic, kosher salt, olive oil, fresh coarse ground black pepper, onion, carrot, celery, bay leaf, whole black peppercorns, yellowfin tuna fillet, fennel seed, red bell peppers, yellow bell peppers, red onion, fresh basil leaf, mint, fresh ground black pepper, fresh lemon juice, sourdough bread, arugula, thick slab bacon",let,10,"['t,c,s,l,d,e,o,y,v']"
85552,union square cafe s tuna club sandwich,"egg yolks, lemon juice, red wine vinegar, dijon mustard, garlic, kosher salt, olive oil, fresh coarse ground black pepper, onion, carrot, celery, bay leaf, whole black peppercorns, yellowfin tuna fillet, fennel seed, red bell peppers, yellow bell peppers, red onion, fresh basil leaf, mint, fresh ground black pepper, fresh lemon juice, sourdough bread, arugula, thick slab bacon",crush,11,"['seed,t,c,fennel,seeds,s,p,sheet,sheets,paper,f,l,d,b,e,o,ts']"
85552,union square cafe s tuna club sandwich,"egg yolks, lemon juice, red wine vinegar, dijon mustard, garlic, kosher salt, olive oil, fresh coarse ground black pepper, onion, carrot, celery, bay leaf, whole black peppercorns, yellowfin tuna fillet, fennel seed, red bell peppers, yellow bell peppers, red onion, fresh basil leaf, mint, fresh ground black pepper, fresh lemon juice, sourdough bread, arugula, thick slab bacon",waxed,11,"['seed,t,c,fennel,seeds,s,p,sheet,sheets,paper,f,l,d,b,e,o,ts']"
85552,union square cafe s tuna club sandwich,"egg yolks, lemon juice, red wine vinegar, dijon mustard, garlic, kosher salt, olive oil, fresh coarse ground black pepper, onion, carrot, celery, bay leaf, whole black peppercorns, yellowfin tuna fillet, fennel seed, red bell peppers, yellow bell peppers, red onion, fresh basil leaf, mint, fresh ground black pepper, fresh lemon juice, sourdough bread, arugula, thick slab bacon",set,14,"['pepper,salt,onion,peppers,t,c,herbs,s,p,de,re,ad,red,l,d,b,e,aioli,o,y,herb']"
85552,union square cafe s tuna club sandwich,"egg yolks, lemon juice, red wine vinegar, dijon mustard, garlic, kosher salt, olive oil, fresh coarse ground black pepper, onion, carrot, celery, bay leaf, whole black peppercorns, yellowfin tuna fillet, fennel seed, red bell peppers, yellow bell peppers, red onion, fresh basil leaf, mint, fresh ground black pepper, fresh lemon juice, sourdough bread, arugula, thick slab bacon",taste,16,"['pepper,salt,juice,season,seasoning,lemon,sea,t,c,ice,s,p,in,de,f,ad,l,d,b,e,o,g,seasonings']"
85552,union square cafe s tuna club sandwich,"egg yolks, lemon juice, red wine vinegar, dijon mustard, garlic, kosher salt, olive oil, fresh coarse ground black pepper, onion, carrot, celery, bay leaf, whole black peppercorns, yellowfin tuna fillet, fennel seed, red bell peppers, yellow bell peppers, red onion, fresh basil leaf, mint, fresh ground black pepper, fresh lemon juice, sourdough bread, arugula, thick slab bacon",adding,16,"['pepper,salt,juice,season,seasoning,lemon,sea,t,c,ice,s,p,in,de,f,ad,l,d,b,e,o,g,seasonings']"
85552,union square cafe s tuna club sandwich,"egg yolks, lemon juice, red wine vinegar, dijon mustard, garlic, kosher salt, olive oil, fresh coarse ground black pepper, onion, carrot, celery, bay leaf, whole black peppercorns, yellowfin tuna fillet, fennel seed, red bell peppers, yellow bell peppers, red onion, fresh basil leaf, mint, fresh ground black pepper, fresh lemon juice, sourdough bread, arugula, thick slab bacon",needed,16,"['pepper,salt,juice,season,seasoning,lemon,sea,t,c,ice,s,p,in,de,f,ad,l,d,b,e,o,g,seasonings']"
85552,union square cafe s tuna club sandwich,"egg yolks, lemon juice, red wine vinegar, dijon mustard, garlic, kosher salt, olive oil, fresh coarse ground black pepper, onion, carrot, celery, bay leaf, whole black peppercorns, yellowfin tuna fillet, fennel seed, red bell peppers, yellow bell peppers, red onion, fresh basil leaf, mint, fresh ground black pepper, fresh lemon juice, sourdough bread, arugula, thick slab bacon",spread,17,"['read,bread,tuna,t,salad,c,ice,slice,s,p,sourdough,dough,f,re,ad,l,d,b,e,doug,aioli,o,g']"
85552,union square cafe s tuna club sandwich,"egg yolks, lemon juice, red wine vinegar, dijon mustard, garlic, kosher salt, olive oil, fresh coarse ground black pepper, onion, carrot, celery, bay leaf, whole black peppercorns, yellowfin tuna fillet, fennel seed, red bell peppers, yellow bell peppers, red onion, fresh basil leaf, mint, fresh ground black pepper, fresh lemon juice, sourdough bread, arugula, thick slab bacon",repeat,19,"['t,c,ice,slice,pea,s,p,sourdough,dough,f,re,l,d,e,doug,o,g']"
85552,union square cafe s tuna club sandwich,"egg yolks, lemon juice, red wine vinegar, dijon mustard, garlic, kosher salt, olive oil, fresh coarse ground black pepper, onion, carrot, celery, bay leaf, whole black peppercorns, yellowfin tuna fillet, fennel seed, red bell peppers, yellow bell peppers, red onion, fresh basil leaf, mint, fresh ground black pepper, fresh lemon juice, sourdough bread, arugula, thick slab bacon",repeat,21,"['t,c,pea,s,p,sandwich,hr,re,l,d,b,club,e,o']"
85552,union square cafe s tuna club sandwich,"egg yolks, lemon juice, red wine vinegar, dijon mustard, garlic, kosher salt, olive oil, fresh coarse ground black pepper, onion, carrot, celery, bay leaf, whole black peppercorns, yellowfin tuna fillet, fennel seed, red bell peppers, yellow bell peppers, red onion, fresh basil leaf, mint, fresh ground black pepper, fresh lemon juice, sourdough bread, arugula, thick slab bacon",stack,20,"['t,c,ice,slice,s,p,in,sourdough,dough,pin,f,one,top,l,d,b,e,doug,o,y,g']"
85552,union square cafe s tuna club sandwich,"egg yolks, lemon juice, red wine vinegar, dijon mustard, garlic, kosher salt, olive oil, fresh coarse ground black pepper, onion, carrot, celery, bay leaf, whole black peppercorns, yellowfin tuna fillet, fennel seed, red bell peppers, yellow bell peppers, red onion, fresh basil leaf, mint, fresh ground black pepper, fresh lemon juice, sourdough bread, arugula, thick slab bacon",finish,20,"['t,c,ice,slice,s,p,in,sourdough,dough,pin,f,one,top,l,d,b,e,doug,o,y,g']"
85552,union square cafe s tuna club sandwich,"egg yolks, lemon juice, red wine vinegar, dijon mustard, garlic, kosher salt, olive oil, fresh coarse ground black pepper, onion, carrot, celery, bay leaf, whole black peppercorns, yellowfin tuna fillet, fennel seed, red bell peppers, yellow bell peppers, red onion, fresh basil leaf, mint, fresh ground black pepper, fresh lemon juice, sourdough bread, arugula, thick slab bacon",topping,20,"['t,c,ice,slice,s,p,in,sourdough,dough,pin,f,one,top,l,d,b,e,doug,o,y,g']"
85552,union square cafe s tuna club sandwich,"egg yolks, lemon juice, red wine vinegar, dijon mustard, garlic, kosher salt, olive oil, fresh coarse ground black pepper, onion, carrot, celery, bay leaf, whole black peppercorns, yellowfin tuna fillet, fennel seed, red bell peppers, yellow bell peppers, red onion, fresh basil leaf, mint, fresh ground black pepper, fresh lemon juice, sourdough bread, arugula, thick slab bacon",slice,22,"['t,c,ice,slice,s,p,in,sandwich,pie,re,l,halves,d,nt,e,o,v']"
85552,union square cafe s tuna club sandwich,"egg yolks, lemon juice, red wine vinegar, dijon mustard, garlic, kosher salt, olive oil, fresh coarse ground black pepper, onion, carrot, celery, bay leaf, whole black peppercorns, yellowfin tuna fillet, fennel seed, red bell peppers, yellow bell peppers, red onion, fresh basil leaf, mint, fresh ground black pepper, fresh lemon juice, sourdough bread, arugula, thick slab bacon",secure,22,"['t,c,ice,slice,s,p,in,sandwich,pie,re,l,halves,d,nt,e,o,v']"
