Id,Name,AllIngredients,Verbs,Steps,Ingredient
85867,curried okra  mushrooms and garbanzo beans,"garlic, fresh gingerroot, red chilies, water, safflower oil, coriander seeds, cumin seed, ground cumin, green cardamom pods, ground turmeric, chopped tomatoes, mushroom, garbanzo beans, okra, cilantro, mango, yellow onion, gingerroot, red chile, salt, sugar",want,1,"['peel,mango,t,c,s,p,f,re,l']"
85867,curried okra  mushrooms and garbanzo beans,"garlic, fresh gingerroot, red chilies, water, safflower oil, coriander seeds, cumin seed, ground cumin, green cardamom pods, ground turmeric, chopped tomatoes, mushroom, garbanzo beans, okra, cilantro, mango, yellow onion, gingerroot, red chile, salt, sugar",peel,1,"['peel,mango,t,c,s,p,f,re,l']"
85867,curried okra  mushrooms and garbanzo beans,"garlic, fresh gingerroot, red chilies, water, safflower oil, coriander seeds, cumin seed, ground cumin, green cardamom pods, ground turmeric, chopped tomatoes, mushroom, garbanzo beans, okra, cilantro, mango, yellow onion, gingerroot, red chile, salt, sugar",cut,1,"['peel,mango,t,c,s,p,f,re,l']"
85867,curried okra  mushrooms and garbanzo beans,"garlic, fresh gingerroot, red chilies, water, safflower oil, coriander seeds, cumin seed, ground cumin, green cardamom pods, ground turmeric, chopped tomatoes, mushroom, garbanzo beans, okra, cilantro, mango, yellow onion, gingerroot, red chile, salt, sugar",place,2,"['mango,t,c,s,p,in,food,f,l']"
85867,curried okra  mushrooms and garbanzo beans,"garlic, fresh gingerroot, red chilies, water, safflower oil, coriander seeds, cumin seed, ground cumin, green cardamom pods, ground turmeric, chopped tomatoes, mushroom, garbanzo beans, okra, cilantro, mango, yellow onion, gingerroot, red chile, salt, sugar",place,4,"['garlic,ginger,water,curry,t,table,c,s,p,chile,in,food,chiles,f,l']"
85867,curried okra  mushrooms and garbanzo beans,"garlic, fresh gingerroot, red chilies, water, safflower oil, coriander seeds, cumin seed, ground cumin, green cardamom pods, ground turmeric, chopped tomatoes, mushroom, garbanzo beans, okra, cilantro, mango, yellow onion, gingerroot, red chile, salt, sugar",process,2,"['mango,t,c,s,p,in,food,f,l']"
85867,curried okra  mushrooms and garbanzo beans,"garlic, fresh gingerroot, red chilies, water, safflower oil, coriander seeds, cumin seed, ground cumin, green cardamom pods, ground turmeric, chopped tomatoes, mushroom, garbanzo beans, okra, cilantro, mango, yellow onion, gingerroot, red chile, salt, sugar",mash,2,"['mango,t,c,s,p,in,food,f,l']"
85867,curried okra  mushrooms and garbanzo beans,"garlic, fresh gingerroot, red chilies, water, safflower oil, coriander seeds, cumin seed, ground cumin, green cardamom pods, ground turmeric, chopped tomatoes, mushroom, garbanzo beans, okra, cilantro, mango, yellow onion, gingerroot, red chile, salt, sugar",choose,2,"['mango,t,c,s,p,in,food,f,l']"
85867,curried okra  mushrooms and garbanzo beans,"garlic, fresh gingerroot, red chilies, water, safflower oil, coriander seeds, cumin seed, ground cumin, green cardamom pods, ground turmeric, chopped tomatoes, mushroom, garbanzo beans, okra, cilantro, mango, yellow onion, gingerroot, red chile, salt, sugar",do,2,"['mango,t,c,s,p,in,food,f,l']"
85867,curried okra  mushrooms and garbanzo beans,"garlic, fresh gingerroot, red chilies, water, safflower oil, coriander seeds, cumin seed, ground cumin, green cardamom pods, ground turmeric, chopped tomatoes, mushroom, garbanzo beans, okra, cilantro, mango, yellow onion, gingerroot, red chile, salt, sugar",mix,3,"['t,mix,s,in,de,f,re,red']"
85867,curried okra  mushrooms and garbanzo beans,"garlic, fresh gingerroot, red chilies, water, safflower oil, coriander seeds, cumin seed, ground cumin, green cardamom pods, ground turmeric, chopped tomatoes, mushroom, garbanzo beans, okra, cilantro, mango, yellow onion, gingerroot, red chile, salt, sugar",mix,8,"['mushrooms,beans,bean,mushroom,room,t,okra,mix,s,shrooms,garbanzo,mu,hr,ad,l']"
85867,curried okra  mushrooms and garbanzo beans,"garlic, fresh gingerroot, red chilies, water, safflower oil, coriander seeds, cumin seed, ground cumin, green cardamom pods, ground turmeric, chopped tomatoes, mushroom, garbanzo beans, okra, cilantro, mango, yellow onion, gingerroot, red chile, salt, sugar",set,3,"['t,mix,s,in,de,f,re,red']"
85867,curried okra  mushrooms and garbanzo beans,"garlic, fresh gingerroot, red chilies, water, safflower oil, coriander seeds, cumin seed, ground cumin, green cardamom pods, ground turmeric, chopped tomatoes, mushroom, garbanzo beans, okra, cilantro, mango, yellow onion, gingerroot, red chile, salt, sugar",smooth,4,"['garlic,ginger,water,curry,t,table,c,s,p,chile,in,food,chiles,f,l']"
85867,curried okra  mushrooms and garbanzo beans,"garlic, fresh gingerroot, red chilies, water, safflower oil, coriander seeds, cumin seed, ground cumin, green cardamom pods, ground turmeric, chopped tomatoes, mushroom, garbanzo beans, okra, cilantro, mango, yellow onion, gingerroot, red chile, salt, sugar",heat,5,"['sauce,oil,cumin,coriander,pan,seed,t,c,min,heat,seeds,hole,s,p,in,de,flavor,f,au,wing,re,ad,l']"
85867,curried okra  mushrooms and garbanzo beans,"garlic, fresh gingerroot, red chilies, water, safflower oil, coriander seeds, cumin seed, ground cumin, green cardamom pods, ground turmeric, chopped tomatoes, mushroom, garbanzo beans, okra, cilantro, mango, yellow onion, gingerroot, red chile, salt, sugar",add,5,"['sauce,oil,cumin,coriander,pan,seed,t,c,min,heat,seeds,hole,s,p,in,de,flavor,f,au,wing,re,ad,l']"
85867,curried okra  mushrooms and garbanzo beans,"garlic, fresh gingerroot, red chilies, water, safflower oil, coriander seeds, cumin seed, ground cumin, green cardamom pods, ground turmeric, chopped tomatoes, mushroom, garbanzo beans, okra, cilantro, mango, yellow onion, gingerroot, red chile, salt, sugar",add,6,"['cumin,ground,cardamom,turmeric,cook,seed,t,c,min,seeds,s,in,round,f,ad']"
85867,curried okra  mushrooms and garbanzo beans,"garlic, fresh gingerroot, red chilies, water, safflower oil, coriander seeds, cumin seed, ground cumin, green cardamom pods, ground turmeric, chopped tomatoes, mushroom, garbanzo beans, okra, cilantro, mango, yellow onion, gingerroot, red chile, salt, sugar",add,7,"['garlic,water,tomatoes,tomato,paste,t,c,s,p,in,de,past,re,ad,l']"
85867,curried okra  mushrooms and garbanzo beans,"garlic, fresh gingerroot, red chilies, water, safflower oil, coriander seeds, cumin seed, ground cumin, green cardamom pods, ground turmeric, chopped tomatoes, mushroom, garbanzo beans, okra, cilantro, mango, yellow onion, gingerroot, red chile, salt, sugar",add,8,"['mushrooms,beans,bean,mushroom,room,t,okra,mix,s,shrooms,garbanzo,mu,hr,ad,l']"
85867,curried okra  mushrooms and garbanzo beans,"garlic, fresh gingerroot, red chilies, water, safflower oil, coriander seeds, cumin seed, ground cumin, green cardamom pods, ground turmeric, chopped tomatoes, mushroom, garbanzo beans, okra, cilantro, mango, yellow onion, gingerroot, red chile, salt, sugar",add,12,"['cilantro,chop,t,c,heat,s,p,in,f,re,ad,l']"
85867,curried okra  mushrooms and garbanzo beans,"garlic, fresh gingerroot, red chilies, water, safflower oil, coriander seeds, cumin seed, ground cumin, green cardamom pods, ground turmeric, chopped tomatoes, mushroom, garbanzo beans, okra, cilantro, mango, yellow onion, gingerroot, red chile, salt, sugar",allow,5,"['sauce,oil,cumin,coriander,pan,seed,t,c,min,heat,seeds,hole,s,p,in,de,flavor,f,au,wing,re,ad,l']"
85867,curried okra  mushrooms and garbanzo beans,"garlic, fresh gingerroot, red chilies, water, safflower oil, coriander seeds, cumin seed, ground cumin, green cardamom pods, ground turmeric, chopped tomatoes, mushroom, garbanzo beans, okra, cilantro, mango, yellow onion, gingerroot, red chile, salt, sugar",sizzle,5,"['sauce,oil,cumin,coriander,pan,seed,t,c,min,heat,seeds,hole,s,p,in,de,flavor,f,au,wing,re,ad,l']"
85867,curried okra  mushrooms and garbanzo beans,"garlic, fresh gingerroot, red chilies, water, safflower oil, coriander seeds, cumin seed, ground cumin, green cardamom pods, ground turmeric, chopped tomatoes, mushroom, garbanzo beans, okra, cilantro, mango, yellow onion, gingerroot, red chile, salt, sugar",allowing,5,"['sauce,oil,cumin,coriander,pan,seed,t,c,min,heat,seeds,hole,s,p,in,de,flavor,f,au,wing,re,ad,l']"
85867,curried okra  mushrooms and garbanzo beans,"garlic, fresh gingerroot, red chilies, water, safflower oil, coriander seeds, cumin seed, ground cumin, green cardamom pods, ground turmeric, chopped tomatoes, mushroom, garbanzo beans, okra, cilantro, mango, yellow onion, gingerroot, red chile, salt, sugar",release,5,"['sauce,oil,cumin,coriander,pan,seed,t,c,min,heat,seeds,hole,s,p,in,de,flavor,f,au,wing,re,ad,l']"
85867,curried okra  mushrooms and garbanzo beans,"garlic, fresh gingerroot, red chilies, water, safflower oil, coriander seeds, cumin seed, ground cumin, green cardamom pods, ground turmeric, chopped tomatoes, mushroom, garbanzo beans, okra, cilantro, mango, yellow onion, gingerroot, red chile, salt, sugar",cook,6,"['cumin,ground,cardamom,turmeric,cook,seed,t,c,min,seeds,s,in,round,f,ad']"
85867,curried okra  mushrooms and garbanzo beans,"garlic, fresh gingerroot, red chilies, water, safflower oil, coriander seeds, cumin seed, ground cumin, green cardamom pods, ground turmeric, chopped tomatoes, mushroom, garbanzo beans, okra, cilantro, mango, yellow onion, gingerroot, red chile, salt, sugar",cook,11,"['cook,t,okra,c,min,heat,tender,s,p,end,in,de,f,-,re,l']"
85867,curried okra  mushrooms and garbanzo beans,"garlic, fresh gingerroot, red chilies, water, safflower oil, coriander seeds, cumin seed, ground cumin, green cardamom pods, ground turmeric, chopped tomatoes, mushroom, garbanzo beans, okra, cilantro, mango, yellow onion, gingerroot, red chile, salt, sugar",made,7,"['garlic,water,tomatoes,tomato,paste,t,c,s,p,in,de,past,re,ad,l']"
85867,curried okra  mushrooms and garbanzo beans,"garlic, fresh gingerroot, red chilies, water, safflower oil, coriander seeds, cumin seed, ground cumin, green cardamom pods, ground turmeric, chopped tomatoes, mushroom, garbanzo beans, okra, cilantro, mango, yellow onion, gingerroot, red chile, salt, sugar",remaining,7,"['garlic,water,tomatoes,tomato,paste,t,c,s,p,in,de,past,re,ad,l']"
85867,curried okra  mushrooms and garbanzo beans,"garlic, fresh gingerroot, red chilies, water, safflower oil, coriander seeds, cumin seed, ground cumin, green cardamom pods, ground turmeric, chopped tomatoes, mushroom, garbanzo beans, okra, cilantro, mango, yellow onion, gingerroot, red chile, salt, sugar",stir,8,"['mushrooms,beans,bean,mushroom,room,t,okra,mix,s,shrooms,garbanzo,mu,hr,ad,l']"
85867,curried okra  mushrooms and garbanzo beans,"garlic, fresh gingerroot, red chilies, water, safflower oil, coriander seeds, cumin seed, ground cumin, green cardamom pods, ground turmeric, chopped tomatoes, mushroom, garbanzo beans, okra, cilantro, mango, yellow onion, gingerroot, red chile, salt, sugar",stir,9,"['oil,t,boil,s,in,l']"
85867,curried okra  mushrooms and garbanzo beans,"garlic, fresh gingerroot, red chilies, water, safflower oil, coriander seeds, cumin seed, ground cumin, green cardamom pods, ground turmeric, chopped tomatoes, mushroom, garbanzo beans, okra, cilantro, mango, yellow onion, gingerroot, red chile, salt, sugar",bring,9,"['oil,t,boil,s,in,l']"
85867,curried okra  mushrooms and garbanzo beans,"garlic, fresh gingerroot, red chilies, water, safflower oil, coriander seeds, cumin seed, ground cumin, green cardamom pods, ground turmeric, chopped tomatoes, mushroom, garbanzo beans, okra, cilantro, mango, yellow onion, gingerroot, red chile, salt, sugar",reduce,10,"['t,c,min,heat,s,in,f,re,red']"
85867,curried okra  mushrooms and garbanzo beans,"garlic, fresh gingerroot, red chilies, water, safflower oil, coriander seeds, cumin seed, ground cumin, green cardamom pods, ground turmeric, chopped tomatoes, mushroom, garbanzo beans, okra, cilantro, mango, yellow onion, gingerroot, red chile, salt, sugar",cover,10,"['t,c,min,heat,s,in,f,re,red']"
85867,curried okra  mushrooms and garbanzo beans,"garlic, fresh gingerroot, red chilies, water, safflower oil, coriander seeds, cumin seed, ground cumin, green cardamom pods, ground turmeric, chopped tomatoes, mushroom, garbanzo beans, okra, cilantro, mango, yellow onion, gingerroot, red chile, salt, sugar",simmer,10,"['t,c,min,heat,s,in,f,re,red']"
85867,curried okra  mushrooms and garbanzo beans,"garlic, fresh gingerroot, red chilies, water, safflower oil, coriander seeds, cumin seed, ground cumin, green cardamom pods, ground turmeric, chopped tomatoes, mushroom, garbanzo beans, okra, cilantro, mango, yellow onion, gingerroot, red chile, salt, sugar",remove,11,"['cook,t,okra,c,min,heat,tender,s,p,end,in,de,f,-,re,l']"
85867,curried okra  mushrooms and garbanzo beans,"garlic, fresh gingerroot, red chilies, water, safflower oil, coriander seeds, cumin seed, ground cumin, green cardamom pods, ground turmeric, chopped tomatoes, mushroom, garbanzo beans, okra, cilantro, mango, yellow onion, gingerroot, red chile, salt, sugar",remove,12,"['cilantro,chop,t,c,heat,s,p,in,f,re,ad,l']"
85867,curried okra  mushrooms and garbanzo beans,"garlic, fresh gingerroot, red chilies, water, safflower oil, coriander seeds, cumin seed, ground cumin, green cardamom pods, ground turmeric, chopped tomatoes, mushroom, garbanzo beans, okra, cilantro, mango, yellow onion, gingerroot, red chile, salt, sugar",turn,11,"['cook,t,okra,c,min,heat,tender,s,p,end,in,de,f,-,re,l']"
85867,curried okra  mushrooms and garbanzo beans,"garlic, fresh gingerroot, red chilies, water, safflower oil, coriander seeds, cumin seed, ground cumin, green cardamom pods, ground turmeric, chopped tomatoes, mushroom, garbanzo beans, okra, cilantro, mango, yellow onion, gingerroot, red chile, salt, sugar",is,11,"['cook,t,okra,c,min,heat,tender,s,p,end,in,de,f,-,re,l']"
85867,curried okra  mushrooms and garbanzo beans,"garlic, fresh gingerroot, red chilies, water, safflower oil, coriander seeds, cumin seed, ground cumin, green cardamom pods, ground turmeric, chopped tomatoes, mushroom, garbanzo beans, okra, cilantro, mango, yellow onion, gingerroot, red chile, salt, sugar",chopped,12,"['cilantro,chop,t,c,heat,s,p,in,f,re,ad,l']"
85867,curried okra  mushrooms and garbanzo beans,"garlic, fresh gingerroot, red chilies, water, safflower oil, coriander seeds, cumin seed, ground cumin, green cardamom pods, ground turmeric, chopped tomatoes, mushroom, garbanzo beans, okra, cilantro, mango, yellow onion, gingerroot, red chile, salt, sugar",stirring,12,"['cilantro,chop,t,c,heat,s,p,in,f,re,ad,l']"
85867,curried okra  mushrooms and garbanzo beans,"garlic, fresh gingerroot, red chilies, water, safflower oil, coriander seeds, cumin seed, ground cumin, green cardamom pods, ground turmeric, chopped tomatoes, mushroom, garbanzo beans, okra, cilantro, mango, yellow onion, gingerroot, red chile, salt, sugar",serve,13,"['rice,mango,t,c,ice,s,re,l']"
