Id,Name,AllIngredients,Verbs,Steps,Ingredient
86045,fondue dipping sauces,"cream cheese, butter, garlic, peppercorn, shallots, salt & fresh ground pepper, milk, sour cream, horseradish sauce, red onion, fresh dill, salt, lemon juice, sugar, fresh gingerroot, sesame oil, soy sauce, sherry wine, brown sugar, cornstarch",cracked,1,{}
86045,fondue dipping sauces,"cream cheese, butter, garlic, peppercorn, shallots, salt & fresh ground pepper, milk, sour cream, horseradish sauce, red onion, fresh dill, salt, lemon juice, sugar, fresh gingerroot, sesame oil, soy sauce, sherry wine, brown sugar, cornstarch",beat,1,"['sauce,pepper,butter,cheese,cream,t,c,rack,s,p,au,re,l,d,b,nt']"
86045,fondue dipping sauces,"cream cheese, butter, garlic, peppercorn, shallots, salt & fresh ground pepper, milk, sour cream, horseradish sauce, red onion, fresh dill, salt, lemon juice, sugar, fresh gingerroot, sesame oil, soy sauce, sherry wine, brown sugar, cornstarch",smooth,1,"['sauce,pepper,butter,cheese,cream,t,c,rack,s,p,au,re,l,d,b,nt']"
86045,fondue dipping sauces,"cream cheese, butter, garlic, peppercorn, shallots, salt & fresh ground pepper, milk, sour cream, horseradish sauce, red onion, fresh dill, salt, lemon juice, sugar, fresh gingerroot, sesame oil, soy sauce, sherry wine, brown sugar, cornstarch",add,2,"['t,mix,s,in,re,ad,red,d,nt']"
86045,fondue dipping sauces,"cream cheese, butter, garlic, peppercorn, shallots, salt & fresh ground pepper, milk, sour cream, horseradish sauce, red onion, fresh dill, salt, lemon juice, sugar, fresh gingerroot, sesame oil, soy sauce, sherry wine, brown sugar, cornstarch",add,8,"['soy,sauce,water,t,c,s,au,ad,d']"
86045,fondue dipping sauces,"cream cheese, butter, garlic, peppercorn, shallots, salt & fresh ground pepper, milk, sour cream, horseradish sauce, red onion, fresh dill, salt, lemon juice, sugar, fresh gingerroot, sesame oil, soy sauce, sherry wine, brown sugar, cornstarch",mix,2,"['t,mix,s,in,re,ad,red,d,nt']"
86045,fondue dipping sauces,"cream cheese, butter, garlic, peppercorn, shallots, salt & fresh ground pepper, milk, sour cream, horseradish sauce, red onion, fresh dill, salt, lemon juice, sugar, fresh gingerroot, sesame oil, soy sauce, sherry wine, brown sugar, cornstarch",chill,3,"['t,c,blend,s,end,flavor,f,l,d,b']"
86045,fondue dipping sauces,"cream cheese, butter, garlic, peppercorn, shallots, salt & fresh ground pepper, milk, sour cream, horseradish sauce, red onion, fresh dill, salt, lemon juice, sugar, fresh gingerroot, sesame oil, soy sauce, sherry wine, brown sugar, cornstarch",chill,6,"['t,c,s,l']"
86045,fondue dipping sauces,"cream cheese, butter, garlic, peppercorn, shallots, salt & fresh ground pepper, milk, sour cream, horseradish sauce, red onion, fresh dill, salt, lemon juice, sugar, fresh gingerroot, sesame oil, soy sauce, sherry wine, brown sugar, cornstarch",blend,3,"['t,c,blend,s,end,flavor,f,l,d,b']"
86045,fondue dipping sauces,"cream cheese, butter, garlic, peppercorn, shallots, salt & fresh ground pepper, milk, sour cream, horseradish sauce, red onion, fresh dill, salt, lemon juice, sugar, fresh gingerroot, sesame oil, soy sauce, sherry wine, brown sugar, cornstarch",serve,4,"['room,t,s,p,re']"
86045,fondue dipping sauces,"cream cheese, butter, garlic, peppercorn, shallots, salt & fresh ground pepper, milk, sour cream, horseradish sauce, red onion, fresh dill, salt, lemon juice, sugar, fresh gingerroot, sesame oil, soy sauce, sherry wine, brown sugar, cornstarch",serve,13,"['room,t,s,p,re,warm']"
86045,fondue dipping sauces,"cream cheese, butter, garlic, peppercorn, shallots, salt & fresh ground pepper, milk, sour cream, horseradish sauce, red onion, fresh dill, salt, lemon juice, sugar, fresh gingerroot, sesame oil, soy sauce, sherry wine, brown sugar, cornstarch",combine,5,"['sauce,t,c,dill,s,in,au,re,red,l,d,b,nt']"
86045,fondue dipping sauces,"cream cheese, butter, garlic, peppercorn, shallots, salt & fresh ground pepper, milk, sour cream, horseradish sauce, red onion, fresh dill, salt, lemon juice, sugar, fresh gingerroot, sesame oil, soy sauce, sherry wine, brown sugar, cornstarch",combine,10,"['sugar,brown,corn,starch,t,c,cornstarch,star,s,in,tar,d,b']"
86045,fondue dipping sauces,"cream cheese, butter, garlic, peppercorn, shallots, salt & fresh ground pepper, milk, sour cream, horseradish sauce, red onion, fresh dill, salt, lemon juice, sugar, fresh gingerroot, sesame oil, soy sauce, sherry wine, brown sugar, cornstarch",bring,9,"['oil,t,boil,heat,in,medium,l,d,b']"
86045,fondue dipping sauces,"cream cheese, butter, garlic, peppercorn, shallots, salt & fresh ground pepper, milk, sour cream, horseradish sauce, red onion, fresh dill, salt, lemon juice, sugar, fresh gingerroot, sesame oil, soy sauce, sherry wine, brown sugar, cornstarch",stir,11,"['t,mix,s,in,re,nt']"
86045,fondue dipping sauces,"cream cheese, butter, garlic, peppercorn, shallots, salt & fresh ground pepper, milk, sour cream, horseradish sauce, red onion, fresh dill, salt, lemon juice, sugar, fresh gingerroot, sesame oil, soy sauce, sherry wine, brown sugar, cornstarch",stir,12,"['t,c,heat,s,l,d,nt']"
86045,fondue dipping sauces,"cream cheese, butter, garlic, peppercorn, shallots, salt & fresh ground pepper, milk, sour cream, horseradish sauce, red onion, fresh dill, salt, lemon juice, sugar, fresh gingerroot, sesame oil, soy sauce, sherry wine, brown sugar, cornstarch",thickened,12,"['t,c,heat,s,l,d,nt']"
