Id,Name,AllIngredients,Verbs,Steps,Ingredient
86375,they will beg for it beer cheese soup,"garlic, potatoes, onions, carrot, broccoli, water, margarine, chicken bouillon cubes, salt, pepper, milk, flour, sharp cheddar cheese, cheddar cheese, dry mustard, cayenne pepper, italian seasoning, seasoning, beer, cheese",combine,1,{}
86375,they will beg for it beer cheese soup,"garlic, potatoes, onions, carrot, broccoli, water, margarine, chicken bouillon cubes, salt, pepper, milk, flour, sharp cheddar cheese, cheddar cheese, dry mustard, cayenne pepper, italian seasoning, seasoning, beer, cheese",combine,3,"['flour,milk,t,c,mix,s,in,f,re,ad,l,d,b,e,o,y']"
86375,they will beg for it beer cheese soup,"garlic, potatoes, onions, carrot, broccoli, water, margarine, chicken bouillon cubes, salt, pepper, milk, flour, sharp cheddar cheese, cheddar cheese, dry mustard, cayenne pepper, italian seasoning, seasoning, beer, cheese",simmer,1,"['t,c,min,heat,tender,s,end,in,de,f,-,re,red,l,d,b,nt,e,o,y,g,ts,v']"
86375,they will beg for it beer cheese soup,"garlic, potatoes, onions, carrot, broccoli, water, margarine, chicken bouillon cubes, salt, pepper, milk, flour, sharp cheddar cheese, cheddar cheese, dry mustard, cayenne pepper, italian seasoning, seasoning, beer, cheese",simmer,5,"['cheese,t,c,heat,s,l,nt,e,o,ts,v']"
86375,they will beg for it beer cheese soup,"garlic, potatoes, onions, carrot, broccoli, water, margarine, chicken bouillon cubes, salt, pepper, milk, flour, sharp cheddar cheese, cheddar cheese, dry mustard, cayenne pepper, italian seasoning, seasoning, beer, cheese",mash,2,"['pot,t,c,potato,s,p,de,re,red,l,d,ash,nt,e,o,y,mash']"
86375,they will beg for it beer cheese soup,"garlic, potatoes, onions, carrot, broccoli, water, margarine, chicken bouillon cubes, salt, pepper, milk, flour, sharp cheddar cheese, cheddar cheese, dry mustard, cayenne pepper, italian seasoning, seasoning, beer, cheese",desired,2,"['pot,t,c,potato,s,p,de,re,red,l,d,ash,nt,e,o,y,mash']"
86375,they will beg for it beer cheese soup,"garlic, potatoes, onions, carrot, broccoli, water, margarine, chicken bouillon cubes, salt, pepper, milk, flour, sharp cheddar cheese, cheddar cheese, dry mustard, cayenne pepper, italian seasoning, seasoning, beer, cheese",add,3,"['flour,milk,t,c,mix,s,in,f,re,ad,l,d,b,e,o,y']"
86375,they will beg for it beer cheese soup,"garlic, potatoes, onions, carrot, broccoli, water, margarine, chicken bouillon cubes, salt, pepper, milk, flour, sharp cheddar cheese, cheddar cheese, dry mustard, cayenne pepper, italian seasoning, seasoning, beer, cheese",add,4,"['cheese,spice,t,c,ice,s,p,f,re,ad,spices,d,e,o']"
86375,they will beg for it beer cheese soup,"garlic, potatoes, onions, carrot, broccoli, water, margarine, chicken bouillon cubes, salt, pepper, milk, flour, sharp cheddar cheese, cheddar cheese, dry mustard, cayenne pepper, italian seasoning, seasoning, beer, cheese",melts,5,"['cheese,t,c,heat,s,l,nt,e,o,ts,v']"
86375,they will beg for it beer cheese soup,"garlic, potatoes, onions, carrot, broccoli, water, margarine, chicken bouillon cubes, salt, pepper, milk, flour, sharp cheddar cheese, cheddar cheese, dry mustard, cayenne pepper, italian seasoning, seasoning, beer, cheese",stir,6,"['beer,t,heat,s,in,hr,l,d,b,e,o,g']"
86375,they will beg for it beer cheese soup,"garlic, potatoes, onions, carrot, broccoli, water, margarine, chicken bouillon cubes, salt, pepper, milk, flour, sharp cheddar cheese, cheddar cheese, dry mustard, cayenne pepper, italian seasoning, seasoning, beer, cheese",allow,6,"['beer,t,heat,s,in,hr,l,d,b,e,o,g']"
86375,they will beg for it beer cheese soup,"garlic, potatoes, onions, carrot, broccoli, water, margarine, chicken bouillon cubes, salt, pepper, milk, flour, sharp cheddar cheese, cheddar cheese, dry mustard, cayenne pepper, italian seasoning, seasoning, beer, cheese",heat,6,"['beer,t,heat,s,in,hr,l,d,b,e,o,g']"
