Id,Name,AllIngredients,Verbs,Steps,Ingredient
86415,lamb chops   middle eastern rice,"lamb loin chops, extra virgin olive oil, dijon mustard, salt & freshly ground black pepper, dried thyme, dried sage, dried parsley, garlic granules, dried rosemary, white rice, cumin, golden raisin, lime juice, fennel seeds, rosemary, curry, anise seed, sugar, salt and pepper, sunflower seeds, eggs, butter, water",turn,2,"['oil,brown,chops,season,chop,sea,t,c,s,p,de,top,re,l,d,b,nt,e']"
86415,lamb chops   middle eastern rice,"lamb loin chops, extra virgin olive oil, dijon mustard, salt & freshly ground black pepper, dried thyme, dried sage, dried parsley, garlic granules, dried rosemary, white rice, cumin, golden raisin, lime juice, fennel seeds, rosemary, curry, anise seed, sugar, salt and pepper, sunflower seeds, eggs, butter, water",season,2,"['oil,brown,chops,season,chop,sea,t,c,s,p,de,top,re,l,d,b,nt,e']"
86415,lamb chops   middle eastern rice,"lamb loin chops, extra virgin olive oil, dijon mustard, salt & freshly ground black pepper, dried thyme, dried sage, dried parsley, garlic granules, dried rosemary, white rice, cumin, golden raisin, lime juice, fennel seeds, rosemary, curry, anise seed, sugar, salt and pepper, sunflower seeds, eggs, butter, water",broil,2,"['oil,brown,chops,season,chop,sea,t,c,s,p,de,top,re,l,d,b,nt,e']"
86415,lamb chops   middle eastern rice,"lamb loin chops, extra virgin olive oil, dijon mustard, salt & freshly ground black pepper, dried thyme, dried sage, dried parsley, garlic granules, dried rosemary, white rice, cumin, golden raisin, lime juice, fennel seeds, rosemary, curry, anise seed, sugar, salt and pepper, sunflower seeds, eggs, butter, water",browned,2,"['oil,brown,chops,season,chop,sea,t,c,s,p,de,top,re,l,d,b,nt,e']"
86415,lamb chops   middle eastern rice,"lamb loin chops, extra virgin olive oil, dijon mustard, salt & freshly ground black pepper, dried thyme, dried sage, dried parsley, garlic granules, dried rosemary, white rice, cumin, golden raisin, lime juice, fennel seeds, rosemary, curry, anise seed, sugar, salt and pepper, sunflower seeds, eggs, butter, water",transfer,3,"['t,s,in,vin,dish,f,d,e']"
86415,lamb chops   middle eastern rice,"lamb loin chops, extra virgin olive oil, dijon mustard, salt & freshly ground black pepper, dried thyme, dried sage, dried parsley, garlic granules, dried rosemary, white rice, cumin, golden raisin, lime juice, fennel seeds, rosemary, curry, anise seed, sugar, salt and pepper, sunflower seeds, eggs, butter, water",transfer,8,"['t,s,in,vin,dish,f,l,d,e']"
86415,lamb chops   middle eastern rice,"lamb loin chops, extra virgin olive oil, dijon mustard, salt & freshly ground black pepper, dried thyme, dried sage, dried parsley, garlic granules, dried rosemary, white rice, cumin, golden raisin, lime juice, fennel seeds, rosemary, curry, anise seed, sugar, salt and pepper, sunflower seeds, eggs, butter, water",serving,3,"['t,s,in,vin,dish,f,d,e']"
86415,lamb chops   middle eastern rice,"lamb loin chops, extra virgin olive oil, dijon mustard, salt & freshly ground black pepper, dried thyme, dried sage, dried parsley, garlic granules, dried rosemary, white rice, cumin, golden raisin, lime juice, fennel seeds, rosemary, curry, anise seed, sugar, salt and pepper, sunflower seeds, eggs, butter, water",serving,8,"['t,s,in,vin,dish,f,l,d,e']"
86415,lamb chops   middle eastern rice,"lamb loin chops, extra virgin olive oil, dijon mustard, salt & freshly ground black pepper, dried thyme, dried sage, dried parsley, garlic granules, dried rosemary, white rice, cumin, golden raisin, lime juice, fennel seeds, rosemary, curry, anise seed, sugar, salt and pepper, sunflower seeds, eggs, butter, water",serve,3,"['t,s,in,vin,dish,f,d,e']"
86415,lamb chops   middle eastern rice,"lamb loin chops, extra virgin olive oil, dijon mustard, salt & freshly ground black pepper, dried thyme, dried sage, dried parsley, garlic granules, dried rosemary, white rice, cumin, golden raisin, lime juice, fennel seeds, rosemary, curry, anise seed, sugar, salt and pepper, sunflower seeds, eggs, butter, water",serve,8,"['t,s,in,vin,dish,f,l,d,e']"
86415,lamb chops   middle eastern rice,"lamb loin chops, extra virgin olive oil, dijon mustard, salt & freshly ground black pepper, dried thyme, dried sage, dried parsley, garlic granules, dried rosemary, white rice, cumin, golden raisin, lime juice, fennel seeds, rosemary, curry, anise seed, sugar, salt and pepper, sunflower seeds, eggs, butter, water",prepare,4,"['rice,t,c,ice,s,p,f,re,l,d,b,e']"
86415,lamb chops   middle eastern rice,"lamb loin chops, extra virgin olive oil, dijon mustard, salt & freshly ground black pepper, dried thyme, dried sage, dried parsley, garlic granules, dried rosemary, white rice, cumin, golden raisin, lime juice, fennel seeds, rosemary, curry, anise seed, sugar, salt and pepper, sunflower seeds, eggs, butter, water",directed,4,"['rice,t,c,ice,s,p,f,re,l,d,b,e']"
86415,lamb chops   middle eastern rice,"lamb loin chops, extra virgin olive oil, dijon mustard, salt & freshly ground black pepper, dried thyme, dried sage, dried parsley, garlic granules, dried rosemary, white rice, cumin, golden raisin, lime juice, fennel seeds, rosemary, curry, anise seed, sugar, salt and pepper, sunflower seeds, eggs, butter, water",add,5,"['pepper,salt,sugar,butter,juice,cumin,rice,lime,raisins,raisin,cook,seed,t,table,c,ice,min,anise,s,p,in,f,ad,l,d,b,e,anis']"
86415,lamb chops   middle eastern rice,"lamb loin chops, extra virgin olive oil, dijon mustard, salt & freshly ground black pepper, dried thyme, dried sage, dried parsley, garlic granules, dried rosemary, white rice, cumin, golden raisin, lime juice, fennel seeds, rosemary, curry, anise seed, sugar, salt and pepper, sunflower seeds, eggs, butter, water",add,7,"['nuts,seed,t,c,heat,seeds,pine,s,p,in,pin,sun,f,re,ad,l,d,e,sunflower']"
86415,lamb chops   middle eastern rice,"lamb loin chops, extra virgin olive oil, dijon mustard, salt & freshly ground black pepper, dried thyme, dried sage, dried parsley, garlic granules, dried rosemary, white rice, cumin, golden raisin, lime juice, fennel seeds, rosemary, curry, anise seed, sugar, salt and pepper, sunflower seeds, eggs, butter, water",taste,5,"['pepper,salt,sugar,butter,juice,cumin,rice,lime,raisins,raisin,cook,seed,t,table,c,ice,min,anise,s,p,in,f,ad,l,d,b,e,anis']"
86415,lamb chops   middle eastern rice,"lamb loin chops, extra virgin olive oil, dijon mustard, salt & freshly ground black pepper, dried thyme, dried sage, dried parsley, garlic granules, dried rosemary, white rice, cumin, golden raisin, lime juice, fennel seeds, rosemary, curry, anise seed, sugar, salt and pepper, sunflower seeds, eggs, butter, water",stir,6,"['eggs,egg,rice,t,c,ice,mix,s,in,f,re,l,d,nt,e,ring']"
86415,lamb chops   middle eastern rice,"lamb loin chops, extra virgin olive oil, dijon mustard, salt & freshly ground black pepper, dried thyme, dried sage, dried parsley, garlic granules, dried rosemary, white rice, cumin, golden raisin, lime juice, fennel seeds, rosemary, curry, anise seed, sugar, salt and pepper, sunflower seeds, eggs, butter, water",continue,6,"['eggs,egg,rice,t,c,ice,mix,s,in,f,re,l,d,nt,e,ring']"
86415,lamb chops   middle eastern rice,"lamb loin chops, extra virgin olive oil, dijon mustard, salt & freshly ground black pepper, dried thyme, dried sage, dried parsley, garlic granules, dried rosemary, white rice, cumin, golden raisin, lime juice, fennel seeds, rosemary, curry, anise seed, sugar, salt and pepper, sunflower seeds, eggs, butter, water",stirring,6,"['eggs,egg,rice,t,c,ice,mix,s,in,f,re,l,d,nt,e,ring']"
86415,lamb chops   middle eastern rice,"lamb loin chops, extra virgin olive oil, dijon mustard, salt & freshly ground black pepper, dried thyme, dried sage, dried parsley, garlic granules, dried rosemary, white rice, cumin, golden raisin, lime juice, fennel seeds, rosemary, curry, anise seed, sugar, salt and pepper, sunflower seeds, eggs, butter, water",mixed,6,"['eggs,egg,rice,t,c,ice,mix,s,in,f,re,l,d,nt,e,ring']"
86415,lamb chops   middle eastern rice,"lamb loin chops, extra virgin olive oil, dijon mustard, salt & freshly ground black pepper, dried thyme, dried sage, dried parsley, garlic granules, dried rosemary, white rice, cumin, golden raisin, lime juice, fennel seeds, rosemary, curry, anise seed, sugar, salt and pepper, sunflower seeds, eggs, butter, water",solidified,6,"['eggs,egg,rice,t,c,ice,mix,s,in,f,re,l,d,nt,e,ring']"
86415,lamb chops   middle eastern rice,"lamb loin chops, extra virgin olive oil, dijon mustard, salt & freshly ground black pepper, dried thyme, dried sage, dried parsley, garlic granules, dried rosemary, white rice, cumin, golden raisin, lime juice, fennel seeds, rosemary, curry, anise seed, sugar, salt and pepper, sunflower seeds, eggs, butter, water",remove,7,"['nuts,seed,t,c,heat,seeds,pine,s,p,in,pin,sun,f,re,ad,l,d,e,sunflower']"
86415,lamb chops   middle eastern rice,"lamb loin chops, extra virgin olive oil, dijon mustard, salt & freshly ground black pepper, dried thyme, dried sage, dried parsley, garlic granules, dried rosemary, white rice, cumin, golden raisin, lime juice, fennel seeds, rosemary, curry, anise seed, sugar, salt and pepper, sunflower seeds, eggs, butter, water",crushed,7,"['nuts,seed,t,c,heat,seeds,pine,s,p,in,pin,sun,f,re,ad,l,d,e,sunflower']"
86415,lamb chops   middle eastern rice,"lamb loin chops, extra virgin olive oil, dijon mustard, salt & freshly ground black pepper, dried thyme, dried sage, dried parsley, garlic granules, dried rosemary, white rice, cumin, golden raisin, lime juice, fennel seeds, rosemary, curry, anise seed, sugar, salt and pepper, sunflower seeds, eggs, butter, water",toasted,7,"['nuts,seed,t,c,heat,seeds,pine,s,p,in,pin,sun,f,re,ad,l,d,e,sunflower']"
