Id,Name,AllIngredients,Verbs,Steps,Ingredient
90000,crook s corner shrimp and grits,"water, chicken broth, half-and-half, salt, grits, cheddar cheese, parmesan cheese, butter, tabasco sauce, white pepper, bacon, medium shrimp, black pepper, flour, sliced mushrooms, green onion, garlic, fat-free low-sodium chicken broth, fresh lemon juice, lemon wedge",bring,1,{}
90000,crook s corner shrimp and grits,"water, chicken broth, half-and-half, salt, grits, cheddar cheese, parmesan cheese, butter, tabasco sauce, white pepper, bacon, medium shrimp, black pepper, flour, sliced mushrooms, green onion, garlic, fat-free low-sodium chicken broth, fresh lemon juice, lemon wedge",whisk,2,"['t,s,grits,in,ad,l']"
90000,crook s corner shrimp and grits,"water, chicken broth, half-and-half, salt, grits, cheddar cheese, parmesan cheese, butter, tabasco sauce, white pepper, bacon, medium shrimp, black pepper, flour, sliced mushrooms, green onion, garlic, fat-free low-sodium chicken broth, fresh lemon juice, lemon wedge",reduce,3,"['t,c,min,heat,s,in,re,red,l']"
90000,crook s corner shrimp and grits,"water, chicken broth, half-and-half, salt, grits, cheddar cheese, parmesan cheese, butter, tabasco sauce, white pepper, bacon, medium shrimp, black pepper, flour, sliced mushrooms, green onion, garlic, fat-free low-sodium chicken broth, fresh lemon juice, lemon wedge",simmer,3,"['t,c,min,heat,s,in,re,red,l']"
90000,crook s corner shrimp and grits,"water, chicken broth, half-and-half, salt, grits, cheddar cheese, parmesan cheese, butter, tabasco sauce, white pepper, bacon, medium shrimp, black pepper, flour, sliced mushrooms, green onion, garlic, fat-free low-sodium chicken broth, fresh lemon juice, lemon wedge",stirring,3,"['t,c,min,heat,s,in,re,red,l']"
90000,crook s corner shrimp and grits,"water, chicken broth, half-and-half, salt, grits, cheddar cheese, parmesan cheese, butter, tabasco sauce, white pepper, bacon, medium shrimp, black pepper, flour, sliced mushrooms, green onion, garlic, fat-free low-sodium chicken broth, fresh lemon juice, lemon wedge",stirring,14,"['sauce,juice,brown,chicken,broth,lemon,cook,t,c,ice,min,bits,s,in,f,au,re,chick,l']"
90000,crook s corner shrimp and grits,"water, chicken broth, half-and-half, salt, grits, cheddar cheese, parmesan cheese, butter, tabasco sauce, white pepper, bacon, medium shrimp, black pepper, flour, sliced mushrooms, green onion, garlic, fat-free low-sodium chicken broth, fresh lemon juice, lemon wedge",thickened,3,"['t,c,min,heat,s,in,re,red,l']"
90000,crook s corner shrimp and grits,"water, chicken broth, half-and-half, salt, grits, cheddar cheese, parmesan cheese, butter, tabasco sauce, white pepper, bacon, medium shrimp, black pepper, flour, sliced mushrooms, green onion, garlic, fat-free low-sodium chicken broth, fresh lemon juice, lemon wedge",add,4,"['cheese,t,c,cheddar,s,in,re,ad,red']"
90000,crook s corner shrimp and grits,"water, chicken broth, half-and-half, salt, grits, cheddar cheese, parmesan cheese, butter, tabasco sauce, white pepper, bacon, medium shrimp, black pepper, flour, sliced mushrooms, green onion, garlic, fat-free low-sodium chicken broth, fresh lemon juice, lemon wedge",add,12,"['onion,onions,t,min,s,in,au,re,ad']"
90000,crook s corner shrimp and grits,"water, chicken broth, half-and-half, salt, grits, cheddar cheese, parmesan cheese, butter, tabasco sauce, white pepper, bacon, medium shrimp, black pepper, flour, sliced mushrooms, green onion, garlic, fat-free low-sodium chicken broth, fresh lemon juice, lemon wedge",add,13,"['garlic,brown,shrimp,t,c,min,s,p,in,au,hr,re,ad,l']"
90000,crook s corner shrimp and grits,"water, chicken broth, half-and-half, salt, grits, cheddar cheese, parmesan cheese, butter, tabasco sauce, white pepper, bacon, medium shrimp, black pepper, flour, sliced mushrooms, green onion, garlic, fat-free low-sodium chicken broth, fresh lemon juice, lemon wedge",set,5,"['t,s,p,de']"
90000,crook s corner shrimp and grits,"water, chicken broth, half-and-half, salt, grits, cheddar cheese, parmesan cheese, butter, tabasco sauce, white pepper, bacon, medium shrimp, black pepper, flour, sliced mushrooms, green onion, garlic, fat-free low-sodium chicken broth, fresh lemon juice, lemon wedge",set,8,"['bacon,t,rum,c,s,de,crumb,l']"
90000,crook s corner shrimp and grits,"water, chicken broth, half-and-half, salt, grits, cheddar cheese, parmesan cheese, butter, tabasco sauce, white pepper, bacon, medium shrimp, black pepper, flour, sliced mushrooms, green onion, garlic, fat-free low-sodium chicken broth, fresh lemon juice, lemon wedge",keep,5,"['t,s,p,de']"
90000,crook s corner shrimp and grits,"water, chicken broth, half-and-half, salt, grits, cheddar cheese, parmesan cheese, butter, tabasco sauce, white pepper, bacon, medium shrimp, black pepper, flour, sliced mushrooms, green onion, garlic, fat-free low-sodium chicken broth, fresh lemon juice, lemon wedge",cook,6,"['bacon,cook,t,c,s,p,in,l']"
90000,crook s corner shrimp and grits,"water, chicken broth, half-and-half, salt, grits, cheddar cheese, parmesan cheese, butter, tabasco sauce, white pepper, bacon, medium shrimp, black pepper, flour, sliced mushrooms, green onion, garlic, fat-free low-sodium chicken broth, fresh lemon juice, lemon wedge",cook,14,"['sauce,juice,brown,chicken,broth,lemon,cook,t,c,ice,min,bits,s,in,f,au,re,chick,l']"
90000,crook s corner shrimp and grits,"water, chicken broth, half-and-half, salt, grits, cheddar cheese, parmesan cheese, butter, tabasco sauce, white pepper, bacon, medium shrimp, black pepper, flour, sliced mushrooms, green onion, garlic, fat-free low-sodium chicken broth, fresh lemon juice, lemon wedge",remove,7,"['bacon,t,table,c,s,p,in,paper,pin,f,reserve,re,l']"
90000,crook s corner shrimp and grits,"water, chicken broth, half-and-half, salt, grits, cheddar cheese, parmesan cheese, butter, tabasco sauce, white pepper, bacon, medium shrimp, black pepper, flour, sliced mushrooms, green onion, garlic, fat-free low-sodium chicken broth, fresh lemon juice, lemon wedge",drain,7,"['bacon,t,table,c,s,p,in,paper,pin,f,reserve,re,l']"
90000,crook s corner shrimp and grits,"water, chicken broth, half-and-half, salt, grits, cheddar cheese, parmesan cheese, butter, tabasco sauce, white pepper, bacon, medium shrimp, black pepper, flour, sliced mushrooms, green onion, garlic, fat-free low-sodium chicken broth, fresh lemon juice, lemon wedge",sprinkle,9,"['pepper,salt,shrimp,t,s,p,in,hr,l']"
90000,crook s corner shrimp and grits,"water, chicken broth, half-and-half, salt, grits, cheddar cheese, parmesan cheese, butter, tabasco sauce, white pepper, bacon, medium shrimp, black pepper, flour, sliced mushrooms, green onion, garlic, fat-free low-sodium chicken broth, fresh lemon juice, lemon wedge",dredge,10,"['flour,in,f,re,red,l']"
90000,crook s corner shrimp and grits,"water, chicken broth, half-and-half, salt, grits, cheddar cheese, parmesan cheese, butter, tabasco sauce, white pepper, bacon, medium shrimp, black pepper, flour, sliced mushrooms, green onion, garlic, fat-free low-sodium chicken broth, fresh lemon juice, lemon wedge",are,13,"['garlic,brown,shrimp,t,c,min,s,p,in,au,hr,re,ad,l']"
90000,crook s corner shrimp and grits,"water, chicken broth, half-and-half, salt, grits, cheddar cheese, parmesan cheese, butter, tabasco sauce, white pepper, bacon, medium shrimp, black pepper, flour, sliced mushrooms, green onion, garlic, fat-free low-sodium chicken broth, fresh lemon juice, lemon wedge",stir,14,"['sauce,juice,brown,chicken,broth,lemon,cook,t,c,ice,min,bits,s,in,f,au,re,chick,l']"
90000,crook s corner shrimp and grits,"water, chicken broth, half-and-half, salt, grits, cheddar cheese, parmesan cheese, butter, tabasco sauce, white pepper, bacon, medium shrimp, black pepper, flour, sliced mushrooms, green onion, garlic, fat-free low-sodium chicken broth, fresh lemon juice, lemon wedge",loosen,14,"['sauce,juice,brown,chicken,broth,lemon,cook,t,c,ice,min,bits,s,in,f,au,re,chick,l']"
90000,crook s corner shrimp and grits,"water, chicken broth, half-and-half, salt, grits, cheddar cheese, parmesan cheese, butter, tabasco sauce, white pepper, bacon, medium shrimp, black pepper, flour, sliced mushrooms, green onion, garlic, fat-free low-sodium chicken broth, fresh lemon juice, lemon wedge",divide,15,"['t,soup,s,p,grits,in,de,l']"
90000,crook s corner shrimp and grits,"water, chicken broth, half-and-half, salt, grits, cheddar cheese, parmesan cheese, butter, tabasco sauce, white pepper, bacon, medium shrimp, black pepper, flour, sliced mushrooms, green onion, garlic, fat-free low-sodium chicken broth, fresh lemon juice, lemon wedge",divide,16,"['shrimp,t,c,mix,s,p,grits,in,vin,de,f,top,hr,re,l']"
90000,crook s corner shrimp and grits,"water, chicken broth, half-and-half, salt, grits, cheddar cheese, parmesan cheese, butter, tabasco sauce, white pepper, bacon, medium shrimp, black pepper, flour, sliced mushrooms, green onion, garlic, fat-free low-sodium chicken broth, fresh lemon juice, lemon wedge",place,16,"['shrimp,t,c,mix,s,p,grits,in,vin,de,f,top,hr,re,l']"
90000,crook s corner shrimp and grits,"water, chicken broth, half-and-half, salt, grits, cheddar cheese, parmesan cheese, butter, tabasco sauce, white pepper, bacon, medium shrimp, black pepper, flour, sliced mushrooms, green onion, garlic, fat-free low-sodium chicken broth, fresh lemon juice, lemon wedge",top,17,"['bacon,lemon,wedges,t,rum,c,s,p,wedge,in,vin,crumb,top,l']"
90000,crook s corner shrimp and grits,"water, chicken broth, half-and-half, salt, grits, cheddar cheese, parmesan cheese, butter, tabasco sauce, white pepper, bacon, medium shrimp, black pepper, flour, sliced mushrooms, green onion, garlic, fat-free low-sodium chicken broth, fresh lemon juice, lemon wedge",serving,17,"['bacon,lemon,wedges,t,rum,c,s,p,wedge,in,vin,crumb,top,l']"
90000,crook s corner shrimp and grits,"water, chicken broth, half-and-half, salt, grits, cheddar cheese, parmesan cheese, butter, tabasco sauce, white pepper, bacon, medium shrimp, black pepper, flour, sliced mushrooms, green onion, garlic, fat-free low-sodium chicken broth, fresh lemon juice, lemon wedge",crumbled,17,"['bacon,lemon,wedges,t,rum,c,s,p,wedge,in,vin,crumb,top,l']"
90000,crook s corner shrimp and grits,"water, chicken broth, half-and-half, salt, grits, cheddar cheese, parmesan cheese, butter, tabasco sauce, white pepper, bacon, medium shrimp, black pepper, flour, sliced mushrooms, green onion, garlic, fat-free low-sodium chicken broth, fresh lemon juice, lemon wedge",serve,17,"['bacon,lemon,wedges,t,rum,c,s,p,wedge,in,vin,crumb,top,l']"
