Id,Name,AllIngredients,Verbs,Steps,Ingredient
90354,meatloaf wellington with madeira sauce,"eggs, ketchup, seasoning salt, worcestershire sauce, ground mustard, fresh ground pepper, lean ground beef, ground veal, ground pork, onion, dry breadcrumbs, puff pastry, butter, all-purpose flour, beef consomme, tomato paste, dried thyme, dried rosemary, browning sauce, ground cloves, madeira wine, fresh mushrooms, olive oil",beat,1,"['pepper,salt,eggs,egg,worcestershire,ketchup,mustard,season,sea,t,c,star,s,p,must,in,tar,worcester,mu,re,l,d,b,e']"
90354,meatloaf wellington with madeira sauce,"eggs, ketchup, seasoning salt, worcestershire sauce, ground mustard, fresh ground pepper, lean ground beef, ground veal, ground pork, onion, dry breadcrumbs, puff pastry, butter, all-purpose flour, beef consomme, tomato paste, dried thyme, dried rosemary, browning sauce, ground cloves, madeira wine, fresh mushrooms, olive oil",beat,11,"['egg,t,in,re,b,e']"
90354,meatloaf wellington with madeira sauce,"eggs, ketchup, seasoning salt, worcestershire sauce, ground mustard, fresh ground pepper, lean ground beef, ground veal, ground pork, onion, dry breadcrumbs, puff pastry, butter, all-purpose flour, beef consomme, tomato paste, dried thyme, dried rosemary, browning sauce, ground cloves, madeira wine, fresh mushrooms, olive oil",mix,2,"['t,rum,c,mix,meat,crumb,re,l,d,b,e']"
90354,meatloaf wellington with madeira sauce,"eggs, ketchup, seasoning salt, worcestershire sauce, ground mustard, fresh ground pepper, lean ground beef, ground veal, ground pork, onion, dry breadcrumbs, puff pastry, butter, all-purpose flour, beef consomme, tomato paste, dried thyme, dried rosemary, browning sauce, ground cloves, madeira wine, fresh mushrooms, olive oil",mix,4,"['t,mix,l,nt,e']"
90354,meatloaf wellington with madeira sauce,"eggs, ketchup, seasoning salt, worcestershire sauce, ground mustard, fresh ground pepper, lean ground beef, ground veal, ground pork, onion, dry breadcrumbs, puff pastry, butter, all-purpose flour, beef consomme, tomato paste, dried thyme, dried rosemary, browning sauce, ground cloves, madeira wine, fresh mushrooms, olive oil",sprinkle,3,"['onion,crumbs,read,bread,t,rum,c,s,p,in,crumb,re,ad,l,d,b,e']"
90354,meatloaf wellington with madeira sauce,"eggs, ketchup, seasoning salt, worcestershire sauce, ground mustard, fresh ground pepper, lean ground beef, ground veal, ground pork, onion, dry breadcrumbs, puff pastry, butter, all-purpose flour, beef consomme, tomato paste, dried thyme, dried rosemary, browning sauce, ground cloves, madeira wine, fresh mushrooms, olive oil",shape,5,"['t,c,s,p,in,l,b,nt,e']"
90354,meatloaf wellington with madeira sauce,"eggs, ketchup, seasoning salt, worcestershire sauce, ground mustard, fresh ground pepper, lean ground beef, ground veal, ground pork, onion, dry breadcrumbs, puff pastry, butter, all-purpose flour, beef consomme, tomato paste, dried thyme, dried rosemary, browning sauce, ground cloves, madeira wine, fresh mushrooms, olive oil",floured,6,"['flour,t,c,s,p,in,roll,pastry,sheet,past,f,re,red,l,d,light,nt,e']"
90354,meatloaf wellington with madeira sauce,"eggs, ketchup, seasoning salt, worcestershire sauce, ground mustard, fresh ground pepper, lean ground beef, ground veal, ground pork, onion, dry breadcrumbs, puff pastry, butter, all-purpose flour, beef consomme, tomato paste, dried thyme, dried rosemary, browning sauce, ground cloves, madeira wine, fresh mushrooms, olive oil",roll,6,"['flour,t,c,s,p,in,roll,pastry,sheet,past,f,re,red,l,d,light,nt,e']"
90354,meatloaf wellington with madeira sauce,"eggs, ketchup, seasoning salt, worcestershire sauce, ground mustard, fresh ground pepper, lean ground beef, ground veal, ground pork, onion, dry breadcrumbs, puff pastry, butter, all-purpose flour, beef consomme, tomato paste, dried thyme, dried rosemary, browning sauce, ground cloves, madeira wine, fresh mushrooms, olive oil",fold,8,"['t,s,p,pastry,de,past,f,l,d,e']"
90354,meatloaf wellington with madeira sauce,"eggs, ketchup, seasoning salt, worcestershire sauce, ground mustard, fresh ground pepper, lean ground beef, ground veal, ground pork, onion, dry breadcrumbs, puff pastry, butter, all-purpose flour, beef consomme, tomato paste, dried thyme, dried rosemary, browning sauce, ground cloves, madeira wine, fresh mushrooms, olive oil",remaining,11,"['egg,t,in,re,b,e']"
90354,meatloaf wellington with madeira sauce,"eggs, ketchup, seasoning salt, worcestershire sauce, ground mustard, fresh ground pepper, lean ground beef, ground veal, ground pork, onion, dry breadcrumbs, puff pastry, butter, all-purpose flour, beef consomme, tomato paste, dried thyme, dried rosemary, browning sauce, ground cloves, madeira wine, fresh mushrooms, olive oil",brush,12,"['t,s,p,pastry,past,b,e']"
90354,meatloaf wellington with madeira sauce,"eggs, ketchup, seasoning salt, worcestershire sauce, ground mustard, fresh ground pepper, lean ground beef, ground veal, ground pork, onion, dry breadcrumbs, puff pastry, butter, all-purpose flour, beef consomme, tomato paste, dried thyme, dried rosemary, browning sauce, ground cloves, madeira wine, fresh mushrooms, olive oil",bake,13,"['read,t,min,s,in,meat,de,f,-,re,ad,l,d,b,nt,e,nut']"
90354,meatloaf wellington with madeira sauce,"eggs, ketchup, seasoning salt, worcestershire sauce, ground mustard, fresh ground pepper, lean ground beef, ground veal, ground pork, onion, dry breadcrumbs, puff pastry, butter, all-purpose flour, beef consomme, tomato paste, dried thyme, dried rosemary, browning sauce, ground cloves, madeira wine, fresh mushrooms, olive oil",reads,13,"['read,t,min,s,in,meat,de,f,-,re,ad,l,d,b,nt,e,nut']"
90354,meatloaf wellington with madeira sauce,"eggs, ketchup, seasoning salt, worcestershire sauce, ground mustard, fresh ground pepper, lean ground beef, ground veal, ground pork, onion, dry breadcrumbs, puff pastry, butter, all-purpose flour, beef consomme, tomato paste, dried thyme, dried rosemary, browning sauce, ground cloves, madeira wine, fresh mushrooms, olive oil",melt,14,"['sauce,butter,pan,t,c,s,p,in,f,au,l,b,e,butt']"
90354,meatloaf wellington with madeira sauce,"eggs, ketchup, seasoning salt, worcestershire sauce, ground mustard, fresh ground pepper, lean ground beef, ground veal, ground pork, onion, dry breadcrumbs, puff pastry, butter, all-purpose flour, beef consomme, tomato paste, dried thyme, dried rosemary, browning sauce, ground cloves, madeira wine, fresh mushrooms, olive oil",whisk,15,"['flour,t,s,in,f,l,nt']"
90354,meatloaf wellington with madeira sauce,"eggs, ketchup, seasoning salt, worcestershire sauce, ground mustard, fresh ground pepper, lean ground beef, ground veal, ground pork, onion, dry breadcrumbs, puff pastry, butter, all-purpose flour, beef consomme, tomato paste, dried thyme, dried rosemary, browning sauce, ground cloves, madeira wine, fresh mushrooms, olive oil",smooth,15,"['flour,t,s,in,f,l,nt']"
90354,meatloaf wellington with madeira sauce,"eggs, ketchup, seasoning salt, worcestershire sauce, ground mustard, fresh ground pepper, lean ground beef, ground veal, ground pork, onion, dry breadcrumbs, puff pastry, butter, all-purpose flour, beef consomme, tomato paste, dried thyme, dried rosemary, browning sauce, ground cloves, madeira wine, fresh mushrooms, olive oil",stir,16,"['sauce,cloves,tomato,brown,paste,thyme,clove,rosemary,t,c,s,p,in,past,au,l,d,b,e,love,browning,consomm']"
90354,meatloaf wellington with madeira sauce,"eggs, ketchup, seasoning salt, worcestershire sauce, ground mustard, fresh ground pepper, lean ground beef, ground veal, ground pork, onion, dry breadcrumbs, puff pastry, butter, all-purpose flour, beef consomme, tomato paste, dried thyme, dried rosemary, browning sauce, ground cloves, madeira wine, fresh mushrooms, olive oil",stir,18,"['cook,t,c,min,s,in,f,l,d,nt,e,nut']"
90354,meatloaf wellington with madeira sauce,"eggs, ketchup, seasoning salt, worcestershire sauce, ground mustard, fresh ground pepper, lean ground beef, ground veal, ground pork, onion, dry breadcrumbs, puff pastry, butter, all-purpose flour, beef consomme, tomato paste, dried thyme, dried rosemary, browning sauce, ground cloves, madeira wine, fresh mushrooms, olive oil",stir,19,"['wine,t,s,in,e']"
90354,meatloaf wellington with madeira sauce,"eggs, ketchup, seasoning salt, worcestershire sauce, ground mustard, fresh ground pepper, lean ground beef, ground veal, ground pork, onion, dry breadcrumbs, puff pastry, butter, all-purpose flour, beef consomme, tomato paste, dried thyme, dried rosemary, browning sauce, ground cloves, madeira wine, fresh mushrooms, olive oil",bring,17,"['oil,t,boil,in,l,b,ring']"
90354,meatloaf wellington with madeira sauce,"eggs, ketchup, seasoning salt, worcestershire sauce, ground mustard, fresh ground pepper, lean ground beef, ground veal, ground pork, onion, dry breadcrumbs, puff pastry, butter, all-purpose flour, beef consomme, tomato paste, dried thyme, dried rosemary, browning sauce, ground cloves, madeira wine, fresh mushrooms, olive oil",cook,18,"['cook,t,c,min,s,in,f,l,d,nt,e,nut']"
90354,meatloaf wellington with madeira sauce,"eggs, ketchup, seasoning salt, worcestershire sauce, ground mustard, fresh ground pepper, lean ground beef, ground veal, ground pork, onion, dry breadcrumbs, puff pastry, butter, all-purpose flour, beef consomme, tomato paste, dried thyme, dried rosemary, browning sauce, ground cloves, madeira wine, fresh mushrooms, olive oil",thickened,18,"['cook,t,c,min,s,in,f,l,d,nt,e,nut']"
90354,meatloaf wellington with madeira sauce,"eggs, ketchup, seasoning salt, worcestershire sauce, ground mustard, fresh ground pepper, lean ground beef, ground veal, ground pork, onion, dry breadcrumbs, puff pastry, butter, all-purpose flour, beef consomme, tomato paste, dried thyme, dried rosemary, browning sauce, ground cloves, madeira wine, fresh mushrooms, olive oil",serve,21,"['sauce,mushrooms,mushroom,room,t,c,ice,slice,s,meat,shrooms,slices,f,au,mu,hr,l,d,e']"
90354,meatloaf wellington with madeira sauce,"eggs, ketchup, seasoning salt, worcestershire sauce, ground mustard, fresh ground pepper, lean ground beef, ground veal, ground pork, onion, dry breadcrumbs, puff pastry, butter, all-purpose flour, beef consomme, tomato paste, dried thyme, dried rosemary, browning sauce, ground cloves, madeira wine, fresh mushrooms, olive oil",sauce,21,"['sauce,mushrooms,mushroom,room,t,c,ice,slice,s,meat,shrooms,slices,f,au,mu,hr,l,d,e']"
