Id,Name,AllIngredients,Verbs,Steps,Ingredient
90356,tofu   mixed vegetable stir fry,"dried shiitake mushroom, chicken stock, rice wine, soya sauce, cornstarch, firm tofu, sesame seeds, peanut oil, garlic cloves, ginger, cauliflower, broccoli, snow peas, baby carrots, red bell pepper, yellow bell pepper, green onion, fresh bean sprout, sambal oelek, rice noodles",put,1,{}
90356,tofu   mixed vegetable stir fry,"dried shiitake mushroom, chicken stock, rice wine, soya sauce, cornstarch, firm tofu, sesame seeds, peanut oil, garlic cloves, ginger, cauliflower, broccoli, snow peas, baby carrots, red bell pepper, yellow bell pepper, green onion, fresh bean sprout, sambal oelek, rice noodles",cover,1,"['water,t,c,s,p,in,f,l,b,e,o,v']"
90356,tofu   mixed vegetable stir fry,"dried shiitake mushroom, chicken stock, rice wine, soya sauce, cornstarch, firm tofu, sesame seeds, peanut oil, garlic cloves, ginger, cauliflower, broccoli, snow peas, baby carrots, red bell pepper, yellow bell pepper, green onion, fresh bean sprout, sambal oelek, rice noodles",nuke,2,"['c,s,f,d,e,o']"
90356,tofu   mixed vegetable stir fry,"dried shiitake mushroom, chicken stock, rice wine, soya sauce, cornstarch, firm tofu, sesame seeds, peanut oil, garlic cloves, ginger, cauliflower, broccoli, snow peas, baby carrots, red bell pepper, yellow bell pepper, green onion, fresh bean sprout, sambal oelek, rice noodles",set,3,"['t,min,s,in,f,l,e,nut,o']"
90356,tofu   mixed vegetable stir fry,"dried shiitake mushroom, chicken stock, rice wine, soya sauce, cornstarch, firm tofu, sesame seeds, peanut oil, garlic cloves, ginger, cauliflower, broccoli, snow peas, baby carrots, red bell pepper, yellow bell pepper, green onion, fresh bean sprout, sambal oelek, rice noodles",set,8,"['t,s,de,d,e']"
90356,tofu   mixed vegetable stir fry,"dried shiitake mushroom, chicken stock, rice wine, soya sauce, cornstarch, firm tofu, sesame seeds, peanut oil, garlic cloves, ginger, cauliflower, broccoli, snow peas, baby carrots, red bell pepper, yellow bell pepper, green onion, fresh bean sprout, sambal oelek, rice noodles",set,10,"['sesame,seed,t,seeds,s,de,l,d,e,gold,o,g,sesam']"
90356,tofu   mixed vegetable stir fry,"dried shiitake mushroom, chicken stock, rice wine, soya sauce, cornstarch, firm tofu, sesame seeds, peanut oil, garlic cloves, ginger, cauliflower, broccoli, snow peas, baby carrots, red bell pepper, yellow bell pepper, green onion, fresh bean sprout, sambal oelek, rice noodles",set,19,"['t,tofu,s,in,de,f,ad,l,marinade,d,e,o']"
90356,tofu   mixed vegetable stir fry,"dried shiitake mushroom, chicken stock, rice wine, soya sauce, cornstarch, firm tofu, sesame seeds, peanut oil, garlic cloves, ginger, cauliflower, broccoli, snow peas, baby carrots, red bell pepper, yellow bell pepper, green onion, fresh bean sprout, sambal oelek, rice noodles",mix,4,"['t,mix,s,in,de,f,re,ad,red,marinade,d,nt,e,o,g,ts']"
90356,tofu   mixed vegetable stir fry,"dried shiitake mushroom, chicken stock, rice wine, soya sauce, cornstarch, firm tofu, sesame seeds, peanut oil, garlic cloves, ginger, cauliflower, broccoli, snow peas, baby carrots, red bell pepper, yellow bell pepper, green onion, fresh bean sprout, sambal oelek, rice noodles",mix,20,"['t,c,mix,s,in,de,f,ad,l,marinade,d,b,nt,e,oelek,o']"
90356,tofu   mixed vegetable stir fry,"dried shiitake mushroom, chicken stock, rice wine, soya sauce, cornstarch, firm tofu, sesame seeds, peanut oil, garlic cloves, ginger, cauliflower, broccoli, snow peas, baby carrots, red bell pepper, yellow bell pepper, green onion, fresh bean sprout, sambal oelek, rice noodles",mix,21,"['sauce,bean,sprouts,t,c,star,mix,tofu,s,p,can,tar,f,au,re,ad,l,d,b,nt,e,o,y,tart,g,ts,sprout']"
90356,tofu   mixed vegetable stir fry,"dried shiitake mushroom, chicken stock, rice wine, soya sauce, cornstarch, firm tofu, sesame seeds, peanut oil, garlic cloves, ginger, cauliflower, broccoli, snow peas, baby carrots, red bell pepper, yellow bell pepper, green onion, fresh bean sprout, sambal oelek, rice noodles",add,5,"['t,tofu,f,ad,d,e,o']"
90356,tofu   mixed vegetable stir fry,"dried shiitake mushroom, chicken stock, rice wine, soya sauce, cornstarch, firm tofu, sesame seeds, peanut oil, garlic cloves, ginger, cauliflower, broccoli, snow peas, baby carrots, red bell pepper, yellow bell pepper, green onion, fresh bean sprout, sambal oelek, rice noodles",add,11,"['oil,t,ad,l,d,e,o']"
90356,tofu   mixed vegetable stir fry,"dried shiitake mushroom, chicken stock, rice wine, soya sauce, cornstarch, firm tofu, sesame seeds, peanut oil, garlic cloves, ginger, cauliflower, broccoli, snow peas, baby carrots, red bell pepper, yellow bell pepper, green onion, fresh bean sprout, sambal oelek, rice noodles",add,13,"['garlic,ginger,c,in,ad,l,d,e,gin,g']"
90356,tofu   mixed vegetable stir fry,"dried shiitake mushroom, chicken stock, rice wine, soya sauce, cornstarch, firm tofu, sesame seeds, peanut oil, garlic cloves, ginger, cauliflower, broccoli, snow peas, baby carrots, red bell pepper, yellow bell pepper, green onion, fresh bean sprout, sambal oelek, rice noodles",add,15,"['vegetable,bean,sprouts,t,table,peas,pea,s,p,snow,veg,ad,l,d,b,vegetables,e,o,g,ts,v,sprout']"
90356,tofu   mixed vegetable stir fry,"dried shiitake mushroom, chicken stock, rice wine, soya sauce, cornstarch, firm tofu, sesame seeds, peanut oil, garlic cloves, ginger, cauliflower, broccoli, snow peas, baby carrots, red bell pepper, yellow bell pepper, green onion, fresh bean sprout, sambal oelek, rice noodles",add,17,"['t,min,peas,pea,s,p,in,snow,f,ad,d,e,nut,o,y']"
90356,tofu   mixed vegetable stir fry,"dried shiitake mushroom, chicken stock, rice wine, soya sauce, cornstarch, firm tofu, sesame seeds, peanut oil, garlic cloves, ginger, cauliflower, broccoli, snow peas, baby carrots, red bell pepper, yellow bell pepper, green onion, fresh bean sprout, sambal oelek, rice noodles",add,20,"['t,c,mix,s,in,de,f,ad,l,marinade,d,b,nt,e,oelek,o']"
90356,tofu   mixed vegetable stir fry,"dried shiitake mushroom, chicken stock, rice wine, soya sauce, cornstarch, firm tofu, sesame seeds, peanut oil, garlic cloves, ginger, cauliflower, broccoli, snow peas, baby carrots, red bell pepper, yellow bell pepper, green onion, fresh bean sprout, sambal oelek, rice noodles",add,21,"['sauce,bean,sprouts,t,c,star,mix,tofu,s,p,can,tar,f,au,re,ad,l,d,b,nt,e,o,y,tart,g,ts,sprout']"
90356,tofu   mixed vegetable stir fry,"dried shiitake mushroom, chicken stock, rice wine, soya sauce, cornstarch, firm tofu, sesame seeds, peanut oil, garlic cloves, ginger, cauliflower, broccoli, snow peas, baby carrots, red bell pepper, yellow bell pepper, green onion, fresh bean sprout, sambal oelek, rice noodles",add,26,"['oil,t,heat,s,ad,l,d,b,e,o']"
90356,tofu   mixed vegetable stir fry,"dried shiitake mushroom, chicken stock, rice wine, soya sauce, cornstarch, firm tofu, sesame seeds, peanut oil, garlic cloves, ginger, cauliflower, broccoli, snow peas, baby carrots, red bell pepper, yellow bell pepper, green onion, fresh bean sprout, sambal oelek, rice noodles",add,27,"['noodles,t,s,p,puff,f,noodle,ad,l,d,e,o,y']"
90356,tofu   mixed vegetable stir fry,"dried shiitake mushroom, chicken stock, rice wine, soya sauce, cornstarch, firm tofu, sesame seeds, peanut oil, garlic cloves, ginger, cauliflower, broccoli, snow peas, baby carrots, red bell pepper, yellow bell pepper, green onion, fresh bean sprout, sambal oelek, rice noodles",stir,6,"['t,c,oat,s,l,nt,e,o,y,g']"
90356,tofu   mixed vegetable stir fry,"dried shiitake mushroom, chicken stock, rice wine, soya sauce, cornstarch, firm tofu, sesame seeds, peanut oil, garlic cloves, ginger, cauliflower, broccoli, snow peas, baby carrots, red bell pepper, yellow bell pepper, green onion, fresh bean sprout, sambal oelek, rice noodles",stir,14,"['t,min,s,in,f,e,nut,y']"
90356,tofu   mixed vegetable stir fry,"dried shiitake mushroom, chicken stock, rice wine, soya sauce, cornstarch, firm tofu, sesame seeds, peanut oil, garlic cloves, ginger, cauliflower, broccoli, snow peas, baby carrots, red bell pepper, yellow bell pepper, green onion, fresh bean sprout, sambal oelek, rice noodles",stir,16,"['t,min,s,in,f,-,e,nut,y']"
90356,tofu   mixed vegetable stir fry,"dried shiitake mushroom, chicken stock, rice wine, soya sauce, cornstarch, firm tofu, sesame seeds, peanut oil, garlic cloves, ginger, cauliflower, broccoli, snow peas, baby carrots, red bell pepper, yellow bell pepper, green onion, fresh bean sprout, sambal oelek, rice noodles",stir,17,"['t,min,peas,pea,s,p,in,snow,f,ad,d,e,nut,o,y']"
90356,tofu   mixed vegetable stir fry,"dried shiitake mushroom, chicken stock, rice wine, soya sauce, cornstarch, firm tofu, sesame seeds, peanut oil, garlic cloves, ginger, cauliflower, broccoli, snow peas, baby carrots, red bell pepper, yellow bell pepper, green onion, fresh bean sprout, sambal oelek, rice noodles",stir,21,"['sauce,bean,sprouts,t,c,star,mix,tofu,s,p,can,tar,f,au,re,ad,l,d,b,nt,e,o,y,tart,g,ts,sprout']"
90356,tofu   mixed vegetable stir fry,"dried shiitake mushroom, chicken stock, rice wine, soya sauce, cornstarch, firm tofu, sesame seeds, peanut oil, garlic cloves, ginger, cauliflower, broccoli, snow peas, baby carrots, red bell pepper, yellow bell pepper, green onion, fresh bean sprout, sambal oelek, rice noodles",stir,27,"['noodles,t,s,p,puff,f,noodle,ad,l,d,e,o,y']"
90356,tofu   mixed vegetable stir fry,"dried shiitake mushroom, chicken stock, rice wine, soya sauce, cornstarch, firm tofu, sesame seeds, peanut oil, garlic cloves, ginger, cauliflower, broccoli, snow peas, baby carrots, red bell pepper, yellow bell pepper, green onion, fresh bean sprout, sambal oelek, rice noodles",coat,6,"['t,c,oat,s,l,nt,e,o,y,g']"
90356,tofu   mixed vegetable stir fry,"dried shiitake mushroom, chicken stock, rice wine, soya sauce, cornstarch, firm tofu, sesame seeds, peanut oil, garlic cloves, ginger, cauliflower, broccoli, snow peas, baby carrots, red bell pepper, yellow bell pepper, green onion, fresh bean sprout, sambal oelek, rice noodles",coat,12,"['t,c,oat,s,l,o']"
90356,tofu   mixed vegetable stir fry,"dried shiitake mushroom, chicken stock, rice wine, soya sauce, cornstarch, firm tofu, sesame seeds, peanut oil, garlic cloves, ginger, cauliflower, broccoli, snow peas, baby carrots, red bell pepper, yellow bell pepper, green onion, fresh bean sprout, sambal oelek, rice noodles",drain,7,"['mushrooms,read,mushroom,room,t,c,ice,slice,s,in,shrooms,slices,f,mu,hr,re,ad,l,d,b,nt,e,size,o,y']"
90356,tofu   mixed vegetable stir fry,"dried shiitake mushroom, chicken stock, rice wine, soya sauce, cornstarch, firm tofu, sesame seeds, peanut oil, garlic cloves, ginger, cauliflower, broccoli, snow peas, baby carrots, red bell pepper, yellow bell pepper, green onion, fresh bean sprout, sambal oelek, rice noodles",cut,7,"['mushrooms,read,mushroom,room,t,c,ice,slice,s,in,shrooms,slices,f,mu,hr,re,ad,l,d,b,nt,e,size,o,y']"
90356,tofu   mixed vegetable stir fry,"dried shiitake mushroom, chicken stock, rice wine, soya sauce, cornstarch, firm tofu, sesame seeds, peanut oil, garlic cloves, ginger, cauliflower, broccoli, snow peas, baby carrots, red bell pepper, yellow bell pepper, green onion, fresh bean sprout, sambal oelek, rice noodles",heat,9,"['t,heat,e,o']"
90356,tofu   mixed vegetable stir fry,"dried shiitake mushroom, chicken stock, rice wine, soya sauce, cornstarch, firm tofu, sesame seeds, peanut oil, garlic cloves, ginger, cauliflower, broccoli, snow peas, baby carrots, red bell pepper, yellow bell pepper, green onion, fresh bean sprout, sambal oelek, rice noodles",heat,22,"['t,heat,hr,e,o,g']"
90356,tofu   mixed vegetable stir fry,"dried shiitake mushroom, chicken stock, rice wine, soya sauce, cornstarch, firm tofu, sesame seeds, peanut oil, garlic cloves, ginger, cauliflower, broccoli, snow peas, baby carrots, red bell pepper, yellow bell pepper, green onion, fresh bean sprout, sambal oelek, rice noodles",toast,10,"['sesame,seed,t,seeds,s,de,l,d,e,gold,o,g,sesam']"
90356,tofu   mixed vegetable stir fry,"dried shiitake mushroom, chicken stock, rice wine, soya sauce, cornstarch, firm tofu, sesame seeds, peanut oil, garlic cloves, ginger, cauliflower, broccoli, snow peas, baby carrots, red bell pepper, yellow bell pepper, green onion, fresh bean sprout, sambal oelek, rice noodles",swirl,12,"['t,c,oat,s,l,o']"
90356,tofu   mixed vegetable stir fry,"dried shiitake mushroom, chicken stock, rice wine, soya sauce, cornstarch, firm tofu, sesame seeds, peanut oil, garlic cloves, ginger, cauliflower, broccoli, snow peas, baby carrots, red bell pepper, yellow bell pepper, green onion, fresh bean sprout, sambal oelek, rice noodles",push,18,"['vegetable,t,table,s,p,de,veg,f,l,d,b,vegetables,e,o,g,v']"
90356,tofu   mixed vegetable stir fry,"dried shiitake mushroom, chicken stock, rice wine, soya sauce, cornstarch, firm tofu, sesame seeds, peanut oil, garlic cloves, ginger, cauliflower, broccoli, snow peas, baby carrots, red bell pepper, yellow bell pepper, green onion, fresh bean sprout, sambal oelek, rice noodles",lift,19,"['t,tofu,s,in,de,f,ad,l,marinade,d,e,o']"
90356,tofu   mixed vegetable stir fry,"dried shiitake mushroom, chicken stock, rice wine, soya sauce, cornstarch, firm tofu, sesame seeds, peanut oil, garlic cloves, ginger, cauliflower, broccoli, snow peas, baby carrots, red bell pepper, yellow bell pepper, green onion, fresh bean sprout, sambal oelek, rice noodles",work,21,"['sauce,bean,sprouts,t,c,star,mix,tofu,s,p,can,tar,f,au,re,ad,l,d,b,nt,e,o,y,tart,g,ts,sprout']"
90356,tofu   mixed vegetable stir fry,"dried shiitake mushroom, chicken stock, rice wine, soya sauce, cornstarch, firm tofu, sesame seeds, peanut oil, garlic cloves, ginger, cauliflower, broccoli, snow peas, baby carrots, red bell pepper, yellow bell pepper, green onion, fresh bean sprout, sambal oelek, rice noodles",re,21,"['sauce,bean,sprouts,t,c,star,mix,tofu,s,p,can,tar,f,au,re,ad,l,d,b,nt,e,o,y,tart,g,ts,sprout']"
90356,tofu   mixed vegetable stir fry,"dried shiitake mushroom, chicken stock, rice wine, soya sauce, cornstarch, firm tofu, sesame seeds, peanut oil, garlic cloves, ginger, cauliflower, broccoli, snow peas, baby carrots, red bell pepper, yellow bell pepper, green onion, fresh bean sprout, sambal oelek, rice noodles",learn,21,"['sauce,bean,sprouts,t,c,star,mix,tofu,s,p,can,tar,f,au,re,ad,l,d,b,nt,e,o,y,tart,g,ts,sprout']"
90356,tofu   mixed vegetable stir fry,"dried shiitake mushroom, chicken stock, rice wine, soya sauce, cornstarch, firm tofu, sesame seeds, peanut oil, garlic cloves, ginger, cauliflower, broccoli, snow peas, baby carrots, red bell pepper, yellow bell pepper, green onion, fresh bean sprout, sambal oelek, rice noodles",starts,21,"['sauce,bean,sprouts,t,c,star,mix,tofu,s,p,can,tar,f,au,re,ad,l,d,b,nt,e,o,y,tart,g,ts,sprout']"
90356,tofu   mixed vegetable stir fry,"dried shiitake mushroom, chicken stock, rice wine, soya sauce, cornstarch, firm tofu, sesame seeds, peanut oil, garlic cloves, ginger, cauliflower, broccoli, snow peas, baby carrots, red bell pepper, yellow bell pepper, green onion, fresh bean sprout, sambal oelek, rice noodles",thicken,21,"['sauce,bean,sprouts,t,c,star,mix,tofu,s,p,can,tar,f,au,re,ad,l,d,b,nt,e,o,y,tart,g,ts,sprout']"
90356,tofu   mixed vegetable stir fry,"dried shiitake mushroom, chicken stock, rice wine, soya sauce, cornstarch, firm tofu, sesame seeds, peanut oil, garlic cloves, ginger, cauliflower, broccoli, snow peas, baby carrots, red bell pepper, yellow bell pepper, green onion, fresh bean sprout, sambal oelek, rice noodles",empty,23,"['t,s,p,in,vin,l,b,nt,e,o,y,g,v']"
90356,tofu   mixed vegetable stir fry,"dried shiitake mushroom, chicken stock, rice wine, soya sauce, cornstarch, firm tofu, sesame seeds, peanut oil, garlic cloves, ginger, cauliflower, broccoli, snow peas, baby carrots, red bell pepper, yellow bell pepper, green onion, fresh bean sprout, sambal oelek, rice noodles",serving,23,"['t,s,p,in,vin,l,b,nt,e,o,y,g,v']"
90356,tofu   mixed vegetable stir fry,"dried shiitake mushroom, chicken stock, rice wine, soya sauce, cornstarch, firm tofu, sesame seeds, peanut oil, garlic cloves, ginger, cauliflower, broccoli, snow peas, baby carrots, red bell pepper, yellow bell pepper, green onion, fresh bean sprout, sambal oelek, rice noodles",keep,24,"['p,warm,e']"
90356,tofu   mixed vegetable stir fry,"dried shiitake mushroom, chicken stock, rice wine, soya sauce, cornstarch, firm tofu, sesame seeds, peanut oil, garlic cloves, ginger, cauliflower, broccoli, snow peas, baby carrots, red bell pepper, yellow bell pepper, green onion, fresh bean sprout, sambal oelek, rice noodles",dry,25,"['t,c,l,d,e,o,y']"
90356,tofu   mixed vegetable stir fry,"dried shiitake mushroom, chicken stock, rice wine, soya sauce, cornstarch, firm tofu, sesame seeds, peanut oil, garlic cloves, ginger, cauliflower, broccoli, snow peas, baby carrots, red bell pepper, yellow bell pepper, green onion, fresh bean sprout, sambal oelek, rice noodles",puff,27,"['noodles,t,s,p,puff,f,noodle,ad,l,d,e,o,y']"
90356,tofu   mixed vegetable stir fry,"dried shiitake mushroom, chicken stock, rice wine, soya sauce, cornstarch, firm tofu, sesame seeds, peanut oil, garlic cloves, ginger, cauliflower, broccoli, snow peas, baby carrots, red bell pepper, yellow bell pepper, green onion, fresh bean sprout, sambal oelek, rice noodles",place,28,"['noodles,t,c,s,p,noodle,l,d,e,o,hot']"
90356,tofu   mixed vegetable stir fry,"dried shiitake mushroom, chicken stock, rice wine, soya sauce, cornstarch, firm tofu, sesame seeds, peanut oil, garlic cloves, ginger, cauliflower, broccoli, snow peas, baby carrots, red bell pepper, yellow bell pepper, green onion, fresh bean sprout, sambal oelek, rice noodles",toasted,30,"['sesame,seed,t,seeds,s,p,top,d,e,o,sesam']"
90356,tofu   mixed vegetable stir fry,"dried shiitake mushroom, chicken stock, rice wine, soya sauce, cornstarch, firm tofu, sesame seeds, peanut oil, garlic cloves, ginger, cauliflower, broccoli, snow peas, baby carrots, red bell pepper, yellow bell pepper, green onion, fresh bean sprout, sambal oelek, rice noodles",serve,31,"['s,e,v']"
