Id,Name,AllIngredients,Verbs,Steps,Ingredient
91871,lee lum s lemon chicken,"boneless skinless chicken breast halves, light soy sauce, sesame oil, salt, gin, egg whites, water chestnut flour, peanut oil, sugar, rice vinegar, chicken broth, cornstarch, water, msg, lemon, carrots, green pepper, green onions, pineapple rings, lemon extract, iceberg lettuce",place,1,{}
91871,lee lum s lemon chicken,"boneless skinless chicken breast halves, light soy sauce, sesame oil, salt, gin, egg whites, water chestnut flour, peanut oil, sugar, rice vinegar, chicken broth, cornstarch, water, msg, lemon, carrots, green pepper, green onions, pineapple rings, lemon extract, iceberg lettuce",place,12,"['chicken,lettuce,t,c,ice,slice,s,p,in,slices,f,top,re,chick,l,d,nt,e']"
91871,lee lum s lemon chicken,"boneless skinless chicken breast halves, light soy sauce, sesame oil, salt, gin, egg whites, water chestnut flour, peanut oil, sugar, rice vinegar, chicken broth, cornstarch, water, msg, lemon, carrots, green pepper, green onions, pineapple rings, lemon extract, iceberg lettuce",combine,2,"['soy,sauce,salt,oil,chicken,sesame,t,c,s,p,vodka,in,au,chick,l,d,b,e,gin']"
91871,lee lum s lemon chicken,"boneless skinless chicken breast halves, light soy sauce, sesame oil, salt, gin, egg whites, water chestnut flour, peanut oil, sugar, rice vinegar, chicken broth, cornstarch, water, msg, lemon, carrots, green pepper, green onions, pineapple rings, lemon extract, iceberg lettuce",combine,11,"['sauce,sugar,oil,juice,water,chicken,pan,vinegar,corn,rice,broth,starch,lemon,cook,t,table,c,ice,boil,cooking,cornstarch,star,s,p,rind,in,vin,de,tar,msg,f,au,re,chick,red,l,d,b,nt,e,ring']"
91871,lee lum s lemon chicken,"boneless skinless chicken breast halves, light soy sauce, sesame oil, salt, gin, egg whites, water chestnut flour, peanut oil, sugar, rice vinegar, chicken broth, cornstarch, water, msg, lemon, carrots, green pepper, green onions, pineapple rings, lemon extract, iceberg lettuce",pour,2,"['soy,sauce,salt,oil,chicken,sesame,t,c,s,p,vodka,in,au,chick,l,d,b,e,gin']"
91871,lee lum s lemon chicken,"boneless skinless chicken breast halves, light soy sauce, sesame oil, salt, gin, egg whites, water chestnut flour, peanut oil, sugar, rice vinegar, chicken broth, cornstarch, water, msg, lemon, carrots, green pepper, green onions, pineapple rings, lemon extract, iceberg lettuce",pour,6,"['flour,water,chicken,t,c,s,p,in,f,-,tel,re,chick,red,l,d,e,chestnut']"
91871,lee lum s lemon chicken,"boneless skinless chicken breast halves, light soy sauce, sesame oil, salt, gin, egg whites, water chestnut flour, peanut oil, sugar, rice vinegar, chicken broth, cornstarch, water, msg, lemon, carrots, green pepper, green onions, pineapple rings, lemon extract, iceberg lettuce",pour,8,"['oil,peanut,chicken,cook,t,c,heat,pea,s,p,in,de,f,re,chick,l,d,nt,e']"
91871,lee lum s lemon chicken,"boneless skinless chicken breast halves, light soy sauce, sesame oil, salt, gin, egg whites, water chestnut flour, peanut oil, sugar, rice vinegar, chicken broth, cornstarch, water, msg, lemon, carrots, green pepper, green onions, pineapple rings, lemon extract, iceberg lettuce",pour,14,"['chicken,t,c,heat,s,p,extract,in,f,tel,re,chick,l,d,e']"
91871,lee lum s lemon chicken,"boneless skinless chicken breast halves, light soy sauce, sesame oil, salt, gin, egg whites, water chestnut flour, peanut oil, sugar, rice vinegar, chicken broth, cornstarch, water, msg, lemon, carrots, green pepper, green onions, pineapple rings, lemon extract, iceberg lettuce",toss,3,"['t,c,min,oat,s,in,f,l,d,e']"
91871,lee lum s lemon chicken,"boneless skinless chicken breast halves, light soy sauce, sesame oil, salt, gin, egg whites, water chestnut flour, peanut oil, sugar, rice vinegar, chicken broth, cornstarch, water, msg, lemon, carrots, green pepper, green onions, pineapple rings, lemon extract, iceberg lettuce",toss,5,"['egg,chicken,whites,t,c,oat,s,in,white,chick,d,b,e']"
91871,lee lum s lemon chicken,"boneless skinless chicken breast halves, light soy sauce, sesame oil, salt, gin, egg whites, water chestnut flour, peanut oil, sugar, rice vinegar, chicken broth, cornstarch, water, msg, lemon, carrots, green pepper, green onions, pineapple rings, lemon extract, iceberg lettuce",let,3,"['t,c,min,oat,s,in,f,l,d,e']"
91871,lee lum s lemon chicken,"boneless skinless chicken breast halves, light soy sauce, sesame oil, salt, gin, egg whites, water chestnut flour, peanut oil, sugar, rice vinegar, chicken broth, cornstarch, water, msg, lemon, carrots, green pepper, green onions, pineapple rings, lemon extract, iceberg lettuce",sit,3,"['t,c,min,oat,s,in,f,l,d,e']"
91871,lee lum s lemon chicken,"boneless skinless chicken breast halves, light soy sauce, sesame oil, salt, gin, egg whites, water chestnut flour, peanut oil, sugar, rice vinegar, chicken broth, cornstarch, water, msg, lemon, carrots, green pepper, green onions, pineapple rings, lemon extract, iceberg lettuce",preheat,4,"['t,heat,p,oven,re,e']"
91871,lee lum s lemon chicken,"boneless skinless chicken breast halves, light soy sauce, sesame oil, salt, gin, egg whites, water chestnut flour, peanut oil, sugar, rice vinegar, chicken broth, cornstarch, water, msg, lemon, carrots, green pepper, green onions, pineapple rings, lemon extract, iceberg lettuce",beat,5,"['egg,chicken,whites,t,c,oat,s,in,white,chick,d,b,e']"
91871,lee lum s lemon chicken,"boneless skinless chicken breast halves, light soy sauce, sesame oil, salt, gin, egg whites, water chestnut flour, peanut oil, sugar, rice vinegar, chicken broth, cornstarch, water, msg, lemon, carrots, green pepper, green onions, pineapple rings, lemon extract, iceberg lettuce",drain,5,"['egg,chicken,whites,t,c,oat,s,in,white,chick,d,b,e']"
91871,lee lum s lemon chicken,"boneless skinless chicken breast halves, light soy sauce, sesame oil, salt, gin, egg whites, water chestnut flour, peanut oil, sugar, rice vinegar, chicken broth, cornstarch, water, msg, lemon, carrots, green pepper, green onions, pineapple rings, lemon extract, iceberg lettuce",drain,10,"['t,c,s,p,in,oven,f,warm,d,e']"
91871,lee lum s lemon chicken,"boneless skinless chicken breast halves, light soy sauce, sesame oil, salt, gin, egg whites, water chestnut flour, peanut oil, sugar, rice vinegar, chicken broth, cornstarch, water, msg, lemon, carrots, green pepper, green onions, pineapple rings, lemon extract, iceberg lettuce",coat,5,"['egg,chicken,whites,t,c,oat,s,in,white,chick,d,b,e']"
91871,lee lum s lemon chicken,"boneless skinless chicken breast halves, light soy sauce, sesame oil, salt, gin, egg whites, water chestnut flour, peanut oil, sugar, rice vinegar, chicken broth, cornstarch, water, msg, lemon, carrots, green pepper, green onions, pineapple rings, lemon extract, iceberg lettuce",dredge,6,"['flour,water,chicken,t,c,s,p,in,f,-,tel,re,chick,red,l,d,e,chestnut']"
91871,lee lum s lemon chicken,"boneless skinless chicken breast halves, light soy sauce, sesame oil, salt, gin, egg whites, water chestnut flour, peanut oil, sugar, rice vinegar, chicken broth, cornstarch, water, msg, lemon, carrots, green pepper, green onions, pineapple rings, lemon extract, iceberg lettuce",arrange,7,"['lettuce,t,c,s,p,de,hr,re,red,l,d,e']"
91871,lee lum s lemon chicken,"boneless skinless chicken breast halves, light soy sauce, sesame oil, salt, gin, egg whites, water chestnut flour, peanut oil, sugar, rice vinegar, chicken broth, cornstarch, water, msg, lemon, carrots, green pepper, green onions, pineapple rings, lemon extract, iceberg lettuce",shredded,7,"['lettuce,t,c,s,p,de,hr,re,red,l,d,e']"
91871,lee lum s lemon chicken,"boneless skinless chicken breast halves, light soy sauce, sesame oil, salt, gin, egg whites, water chestnut flour, peanut oil, sugar, rice vinegar, chicken broth, cornstarch, water, msg, lemon, carrots, green pepper, green onions, pineapple rings, lemon extract, iceberg lettuce",cook,8,"['oil,peanut,chicken,cook,t,c,heat,pea,s,p,in,de,f,re,chick,l,d,nt,e']"
91871,lee lum s lemon chicken,"boneless skinless chicken breast halves, light soy sauce, sesame oil, salt, gin, egg whites, water chestnut flour, peanut oil, sugar, rice vinegar, chicken broth, cornstarch, water, msg, lemon, carrots, green pepper, green onions, pineapple rings, lemon extract, iceberg lettuce",heat,8,"['oil,peanut,chicken,cook,t,c,heat,pea,s,p,in,de,f,re,chick,l,d,nt,e']"
91871,lee lum s lemon chicken,"boneless skinless chicken breast halves, light soy sauce, sesame oil, salt, gin, egg whites, water chestnut flour, peanut oil, sugar, rice vinegar, chicken broth, cornstarch, water, msg, lemon, carrots, green pepper, green onions, pineapple rings, lemon extract, iceberg lettuce",add,9,"['brown,chicken,t,c,s,in,de,one,chick,ad,d,b,e']"
91871,lee lum s lemon chicken,"boneless skinless chicken breast halves, light soy sauce, sesame oil, salt, gin, egg whites, water chestnut flour, peanut oil, sugar, rice vinegar, chicken broth, cornstarch, water, msg, lemon, carrots, green pepper, green onions, pineapple rings, lemon extract, iceberg lettuce",add,13,"['sauce,vegetable,apple,t,table,c,pineapple,pine,s,p,in,pin,veg,au,ad,l,d,b,vegetables,e']"
91871,lee lum s lemon chicken,"boneless skinless chicken breast halves, light soy sauce, sesame oil, salt, gin, egg whites, water chestnut flour, peanut oil, sugar, rice vinegar, chicken broth, cornstarch, water, msg, lemon, carrots, green pepper, green onions, pineapple rings, lemon extract, iceberg lettuce",browning,9,"['brown,chicken,t,c,s,in,de,one,chick,ad,d,b,e']"
91871,lee lum s lemon chicken,"boneless skinless chicken breast halves, light soy sauce, sesame oil, salt, gin, egg whites, water chestnut flour, peanut oil, sugar, rice vinegar, chicken broth, cornstarch, water, msg, lemon, carrots, green pepper, green onions, pineapple rings, lemon extract, iceberg lettuce",turning,9,"['brown,chicken,t,c,s,in,de,one,chick,ad,d,b,e']"
91871,lee lum s lemon chicken,"boneless skinless chicken breast halves, light soy sauce, sesame oil, salt, gin, egg whites, water chestnut flour, peanut oil, sugar, rice vinegar, chicken broth, cornstarch, water, msg, lemon, carrots, green pepper, green onions, pineapple rings, lemon extract, iceberg lettuce",brown,9,"['brown,chicken,t,c,s,in,de,one,chick,ad,d,b,e']"
91871,lee lum s lemon chicken,"boneless skinless chicken breast halves, light soy sauce, sesame oil, salt, gin, egg whites, water chestnut flour, peanut oil, sugar, rice vinegar, chicken broth, cornstarch, water, msg, lemon, carrots, green pepper, green onions, pineapple rings, lemon extract, iceberg lettuce",keep,10,"['t,c,s,p,in,oven,f,warm,d,e']"
91871,lee lum s lemon chicken,"boneless skinless chicken breast halves, light soy sauce, sesame oil, salt, gin, egg whites, water chestnut flour, peanut oil, sugar, rice vinegar, chicken broth, cornstarch, water, msg, lemon, carrots, green pepper, green onions, pineapple rings, lemon extract, iceberg lettuce",cooking,11,"['sauce,sugar,oil,juice,water,chicken,pan,vinegar,corn,rice,broth,starch,lemon,cook,t,table,c,ice,boil,cooking,cornstarch,star,s,p,rind,in,vin,de,tar,msg,f,au,re,chick,red,l,d,b,nt,e,ring']"
91871,lee lum s lemon chicken,"boneless skinless chicken breast halves, light soy sauce, sesame oil, salt, gin, egg whites, water chestnut flour, peanut oil, sugar, rice vinegar, chicken broth, cornstarch, water, msg, lemon, carrots, green pepper, green onions, pineapple rings, lemon extract, iceberg lettuce",dissolved,11,"['sauce,sugar,oil,juice,water,chicken,pan,vinegar,corn,rice,broth,starch,lemon,cook,t,table,c,ice,boil,cooking,cornstarch,star,s,p,rind,in,vin,de,tar,msg,f,au,re,chick,red,l,d,b,nt,e,ring']"
91871,lee lum s lemon chicken,"boneless skinless chicken breast halves, light soy sauce, sesame oil, salt, gin, egg whites, water chestnut flour, peanut oil, sugar, rice vinegar, chicken broth, cornstarch, water, msg, lemon, carrots, green pepper, green onions, pineapple rings, lemon extract, iceberg lettuce",desired,11,"['sauce,sugar,oil,juice,water,chicken,pan,vinegar,corn,rice,broth,starch,lemon,cook,t,table,c,ice,boil,cooking,cornstarch,star,s,p,rind,in,vin,de,tar,msg,f,au,re,chick,red,l,d,b,nt,e,ring']"
91871,lee lum s lemon chicken,"boneless skinless chicken breast halves, light soy sauce, sesame oil, salt, gin, egg whites, water chestnut flour, peanut oil, sugar, rice vinegar, chicken broth, cornstarch, water, msg, lemon, carrots, green pepper, green onions, pineapple rings, lemon extract, iceberg lettuce",bring,11,"['sauce,sugar,oil,juice,water,chicken,pan,vinegar,corn,rice,broth,starch,lemon,cook,t,table,c,ice,boil,cooking,cornstarch,star,s,p,rind,in,vin,de,tar,msg,f,au,re,chick,red,l,d,b,nt,e,ring']"
91871,lee lum s lemon chicken,"boneless skinless chicken breast halves, light soy sauce, sesame oil, salt, gin, egg whites, water chestnut flour, peanut oil, sugar, rice vinegar, chicken broth, cornstarch, water, msg, lemon, carrots, green pepper, green onions, pineapple rings, lemon extract, iceberg lettuce",stir,11,"['sauce,sugar,oil,juice,water,chicken,pan,vinegar,corn,rice,broth,starch,lemon,cook,t,table,c,ice,boil,cooking,cornstarch,star,s,p,rind,in,vin,de,tar,msg,f,au,re,chick,red,l,d,b,nt,e,ring']"
91871,lee lum s lemon chicken,"boneless skinless chicken breast halves, light soy sauce, sesame oil, salt, gin, egg whites, water chestnut flour, peanut oil, sugar, rice vinegar, chicken broth, cornstarch, water, msg, lemon, carrots, green pepper, green onions, pineapple rings, lemon extract, iceberg lettuce",stir,14,"['chicken,t,c,heat,s,p,extract,in,f,tel,re,chick,l,d,e']"
91871,lee lum s lemon chicken,"boneless skinless chicken breast halves, light soy sauce, sesame oil, salt, gin, egg whites, water chestnut flour, peanut oil, sugar, rice vinegar, chicken broth, cornstarch, water, msg, lemon, carrots, green pepper, green onions, pineapple rings, lemon extract, iceberg lettuce",thickened,11,"['sauce,sugar,oil,juice,water,chicken,pan,vinegar,corn,rice,broth,starch,lemon,cook,t,table,c,ice,boil,cooking,cornstarch,star,s,p,rind,in,vin,de,tar,msg,f,au,re,chick,red,l,d,b,nt,e,ring']"
91871,lee lum s lemon chicken,"boneless skinless chicken breast halves, light soy sauce, sesame oil, salt, gin, egg whites, water chestnut flour, peanut oil, sugar, rice vinegar, chicken broth, cornstarch, water, msg, lemon, carrots, green pepper, green onions, pineapple rings, lemon extract, iceberg lettuce",slice,12,"['chicken,lettuce,t,c,ice,slice,s,p,in,slices,f,top,re,chick,l,d,nt,e']"
91871,lee lum s lemon chicken,"boneless skinless chicken breast halves, light soy sauce, sesame oil, salt, gin, egg whites, water chestnut flour, peanut oil, sugar, rice vinegar, chicken broth, cornstarch, water, msg, lemon, carrots, green pepper, green onions, pineapple rings, lemon extract, iceberg lettuce",using,12,"['chicken,lettuce,t,c,ice,slice,s,p,in,slices,f,top,re,chick,l,d,nt,e']"
91871,lee lum s lemon chicken,"boneless skinless chicken breast halves, light soy sauce, sesame oil, salt, gin, egg whites, water chestnut flour, peanut oil, sugar, rice vinegar, chicken broth, cornstarch, water, msg, lemon, carrots, green pepper, green onions, pineapple rings, lemon extract, iceberg lettuce",remove,14,"['chicken,t,c,heat,s,p,extract,in,f,tel,re,chick,l,d,e']"
91871,lee lum s lemon chicken,"boneless skinless chicken breast halves, light soy sauce, sesame oil, salt, gin, egg whites, water chestnut flour, peanut oil, sugar, rice vinegar, chicken broth, cornstarch, water, msg, lemon, carrots, green pepper, green onions, pineapple rings, lemon extract, iceberg lettuce",serve,14,"['chicken,t,c,heat,s,p,extract,in,f,tel,re,chick,l,d,e']"
