Id,Name,AllIngredients,Verbs,Steps,Ingredient
93371,turkey burgers with rhubarb and cherry chutney,"ground turkey, buttermilk, olive oil, fresh sage leaves, kosher salt, fresh ground black pepper, sweet onion, paprika, fresh rhubarb, sugar, honey, sour cherry, red wine vinegar, red wine, mustard seeds, cinnamon, allspice, cayenne, red onion, celery, orange zest, jalapeno pepper, lime juice, hamburger buns",make,1,{}
93371,turkey burgers with rhubarb and cherry chutney,"ground turkey, buttermilk, olive oil, fresh sage leaves, kosher salt, fresh ground black pepper, sweet onion, paprika, fresh rhubarb, sugar, honey, sour cherry, red wine vinegar, red wine, mustard seeds, cinnamon, allspice, cayenne, red onion, celery, orange zest, jalapeno pepper, lime juice, hamburger buns",place,2,"['sugar,t,c,s,p,in,rhubarb,de,l,d,b,e,o,g,v']"
93371,turkey burgers with rhubarb and cherry chutney,"ground turkey, buttermilk, olive oil, fresh sage leaves, kosher salt, fresh ground black pepper, sweet onion, paprika, fresh rhubarb, sugar, honey, sour cherry, red wine vinegar, red wine, mustard seeds, cinnamon, allspice, cayenne, red onion, celery, orange zest, jalapeno pepper, lime juice, hamburger buns",place,18,"['onion,cherry,onions,t,c,buns,bun,burger,s,p,rhubarb,chutney,top,grill,l,d,b,e,o,y,g,burgers']"
93371,turkey burgers with rhubarb and cherry chutney,"ground turkey, buttermilk, olive oil, fresh sage leaves, kosher salt, fresh ground black pepper, sweet onion, paprika, fresh rhubarb, sugar, honey, sour cherry, red wine vinegar, red wine, mustard seeds, cinnamon, allspice, cayenne, red onion, celery, orange zest, jalapeno pepper, lime juice, hamburger buns",sprinkle,2,"['sugar,t,c,s,p,in,rhubarb,de,l,d,b,e,o,g,v']"
93371,turkey burgers with rhubarb and cherry chutney,"ground turkey, buttermilk, olive oil, fresh sage leaves, kosher salt, fresh ground black pepper, sweet onion, paprika, fresh rhubarb, sugar, honey, sour cherry, red wine vinegar, red wine, mustard seeds, cinnamon, allspice, cayenne, red onion, celery, orange zest, jalapeno pepper, lime juice, hamburger buns",let,3,"['t,c,in,rhubarb,f,mace,l,d,b,e,mac,o']"
93371,turkey burgers with rhubarb and cherry chutney,"ground turkey, buttermilk, olive oil, fresh sage leaves, kosher salt, fresh ground black pepper, sweet onion, paprika, fresh rhubarb, sugar, honey, sour cherry, red wine vinegar, red wine, mustard seeds, cinnamon, allspice, cayenne, red onion, celery, orange zest, jalapeno pepper, lime juice, hamburger buns",let,9,"['juice,pan,lime,t,c,ice,s,p,in,f,re,l,d,e,o,v']"
93371,turkey burgers with rhubarb and cherry chutney,"ground turkey, buttermilk, olive oil, fresh sage leaves, kosher salt, fresh ground black pepper, sweet onion, paprika, fresh rhubarb, sugar, honey, sour cherry, red wine vinegar, red wine, mustard seeds, cinnamon, allspice, cayenne, red onion, celery, orange zest, jalapeno pepper, lime juice, hamburger buns",macerate,3,"['t,c,in,rhubarb,f,mace,l,d,b,e,mac,o']"
93371,turkey burgers with rhubarb and cherry chutney,"ground turkey, buttermilk, olive oil, fresh sage leaves, kosher salt, fresh ground black pepper, sweet onion, paprika, fresh rhubarb, sugar, honey, sour cherry, red wine vinegar, red wine, mustard seeds, cinnamon, allspice, cayenne, red onion, celery, orange zest, jalapeno pepper, lime juice, hamburger buns",drain,3,"['t,c,in,rhubarb,f,mace,l,d,b,e,mac,o']"
93371,turkey burgers with rhubarb and cherry chutney,"ground turkey, buttermilk, olive oil, fresh sage leaves, kosher salt, fresh ground black pepper, sweet onion, paprika, fresh rhubarb, sugar, honey, sour cherry, red wine vinegar, red wine, mustard seeds, cinnamon, allspice, cayenne, red onion, celery, orange zest, jalapeno pepper, lime juice, hamburger buns",cook,4,"['salt,honey,mustard,vinegar,wine,syrup,cook,seed,spice,t,c,ice,heat,seeds,star,s,p,cherries,must,in,medium,vin,tar,one,mu,l,spices,d,nt,e,vine,o,y,g,v']"
93371,turkey burgers with rhubarb and cherry chutney,"ground turkey, buttermilk, olive oil, fresh sage leaves, kosher salt, fresh ground black pepper, sweet onion, paprika, fresh rhubarb, sugar, honey, sour cherry, red wine vinegar, red wine, mustard seeds, cinnamon, allspice, cayenne, red onion, celery, orange zest, jalapeno pepper, lime juice, hamburger buns",cook,5,"['onion,cook,t,c,min,s,in,f,d,e,nut,o']"
93371,turkey burgers with rhubarb and cherry chutney,"ground turkey, buttermilk, olive oil, fresh sage leaves, kosher salt, fresh ground black pepper, sweet onion, paprika, fresh rhubarb, sugar, honey, sour cherry, red wine vinegar, red wine, mustard seeds, cinnamon, allspice, cayenne, red onion, celery, orange zest, jalapeno pepper, lime juice, hamburger buns",cook,6,"['cook,t,c,min,heat,s,in,medium,rhubarb,f,ad,l,d,b,e,ring,nut,o,y,g,v']"
93371,turkey burgers with rhubarb and cherry chutney,"ground turkey, buttermilk, olive oil, fresh sage leaves, kosher salt, fresh ground black pepper, sweet onion, paprika, fresh rhubarb, sugar, honey, sour cherry, red wine vinegar, red wine, mustard seeds, cinnamon, allspice, cayenne, red onion, celery, orange zest, jalapeno pepper, lime juice, hamburger buns",cook,8,"['pepper,orange,jalapeno,zest,cook,t,c,min,s,p,in,f,ad,l,d,nt,e,nut,o,g,v']"
93371,turkey burgers with rhubarb and cherry chutney,"ground turkey, buttermilk, olive oil, fresh sage leaves, kosher salt, fresh ground black pepper, sweet onion, paprika, fresh rhubarb, sugar, honey, sour cherry, red wine vinegar, red wine, mustard seeds, cinnamon, allspice, cayenne, red onion, celery, orange zest, jalapeno pepper, lime juice, hamburger buns",stir,5,"['onion,cook,t,c,min,s,in,f,d,e,nut,o']"
93371,turkey burgers with rhubarb and cherry chutney,"ground turkey, buttermilk, olive oil, fresh sage leaves, kosher salt, fresh ground black pepper, sweet onion, paprika, fresh rhubarb, sugar, honey, sour cherry, red wine vinegar, red wine, mustard seeds, cinnamon, allspice, cayenne, red onion, celery, orange zest, jalapeno pepper, lime juice, hamburger buns",stir,9,"['juice,pan,lime,t,c,ice,s,p,in,f,re,l,d,e,o,v']"
93371,turkey burgers with rhubarb and cherry chutney,"ground turkey, buttermilk, olive oil, fresh sage leaves, kosher salt, fresh ground black pepper, sweet onion, paprika, fresh rhubarb, sugar, honey, sour cherry, red wine vinegar, red wine, mustard seeds, cinnamon, allspice, cayenne, red onion, celery, orange zest, jalapeno pepper, lime juice, hamburger buns",soften,5,"['onion,cook,t,c,min,s,in,f,d,e,nut,o']"
93371,turkey burgers with rhubarb and cherry chutney,"ground turkey, buttermilk, olive oil, fresh sage leaves, kosher salt, fresh ground black pepper, sweet onion, paprika, fresh rhubarb, sugar, honey, sour cherry, red wine vinegar, red wine, mustard seeds, cinnamon, allspice, cayenne, red onion, celery, orange zest, jalapeno pepper, lime juice, hamburger buns",add,6,"['cook,t,c,min,heat,s,in,medium,rhubarb,f,ad,l,d,b,e,ring,nut,o,y,g,v']"
93371,turkey burgers with rhubarb and cherry chutney,"ground turkey, buttermilk, olive oil, fresh sage leaves, kosher salt, fresh ground black pepper, sweet onion, paprika, fresh rhubarb, sugar, honey, sour cherry, red wine vinegar, red wine, mustard seeds, cinnamon, allspice, cayenne, red onion, celery, orange zest, jalapeno pepper, lime juice, hamburger buns",add,8,"['pepper,orange,jalapeno,zest,cook,t,c,min,s,p,in,f,ad,l,d,nt,e,nut,o,g,v']"
93371,turkey burgers with rhubarb and cherry chutney,"ground turkey, buttermilk, olive oil, fresh sage leaves, kosher salt, fresh ground black pepper, sweet onion, paprika, fresh rhubarb, sugar, honey, sour cherry, red wine vinegar, red wine, mustard seeds, cinnamon, allspice, cayenne, red onion, celery, orange zest, jalapeno pepper, lime juice, hamburger buns",stirring,6,"['cook,t,c,min,heat,s,in,medium,rhubarb,f,ad,l,d,b,e,ring,nut,o,y,g,v']"
93371,turkey burgers with rhubarb and cherry chutney,"ground turkey, buttermilk, olive oil, fresh sage leaves, kosher salt, fresh ground black pepper, sweet onion, paprika, fresh rhubarb, sugar, honey, sour cherry, red wine vinegar, red wine, mustard seeds, cinnamon, allspice, cayenne, red onion, celery, orange zest, jalapeno pepper, lime juice, hamburger buns",done,7,"['t,tender,s,end,de,one,re,l,d,b,e,o,v']"
93371,turkey burgers with rhubarb and cherry chutney,"ground turkey, buttermilk, olive oil, fresh sage leaves, kosher salt, fresh ground black pepper, sweet onion, paprika, fresh rhubarb, sugar, honey, sour cherry, red wine vinegar, red wine, mustard seeds, cinnamon, allspice, cayenne, red onion, celery, orange zest, jalapeno pepper, lime juice, hamburger buns",be,7,"['t,tender,s,end,de,one,re,l,d,b,e,o,v']"
93371,turkey burgers with rhubarb and cherry chutney,"ground turkey, buttermilk, olive oil, fresh sage leaves, kosher salt, fresh ground black pepper, sweet onion, paprika, fresh rhubarb, sugar, honey, sour cherry, red wine vinegar, red wine, mustard seeds, cinnamon, allspice, cayenne, red onion, celery, orange zest, jalapeno pepper, lime juice, hamburger buns",have,7,"['t,tender,s,end,de,one,re,l,d,b,e,o,v']"
93371,turkey burgers with rhubarb and cherry chutney,"ground turkey, buttermilk, olive oil, fresh sage leaves, kosher salt, fresh ground black pepper, sweet onion, paprika, fresh rhubarb, sugar, honey, sour cherry, red wine vinegar, red wine, mustard seeds, cinnamon, allspice, cayenne, red onion, celery, orange zest, jalapeno pepper, lime juice, hamburger buns",remove,9,"['juice,pan,lime,t,c,ice,s,p,in,f,re,l,d,e,o,v']"
93371,turkey burgers with rhubarb and cherry chutney,"ground turkey, buttermilk, olive oil, fresh sage leaves, kosher salt, fresh ground black pepper, sweet onion, paprika, fresh rhubarb, sugar, honey, sour cherry, red wine vinegar, red wine, mustard seeds, cinnamon, allspice, cayenne, red onion, celery, orange zest, jalapeno pepper, lime juice, hamburger buns",remove,14,"['p,f,grill,re,l,warm,d,e,o,g,v']"
93371,turkey burgers with rhubarb and cherry chutney,"ground turkey, buttermilk, olive oil, fresh sage leaves, kosher salt, fresh ground black pepper, sweet onion, paprika, fresh rhubarb, sugar, honey, sour cherry, red wine vinegar, red wine, mustard seeds, cinnamon, allspice, cayenne, red onion, celery, orange zest, jalapeno pepper, lime juice, hamburger buns",serve,10,"['room,t,c,s,p,re,l,d,e,o,v']"
93371,turkey burgers with rhubarb and cherry chutney,"ground turkey, buttermilk, olive oil, fresh sage leaves, kosher salt, fresh ground black pepper, sweet onion, paprika, fresh rhubarb, sugar, honey, sour cherry, red wine vinegar, red wine, mustard seeds, cinnamon, allspice, cayenne, red onion, celery, orange zest, jalapeno pepper, lime juice, hamburger buns",chilled,10,"['room,t,c,s,p,re,l,d,e,o,v']"
93371,turkey burgers with rhubarb and cherry chutney,"ground turkey, buttermilk, olive oil, fresh sage leaves, kosher salt, fresh ground black pepper, sweet onion, paprika, fresh rhubarb, sugar, honey, sour cherry, red wine vinegar, red wine, mustard seeds, cinnamon, allspice, cayenne, red onion, celery, orange zest, jalapeno pepper, lime juice, hamburger buns",grill,11,"['onion,onions,t,c,ice,slice,s,in,slices,grill,l,nt,e,o,g']"
93371,turkey burgers with rhubarb and cherry chutney,"ground turkey, buttermilk, olive oil, fresh sage leaves, kosher salt, fresh ground black pepper, sweet onion, paprika, fresh rhubarb, sugar, honey, sour cherry, red wine vinegar, red wine, mustard seeds, cinnamon, allspice, cayenne, red onion, celery, orange zest, jalapeno pepper, lime juice, hamburger buns",cut,11,"['onion,onions,t,c,ice,slice,s,in,slices,grill,l,nt,e,o,g']"
93371,turkey burgers with rhubarb and cherry chutney,"ground turkey, buttermilk, olive oil, fresh sage leaves, kosher salt, fresh ground black pepper, sweet onion, paprika, fresh rhubarb, sugar, honey, sour cherry, red wine vinegar, red wine, mustard seeds, cinnamon, allspice, cayenne, red onion, celery, orange zest, jalapeno pepper, lime juice, hamburger buns",turning,13,"['t,c,min,heat,tender,half,s,end,in,medium,de,f,grill,hr,re,l,d,nt,e,nut,o,y,g,v']"
93371,turkey burgers with rhubarb and cherry chutney,"ground turkey, buttermilk, olive oil, fresh sage leaves, kosher salt, fresh ground black pepper, sweet onion, paprika, fresh rhubarb, sugar, honey, sour cherry, red wine vinegar, red wine, mustard seeds, cinnamon, allspice, cayenne, red onion, celery, orange zest, jalapeno pepper, lime juice, hamburger buns",turning,17,"['juice,t,c,ice,min,heat,half,s,p,in,medium,f,grill,hr,re,l,d,nt,e,nut,o,y,juices,g,v']"
93371,turkey burgers with rhubarb and cherry chutney,"ground turkey, buttermilk, olive oil, fresh sage leaves, kosher salt, fresh ground black pepper, sweet onion, paprika, fresh rhubarb, sugar, honey, sour cherry, red wine vinegar, red wine, mustard seeds, cinnamon, allspice, cayenne, red onion, celery, orange zest, jalapeno pepper, lime juice, hamburger buns",keep,14,"['p,f,grill,re,l,warm,d,e,o,g,v']"
93371,turkey burgers with rhubarb and cherry chutney,"ground turkey, buttermilk, olive oil, fresh sage leaves, kosher salt, fresh ground black pepper, sweet onion, paprika, fresh rhubarb, sugar, honey, sour cherry, red wine vinegar, red wine, mustard seeds, cinnamon, allspice, cayenne, red onion, celery, orange zest, jalapeno pepper, lime juice, hamburger buns",combine,15,"['t,c,burger,mix,s,in,medium,f,re,red,l,d,b,nt,e,o,g,ts,burgers']"
93371,turkey burgers with rhubarb and cherry chutney,"ground turkey, buttermilk, olive oil, fresh sage leaves, kosher salt, fresh ground black pepper, sweet onion, paprika, fresh rhubarb, sugar, honey, sour cherry, red wine vinegar, red wine, mustard seeds, cinnamon, allspice, cayenne, red onion, celery, orange zest, jalapeno pepper, lime juice, hamburger buns",mix,15,"['t,c,burger,mix,s,in,medium,f,re,red,l,d,b,nt,e,o,g,ts,burgers']"
93371,turkey burgers with rhubarb and cherry chutney,"ground turkey, buttermilk, olive oil, fresh sage leaves, kosher salt, fresh ground black pepper, sweet onion, paprika, fresh rhubarb, sugar, honey, sour cherry, red wine vinegar, red wine, mustard seeds, cinnamon, allspice, cayenne, red onion, celery, orange zest, jalapeno pepper, lime juice, hamburger buns",form,16,"['t,c,s,p,in,f,patties,b,nt,e,o']"
93371,turkey burgers with rhubarb and cherry chutney,"ground turkey, buttermilk, olive oil, fresh sage leaves, kosher salt, fresh ground black pepper, sweet onion, paprika, fresh rhubarb, sugar, honey, sour cherry, red wine vinegar, red wine, mustard seeds, cinnamon, allspice, cayenne, red onion, celery, orange zest, jalapeno pepper, lime juice, hamburger buns",run,17,"['juice,t,c,ice,min,heat,half,s,p,in,medium,f,grill,hr,re,l,d,nt,e,nut,o,y,juices,g,v']"
93371,turkey burgers with rhubarb and cherry chutney,"ground turkey, buttermilk, olive oil, fresh sage leaves, kosher salt, fresh ground black pepper, sweet onion, paprika, fresh rhubarb, sugar, honey, sour cherry, red wine vinegar, red wine, mustard seeds, cinnamon, allspice, cayenne, red onion, celery, orange zest, jalapeno pepper, lime juice, hamburger buns",reaches,17,"['juice,t,c,ice,min,heat,half,s,p,in,medium,f,grill,hr,re,l,d,nt,e,nut,o,y,juices,g,v']"
93371,turkey burgers with rhubarb and cherry chutney,"ground turkey, buttermilk, olive oil, fresh sage leaves, kosher salt, fresh ground black pepper, sweet onion, paprika, fresh rhubarb, sugar, honey, sour cherry, red wine vinegar, red wine, mustard seeds, cinnamon, allspice, cayenne, red onion, celery, orange zest, jalapeno pepper, lime juice, hamburger buns",grilled,18,"['onion,cherry,onions,t,c,buns,bun,burger,s,p,rhubarb,chutney,top,grill,l,d,b,e,o,y,g,burgers']"
93371,turkey burgers with rhubarb and cherry chutney,"ground turkey, buttermilk, olive oil, fresh sage leaves, kosher salt, fresh ground black pepper, sweet onion, paprika, fresh rhubarb, sugar, honey, sour cherry, red wine vinegar, red wine, mustard seeds, cinnamon, allspice, cayenne, red onion, celery, orange zest, jalapeno pepper, lime juice, hamburger buns",enjoy,19,"['e,o,y']"
