Id,Name,AllIngredients,Verbs,Steps,Ingredient
93401,macrina s orzo salad with cucumber  bell pepper  basil and feta,"walnut halves, cucumber, red bell pepper, yellow bell pepper, kosher salt, orzo pasta, extra virgin olive oil, kalamata olive, scallion, fresh basil, fresh italian parsley, feta cheese, salt & freshly ground black pepper, lemon vinaigrette, dijon mustard, red wine vinegar, fresh lemon juice, honey, lemon zest, garlic clove, white pepper",preheat,2,"['t,heat,s,p,de,oven,re,d,e']"
93401,macrina s orzo salad with cucumber  bell pepper  basil and feta,"walnut halves, cucumber, red bell pepper, yellow bell pepper, kosher salt, orzo pasta, extra virgin olive oil, kalamata olive, scallion, fresh basil, fresh italian parsley, feta cheese, salt & freshly ground black pepper, lemon vinaigrette, dijon mustard, red wine vinegar, fresh lemon juice, honey, lemon zest, garlic clove, white pepper",spread,3,"['brown,read,nuts,t,c,min,rack,walnuts,baking,s,p,in,sheet,de,oven,f,re,ad,walnut,l,d,b,nt,e,gold,nut']"
93401,macrina s orzo salad with cucumber  bell pepper  basil and feta,"walnut halves, cucumber, red bell pepper, yellow bell pepper, kosher salt, orzo pasta, extra virgin olive oil, kalamata olive, scallion, fresh basil, fresh italian parsley, feta cheese, salt & freshly ground black pepper, lemon vinaigrette, dijon mustard, red wine vinegar, fresh lemon juice, honey, lemon zest, garlic clove, white pepper",toast,3,"['brown,read,nuts,t,c,min,rack,walnuts,baking,s,p,in,sheet,de,oven,f,re,ad,walnut,l,d,b,nt,e,gold,nut']"
93401,macrina s orzo salad with cucumber  bell pepper  basil and feta,"walnut halves, cucumber, red bell pepper, yellow bell pepper, kosher salt, orzo pasta, extra virgin olive oil, kalamata olive, scallion, fresh basil, fresh italian parsley, feta cheese, salt & freshly ground black pepper, lemon vinaigrette, dijon mustard, red wine vinegar, fresh lemon juice, honey, lemon zest, garlic clove, white pepper",let,4,"['chop,t,c,s,p,de,l,d,e']"
93401,macrina s orzo salad with cucumber  bell pepper  basil and feta,"walnut halves, cucumber, red bell pepper, yellow bell pepper, kosher salt, orzo pasta, extra virgin olive oil, kalamata olive, scallion, fresh basil, fresh italian parsley, feta cheese, salt & freshly ground black pepper, lemon vinaigrette, dijon mustard, red wine vinegar, fresh lemon juice, honey, lemon zest, garlic clove, white pepper",chop,4,"['chop,t,c,s,p,de,l,d,e']"
93401,macrina s orzo salad with cucumber  bell pepper  basil and feta,"walnut halves, cucumber, red bell pepper, yellow bell pepper, kosher salt, orzo pasta, extra virgin olive oil, kalamata olive, scallion, fresh basil, fresh italian parsley, feta cheese, salt & freshly ground black pepper, lemon vinaigrette, dijon mustard, red wine vinegar, fresh lemon juice, honey, lemon zest, garlic clove, white pepper",set,4,"['chop,t,c,s,p,de,l,d,e']"
93401,macrina s orzo salad with cucumber  bell pepper  basil and feta,"walnut halves, cucumber, red bell pepper, yellow bell pepper, kosher salt, orzo pasta, extra virgin olive oil, kalamata olive, scallion, fresh basil, fresh italian parsley, feta cheese, salt & freshly ground black pepper, lemon vinaigrette, dijon mustard, red wine vinegar, fresh lemon juice, honey, lemon zest, garlic clove, white pepper",set,7,"['t,s,de,d,e']"
93401,macrina s orzo salad with cucumber  bell pepper  basil and feta,"walnut halves, cucumber, red bell pepper, yellow bell pepper, kosher salt, orzo pasta, extra virgin olive oil, kalamata olive, scallion, fresh basil, fresh italian parsley, feta cheese, salt & freshly ground black pepper, lemon vinaigrette, dijon mustard, red wine vinegar, fresh lemon juice, honey, lemon zest, garlic clove, white pepper",peel,5,"['peel,cube,cucumber,t,c,cubes,s,p,in,-,re,l,d,b,nt,e']"
93401,macrina s orzo salad with cucumber  bell pepper  basil and feta,"walnut halves, cucumber, red bell pepper, yellow bell pepper, kosher salt, orzo pasta, extra virgin olive oil, kalamata olive, scallion, fresh basil, fresh italian parsley, feta cheese, salt & freshly ground black pepper, lemon vinaigrette, dijon mustard, red wine vinegar, fresh lemon juice, honey, lemon zest, garlic clove, white pepper",core,5,"['peel,cube,cucumber,t,c,cubes,s,p,in,-,re,l,d,b,nt,e']"
93401,macrina s orzo salad with cucumber  bell pepper  basil and feta,"walnut halves, cucumber, red bell pepper, yellow bell pepper, kosher salt, orzo pasta, extra virgin olive oil, kalamata olive, scallion, fresh basil, fresh italian parsley, feta cheese, salt & freshly ground black pepper, lemon vinaigrette, dijon mustard, red wine vinegar, fresh lemon juice, honey, lemon zest, garlic clove, white pepper",core,6,"['pepper,peppers,t,c,s,p,in,pie,-,re,red,l,pieces,d,nt,e']"
93401,macrina s orzo salad with cucumber  bell pepper  basil and feta,"walnut halves, cucumber, red bell pepper, yellow bell pepper, kosher salt, orzo pasta, extra virgin olive oil, kalamata olive, scallion, fresh basil, fresh italian parsley, feta cheese, salt & freshly ground black pepper, lemon vinaigrette, dijon mustard, red wine vinegar, fresh lemon juice, honey, lemon zest, garlic clove, white pepper",cut,5,"['peel,cube,cucumber,t,c,cubes,s,p,in,-,re,l,d,b,nt,e']"
93401,macrina s orzo salad with cucumber  bell pepper  basil and feta,"walnut halves, cucumber, red bell pepper, yellow bell pepper, kosher salt, orzo pasta, extra virgin olive oil, kalamata olive, scallion, fresh basil, fresh italian parsley, feta cheese, salt & freshly ground black pepper, lemon vinaigrette, dijon mustard, red wine vinegar, fresh lemon juice, honey, lemon zest, garlic clove, white pepper",cut,6,"['pepper,peppers,t,c,s,p,in,pie,-,re,red,l,pieces,d,nt,e']"
93401,macrina s orzo salad with cucumber  bell pepper  basil and feta,"walnut halves, cucumber, red bell pepper, yellow bell pepper, kosher salt, orzo pasta, extra virgin olive oil, kalamata olive, scallion, fresh basil, fresh italian parsley, feta cheese, salt & freshly ground black pepper, lemon vinaigrette, dijon mustard, red wine vinegar, fresh lemon juice, honey, lemon zest, garlic clove, white pepper",fill,8,"['sauce,water,pan,t,c,s,p,f,au,-,l,d,e']"
93401,macrina s orzo salad with cucumber  bell pepper  basil and feta,"walnut halves, cucumber, red bell pepper, yellow bell pepper, kosher salt, orzo pasta, extra virgin olive oil, kalamata olive, scallion, fresh basil, fresh italian parsley, feta cheese, salt & freshly ground black pepper, lemon vinaigrette, dijon mustard, red wine vinegar, fresh lemon juice, honey, lemon zest, garlic clove, white pepper",add,9,"['salt,oil,t,c,boil,s,p,in,pin,f,ad,l,d,b,ring']"
93401,macrina s orzo salad with cucumber  bell pepper  basil and feta,"walnut halves, cucumber, red bell pepper, yellow bell pepper, kosher salt, orzo pasta, extra virgin olive oil, kalamata olive, scallion, fresh basil, fresh italian parsley, feta cheese, salt & freshly ground black pepper, lemon vinaigrette, dijon mustard, red wine vinegar, fresh lemon juice, honey, lemon zest, garlic clove, white pepper",add,14,"['pepper,peppers,olive,parsley,basil,scallions,nuts,olives,cucumber,t,c,walnuts,scallion,feta,s,p,cucumbers,f,ad,walnut,l,d,b,e,nut']"
93401,macrina s orzo salad with cucumber  bell pepper  basil and feta,"walnut halves, cucumber, red bell pepper, yellow bell pepper, kosher salt, orzo pasta, extra virgin olive oil, kalamata olive, scallion, fresh basil, fresh italian parsley, feta cheese, salt & freshly ground black pepper, lemon vinaigrette, dijon mustard, red wine vinegar, fresh lemon juice, honey, lemon zest, garlic clove, white pepper",add,21,"['oil,t,s,p,in,re,ad,l,skin,d,e']"
93401,macrina s orzo salad with cucumber  bell pepper  basil and feta,"walnut halves, cucumber, red bell pepper, yellow bell pepper, kosher salt, orzo pasta, extra virgin olive oil, kalamata olive, scallion, fresh basil, fresh italian parsley, feta cheese, salt & freshly ground black pepper, lemon vinaigrette, dijon mustard, red wine vinegar, fresh lemon juice, honey, lemon zest, garlic clove, white pepper",bring,9,"['salt,oil,t,c,boil,s,p,in,pin,f,ad,l,d,b,ring']"
93401,macrina s orzo salad with cucumber  bell pepper  basil and feta,"walnut halves, cucumber, red bell pepper, yellow bell pepper, kosher salt, orzo pasta, extra virgin olive oil, kalamata olive, scallion, fresh basil, fresh italian parsley, feta cheese, salt & freshly ground black pepper, lemon vinaigrette, dijon mustard, red wine vinegar, fresh lemon juice, honey, lemon zest, garlic clove, white pepper",drop,10,"['pasta,t,min,tender,s,p,end,in,de,past,f,l,d,nt,e,nut']"
93401,macrina s orzo salad with cucumber  bell pepper  basil and feta,"walnut halves, cucumber, red bell pepper, yellow bell pepper, kosher salt, orzo pasta, extra virgin olive oil, kalamata olive, scallion, fresh basil, fresh italian parsley, feta cheese, salt & freshly ground black pepper, lemon vinaigrette, dijon mustard, red wine vinegar, fresh lemon juice, honey, lemon zest, garlic clove, white pepper",simmer,10,"['pasta,t,min,tender,s,p,end,in,de,past,f,l,d,nt,e,nut']"
93401,macrina s orzo salad with cucumber  bell pepper  basil and feta,"walnut halves, cucumber, red bell pepper, yellow bell pepper, kosher salt, orzo pasta, extra virgin olive oil, kalamata olive, scallion, fresh basil, fresh italian parsley, feta cheese, salt & freshly ground black pepper, lemon vinaigrette, dijon mustard, red wine vinegar, fresh lemon juice, honey, lemon zest, garlic clove, white pepper",remove,11,"['water,pan,pasta,t,c,min,heat,s,p,in,de,past,f,re,l,d,b,e,nut']"
93401,macrina s orzo salad with cucumber  bell pepper  basil and feta,"walnut halves, cucumber, red bell pepper, yellow bell pepper, kosher salt, orzo pasta, extra virgin olive oil, kalamata olive, scallion, fresh basil, fresh italian parsley, feta cheese, salt & freshly ground black pepper, lemon vinaigrette, dijon mustard, red wine vinegar, fresh lemon juice, honey, lemon zest, garlic clove, white pepper",remove,12,"['water,pasta,t,c,s,p,medium,de,past,f,re,l,d,b,e']"
93401,macrina s orzo salad with cucumber  bell pepper  basil and feta,"walnut halves, cucumber, red bell pepper, yellow bell pepper, kosher salt, orzo pasta, extra virgin olive oil, kalamata olive, scallion, fresh basil, fresh italian parsley, feta cheese, salt & freshly ground black pepper, lemon vinaigrette, dijon mustard, red wine vinegar, fresh lemon juice, honey, lemon zest, garlic clove, white pepper",drain,11,"['water,pan,pasta,t,c,min,heat,s,p,in,de,past,f,re,l,d,b,e,nut']"
93401,macrina s orzo salad with cucumber  bell pepper  basil and feta,"walnut halves, cucumber, red bell pepper, yellow bell pepper, kosher salt, orzo pasta, extra virgin olive oil, kalamata olive, scallion, fresh basil, fresh italian parsley, feta cheese, salt & freshly ground black pepper, lemon vinaigrette, dijon mustard, red wine vinegar, fresh lemon juice, honey, lemon zest, garlic clove, white pepper",cool,11,"['water,pan,pasta,t,c,min,heat,s,p,in,de,past,f,re,l,d,b,e,nut']"
93401,macrina s orzo salad with cucumber  bell pepper  basil and feta,"walnut halves, cucumber, red bell pepper, yellow bell pepper, kosher salt, orzo pasta, extra virgin olive oil, kalamata olive, scallion, fresh basil, fresh italian parsley, feta cheese, salt & freshly ground black pepper, lemon vinaigrette, dijon mustard, red wine vinegar, fresh lemon juice, honey, lemon zest, garlic clove, white pepper",running,11,"['water,pan,pasta,t,c,min,heat,s,p,in,de,past,f,re,l,d,b,e,nut']"
93401,macrina s orzo salad with cucumber  bell pepper  basil and feta,"walnut halves, cucumber, red bell pepper, yellow bell pepper, kosher salt, orzo pasta, extra virgin olive oil, kalamata olive, scallion, fresh basil, fresh italian parsley, feta cheese, salt & freshly ground black pepper, lemon vinaigrette, dijon mustard, red wine vinegar, fresh lemon juice, honey, lemon zest, garlic clove, white pepper",shake,12,"['water,pasta,t,c,s,p,medium,de,past,f,re,l,d,b,e']"
93401,macrina s orzo salad with cucumber  bell pepper  basil and feta,"walnut halves, cucumber, red bell pepper, yellow bell pepper, kosher salt, orzo pasta, extra virgin olive oil, kalamata olive, scallion, fresh basil, fresh italian parsley, feta cheese, salt & freshly ground black pepper, lemon vinaigrette, dijon mustard, red wine vinegar, fresh lemon juice, honey, lemon zest, garlic clove, white pepper",transfer,12,"['water,pasta,t,c,s,p,medium,de,past,f,re,l,d,b,e']"
93401,macrina s orzo salad with cucumber  bell pepper  basil and feta,"walnut halves, cucumber, red bell pepper, yellow bell pepper, kosher salt, orzo pasta, extra virgin olive oil, kalamata olive, scallion, fresh basil, fresh italian parsley, feta cheese, salt & freshly ground black pepper, lemon vinaigrette, dijon mustard, red wine vinegar, fresh lemon juice, honey, lemon zest, garlic clove, white pepper",toss,13,"['oil,olive,pasta,t,c,stick,s,p,in,past,f,l,e']"
93401,macrina s orzo salad with cucumber  bell pepper  basil and feta,"walnut halves, cucumber, red bell pepper, yellow bell pepper, kosher salt, orzo pasta, extra virgin olive oil, kalamata olive, scallion, fresh basil, fresh italian parsley, feta cheese, salt & freshly ground black pepper, lemon vinaigrette, dijon mustard, red wine vinegar, fresh lemon juice, honey, lemon zest, garlic clove, white pepper",toss,15,"['lemon,t,s,in,vinaigrette,vin,re,l,d,e']"
93401,macrina s orzo salad with cucumber  bell pepper  basil and feta,"walnut halves, cucumber, red bell pepper, yellow bell pepper, kosher salt, orzo pasta, extra virgin olive oil, kalamata olive, scallion, fresh basil, fresh italian parsley, feta cheese, salt & freshly ground black pepper, lemon vinaigrette, dijon mustard, red wine vinegar, fresh lemon juice, honey, lemon zest, garlic clove, white pepper",keep,13,"['oil,olive,pasta,t,c,stick,s,p,in,past,f,l,e']"
93401,macrina s orzo salad with cucumber  bell pepper  basil and feta,"walnut halves, cucumber, red bell pepper, yellow bell pepper, kosher salt, orzo pasta, extra virgin olive oil, kalamata olive, scallion, fresh basil, fresh italian parsley, feta cheese, salt & freshly ground black pepper, lemon vinaigrette, dijon mustard, red wine vinegar, fresh lemon juice, honey, lemon zest, garlic clove, white pepper",sticking,13,"['oil,olive,pasta,t,c,stick,s,p,in,past,f,l,e']"
93401,macrina s orzo salad with cucumber  bell pepper  basil and feta,"walnut halves, cucumber, red bell pepper, yellow bell pepper, kosher salt, orzo pasta, extra virgin olive oil, kalamata olive, scallion, fresh basil, fresh italian parsley, feta cheese, salt & freshly ground black pepper, lemon vinaigrette, dijon mustard, red wine vinegar, fresh lemon juice, honey, lemon zest, garlic clove, white pepper",toasted,14,"['pepper,peppers,olive,parsley,basil,scallions,nuts,olives,cucumber,t,c,walnuts,scallion,feta,s,p,cucumbers,f,ad,walnut,l,d,b,e,nut']"
93401,macrina s orzo salad with cucumber  bell pepper  basil and feta,"walnut halves, cucumber, red bell pepper, yellow bell pepper, kosher salt, orzo pasta, extra virgin olive oil, kalamata olive, scallion, fresh basil, fresh italian parsley, feta cheese, salt & freshly ground black pepper, lemon vinaigrette, dijon mustard, red wine vinegar, fresh lemon juice, honey, lemon zest, garlic clove, white pepper",drizzle,15,"['lemon,t,s,in,vinaigrette,vin,re,l,d,e']"
93401,macrina s orzo salad with cucumber  bell pepper  basil and feta,"walnut halves, cucumber, red bell pepper, yellow bell pepper, kosher salt, orzo pasta, extra virgin olive oil, kalamata olive, scallion, fresh basil, fresh italian parsley, feta cheese, salt & freshly ground black pepper, lemon vinaigrette, dijon mustard, red wine vinegar, fresh lemon juice, honey, lemon zest, garlic clove, white pepper",taste,16,"['pepper,salt,season,sea,t,s,p,l,d,e']"
93401,macrina s orzo salad with cucumber  bell pepper  basil and feta,"walnut halves, cucumber, red bell pepper, yellow bell pepper, kosher salt, orzo pasta, extra virgin olive oil, kalamata olive, scallion, fresh basil, fresh italian parsley, feta cheese, salt & freshly ground black pepper, lemon vinaigrette, dijon mustard, red wine vinegar, fresh lemon juice, honey, lemon zest, garlic clove, white pepper",cover,17,"['t,c,s,p,in,f,re,d,e']"
93401,macrina s orzo salad with cucumber  bell pepper  basil and feta,"walnut halves, cucumber, red bell pepper, yellow bell pepper, kosher salt, orzo pasta, extra virgin olive oil, kalamata olive, scallion, fresh basil, fresh italian parsley, feta cheese, salt & freshly ground black pepper, lemon vinaigrette, dijon mustard, red wine vinegar, fresh lemon juice, honey, lemon zest, garlic clove, white pepper",cover,22,"['t,c,dressing,s,p,in,f,mu,re,l,skin,d,nt,e']"
93401,macrina s orzo salad with cucumber  bell pepper  basil and feta,"walnut halves, cucumber, red bell pepper, yellow bell pepper, kosher salt, orzo pasta, extra virgin olive oil, kalamata olive, scallion, fresh basil, fresh italian parsley, feta cheese, salt & freshly ground black pepper, lemon vinaigrette, dijon mustard, red wine vinegar, fresh lemon juice, honey, lemon zest, garlic clove, white pepper",store,17,"['t,c,s,p,in,f,re,d,e']"
93401,macrina s orzo salad with cucumber  bell pepper  basil and feta,"walnut halves, cucumber, red bell pepper, yellow bell pepper, kosher salt, orzo pasta, extra virgin olive oil, kalamata olive, scallion, fresh basil, fresh italian parsley, feta cheese, salt & freshly ground black pepper, lemon vinaigrette, dijon mustard, red wine vinegar, fresh lemon juice, honey, lemon zest, garlic clove, white pepper",store,22,"['t,c,dressing,s,p,in,f,mu,re,l,skin,d,nt,e']"
93401,macrina s orzo salad with cucumber  bell pepper  basil and feta,"walnut halves, cucumber, red bell pepper, yellow bell pepper, kosher salt, orzo pasta, extra virgin olive oil, kalamata olive, scallion, fresh basil, fresh italian parsley, feta cheese, salt & freshly ground black pepper, lemon vinaigrette, dijon mustard, red wine vinegar, fresh lemon juice, honey, lemon zest, garlic clove, white pepper",combine,19,"walnut halves, cucumber, red bell pepper, yellow bell pepper, kosher salt, orzo pasta, extra virgin olive oil, kalamata olive, scallion, fresh basil, fresh italian parsley, feta cheese, salt & freshly ground black pepper, lemon vinaigrette, dijon mustard, red wine vinegar, fresh lemon juice, honey, lemon zest, garlic clove, white pepper"
93401,macrina s orzo salad with cucumber  bell pepper  basil and feta,"walnut halves, cucumber, red bell pepper, yellow bell pepper, kosher salt, orzo pasta, extra virgin olive oil, kalamata olive, scallion, fresh basil, fresh italian parsley, feta cheese, salt & freshly ground black pepper, lemon vinaigrette, dijon mustard, red wine vinegar, fresh lemon juice, honey, lemon zest, garlic clove, white pepper",mix,20,"['t,mix,s,l,e']"
93401,macrina s orzo salad with cucumber  bell pepper  basil and feta,"walnut halves, cucumber, red bell pepper, yellow bell pepper, kosher salt, orzo pasta, extra virgin olive oil, kalamata olive, scallion, fresh basil, fresh italian parsley, feta cheese, salt & freshly ground black pepper, lemon vinaigrette, dijon mustard, red wine vinegar, fresh lemon juice, honey, lemon zest, garlic clove, white pepper",whisking,21,"['oil,t,s,p,in,re,ad,l,skin,d,e']"
93401,macrina s orzo salad with cucumber  bell pepper  basil and feta,"walnut halves, cucumber, red bell pepper, yellow bell pepper, kosher salt, orzo pasta, extra virgin olive oil, kalamata olive, scallion, fresh basil, fresh italian parsley, feta cheese, salt & freshly ground black pepper, lemon vinaigrette, dijon mustard, red wine vinegar, fresh lemon juice, honey, lemon zest, garlic clove, white pepper",whisking,22,"['t,c,dressing,s,p,in,f,mu,re,l,skin,d,nt,e']"
93401,macrina s orzo salad with cucumber  bell pepper  basil and feta,"walnut halves, cucumber, red bell pepper, yellow bell pepper, kosher salt, orzo pasta, extra virgin olive oil, kalamata olive, scallion, fresh basil, fresh italian parsley, feta cheese, salt & freshly ground black pepper, lemon vinaigrette, dijon mustard, red wine vinegar, fresh lemon juice, honey, lemon zest, garlic clove, white pepper",pour,21,"['oil,t,s,p,in,re,ad,l,skin,d,e']"
93401,macrina s orzo salad with cucumber  bell pepper  basil and feta,"walnut halves, cucumber, red bell pepper, yellow bell pepper, kosher salt, orzo pasta, extra virgin olive oil, kalamata olive, scallion, fresh basil, fresh italian parsley, feta cheese, salt & freshly ground black pepper, lemon vinaigrette, dijon mustard, red wine vinegar, fresh lemon juice, honey, lemon zest, garlic clove, white pepper",continue,22,"['t,c,dressing,s,p,in,f,mu,re,l,skin,d,nt,e']"
93401,macrina s orzo salad with cucumber  bell pepper  basil and feta,"walnut halves, cucumber, red bell pepper, yellow bell pepper, kosher salt, orzo pasta, extra virgin olive oil, kalamata olive, scallion, fresh basil, fresh italian parsley, feta cheese, salt & freshly ground black pepper, lemon vinaigrette, dijon mustard, red wine vinegar, fresh lemon juice, honey, lemon zest, garlic clove, white pepper",emulsified,22,"['t,c,dressing,s,p,in,f,mu,re,l,skin,d,nt,e']"
