Id,Name,AllIngredients,Verbs,Steps,Ingredient
93967,chocolate cherry rye cake with cherry chip mocha glaze,"butter, honey, sugar, eggs, buttermilk, rye flour, all-purpose flour, unsweetened cocoa powder, baking soda, baking powder, ground cloves, salt, nutmeg, cinnamon, tart red cherries, unsweetened cocoa, instant coffee, powdered sugar, milk, vanilla, sour cherry",cream,2,"['sugar,butter,cream,t,c,s']"
93967,chocolate cherry rye cake with cherry chip mocha glaze,"butter, honey, sugar, eggs, buttermilk, rye flour, all-purpose flour, unsweetened cocoa powder, baking soda, baking powder, ground cloves, salt, nutmeg, cinnamon, tart red cherries, unsweetened cocoa, instant coffee, powdered sugar, milk, vanilla, sour cherry",add,3,"['eggs,honey,egg,mix,s,in,one']"
93967,chocolate cherry rye cake with cherry chip mocha glaze,"butter, honey, sugar, eggs, buttermilk, rye flour, all-purpose flour, unsweetened cocoa powder, baking soda, baking powder, ground cloves, salt, nutmeg, cinnamon, tart red cherries, unsweetened cocoa, instant coffee, powdered sugar, milk, vanilla, sour cherry",add,5,"['butter,egg,buttermilk,milk,t,mix,blend,end,in,de']"
93967,chocolate cherry rye cake with cherry chip mocha glaze,"butter, honey, sugar, eggs, buttermilk, rye flour, all-purpose flour, unsweetened cocoa powder, baking soda, baking powder, ground cloves, salt, nutmeg, cinnamon, tart red cherries, unsweetened cocoa, instant coffee, powdered sugar, milk, vanilla, sour cherry",add,10,"['powder,sugar,milk,t,s,p,in,de']"
93967,chocolate cherry rye cake with cherry chip mocha glaze,"butter, honey, sugar, eggs, buttermilk, rye flour, all-purpose flour, unsweetened cocoa powder, baking soda, baking powder, ground cloves, salt, nutmeg, cinnamon, tart red cherries, unsweetened cocoa, instant coffee, powdered sugar, milk, vanilla, sour cherry",mixing,3,"['eggs,honey,egg,mix,s,in,one']"
93967,chocolate cherry rye cake with cherry chip mocha glaze,"butter, honey, sugar, eggs, buttermilk, rye flour, all-purpose flour, unsweetened cocoa powder, baking soda, baking powder, ground cloves, salt, nutmeg, cinnamon, tart red cherries, unsweetened cocoa, instant coffee, powdered sugar, milk, vanilla, sour cherry",combine,4,"['flour,cocoa,soda,spice,t,c,ice,s,p,in,f']"
93967,chocolate cherry rye cake with cherry chip mocha glaze,"butter, honey, sugar, eggs, buttermilk, rye flour, all-purpose flour, unsweetened cocoa powder, baking soda, baking powder, ground cloves, salt, nutmeg, cinnamon, tart red cherries, unsweetened cocoa, instant coffee, powdered sugar, milk, vanilla, sour cherry",fold,6,"['pan,t,c,baking,s,p,cherries,in,tar,f']"
93967,chocolate cherry rye cake with cherry chip mocha glaze,"butter, honey, sugar, eggs, buttermilk, rye flour, all-purpose flour, unsweetened cocoa powder, baking soda, baking powder, ground cloves, salt, nutmeg, cinnamon, tart red cherries, unsweetened cocoa, instant coffee, powdered sugar, milk, vanilla, sour cherry",pour,6,"['pan,t,c,baking,s,p,cherries,in,tar,f']"
93967,chocolate cherry rye cake with cherry chip mocha glaze,"butter, honey, sugar, eggs, buttermilk, rye flour, all-purpose flour, unsweetened cocoa powder, baking soda, baking powder, ground cloves, salt, nutmeg, cinnamon, tart red cherries, unsweetened cocoa, instant coffee, powdered sugar, milk, vanilla, sour cherry",pour,11,"['vanilla,t,c,ice,s,p,cherries,in,cake,dice']"
93967,chocolate cherry rye cake with cherry chip mocha glaze,"butter, honey, sugar, eggs, buttermilk, rye flour, all-purpose flour, unsweetened cocoa powder, baking soda, baking powder, ground cloves, salt, nutmeg, cinnamon, tart red cherries, unsweetened cocoa, instant coffee, powdered sugar, milk, vanilla, sour cherry",bake,7,"['t,c,min,s,p,in,de,f']"
93967,chocolate cherry rye cake with cherry chip mocha glaze,"butter, honey, sugar, eggs, buttermilk, rye flour, all-purpose flour, unsweetened cocoa powder, baking soda, baking powder, ground cloves, salt, nutmeg, cinnamon, tart red cherries, unsweetened cocoa, instant coffee, powdered sugar, milk, vanilla, sour cherry",inserted,7,"['t,c,min,s,p,in,de,f']"
93967,chocolate cherry rye cake with cherry chip mocha glaze,"butter, honey, sugar, eggs, buttermilk, rye flour, all-purpose flour, unsweetened cocoa powder, baking soda, baking powder, ground cloves, salt, nutmeg, cinnamon, tart red cherries, unsweetened cocoa, instant coffee, powdered sugar, milk, vanilla, sour cherry",comes,7,"['t,c,min,s,p,in,de,f']"
93967,chocolate cherry rye cake with cherry chip mocha glaze,"butter, honey, sugar, eggs, buttermilk, rye flour, all-purpose flour, unsweetened cocoa powder, baking soda, baking powder, ground cloves, salt, nutmeg, cinnamon, tart red cherries, unsweetened cocoa, instant coffee, powdered sugar, milk, vanilla, sour cherry",allow,8,"['t,c,min,s,in,cake']"
93967,chocolate cherry rye cake with cherry chip mocha glaze,"butter, honey, sugar, eggs, buttermilk, rye flour, all-purpose flour, unsweetened cocoa powder, baking soda, baking powder, ground cloves, salt, nutmeg, cinnamon, tart red cherries, unsweetened cocoa, instant coffee, powdered sugar, milk, vanilla, sour cherry",allow,12,"['t,min,s,in,vin,f']"
93967,chocolate cherry rye cake with cherry chip mocha glaze,"butter, honey, sugar, eggs, buttermilk, rye flour, all-purpose flour, unsweetened cocoa powder, baking soda, baking powder, ground cloves, salt, nutmeg, cinnamon, tart red cherries, unsweetened cocoa, instant coffee, powdered sugar, milk, vanilla, sour cherry",cool,8,"['t,c,min,s,in,cake']"
93967,chocolate cherry rye cake with cherry chip mocha glaze,"butter, honey, sugar, eggs, buttermilk, rye flour, all-purpose flour, unsweetened cocoa powder, baking soda, baking powder, ground cloves, salt, nutmeg, cinnamon, tart red cherries, unsweetened cocoa, instant coffee, powdered sugar, milk, vanilla, sour cherry",mix,9,"['salt,butter,cocoa,t,c,mix,s,coffee,in,f']"
93967,chocolate cherry rye cake with cherry chip mocha glaze,"butter, honey, sugar, eggs, buttermilk, rye flour, all-purpose flour, unsweetened cocoa powder, baking soda, baking powder, ground cloves, salt, nutmeg, cinnamon, tart red cherries, unsweetened cocoa, instant coffee, powdered sugar, milk, vanilla, sour cherry",alternating,10,"['powder,sugar,milk,t,s,p,in,de']"
93967,chocolate cherry rye cake with cherry chip mocha glaze,"butter, honey, sugar, eggs, buttermilk, rye flour, all-purpose flour, unsweetened cocoa powder, baking soda, baking powder, ground cloves, salt, nutmeg, cinnamon, tart red cherries, unsweetened cocoa, instant coffee, powdered sugar, milk, vanilla, sour cherry",stir,11,"['vanilla,t,c,ice,s,p,cherries,in,cake,dice']"
93967,chocolate cherry rye cake with cherry chip mocha glaze,"butter, honey, sugar, eggs, buttermilk, rye flour, all-purpose flour, unsweetened cocoa powder, baking soda, baking powder, ground cloves, salt, nutmeg, cinnamon, tart red cherries, unsweetened cocoa, instant coffee, powdered sugar, milk, vanilla, sour cherry",diced,11,"['vanilla,t,c,ice,s,p,cherries,in,cake,dice']"
93967,chocolate cherry rye cake with cherry chip mocha glaze,"butter, honey, sugar, eggs, buttermilk, rye flour, all-purpose flour, unsweetened cocoa powder, baking soda, baking powder, ground cloves, salt, nutmeg, cinnamon, tart red cherries, unsweetened cocoa, instant coffee, powdered sugar, milk, vanilla, sour cherry",sit,12,"['t,min,s,in,vin,f']"
93967,chocolate cherry rye cake with cherry chip mocha glaze,"butter, honey, sugar, eggs, buttermilk, rye flour, all-purpose flour, unsweetened cocoa powder, baking soda, baking powder, ground cloves, salt, nutmeg, cinnamon, tart red cherries, unsweetened cocoa, instant coffee, powdered sugar, milk, vanilla, sour cherry",serving,12,"['t,min,s,in,vin,f']"
