Id,Name,AllIngredients,Verbs,Steps,Ingredient
94002,crepes with feta scrambled eggs   salsa,"eggs, salt, flour, milk, butter, zucchini, olive oil, sweet red pepper, roma tomatoes, fresh coriander, tomato juice, ground coriander, fresh lime juice, cumin, worcestershire sauce, hot pepper sauce, salt and pepper, fresh tomato, mushrooms, fresh spinach, feta cheese",put,2,"eggs, salt, flour, milk, butter, zucchini, olive oil, sweet red pepper, roma tomatoes, fresh coriander, tomato juice, ground coriander, fresh lime juice, cumin, worcestershire sauce, hot pepper sauce, salt and pepper, fresh tomato, mushrooms, fresh spinach, feta cheese"
94002,crepes with feta scrambled eggs   salsa,"eggs, salt, flour, milk, butter, zucchini, olive oil, sweet red pepper, roma tomatoes, fresh coriander, tomato juice, ground coriander, fresh lime juice, cumin, worcestershire sauce, hot pepper sauce, salt and pepper, fresh tomato, mushrooms, fresh spinach, feta cheese",blend,2,"eggs, salt, flour, milk, butter, zucchini, olive oil, sweet red pepper, roma tomatoes, fresh coriander, tomato juice, ground coriander, fresh lime juice, cumin, worcestershire sauce, hot pepper sauce, salt and pepper, fresh tomato, mushrooms, fresh spinach, feta cheese"
94002,crepes with feta scrambled eggs   salsa,"eggs, salt, flour, milk, butter, zucchini, olive oil, sweet red pepper, roma tomatoes, fresh coriander, tomato juice, ground coriander, fresh lime juice, cumin, worcestershire sauce, hot pepper sauce, salt and pepper, fresh tomato, mushrooms, fresh spinach, feta cheese",blend,3,"['t,c,blend,s,p,end,de,f,l']"
94002,crepes with feta scrambled eggs   salsa,"eggs, salt, flour, milk, butter, zucchini, olive oil, sweet red pepper, roma tomatoes, fresh coriander, tomato juice, ground coriander, fresh lime juice, cumin, worcestershire sauce, hot pepper sauce, salt and pepper, fresh tomato, mushrooms, fresh spinach, feta cheese",scrape,3,"['t,c,blend,s,p,end,de,f,l']"
94002,crepes with feta scrambled eggs   salsa,"eggs, salt, flour, milk, butter, zucchini, olive oil, sweet red pepper, roma tomatoes, fresh coriander, tomato juice, ground coriander, fresh lime juice, cumin, worcestershire sauce, hot pepper sauce, salt and pepper, fresh tomato, mushrooms, fresh spinach, feta cheese",smooth,3,"['t,c,blend,s,p,end,de,f,l']"
94002,crepes with feta scrambled eggs   salsa,"eggs, salt, flour, milk, butter, zucchini, olive oil, sweet red pepper, roma tomatoes, fresh coriander, tomato juice, ground coriander, fresh lime juice, cumin, worcestershire sauce, hot pepper sauce, salt and pepper, fresh tomato, mushrooms, fresh spinach, feta cheese",refrigerate,4,"['t,f,re']"
94002,crepes with feta scrambled eggs   salsa,"eggs, salt, flour, milk, butter, zucchini, olive oil, sweet red pepper, roma tomatoes, fresh coriander, tomato juice, ground coriander, fresh lime juice, cumin, worcestershire sauce, hot pepper sauce, salt and pepper, fresh tomato, mushrooms, fresh spinach, feta cheese",refrigerate,15,"['t,c,s,p,f,re']"
94002,crepes with feta scrambled eggs   salsa,"eggs, salt, flour, milk, butter, zucchini, olive oil, sweet red pepper, roma tomatoes, fresh coriander, tomato juice, ground coriander, fresh lime juice, cumin, worcestershire sauce, hot pepper sauce, salt and pepper, fresh tomato, mushrooms, fresh spinach, feta cheese",cook,5,"['cook,t,c']"
94002,crepes with feta scrambled eggs   salsa,"eggs, salt, flour, milk, butter, zucchini, olive oil, sweet red pepper, roma tomatoes, fresh coriander, tomato juice, ground coriander, fresh lime juice, cumin, worcestershire sauce, hot pepper sauce, salt and pepper, fresh tomato, mushrooms, fresh spinach, feta cheese",cook,8,"['brown,cook,t,c,min,heat,s,p,in,medium,f,l']"
94002,crepes with feta scrambled eggs   salsa,"eggs, salt, flour, milk, butter, zucchini, olive oil, sweet red pepper, roma tomatoes, fresh coriander, tomato juice, ground coriander, fresh lime juice, cumin, worcestershire sauce, hot pepper sauce, salt and pepper, fresh tomato, mushrooms, fresh spinach, feta cheese",use,6,"['oil,pan,t,c,stick,s,p,in,fat,de,f,re,l']"
94002,crepes with feta scrambled eggs   salsa,"eggs, salt, flour, milk, butter, zucchini, olive oil, sweet red pepper, roma tomatoes, fresh coriander, tomato juice, ground coriander, fresh lime juice, cumin, worcestershire sauce, hot pepper sauce, salt and pepper, fresh tomato, mushrooms, fresh spinach, feta cheese",follow,6,"['oil,pan,t,c,stick,s,p,in,fat,de,f,re,l']"
94002,crepes with feta scrambled eggs   salsa,"eggs, salt, flour, milk, butter, zucchini, olive oil, sweet red pepper, roma tomatoes, fresh coriander, tomato juice, ground coriander, fresh lime juice, cumin, worcestershire sauce, hot pepper sauce, salt and pepper, fresh tomato, mushrooms, fresh spinach, feta cheese",need,6,"['oil,pan,t,c,stick,s,p,in,fat,de,f,re,l']"
94002,crepes with feta scrambled eggs   salsa,"eggs, salt, flour, milk, butter, zucchini, olive oil, sweet red pepper, roma tomatoes, fresh coriander, tomato juice, ground coriander, fresh lime juice, cumin, worcestershire sauce, hot pepper sauce, salt and pepper, fresh tomato, mushrooms, fresh spinach, feta cheese",pour,7,"['pan,t,c,p,in,f,batter,l']"
94002,crepes with feta scrambled eggs   salsa,"eggs, salt, flour, milk, butter, zucchini, olive oil, sweet red pepper, roma tomatoes, fresh coriander, tomato juice, ground coriander, fresh lime juice, cumin, worcestershire sauce, hot pepper sauce, salt and pepper, fresh tomato, mushrooms, fresh spinach, feta cheese",pour,23,"['butter,eggs,egg,cook,t,c,s,p,in,f,re,l']"
94002,crepes with feta scrambled eggs   salsa,"eggs, salt, flour, milk, butter, zucchini, olive oil, sweet red pepper, roma tomatoes, fresh coriander, tomato juice, ground coriander, fresh lime juice, cumin, worcestershire sauce, hot pepper sauce, salt and pepper, fresh tomato, mushrooms, fresh spinach, feta cheese",tilt,7,"['pan,t,c,p,in,f,batter,l']"
94002,crepes with feta scrambled eggs   salsa,"eggs, salt, flour, milk, butter, zucchini, olive oil, sweet red pepper, roma tomatoes, fresh coriander, tomato juice, ground coriander, fresh lime juice, cumin, worcestershire sauce, hot pepper sauce, salt and pepper, fresh tomato, mushrooms, fresh spinach, feta cheese",turn,7,"['pan,t,c,p,in,f,batter,l']"
94002,crepes with feta scrambled eggs   salsa,"eggs, salt, flour, milk, butter, zucchini, olive oil, sweet red pepper, roma tomatoes, fresh coriander, tomato juice, ground coriander, fresh lime juice, cumin, worcestershire sauce, hot pepper sauce, salt and pepper, fresh tomato, mushrooms, fresh spinach, feta cheese",turn,12,"['oil,zucchini,brown,olive,t,c,ice,slice,s,in,slices,de,f,l']"
94002,crepes with feta scrambled eggs   salsa,"eggs, salt, flour, milk, butter, zucchini, olive oil, sweet red pepper, roma tomatoes, fresh coriander, tomato juice, ground coriander, fresh lime juice, cumin, worcestershire sauce, hot pepper sauce, salt and pepper, fresh tomato, mushrooms, fresh spinach, feta cheese",cover,7,"['pan,t,c,p,in,f,batter,l']"
94002,crepes with feta scrambled eggs   salsa,"eggs, salt, flour, milk, butter, zucchini, olive oil, sweet red pepper, roma tomatoes, fresh coriander, tomato juice, ground coriander, fresh lime juice, cumin, worcestershire sauce, hot pepper sauce, salt and pepper, fresh tomato, mushrooms, fresh spinach, feta cheese",cover,15,"['t,c,s,p,f,re']"
94002,crepes with feta scrambled eggs   salsa,"eggs, salt, flour, milk, butter, zucchini, olive oil, sweet red pepper, roma tomatoes, fresh coriander, tomato juice, ground coriander, fresh lime juice, cumin, worcestershire sauce, hot pepper sauce, salt and pepper, fresh tomato, mushrooms, fresh spinach, feta cheese",cover,21,"['spinach,t,c,heat,s,p,in,pin,ad,l']"
94002,crepes with feta scrambled eggs   salsa,"eggs, salt, flour, milk, butter, zucchini, olive oil, sweet red pepper, roma tomatoes, fresh coriander, tomato juice, ground coriander, fresh lime juice, cumin, worcestershire sauce, hot pepper sauce, salt and pepper, fresh tomato, mushrooms, fresh spinach, feta cheese",is,8,"['brown,cook,t,c,min,heat,s,p,in,medium,f,l']"
94002,crepes with feta scrambled eggs   salsa,"eggs, salt, flour, milk, butter, zucchini, olive oil, sweet red pepper, roma tomatoes, fresh coriander, tomato juice, ground coriander, fresh lime juice, cumin, worcestershire sauce, hot pepper sauce, salt and pepper, fresh tomato, mushrooms, fresh spinach, feta cheese",flip,9,"['cook,t,c,s,p,f,re,l']"
94002,crepes with feta scrambled eggs   salsa,"eggs, salt, flour, milk, butter, zucchini, olive oil, sweet red pepper, roma tomatoes, fresh coriander, tomato juice, ground coriander, fresh lime juice, cumin, worcestershire sauce, hot pepper sauce, salt and pepper, fresh tomato, mushrooms, fresh spinach, feta cheese",remove,10,"['t,c,heat,s,p,paper,f,re,l']"
94002,crepes with feta scrambled eggs   salsa,"eggs, salt, flour, milk, butter, zucchini, olive oil, sweet red pepper, roma tomatoes, fresh coriander, tomato juice, ground coriander, fresh lime juice, cumin, worcestershire sauce, hot pepper sauce, salt and pepper, fresh tomato, mushrooms, fresh spinach, feta cheese",stack,10,"['t,c,heat,s,p,paper,f,re,l']"
94002,crepes with feta scrambled eggs   salsa,"eggs, salt, flour, milk, butter, zucchini, olive oil, sweet red pepper, roma tomatoes, fresh coriander, tomato juice, ground coriander, fresh lime juice, cumin, worcestershire sauce, hot pepper sauce, salt and pepper, fresh tomato, mushrooms, fresh spinach, feta cheese",brush,12,"['oil,zucchini,brown,olive,t,c,ice,slice,s,in,slices,de,f,l']"
94002,crepes with feta scrambled eggs   salsa,"eggs, salt, flour, milk, butter, zucchini, olive oil, sweet red pepper, roma tomatoes, fresh coriander, tomato juice, ground coriander, fresh lime juice, cumin, worcestershire sauce, hot pepper sauce, salt and pepper, fresh tomato, mushrooms, fresh spinach, feta cheese",fry,12,"['oil,zucchini,brown,olive,t,c,ice,slice,s,in,slices,de,f,l']"
94002,crepes with feta scrambled eggs   salsa,"eggs, salt, flour, milk, butter, zucchini, olive oil, sweet red pepper, roma tomatoes, fresh coriander, tomato juice, ground coriander, fresh lime juice, cumin, worcestershire sauce, hot pepper sauce, salt and pepper, fresh tomato, mushrooms, fresh spinach, feta cheese",brown,12,"['oil,zucchini,brown,olive,t,c,ice,slice,s,in,slices,de,f,l']"
94002,crepes with feta scrambled eggs   salsa,"eggs, salt, flour, milk, butter, zucchini, olive oil, sweet red pepper, roma tomatoes, fresh coriander, tomato juice, ground coriander, fresh lime juice, cumin, worcestershire sauce, hot pepper sauce, salt and pepper, fresh tomato, mushrooms, fresh spinach, feta cheese",be,13,"['cook,t,c,ice,s,in,dice,f,l']"
94002,crepes with feta scrambled eggs   salsa,"eggs, salt, flour, milk, butter, zucchini, olive oil, sweet red pepper, roma tomatoes, fresh coriander, tomato juice, ground coriander, fresh lime juice, cumin, worcestershire sauce, hot pepper sauce, salt and pepper, fresh tomato, mushrooms, fresh spinach, feta cheese",toss,14,"['sauce,pepper,salt,juice,tomatoes,tomato,zucchini,coriander,peppers,worcestershire,lime,t,c,ice,s,p,in,de,f,au,worcester,re,red,l']"
94002,crepes with feta scrambled eggs   salsa,"eggs, salt, flour, milk, butter, zucchini, olive oil, sweet red pepper, roma tomatoes, fresh coriander, tomato juice, ground coriander, fresh lime juice, cumin, worcestershire sauce, hot pepper sauce, salt and pepper, fresh tomato, mushrooms, fresh spinach, feta cheese",yields,16,"['c,s,p,l']"
94002,crepes with feta scrambled eggs   salsa,"eggs, salt, flour, milk, butter, zucchini, olive oil, sweet red pepper, roma tomatoes, fresh coriander, tomato juice, ground coriander, fresh lime juice, cumin, worcestershire sauce, hot pepper sauce, salt and pepper, fresh tomato, mushrooms, fresh spinach, feta cheese",scrambled,17,"['eggs,egg,t,c,feta,s,in,f,l']"
94002,crepes with feta scrambled eggs   salsa,"eggs, salt, flour, milk, butter, zucchini, olive oil, sweet red pepper, roma tomatoes, fresh coriander, tomato juice, ground coriander, fresh lime juice, cumin, worcestershire sauce, hot pepper sauce, salt and pepper, fresh tomato, mushrooms, fresh spinach, feta cheese",filling,17,"['eggs,egg,t,c,feta,s,in,f,l']"
94002,crepes with feta scrambled eggs   salsa,"eggs, salt, flour, milk, butter, zucchini, olive oil, sweet red pepper, roma tomatoes, fresh coriander, tomato juice, ground coriander, fresh lime juice, cumin, worcestershire sauce, hot pepper sauce, salt and pepper, fresh tomato, mushrooms, fresh spinach, feta cheese",stirring,18,"['tomatoes,tomato,t,c,heat,s,p,in,de,hr,l']"
94002,crepes with feta scrambled eggs   salsa,"eggs, salt, flour, milk, butter, zucchini, olive oil, sweet red pepper, roma tomatoes, fresh coriander, tomato juice, ground coriander, fresh lime juice, cumin, worcestershire sauce, hot pepper sauce, salt and pepper, fresh tomato, mushrooms, fresh spinach, feta cheese",heated,18,"['tomatoes,tomato,t,c,heat,s,p,in,de,hr,l']"
94002,crepes with feta scrambled eggs   salsa,"eggs, salt, flour, milk, butter, zucchini, olive oil, sweet red pepper, roma tomatoes, fresh coriander, tomato juice, ground coriander, fresh lime juice, cumin, worcestershire sauce, hot pepper sauce, salt and pepper, fresh tomato, mushrooms, fresh spinach, feta cheese",set,18,"['tomatoes,tomato,t,c,heat,s,p,in,de,hr,l']"
94002,crepes with feta scrambled eggs   salsa,"eggs, salt, flour, milk, butter, zucchini, olive oil, sweet red pepper, roma tomatoes, fresh coriander, tomato juice, ground coriander, fresh lime juice, cumin, worcestershire sauce, hot pepper sauce, salt and pepper, fresh tomato, mushrooms, fresh spinach, feta cheese",set,20,"['t,s,de']"
94002,crepes with feta scrambled eggs   salsa,"eggs, salt, flour, milk, butter, zucchini, olive oil, sweet red pepper, roma tomatoes, fresh coriander, tomato juice, ground coriander, fresh lime juice, cumin, worcestershire sauce, hot pepper sauce, salt and pepper, fresh tomato, mushrooms, fresh spinach, feta cheese",keep,18,"['tomatoes,tomato,t,c,heat,s,p,in,de,hr,l']"
94002,crepes with feta scrambled eggs   salsa,"eggs, salt, flour, milk, butter, zucchini, olive oil, sweet red pepper, roma tomatoes, fresh coriander, tomato juice, ground coriander, fresh lime juice, cumin, worcestershire sauce, hot pepper sauce, salt and pepper, fresh tomato, mushrooms, fresh spinach, feta cheese",keep,22,['p']
94002,crepes with feta scrambled eggs   salsa,"eggs, salt, flour, milk, butter, zucchini, olive oil, sweet red pepper, roma tomatoes, fresh coriander, tomato juice, ground coriander, fresh lime juice, cumin, worcestershire sauce, hot pepper sauce, salt and pepper, fresh tomato, mushrooms, fresh spinach, feta cheese",melt,19,"['butter,mushrooms,mushroom,room,t,s,p,in,shrooms,de,au,mu,hr,re,liquid,l']"
94002,crepes with feta scrambled eggs   salsa,"eggs, salt, flour, milk, butter, zucchini, olive oil, sweet red pepper, roma tomatoes, fresh coriander, tomato juice, ground coriander, fresh lime juice, cumin, worcestershire sauce, hot pepper sauce, salt and pepper, fresh tomato, mushrooms, fresh spinach, feta cheese",melt,23,"['butter,eggs,egg,cook,t,c,s,p,in,f,re,l']"
94002,crepes with feta scrambled eggs   salsa,"eggs, salt, flour, milk, butter, zucchini, olive oil, sweet red pepper, roma tomatoes, fresh coriander, tomato juice, ground coriander, fresh lime juice, cumin, worcestershire sauce, hot pepper sauce, salt and pepper, fresh tomato, mushrooms, fresh spinach, feta cheese",saut,19,"['butter,mushrooms,mushroom,room,t,s,p,in,shrooms,de,au,mu,hr,re,liquid,l']"
94002,crepes with feta scrambled eggs   salsa,"eggs, salt, flour, milk, butter, zucchini, olive oil, sweet red pepper, roma tomatoes, fresh coriander, tomato juice, ground coriander, fresh lime juice, cumin, worcestershire sauce, hot pepper sauce, salt and pepper, fresh tomato, mushrooms, fresh spinach, feta cheese",evaporated,19,"['butter,mushrooms,mushroom,room,t,s,p,in,shrooms,de,au,mu,hr,re,liquid,l']"
94002,crepes with feta scrambled eggs   salsa,"eggs, salt, flour, milk, butter, zucchini, olive oil, sweet red pepper, roma tomatoes, fresh coriander, tomato juice, ground coriander, fresh lime juice, cumin, worcestershire sauce, hot pepper sauce, salt and pepper, fresh tomato, mushrooms, fresh spinach, feta cheese",are,19,"['butter,mushrooms,mushroom,room,t,s,p,in,shrooms,de,au,mu,hr,re,liquid,l']"
94002,crepes with feta scrambled eggs   salsa,"eggs, salt, flour, milk, butter, zucchini, olive oil, sweet red pepper, roma tomatoes, fresh coriander, tomato juice, ground coriander, fresh lime juice, cumin, worcestershire sauce, hot pepper sauce, salt and pepper, fresh tomato, mushrooms, fresh spinach, feta cheese",add,21,"['spinach,t,c,heat,s,p,in,pin,ad,l']"
94002,crepes with feta scrambled eggs   salsa,"eggs, salt, flour, milk, butter, zucchini, olive oil, sweet red pepper, roma tomatoes, fresh coriander, tomato juice, ground coriander, fresh lime juice, cumin, worcestershire sauce, hot pepper sauce, salt and pepper, fresh tomato, mushrooms, fresh spinach, feta cheese",wilted,21,"['spinach,t,c,heat,s,p,in,pin,ad,l']"
94002,crepes with feta scrambled eggs   salsa,"eggs, salt, flour, milk, butter, zucchini, olive oil, sweet red pepper, roma tomatoes, fresh coriander, tomato juice, ground coriander, fresh lime juice, cumin, worcestershire sauce, hot pepper sauce, salt and pepper, fresh tomato, mushrooms, fresh spinach, feta cheese",remaining,23,"['butter,eggs,egg,cook,t,c,s,p,in,f,re,l']"
94002,crepes with feta scrambled eggs   salsa,"eggs, salt, flour, milk, butter, zucchini, olive oil, sweet red pepper, roma tomatoes, fresh coriander, tomato juice, ground coriander, fresh lime juice, cumin, worcestershire sauce, hot pepper sauce, salt and pepper, fresh tomato, mushrooms, fresh spinach, feta cheese",remaining,31,"['sauce,tomato,t,c,feta,s,p,in,round,f,au,re,l']"
94002,crepes with feta scrambled eggs   salsa,"eggs, salt, flour, milk, butter, zucchini, olive oil, sweet red pepper, roma tomatoes, fresh coriander, tomato juice, ground coriander, fresh lime juice, cumin, worcestershire sauce, hot pepper sauce, salt and pepper, fresh tomato, mushrooms, fresh spinach, feta cheese",scramble,23,"['butter,eggs,egg,cook,t,c,s,p,in,f,re,l']"
94002,crepes with feta scrambled eggs   salsa,"eggs, salt, flour, milk, butter, zucchini, olive oil, sweet red pepper, roma tomatoes, fresh coriander, tomato juice, ground coriander, fresh lime juice, cumin, worcestershire sauce, hot pepper sauce, salt and pepper, fresh tomato, mushrooms, fresh spinach, feta cheese",cooked,23,"['butter,eggs,egg,cook,t,c,s,p,in,f,re,l']"
94002,crepes with feta scrambled eggs   salsa,"eggs, salt, flour, milk, butter, zucchini, olive oil, sweet red pepper, roma tomatoes, fresh coriander, tomato juice, ground coriander, fresh lime juice, cumin, worcestershire sauce, hot pepper sauce, salt and pepper, fresh tomato, mushrooms, fresh spinach, feta cheese",serve,24,"['t,s']"
94002,crepes with feta scrambled eggs   salsa,"eggs, salt, flour, milk, butter, zucchini, olive oil, sweet red pepper, roma tomatoes, fresh coriander, tomato juice, ground coriander, fresh lime juice, cumin, worcestershire sauce, hot pepper sauce, salt and pepper, fresh tomato, mushrooms, fresh spinach, feta cheese",place,25,"['c,s,p,f,re,l']"
94002,crepes with feta scrambled eggs   salsa,"eggs, salt, flour, milk, butter, zucchini, olive oil, sweet red pepper, roma tomatoes, fresh coriander, tomato juice, ground coriander, fresh lime juice, cumin, worcestershire sauce, hot pepper sauce, salt and pepper, fresh tomato, mushrooms, fresh spinach, feta cheese",place,29,"['t,c,s,p,f,re,l']"
94002,crepes with feta scrambled eggs   salsa,"eggs, salt, flour, milk, butter, zucchini, olive oil, sweet red pepper, roma tomatoes, fresh coriander, tomato juice, ground coriander, fresh lime juice, cumin, worcestershire sauce, hot pepper sauce, salt and pepper, fresh tomato, mushrooms, fresh spinach, feta cheese",divide,26,"['eggs,egg,t,c,s,p,in,de,f,re,l']"
94002,crepes with feta scrambled eggs   salsa,"eggs, salt, flour, milk, butter, zucchini, olive oil, sweet red pepper, roma tomatoes, fresh coriander, tomato juice, ground coriander, fresh lime juice, cumin, worcestershire sauce, hot pepper sauce, salt and pepper, fresh tomato, mushrooms, fresh spinach, feta cheese",placing,26,"['eggs,egg,t,c,s,p,in,de,f,re,l']"
94002,crepes with feta scrambled eggs   salsa,"eggs, salt, flour, milk, butter, zucchini, olive oil, sweet red pepper, roma tomatoes, fresh coriander, tomato juice, ground coriander, fresh lime juice, cumin, worcestershire sauce, hot pepper sauce, salt and pepper, fresh tomato, mushrooms, fresh spinach, feta cheese",spoon,27,"['mushrooms,mushroom,room,spinach,t,c,mix,feta,half,s,p,in,shrooms,pin,de,f,mu,hr,re,l']"
94002,crepes with feta scrambled eggs   salsa,"eggs, salt, flour, milk, butter, zucchini, olive oil, sweet red pepper, roma tomatoes, fresh coriander, tomato juice, ground coriander, fresh lime juice, cumin, worcestershire sauce, hot pepper sauce, salt and pepper, fresh tomato, mushrooms, fresh spinach, feta cheese",sprinkle,27,"['mushrooms,mushroom,room,spinach,t,c,mix,feta,half,s,p,in,shrooms,pin,de,f,mu,hr,re,l']"
94002,crepes with feta scrambled eggs   salsa,"eggs, salt, flour, milk, butter, zucchini, olive oil, sweet red pepper, roma tomatoes, fresh coriander, tomato juice, ground coriander, fresh lime juice, cumin, worcestershire sauce, hot pepper sauce, salt and pepper, fresh tomato, mushrooms, fresh spinach, feta cheese",sprinkle,31,"['sauce,tomato,t,c,feta,s,p,in,round,f,au,re,l']"
94002,crepes with feta scrambled eggs   salsa,"eggs, salt, flour, milk, butter, zucchini, olive oil, sweet red pepper, roma tomatoes, fresh coriander, tomato juice, ground coriander, fresh lime juice, cumin, worcestershire sauce, hot pepper sauce, salt and pepper, fresh tomato, mushrooms, fresh spinach, feta cheese",fold,28,"['t,c,s,p,in,roll,de,f,one,re,l']"
94002,crepes with feta scrambled eggs   salsa,"eggs, salt, flour, milk, butter, zucchini, olive oil, sweet red pepper, roma tomatoes, fresh coriander, tomato juice, ground coriander, fresh lime juice, cumin, worcestershire sauce, hot pepper sauce, salt and pepper, fresh tomato, mushrooms, fresh spinach, feta cheese",roll,28,"['t,c,s,p,in,roll,de,f,one,re,l']"
94002,crepes with feta scrambled eggs   salsa,"eggs, salt, flour, milk, butter, zucchini, olive oil, sweet red pepper, roma tomatoes, fresh coriander, tomato juice, ground coriander, fresh lime juice, cumin, worcestershire sauce, hot pepper sauce, salt and pepper, fresh tomato, mushrooms, fresh spinach, feta cheese",warmed,29,"['t,c,s,p,f,re,l']"
94002,crepes with feta scrambled eggs   salsa,"eggs, salt, flour, milk, butter, zucchini, olive oil, sweet red pepper, roma tomatoes, fresh coriander, tomato juice, ground coriander, fresh lime juice, cumin, worcestershire sauce, hot pepper sauce, salt and pepper, fresh tomato, mushrooms, fresh spinach, feta cheese",enjoy,32,{}
