Id,Name,AllIngredients,Verbs,Steps,Ingredient
96136,quick and easy sambhar my mother s style,"red gram, potato, tomatoes, eggplant, onions, bottlegourd, green chilies, vegetable drumsticks, water, turmeric powder, salt, asafoetida powder, red chili powder, coriander powder, tamarind pulp, mustard seeds, oil, curry leaves, red chili peppers, cilantro",take,1,{}
96136,quick and easy sambhar my mother s style,"red gram, potato, tomatoes, eggplant, onions, bottlegourd, green chilies, vegetable drumsticks, water, turmeric powder, salt, asafoetida powder, red chili powder, coriander powder, tamarind pulp, mustard seeds, oil, curry leaves, red chili peppers, cilantro",pour,1,"['water,cook,t,c,s,p,in,press,re,d,e,o']"
96136,quick and easy sambhar my mother s style,"red gram, potato, tomatoes, eggplant, onions, bottlegourd, green chilies, vegetable drumsticks, water, turmeric powder, salt, asafoetida powder, red chili powder, coriander powder, tamarind pulp, mustard seeds, oil, curry leaves, red chili peppers, cilantro",pour,9,"['oil,mustard,leaves,curry,t,c,rack,heat,star,s,p,must,in,tar,-,mu,hr,re,red,l,d,b,e,o,y']"
96136,quick and easy sambhar my mother s style,"red gram, potato, tomatoes, eggplant, onions, bottlegourd, green chilies, vegetable drumsticks, water, turmeric powder, salt, asafoetida powder, red chili powder, coriander powder, tamarind pulp, mustard seeds, oil, curry leaves, red chili peppers, cilantro",put,2,"['salt,egg,turmeric,t,c,s,p,asafoetida,veg,f,l,d,e,veggie,o']"
96136,quick and easy sambhar my mother s style,"red gram, potato, tomatoes, eggplant, onions, bottlegourd, green chilies, vegetable drumsticks, water, turmeric powder, salt, asafoetida powder, red chili powder, coriander powder, tamarind pulp, mustard seeds, oil, curry leaves, red chili peppers, cilantro",put,5,"['t,c,p,f,re,l,d,b,e,o,fire']"
96136,quick and easy sambhar my mother s style,"red gram, potato, tomatoes, eggplant, onions, bottlegourd, green chilies, vegetable drumsticks, water, turmeric powder, salt, asafoetida powder, red chili powder, coriander powder, tamarind pulp, mustard seeds, oil, curry leaves, red chili peppers, cilantro",let,4,"['t,c,l,d,e,o']"
96136,quick and easy sambhar my mother s style,"red gram, potato, tomatoes, eggplant, onions, bottlegourd, green chilies, vegetable drumsticks, water, turmeric powder, salt, asafoetida powder, red chili powder, coriander powder, tamarind pulp, mustard seeds, oil, curry leaves, red chili peppers, cilantro",let,8,"['oil,t,boil,min,s,p,in,de,f,re,l,d,b,e,nut,o']"
96136,quick and easy sambhar my mother s style,"red gram, potato, tomatoes, eggplant, onions, bottlegourd, green chilies, vegetable drumsticks, water, turmeric powder, salt, asafoetida powder, red chili powder, coriander powder, tamarind pulp, mustard seeds, oil, curry leaves, red chili peppers, cilantro",cool,4,"['t,c,l,d,e,o']"
96136,quick and easy sambhar my mother s style,"red gram, potato, tomatoes, eggplant, onions, bottlegourd, green chilies, vegetable drumsticks, water, turmeric powder, salt, asafoetida powder, red chili powder, coriander powder, tamarind pulp, mustard seeds, oil, curry leaves, red chili peppers, cilantro",remove,5,"['t,c,p,f,re,l,d,b,e,o,fire']"
96136,quick and easy sambhar my mother s style,"red gram, potato, tomatoes, eggplant, onions, bottlegourd, green chilies, vegetable drumsticks, water, turmeric powder, salt, asafoetida powder, red chili powder, coriander powder, tamarind pulp, mustard seeds, oil, curry leaves, red chili peppers, cilantro",remove,8,"['oil,t,boil,min,s,p,in,de,f,re,l,d,b,e,nut,o']"
96136,quick and easy sambhar my mother s style,"red gram, potato, tomatoes, eggplant, onions, bottlegourd, green chilies, vegetable drumsticks, water, turmeric powder, salt, asafoetida powder, red chili powder, coriander powder, tamarind pulp, mustard seeds, oil, curry leaves, red chili peppers, cilantro",add,6,"['t,rum,c,sticks,stick,s,in,drumsticks,ad,d,e,drumstick']"
96136,quick and easy sambhar my mother s style,"red gram, potato, tomatoes, eggplant, onions, bottlegourd, green chilies, vegetable drumsticks, water, turmeric powder, salt, asafoetida powder, red chili powder, coriander powder, tamarind pulp, mustard seeds, oil, curry leaves, red chili peppers, cilantro",add,7,"['chili,powder,water,coriander,cook,t,tamari,rum,c,sticks,stick,s,p,rind,in,tamarind,de,drumsticks,-,re,ad,red,l,d,pulp,e,drumstick,o,y']"
96136,quick and easy sambhar my mother s style,"red gram, potato, tomatoes, eggplant, onions, bottlegourd, green chilies, vegetable drumsticks, water, turmeric powder, salt, asafoetida powder, red chili powder, coriander powder, tamarind pulp, mustard seeds, oil, curry leaves, red chili peppers, cilantro",cooked,7,"['chili,powder,water,coriander,cook,t,tamari,rum,c,sticks,stick,s,p,rind,in,tamarind,de,drumsticks,-,re,ad,red,l,d,pulp,e,drumstick,o,y']"
96136,quick and easy sambhar my mother s style,"red gram, potato, tomatoes, eggplant, onions, bottlegourd, green chilies, vegetable drumsticks, water, turmeric powder, salt, asafoetida powder, red chili powder, coriander powder, tamarind pulp, mustard seeds, oil, curry leaves, red chili peppers, cilantro",required,7,"['chili,powder,water,coriander,cook,t,tamari,rum,c,sticks,stick,s,p,rind,in,tamarind,de,drumsticks,-,re,ad,red,l,d,pulp,e,drumstick,o,y']"
96136,quick and easy sambhar my mother s style,"red gram, potato, tomatoes, eggplant, onions, bottlegourd, green chilies, vegetable drumsticks, water, turmeric powder, salt, asafoetida powder, red chili powder, coriander powder, tamarind pulp, mustard seeds, oil, curry leaves, red chili peppers, cilantro",boil,8,"['oil,t,boil,min,s,p,in,de,f,re,l,d,b,e,nut,o']"
96136,quick and easy sambhar my mother s style,"red gram, potato, tomatoes, eggplant, onions, bottlegourd, green chilies, vegetable drumsticks, water, turmeric powder, salt, asafoetida powder, red chili powder, coriander powder, tamarind pulp, mustard seeds, oil, curry leaves, red chili peppers, cilantro",keep,8,"['oil,t,boil,min,s,p,in,de,f,re,l,d,b,e,nut,o']"
96136,quick and easy sambhar my mother s style,"red gram, potato, tomatoes, eggplant, onions, bottlegourd, green chilies, vegetable drumsticks, water, turmeric powder, salt, asafoetida powder, red chili powder, coriander powder, tamarind pulp, mustard seeds, oil, curry leaves, red chili peppers, cilantro",crackle,9,"['oil,mustard,leaves,curry,t,c,rack,heat,star,s,p,must,in,tar,-,mu,hr,re,red,l,d,b,e,o,y']"
96136,quick and easy sambhar my mother s style,"red gram, potato, tomatoes, eggplant, onions, bottlegourd, green chilies, vegetable drumsticks, water, turmeric powder, salt, asafoetida powder, red chili powder, coriander powder, tamarind pulp, mustard seeds, oil, curry leaves, red chili peppers, cilantro",throw,9,"['oil,mustard,leaves,curry,t,c,rack,heat,star,s,p,must,in,tar,-,mu,hr,re,red,l,d,b,e,o,y']"
96136,quick and easy sambhar my mother s style,"red gram, potato, tomatoes, eggplant, onions, bottlegourd, green chilies, vegetable drumsticks, water, turmeric powder, salt, asafoetida powder, red chili powder, coriander powder, tamarind pulp, mustard seeds, oil, curry leaves, red chili peppers, cilantro",dried,9,"['oil,mustard,leaves,curry,t,c,rack,heat,star,s,p,must,in,tar,-,mu,hr,re,red,l,d,b,e,o,y']"
96136,quick and easy sambhar my mother s style,"red gram, potato, tomatoes, eggplant, onions, bottlegourd, green chilies, vegetable drumsticks, water, turmeric powder, salt, asafoetida powder, red chili powder, coriander powder, tamarind pulp, mustard seeds, oil, curry leaves, red chili peppers, cilantro",garnish,10,"['cilantro,rice,t,c,ice,s,f,-,re,l,d,nt,e,tea,o']"
96136,quick and easy sambhar my mother s style,"red gram, potato, tomatoes, eggplant, onions, bottlegourd, green chilies, vegetable drumsticks, water, turmeric powder, salt, asafoetida powder, red chili powder, coriander powder, tamarind pulp, mustard seeds, oil, curry leaves, red chili peppers, cilantro",serve,10,"['cilantro,rice,t,c,ice,s,f,-,re,l,d,nt,e,tea,o']"
