Id,Name,AllIngredients,Verbs,Steps,Ingredient
97423,artichoke sun dried tomato pizza,"warm water, yeast, sugar, salt, olive oil, flour, garlic, dried italian herb seasoning, tomato sauce, oregano, mixed italian herbs, black pepper, red pepper flakes, garlic powder, marinated artichoke hearts, onion, mushrooms, black olives, sun-dried tomatoes, hot water, soy mozzarella cheese, cooking spray",mix,1,{}
97423,artichoke sun dried tomato pizza,"warm water, yeast, sugar, salt, olive oil, flour, garlic, dried italian herb seasoning, tomato sauce, oregano, mixed italian herbs, black pepper, red pepper flakes, garlic powder, marinated artichoke hearts, onion, mushrooms, black olives, sun-dried tomatoes, hot water, soy mozzarella cheese, cooking spray",mix,3,"['flour,t,c']"
97423,artichoke sun dried tomato pizza,"warm water, yeast, sugar, salt, olive oil, flour, garlic, dried italian herb seasoning, tomato sauce, oregano, mixed italian herbs, black pepper, red pepper flakes, garlic powder, marinated artichoke hearts, onion, mushrooms, black olives, sun-dried tomatoes, hot water, soy mozzarella cheese, cooking spray",mixing,1,"['sugar,water,t,min,yeast']"
97423,artichoke sun dried tomato pizza,"warm water, yeast, sugar, salt, olive oil, flour, garlic, dried italian herb seasoning, tomato sauce, oregano, mixed italian herbs, black pepper, red pepper flakes, garlic powder, marinated artichoke hearts, onion, mushrooms, black olives, sun-dried tomatoes, hot water, soy mozzarella cheese, cooking spray",mixing,5,"['t,c']"
97423,artichoke sun dried tomato pizza,"warm water, yeast, sugar, salt, olive oil, flour, garlic, dried italian herb seasoning, tomato sauce, oregano, mixed italian herbs, black pepper, red pepper flakes, garlic powder, marinated artichoke hearts, onion, mushrooms, black olives, sun-dried tomatoes, hot water, soy mozzarella cheese, cooking spray",set,1,"['sugar,water,t,min,yeast']"
97423,artichoke sun dried tomato pizza,"warm water, yeast, sugar, salt, olive oil, flour, garlic, dried italian herb seasoning, tomato sauce, oregano, mixed italian herbs, black pepper, red pepper flakes, garlic powder, marinated artichoke hearts, onion, mushrooms, black olives, sun-dried tomatoes, hot water, soy mozzarella cheese, cooking spray",set,7,"['flour,t,c']"
97423,artichoke sun dried tomato pizza,"warm water, yeast, sugar, salt, olive oil, flour, garlic, dried italian herb seasoning, tomato sauce, oregano, mixed italian herbs, black pepper, red pepper flakes, garlic powder, marinated artichoke hearts, onion, mushrooms, black olives, sun-dried tomatoes, hot water, soy mozzarella cheese, cooking spray",let,1,"['sugar,water,t,min,yeast']"
97423,artichoke sun dried tomato pizza,"warm water, yeast, sugar, salt, olive oil, flour, garlic, dried italian herb seasoning, tomato sauce, oregano, mixed italian herbs, black pepper, red pepper flakes, garlic powder, marinated artichoke hearts, onion, mushrooms, black olives, sun-dried tomatoes, hot water, soy mozzarella cheese, cooking spray",let,6,"['t,min']"
97423,artichoke sun dried tomato pizza,"warm water, yeast, sugar, salt, olive oil, flour, garlic, dried italian herb seasoning, tomato sauce, oregano, mixed italian herbs, black pepper, red pepper flakes, garlic powder, marinated artichoke hearts, onion, mushrooms, black olives, sun-dried tomatoes, hot water, soy mozzarella cheese, cooking spray",let,17,"['t,c,min']"
97423,artichoke sun dried tomato pizza,"warm water, yeast, sugar, salt, olive oil, flour, garlic, dried italian herb seasoning, tomato sauce, oregano, mixed italian herbs, black pepper, red pepper flakes, garlic powder, marinated artichoke hearts, onion, mushrooms, black olives, sun-dried tomatoes, hot water, soy mozzarella cheese, cooking spray",bloom,1,"['sugar,water,t,min,yeast']"
97423,artichoke sun dried tomato pizza,"warm water, yeast, sugar, salt, olive oil, flour, garlic, dried italian herb seasoning, tomato sauce, oregano, mixed italian herbs, black pepper, red pepper flakes, garlic powder, marinated artichoke hearts, onion, mushrooms, black olives, sun-dried tomatoes, hot water, soy mozzarella cheese, cooking spray",add,2,"['garlic,salt,oil,t,c,herbs']"
97423,artichoke sun dried tomato pizza,"warm water, yeast, sugar, salt, olive oil, flour, garlic, dried italian herb seasoning, tomato sauce, oregano, mixed italian herbs, black pepper, red pepper flakes, garlic powder, marinated artichoke hearts, onion, mushrooms, black olives, sun-dried tomatoes, hot water, soy mozzarella cheese, cooking spray",add,3,"['flour,t,c']"
97423,artichoke sun dried tomato pizza,"warm water, yeast, sugar, salt, olive oil, flour, garlic, dried italian herb seasoning, tomato sauce, oregano, mixed italian herbs, black pepper, red pepper flakes, garlic powder, marinated artichoke hearts, onion, mushrooms, black olives, sun-dried tomatoes, hot water, soy mozzarella cheese, cooking spray",add,4,"['flour,t,min']"
97423,artichoke sun dried tomato pizza,"warm water, yeast, sugar, salt, olive oil, flour, garlic, dried italian herb seasoning, tomato sauce, oregano, mixed italian herbs, black pepper, red pepper flakes, garlic powder, marinated artichoke hearts, onion, mushrooms, black olives, sun-dried tomatoes, hot water, soy mozzarella cheese, cooking spray",pour,4,"['flour,t,min']"
97423,artichoke sun dried tomato pizza,"warm water, yeast, sugar, salt, olive oil, flour, garlic, dried italian herb seasoning, tomato sauce, oregano, mixed italian herbs, black pepper, red pepper flakes, garlic powder, marinated artichoke hearts, onion, mushrooms, black olives, sun-dried tomatoes, hot water, soy mozzarella cheese, cooking spray",remaining,4,"['flour,t,min']"
97423,artichoke sun dried tomato pizza,"warm water, yeast, sugar, salt, olive oil, flour, garlic, dried italian herb seasoning, tomato sauce, oregano, mixed italian herbs, black pepper, red pepper flakes, garlic powder, marinated artichoke hearts, onion, mushrooms, black olives, sun-dried tomatoes, hot water, soy mozzarella cheese, cooking spray",needed,4,"['flour,t,min']"
97423,artichoke sun dried tomato pizza,"warm water, yeast, sugar, salt, olive oil, flour, garlic, dried italian herb seasoning, tomato sauce, oregano, mixed italian herbs, black pepper, red pepper flakes, garlic powder, marinated artichoke hearts, onion, mushrooms, black olives, sun-dried tomatoes, hot water, soy mozzarella cheese, cooking spray",knead,4,"['flour,t,min']"
97423,artichoke sun dried tomato pizza,"warm water, yeast, sugar, salt, olive oil, flour, garlic, dried italian herb seasoning, tomato sauce, oregano, mixed italian herbs, black pepper, red pepper flakes, garlic powder, marinated artichoke hearts, onion, mushrooms, black olives, sun-dried tomatoes, hot water, soy mozzarella cheese, cooking spray",knead,7,"['flour,t,c']"
97423,artichoke sun dried tomato pizza,"warm water, yeast, sugar, salt, olive oil, flour, garlic, dried italian herb seasoning, tomato sauce, oregano, mixed italian herbs, black pepper, red pepper flakes, garlic powder, marinated artichoke hearts, onion, mushrooms, black olives, sun-dried tomatoes, hot water, soy mozzarella cheese, cooking spray",cover,5,"['t,c']"
97423,artichoke sun dried tomato pizza,"warm water, yeast, sugar, salt, olive oil, flour, garlic, dried italian herb seasoning, tomato sauce, oregano, mixed italian herbs, black pepper, red pepper flakes, garlic powder, marinated artichoke hearts, onion, mushrooms, black olives, sun-dried tomatoes, hot water, soy mozzarella cheese, cooking spray",rise,6,"['t,min']"
97423,artichoke sun dried tomato pizza,"warm water, yeast, sugar, salt, olive oil, flour, garlic, dried italian herb seasoning, tomato sauce, oregano, mixed italian herbs, black pepper, red pepper flakes, garlic powder, marinated artichoke hearts, onion, mushrooms, black olives, sun-dried tomatoes, hot water, soy mozzarella cheese, cooking spray",doubled,6,"['t,min']"
97423,artichoke sun dried tomato pizza,"warm water, yeast, sugar, salt, olive oil, flour, garlic, dried italian herb seasoning, tomato sauce, oregano, mixed italian herbs, black pepper, red pepper flakes, garlic powder, marinated artichoke hearts, onion, mushrooms, black olives, sun-dried tomatoes, hot water, soy mozzarella cheese, cooking spray",floured,7,"['flour,t,c']"
97423,artichoke sun dried tomato pizza,"warm water, yeast, sugar, salt, olive oil, flour, garlic, dried italian herb seasoning, tomato sauce, oregano, mixed italian herbs, black pepper, red pepper flakes, garlic powder, marinated artichoke hearts, onion, mushrooms, black olives, sun-dried tomatoes, hot water, soy mozzarella cheese, cooking spray",coat,8,"['oil,olive,pan,t,c,oat']"
97423,artichoke sun dried tomato pizza,"warm water, yeast, sugar, salt, olive oil, flour, garlic, dried italian herb seasoning, tomato sauce, oregano, mixed italian herbs, black pepper, red pepper flakes, garlic powder, marinated artichoke hearts, onion, mushrooms, black olives, sun-dried tomatoes, hot water, soy mozzarella cheese, cooking spray",place,9,"['pan,t,c']"
97423,artichoke sun dried tomato pizza,"warm water, yeast, sugar, salt, olive oil, flour, garlic, dried italian herb seasoning, tomato sauce, oregano, mixed italian herbs, black pepper, red pepper flakes, garlic powder, marinated artichoke hearts, onion, mushrooms, black olives, sun-dried tomatoes, hot water, soy mozzarella cheese, cooking spray",roll,9,"['pan,t,c']"
97423,artichoke sun dried tomato pizza,"warm water, yeast, sugar, salt, olive oil, flour, garlic, dried italian herb seasoning, tomato sauce, oregano, mixed italian herbs, black pepper, red pepper flakes, garlic powder, marinated artichoke hearts, onion, mushrooms, black olives, sun-dried tomatoes, hot water, soy mozzarella cheese, cooking spray",spoon,11,"['sauce,read,t,c']"
97423,artichoke sun dried tomato pizza,"warm water, yeast, sugar, salt, olive oil, flour, garlic, dried italian herb seasoning, tomato sauce, oregano, mixed italian herbs, black pepper, red pepper flakes, garlic powder, marinated artichoke hearts, onion, mushrooms, black olives, sun-dried tomatoes, hot water, soy mozzarella cheese, cooking spray",spread,11,"['sauce,read,t,c']"
97423,artichoke sun dried tomato pizza,"warm water, yeast, sugar, salt, olive oil, flour, garlic, dried italian herb seasoning, tomato sauce, oregano, mixed italian herbs, black pepper, red pepper flakes, garlic powder, marinated artichoke hearts, onion, mushrooms, black olives, sun-dried tomatoes, hot water, soy mozzarella cheese, cooking spray",sprinkle,12,"['season,seasoning,sea,t,herbs']"
97423,artichoke sun dried tomato pizza,"warm water, yeast, sugar, salt, olive oil, flour, garlic, dried italian herb seasoning, tomato sauce, oregano, mixed italian herbs, black pepper, red pepper flakes, garlic powder, marinated artichoke hearts, onion, mushrooms, black olives, sun-dried tomatoes, hot water, soy mozzarella cheese, cooking spray",sprinkle,15,"['cheese,t,c']"
97423,artichoke sun dried tomato pizza,"warm water, yeast, sugar, salt, olive oil, flour, garlic, dried italian herb seasoning, tomato sauce, oregano, mixed italian herbs, black pepper, red pepper flakes, garlic powder, marinated artichoke hearts, onion, mushrooms, black olives, sun-dried tomatoes, hot water, soy mozzarella cheese, cooking spray",decorate,13,"['onion,olive,onions,olives,t,c']"
97423,artichoke sun dried tomato pizza,"warm water, yeast, sugar, salt, olive oil, flour, garlic, dried italian herb seasoning, tomato sauce, oregano, mixed italian herbs, black pepper, red pepper flakes, garlic powder, marinated artichoke hearts, onion, mushrooms, black olives, sun-dried tomatoes, hot water, soy mozzarella cheese, cooking spray",sundried,14,"['tomatoes,tomato,t']"
97423,artichoke sun dried tomato pizza,"warm water, yeast, sugar, salt, olive oil, flour, garlic, dried italian herb seasoning, tomato sauce, oregano, mixed italian herbs, black pepper, red pepper flakes, garlic powder, marinated artichoke hearts, onion, mushrooms, black olives, sun-dried tomatoes, hot water, soy mozzarella cheese, cooking spray",spray,16,"['oil,cheese,cook,t,c,cooking,spray,min']"
97423,artichoke sun dried tomato pizza,"warm water, yeast, sugar, salt, olive oil, flour, garlic, dried italian herb seasoning, tomato sauce, oregano, mixed italian herbs, black pepper, red pepper flakes, garlic powder, marinated artichoke hearts, onion, mushrooms, black olives, sun-dried tomatoes, hot water, soy mozzarella cheese, cooking spray",broil,16,"['oil,cheese,cook,t,c,cooking,spray,min']"
97423,artichoke sun dried tomato pizza,"warm water, yeast, sugar, salt, olive oil, flour, garlic, dried italian herb seasoning, tomato sauce, oregano, mixed italian herbs, black pepper, red pepper flakes, garlic powder, marinated artichoke hearts, onion, mushrooms, black olives, sun-dried tomatoes, hot water, soy mozzarella cheese, cooking spray",melt,16,"['oil,cheese,cook,t,c,cooking,spray,min']"
97423,artichoke sun dried tomato pizza,"warm water, yeast, sugar, salt, olive oil, flour, garlic, dried italian herb seasoning, tomato sauce, oregano, mixed italian herbs, black pepper, red pepper flakes, garlic powder, marinated artichoke hearts, onion, mushrooms, black olives, sun-dried tomatoes, hot water, soy mozzarella cheese, cooking spray",make,16,"['oil,cheese,cook,t,c,cooking,spray,min']"
97423,artichoke sun dried tomato pizza,"warm water, yeast, sugar, salt, olive oil, flour, garlic, dried italian herb seasoning, tomato sauce, oregano, mixed italian herbs, black pepper, red pepper flakes, garlic powder, marinated artichoke hearts, onion, mushrooms, black olives, sun-dried tomatoes, hot water, soy mozzarella cheese, cooking spray",make,18,"['spinach,chop,t,c,artichoke,hearts']"
97423,artichoke sun dried tomato pizza,"warm water, yeast, sugar, salt, olive oil, flour, garlic, dried italian herb seasoning, tomato sauce, oregano, mixed italian herbs, black pepper, red pepper flakes, garlic powder, marinated artichoke hearts, onion, mushrooms, black olives, sun-dried tomatoes, hot water, soy mozzarella cheese, cooking spray",bubbly,16,"['oil,cheese,cook,t,c,cooking,spray,min']"
97423,artichoke sun dried tomato pizza,"warm water, yeast, sugar, salt, olive oil, flour, garlic, dried italian herb seasoning, tomato sauce, oregano, mixed italian herbs, black pepper, red pepper flakes, garlic powder, marinated artichoke hearts, onion, mushrooms, black olives, sun-dried tomatoes, hot water, soy mozzarella cheese, cooking spray",stand,17,"['t,c,min']"
97423,artichoke sun dried tomato pizza,"warm water, yeast, sugar, salt, olive oil, flour, garlic, dried italian herb seasoning, tomato sauce, oregano, mixed italian herbs, black pepper, red pepper flakes, garlic powder, marinated artichoke hearts, onion, mushrooms, black olives, sun-dried tomatoes, hot water, soy mozzarella cheese, cooking spray",cut,17,"['t,c,min']"
97423,artichoke sun dried tomato pizza,"warm water, yeast, sugar, salt, olive oil, flour, garlic, dried italian herb seasoning, tomato sauce, oregano, mixed italian herbs, black pepper, red pepper flakes, garlic powder, marinated artichoke hearts, onion, mushrooms, black olives, sun-dried tomatoes, hot water, soy mozzarella cheese, cooking spray",enjoy,17,"['t,c,min']"
97423,artichoke sun dried tomato pizza,"warm water, yeast, sugar, salt, olive oil, flour, garlic, dried italian herb seasoning, tomato sauce, oregano, mixed italian herbs, black pepper, red pepper flakes, garlic powder, marinated artichoke hearts, onion, mushrooms, black olives, sun-dried tomatoes, hot water, soy mozzarella cheese, cooking spray",chopped,18,"['spinach,chop,t,c,artichoke,hearts']"
97423,artichoke sun dried tomato pizza,"warm water, yeast, sugar, salt, olive oil, flour, garlic, dried italian herb seasoning, tomato sauce, oregano, mixed italian herbs, black pepper, red pepper flakes, garlic powder, marinated artichoke hearts, onion, mushrooms, black olives, sun-dried tomatoes, hot water, soy mozzarella cheese, cooking spray",drained,18,"['spinach,chop,t,c,artichoke,hearts']"
97423,artichoke sun dried tomato pizza,"warm water, yeast, sugar, salt, olive oil, flour, garlic, dried italian herb seasoning, tomato sauce, oregano, mixed italian herbs, black pepper, red pepper flakes, garlic powder, marinated artichoke hearts, onion, mushrooms, black olives, sun-dried tomatoes, hot water, soy mozzarella cheese, cooking spray",is,18,"['spinach,chop,t,c,artichoke,hearts']"
