Id,Name,AllIngredients,Verbs,Steps,Ingredient
98520,beef samosa,"potatoes, frozen peas, vegetable oil, cumin seed, bay leaf, onions, ground beef, garlic cloves, fresh gingerroot, ground black pepper, salt, ground cumin, ground coriander, ground turmeric, chili powder, ground cinnamon, ground cardamom, cayenne pepper, oil, eggs, cold water, egg roll wraps, sweet chili sauce",bring,1,"['sauce,salt,oil,water,pan,pot,potatoes,t,c,boil,potato,s,p,in']"
98520,beef samosa,"potatoes, frozen peas, vegetable oil, cumin seed, bay leaf, onions, ground beef, garlic cloves, fresh gingerroot, ground black pepper, salt, ground cumin, ground coriander, ground turmeric, chili powder, ground cinnamon, ground cardamom, cayenne pepper, oil, eggs, cold water, egg roll wraps, sweet chili sauce",salted,1,"['sauce,salt,oil,water,pan,pot,potatoes,t,c,boil,potato,s,p,in']"
98520,beef samosa,"potatoes, frozen peas, vegetable oil, cumin seed, bay leaf, onions, ground beef, garlic cloves, fresh gingerroot, ground black pepper, salt, ground cumin, ground coriander, ground turmeric, chili powder, ground cinnamon, ground cardamom, cayenne pepper, oil, eggs, cold water, egg roll wraps, sweet chili sauce",boil,1,"['sauce,salt,oil,water,pan,pot,potatoes,t,c,boil,potato,s,p,in']"
98520,beef samosa,"potatoes, frozen peas, vegetable oil, cumin seed, bay leaf, onions, ground beef, garlic cloves, fresh gingerroot, ground black pepper, salt, ground cumin, ground coriander, ground turmeric, chili powder, ground cinnamon, ground cardamom, cayenne pepper, oil, eggs, cold water, egg roll wraps, sweet chili sauce",add,2,"['pot,potatoes,t,peas,potato,pea,s,p']"
98520,beef samosa,"potatoes, frozen peas, vegetable oil, cumin seed, bay leaf, onions, ground beef, garlic cloves, fresh gingerroot, ground black pepper, salt, ground cumin, ground coriander, ground turmeric, chili powder, ground cinnamon, ground cardamom, cayenne pepper, oil, eggs, cold water, egg roll wraps, sweet chili sauce",add,7,"['onion,ground,beef,onions,s,in']"
98520,beef samosa,"potatoes, frozen peas, vegetable oil, cumin seed, bay leaf, onions, ground beef, garlic cloves, fresh gingerroot, ground black pepper, salt, ground cumin, ground coriander, ground turmeric, chili powder, ground cinnamon, ground cardamom, cayenne pepper, oil, eggs, cold water, egg roll wraps, sweet chili sauce",add,9,"['garlic,ginger,c,s,in']"
98520,beef samosa,"potatoes, frozen peas, vegetable oil, cumin seed, bay leaf, onions, ground beef, garlic cloves, fresh gingerroot, ground black pepper, salt, ground cumin, ground coriander, ground turmeric, chili powder, ground cinnamon, ground cardamom, cayenne pepper, oil, eggs, cold water, egg roll wraps, sweet chili sauce",are,3,"['pot,cook,potatoes,t,c,min,tender,potato,s,p,end,in']"
98520,beef samosa,"potatoes, frozen peas, vegetable oil, cumin seed, bay leaf, onions, ground beef, garlic cloves, fresh gingerroot, ground black pepper, salt, ground cumin, ground coriander, ground turmeric, chili powder, ground cinnamon, ground cardamom, cayenne pepper, oil, eggs, cold water, egg roll wraps, sweet chili sauce",drain,4,"['t,s,in']"
98520,beef samosa,"potatoes, frozen peas, vegetable oil, cumin seed, bay leaf, onions, ground beef, garlic cloves, fresh gingerroot, ground black pepper, salt, ground cumin, ground coriander, ground turmeric, chili powder, ground cinnamon, ground cardamom, cayenne pepper, oil, eggs, cold water, egg roll wraps, sweet chili sauce",drain,20,"['t,s,p,in']"
98520,beef samosa,"potatoes, frozen peas, vegetable oil, cumin seed, bay leaf, onions, ground beef, garlic cloves, fresh gingerroot, ground black pepper, salt, ground cumin, ground coriander, ground turmeric, chili powder, ground cinnamon, ground cardamom, cayenne pepper, oil, eggs, cold water, egg roll wraps, sweet chili sauce",set,4,"['t,s,in']"
98520,beef samosa,"potatoes, frozen peas, vegetable oil, cumin seed, bay leaf, onions, ground beef, garlic cloves, fresh gingerroot, ground black pepper, salt, ground cumin, ground coriander, ground turmeric, chili powder, ground cinnamon, ground cardamom, cayenne pepper, oil, eggs, cold water, egg roll wraps, sweet chili sauce",is,8,"['onion,brown,beef,t,min,s,in']"
98520,beef samosa,"potatoes, frozen peas, vegetable oil, cumin seed, bay leaf, onions, ground beef, garlic cloves, fresh gingerroot, ground black pepper, salt, ground cumin, ground coriander, ground turmeric, chili powder, ground cinnamon, ground cardamom, cayenne pepper, oil, eggs, cold water, egg roll wraps, sweet chili sauce",stir,11,"['pot,t,mix,potato,s,p,in']"
98520,beef samosa,"potatoes, frozen peas, vegetable oil, cumin seed, bay leaf, onions, ground beef, garlic cloves, fresh gingerroot, ground black pepper, salt, ground cumin, ground coriander, ground turmeric, chili powder, ground cinnamon, ground cardamom, cayenne pepper, oil, eggs, cold water, egg roll wraps, sweet chili sauce",remove,12,"['t,c,heat,in']"
98520,beef samosa,"potatoes, frozen peas, vegetable oil, cumin seed, bay leaf, onions, ground beef, garlic cloves, fresh gingerroot, ground black pepper, salt, ground cumin, ground coriander, ground turmeric, chili powder, ground cinnamon, ground cardamom, cayenne pepper, oil, eggs, cold water, egg roll wraps, sweet chili sauce",remove,13,"['bay,leaves,s']"
98520,beef samosa,"potatoes, frozen peas, vegetable oil, cumin seed, bay leaf, onions, ground beef, garlic cloves, fresh gingerroot, ground black pepper, salt, ground cumin, ground coriander, ground turmeric, chili powder, ground cinnamon, ground cardamom, cayenne pepper, oil, eggs, cold water, egg roll wraps, sweet chili sauce",chill,12,"['t,c,heat,in']"
98520,beef samosa,"potatoes, frozen peas, vegetable oil, cumin seed, bay leaf, onions, ground beef, garlic cloves, fresh gingerroot, ground black pepper, salt, ground cumin, ground coriander, ground turmeric, chili powder, ground cinnamon, ground cardamom, cayenne pepper, oil, eggs, cold water, egg roll wraps, sweet chili sauce",make,14,"['egg,water,t,s,in']"
98520,beef samosa,"potatoes, frozen peas, vegetable oil, cumin seed, bay leaf, onions, ground beef, garlic cloves, fresh gingerroot, ground black pepper, salt, ground cumin, ground coriander, ground turmeric, chili powder, ground cinnamon, ground cardamom, cayenne pepper, oil, eggs, cold water, egg roll wraps, sweet chili sauce",beating,14,"['egg,water,t,s,in']"
98520,beef samosa,"potatoes, frozen peas, vegetable oil, cumin seed, bay leaf, onions, ground beef, garlic cloves, fresh gingerroot, ground black pepper, salt, ground cumin, ground coriander, ground turmeric, chili powder, ground cinnamon, ground cardamom, cayenne pepper, oil, eggs, cold water, egg roll wraps, sweet chili sauce",brush,16,"['egg,t,s,p,in,roll']"
98520,beef samosa,"potatoes, frozen peas, vegetable oil, cumin seed, bay leaf, onions, ground beef, garlic cloves, fresh gingerroot, ground black pepper, salt, ground cumin, ground coriander, ground turmeric, chili powder, ground cinnamon, ground cardamom, cayenne pepper, oil, eggs, cold water, egg roll wraps, sweet chili sauce",pressing,18,"['sea,t,s,p,in']"
98520,beef samosa,"potatoes, frozen peas, vegetable oil, cumin seed, bay leaf, onions, ground beef, garlic cloves, fresh gingerroot, ground black pepper, salt, ground cumin, ground coriander, ground turmeric, chili powder, ground cinnamon, ground cardamom, cayenne pepper, oil, eggs, cold water, egg roll wraps, sweet chili sauce",making,18,"['sea,t,s,p,in']"
98520,beef samosa,"potatoes, frozen peas, vegetable oil, cumin seed, bay leaf, onions, ground beef, garlic cloves, fresh gingerroot, ground black pepper, salt, ground cumin, ground coriander, ground turmeric, chili powder, ground cinnamon, ground cardamom, cayenne pepper, oil, eggs, cold water, egg roll wraps, sweet chili sauce",sealed,18,"['sea,t,s,p,in']"
98520,beef samosa,"potatoes, frozen peas, vegetable oil, cumin seed, bay leaf, onions, ground beef, garlic cloves, fresh gingerroot, ground black pepper, salt, ground cumin, ground coriander, ground turmeric, chili powder, ground cinnamon, ground cardamom, cayenne pepper, oil, eggs, cold water, egg roll wraps, sweet chili sauce",serve,20,"['t,s,p,in']"
98520,beef samosa,"potatoes, frozen peas, vegetable oil, cumin seed, bay leaf, onions, ground beef, garlic cloves, fresh gingerroot, ground black pepper, salt, ground cumin, ground coriander, ground turmeric, chili powder, ground cinnamon, ground cardamom, cayenne pepper, oil, eggs, cold water, egg roll wraps, sweet chili sauce",eaten,21,"['t,c,s,can']"
98520,beef samosa,"potatoes, frozen peas, vegetable oil, cumin seed, bay leaf, onions, ground beef, garlic cloves, fresh gingerroot, ground black pepper, salt, ground cumin, ground coriander, ground turmeric, chili powder, ground cinnamon, ground cardamom, cayenne pepper, oil, eggs, cold water, egg roll wraps, sweet chili sauce",taste,21,"['t,c,s,can']"
98520,beef samosa,"potatoes, frozen peas, vegetable oil, cumin seed, bay leaf, onions, ground beef, garlic cloves, fresh gingerroot, ground black pepper, salt, ground cumin, ground coriander, ground turmeric, chili powder, ground cinnamon, ground cardamom, cayenne pepper, oil, eggs, cold water, egg roll wraps, sweet chili sauce",use,22,"['sauce,chili,mango,t,c,s,p,in']"
98520,beef samosa,"potatoes, frozen peas, vegetable oil, cumin seed, bay leaf, onions, ground beef, garlic cloves, fresh gingerroot, ground black pepper, salt, ground cumin, ground coriander, ground turmeric, chili powder, ground cinnamon, ground cardamom, cayenne pepper, oil, eggs, cold water, egg roll wraps, sweet chili sauce",dipping,22,"['sauce,chili,mango,t,c,s,p,in']"
