Id,Name,AllIngredients,Verbs,Steps,Ingredient
99163,chicken sandwiches with garlic cream sauce,"boneless skinless chicken breasts, ground cumin, ground coriander, garlic powder, ground cloves, paprika, turmeric, cayenne, ginger, pepper, cinnamon, celery, onion, parsley, thyme, chives, garlic, black pepper, mayonnaise, sour cream, mustard, pita bread",simmer,1,{}
99163,chicken sandwiches with garlic cream sauce,"boneless skinless chicken breasts, ground cumin, ground coriander, garlic powder, ground cloves, paprika, turmeric, cayenne, ginger, pepper, cinnamon, celery, onion, parsley, thyme, chives, garlic, black pepper, mayonnaise, sour cream, mustard, pita bread",drain,2,"['t,c,in']"
99163,chicken sandwiches with garlic cream sauce,"boneless skinless chicken breasts, ground cumin, ground coriander, garlic powder, ground cloves, paprika, turmeric, cayenne, ginger, pepper, cinnamon, celery, onion, parsley, thyme, chives, garlic, black pepper, mayonnaise, sour cream, mustard, pita bread",let,2,"['t,c,in']"
99163,chicken sandwiches with garlic cream sauce,"boneless skinless chicken breasts, ground cumin, ground coriander, garlic powder, ground cloves, paprika, turmeric, cayenne, ginger, pepper, cinnamon, celery, onion, parsley, thyme, chives, garlic, black pepper, mayonnaise, sour cream, mustard, pita bread",let,9,"['t,mix,s,in']"
99163,chicken sandwiches with garlic cream sauce,"boneless skinless chicken breasts, ground cumin, ground coriander, garlic powder, ground cloves, paprika, turmeric, cayenne, ginger, pepper, cinnamon, celery, onion, parsley, thyme, chives, garlic, black pepper, mayonnaise, sour cream, mustard, pita bread",shredded,3,"['chop,t,c,s,p,de']"
99163,chicken sandwiches with garlic cream sauce,"boneless skinless chicken breasts, ground cumin, ground coriander, garlic powder, ground cloves, paprika, turmeric, cayenne, ginger, pepper, cinnamon, celery, onion, parsley, thyme, chives, garlic, black pepper, mayonnaise, sour cream, mustard, pita bread",chop,3,"['chop,t,c,s,p,de']"
99163,chicken sandwiches with garlic cream sauce,"boneless skinless chicken breasts, ground cumin, ground coriander, garlic powder, ground cloves, paprika, turmeric, cayenne, ginger, pepper, cinnamon, celery, onion, parsley, thyme, chives, garlic, black pepper, mayonnaise, sour cream, mustard, pita bread",chopped,4,"['onion,celery,chop,t,c,s,p,in']"
99163,chicken sandwiches with garlic cream sauce,"boneless skinless chicken breasts, ground cumin, ground coriander, garlic powder, ground cloves, paprika, turmeric, cayenne, ginger, pepper, cinnamon, celery, onion, parsley, thyme, chives, garlic, black pepper, mayonnaise, sour cream, mustard, pita bread",mixed,5,"['garlic,pepper,parsley,thyme,chives,t,c,mix,s,p,in']"
99163,chicken sandwiches with garlic cream sauce,"boneless skinless chicken breasts, ground cumin, ground coriander, garlic powder, ground cloves, paprika, turmeric, cayenne, ginger, pepper, cinnamon, celery, onion, parsley, thyme, chives, garlic, black pepper, mayonnaise, sour cream, mustard, pita bread",taste,5,"['garlic,pepper,parsley,thyme,chives,t,c,mix,s,p,in']"
99163,chicken sandwiches with garlic cream sauce,"boneless skinless chicken breasts, ground cumin, ground coriander, garlic powder, ground cloves, paprika, turmeric, cayenne, ginger, pepper, cinnamon, celery, onion, parsley, thyme, chives, garlic, black pepper, mayonnaise, sour cream, mustard, pita bread",add,6,"['mustard,cream,mayonnaise,t,c,mayo,star,s,p,must,de,tar']"
99163,chicken sandwiches with garlic cream sauce,"boneless skinless chicken breasts, ground cumin, ground coriander, garlic powder, ground cloves, paprika, turmeric, cayenne, ginger, pepper, cinnamon, celery, onion, parsley, thyme, chives, garlic, black pepper, mayonnaise, sour cream, mustard, pita bread",add,8,"['egg,chicken,t,c,mix,s']"
99163,chicken sandwiches with garlic cream sauce,"boneless skinless chicken breasts, ground cumin, ground coriander, garlic powder, ground cloves, paprika, turmeric, cayenne, ginger, pepper, cinnamon, celery, onion, parsley, thyme, chives, garlic, black pepper, mayonnaise, sour cream, mustard, pita bread",added,6,"['mustard,cream,mayonnaise,t,c,mayo,star,s,p,must,de,tar']"
99163,chicken sandwiches with garlic cream sauce,"boneless skinless chicken breasts, ground cumin, ground coriander, garlic powder, ground cloves, paprika, turmeric, cayenne, ginger, pepper, cinnamon, celery, onion, parsley, thyme, chives, garlic, black pepper, mayonnaise, sour cream, mustard, pita bread",use,7,"['t,c,s,p,can,end,de']"
99163,chicken sandwiches with garlic cream sauce,"boneless skinless chicken breasts, ground cumin, ground coriander, garlic powder, ground cloves, paprika, turmeric, cayenne, ginger, pepper, cinnamon, celery, onion, parsley, thyme, chives, garlic, black pepper, mayonnaise, sour cream, mustard, pita bread",use,12,"['t,wheat,heat,hole,s,p,pita']"
99163,chicken sandwiches with garlic cream sauce,"boneless skinless chicken breasts, ground cumin, ground coriander, garlic powder, ground cloves, paprika, turmeric, cayenne, ginger, pepper, cinnamon, celery, onion, parsley, thyme, chives, garlic, black pepper, mayonnaise, sour cream, mustard, pita bread",prefer,7,"['t,c,s,p,can,end,de']"
99163,chicken sandwiches with garlic cream sauce,"boneless skinless chicken breasts, ground cumin, ground coriander, garlic powder, ground cloves, paprika, turmeric, cayenne, ginger, pepper, cinnamon, celery, onion, parsley, thyme, chives, garlic, black pepper, mayonnaise, sour cream, mustard, pita bread",prefer,12,"['t,wheat,heat,hole,s,p,pita']"
99163,chicken sandwiches with garlic cream sauce,"boneless skinless chicken breasts, ground cumin, ground coriander, garlic powder, ground cloves, paprika, turmeric, cayenne, ginger, pepper, cinnamon, celery, onion, parsley, thyme, chives, garlic, black pepper, mayonnaise, sour cream, mustard, pita bread",depends,7,"['t,c,s,p,can,end,de']"
99163,chicken sandwiches with garlic cream sauce,"boneless skinless chicken breasts, ground cumin, ground coriander, garlic powder, ground cloves, paprika, turmeric, cayenne, ginger, pepper, cinnamon, celery, onion, parsley, thyme, chives, garlic, black pepper, mayonnaise, sour cream, mustard, pita bread",mix,8,"['egg,chicken,t,c,mix,s']"
99163,chicken sandwiches with garlic cream sauce,"boneless skinless chicken breasts, ground cumin, ground coriander, garlic powder, ground cloves, paprika, turmeric, cayenne, ginger, pepper, cinnamon, celery, onion, parsley, thyme, chives, garlic, black pepper, mayonnaise, sour cream, mustard, pita bread",mix,9,"['t,mix,s,in']"
99163,chicken sandwiches with garlic cream sauce,"boneless skinless chicken breasts, ground cumin, ground coriander, garlic powder, ground cloves, paprika, turmeric, cayenne, ginger, pepper, cinnamon, celery, onion, parsley, thyme, chives, garlic, black pepper, mayonnaise, sour cream, mustard, pita bread",serve,10,"['read,bread,t,c,s,p,in,pita']"
99163,chicken sandwiches with garlic cream sauce,"boneless skinless chicken breasts, ground cumin, ground coriander, garlic powder, ground cloves, paprika, turmeric, cayenne, ginger, pepper, cinnamon, celery, onion, parsley, thyme, chives, garlic, black pepper, mayonnaise, sour cream, mustard, pita bread",work,11,"['t,c,s,p']"
